# Object Export From Tinkercad Server 2015

mtllib obj.mtl

o obj_0
v 30.639 		-12.364 		13.779
v 30.17 		-15.509 		16.568
v 30.16 		-15.6971 		16.6548
v 35.2667 		-34.8059 		10.127
v 35.2813 		-34.7563 		10.1322
v 35.632 		-30.682 		8.409
v 35.2863 		-34.7393 		10.134
v 30.16 		-15.499 		16.5727
v 35.2885 		-34.7321 		10.1349
v 35.632 		-30.008 		8.252
v 35.353 		-34.414 		9.922
v 35.306 		-34.6729 		10.142
v 30.17 		-11.738 		13.902
v 35.301 		-34.6898 		10.14
v 35.3262 		-34.6064 		10.154
v 35.3463 		-34.5412 		10.168
v 35.3413 		-34.5572 		10.1645
v 30.16 		-11.7249 		13.9045
v 30.16 		-11.8413 		14.0161
v 32.647 		-39.442 		7.586
v 30.17 		-11.006 		12.884
v 32.232 		-14.717 		13.319
v 32.438 		-39.77 		7.496
v 35.199 		-34.622 		9.425
v 35.353 		-34.127 		9.522
v 30.16 		-10.9923 		12.8857
v 30.16 		-11.077 		13.0035
v 32.232 		-40.084 		7.411
v 32.03 		-14.395 		13.382
v 32.03 		-15.235 		14.187
v 32.03 		-40.386 		7.328
v 30.17 		-14.008 		15.76
v 35.632 		-31.306 		8.606
v 31.832 		-14.947 		14.265
v 35.498 		-31.641 		8.4
v 32.647 		-16.179 		13.929
v 35.632 		-32.366 		9.106
v 32.438 		-15.852 		14.019
v 35.632 		-31.871 		8.84
v 30.16 		-13.9967 		15.764
v 30.16 		-14.1705 		15.8576
v 35.498 		-32.803 		8.948
v 35.498 		-32.26 		8.656
v 30.17 		-12.744 		14.866
v 32.232 		-15.537 		14.104
v 35.353 		-33.731 		9.143
v 30.16 		-12.7317 		14.8693
v 31.832 		-40.674 		7.25
v 35.353 		-33.234 		8.792
v 35.353 		-32.645 		8.474
v 30.16 		-12.878 		14.9728
v 35.353 		-31.972 		8.196
v 35.199 		-33.66 		8.638
v 32.647 		-14.837 		12.399
v 35.199 		-33.024 		8.295
v 30.17 		-10.562 		11.83
v 32.647 		-15.402 		13.185
v 30.16 		-10.548 		11.8309
v 30.16 		-10.5994 		11.9529
v 32.438 		-14.472 		12.446
v 32.438 		-15.053 		13.253
v 30.17 		-10.413 		10.757
v 35.199 		-34.196 		9.016
v 30.16 		-10.3989 		10.757
v 31.639 		-40.948 		7.175
v 35.036 		-34.653 		8.892
v 35.036 		-34.079 		8.486
v 31.273 		-12.056 		10.757
v 35.498 		-25.403 		8.012
v 35.498 		-24.664 		8.184
v 35.353 		-25.195 		7.774
v 32.232 		-39.055 		6.683
v 31.101 		-11.789 		10.757
v 32.03 		-39.331 		6.582
v 30.16 		-10.4161 		10.8812
v 30.938 		-11.539 		10.757
v 30.16 		-10.5307 		9.8082
v 30.17 		-10.562 		9.685
v 30.784 		-11.306 		10.757
v 30.188 		-10.6147 		9.6217
v 30.188 		-10.6666 		9.4983
v 35.199 		-24.989 		7.54
v 30.16 		-10.548 		9.6841
v 34.864 		-34.492 		8.336
v 31.832 		-39.595 		6.487
v 30.16 		-10.9409 		8.7512
v 35.036 		-24.787 		7.31
v 30.17 		-11.006 		8.631
v 30.188 		-11.1613 		8.4524
v 30.188 		-11.0307 		8.6341
v 30.16 		-10.9923 		8.6293
v 31.273 		-12.191 		11.729
v 31.101 		-11.926 		11.745
v 35.632 		-26.324 		8.138
v 35.498 		-26.182 		7.887
v 30.16 		-11.6402 		7.7283
v 30.938 		-11.678 		11.761
v 30.17 		-11.738 		7.613
v 30.188 		-11.7616 		7.6177
v 30.784 		-11.448 		11.775
v 30.16 		-11.7249 		7.6105
v 30.188 		-11.9412 		7.4456
v 35.353 		-26.041 		7.639
v 35.2096 		-35.0069 		10.123
v 35.2047 		-35.0244 		10.1241
v 35.199 		-35.0453 		10.1253
v 35.2284 		-34.9396 		10.122
v 35.2235 		-34.9572 		10.1223
v 35.2475 		-34.8724 		10.123
v 35.2426 		-34.8897 		10.1227
v 35.2617 		-34.8234 		10.126
v 35.199 		-25.903 		7.394
v 35.199 		-34.932 		9.856
v 30.16 		-12.6153 		6.7573
v 30.27 		-10.703 		11.821
v 30.17 		-12.744 		6.649
v 30.188 		-12.7661 		6.6551
v 30.16 		-12.7317 		6.6457
v 30.639 		-11.235 		11.788
v 35.1526 		-35.2055 		10.142
v 30.505 		-11.039 		11.8
v 35.1485 		-35.2201 		10.1447
v 30.188 		-12.9919 		6.4955
v 35.1715 		-35.1396 		10.134
v 35.1664 		-35.1573 		10.1362
v 35.1908 		-35.0729 		10.127
v 35.1856 		-35.0909 		10.1289
v 30.17 		-14.008 		5.755
v 30.382 		-10.862 		11.811
v 35.036 		-35.443 		9.792
v 30.188 		-14.0283 		5.7624
v 35.0674 		-35.5209 		10.224
v 30.16 		-13.9967 		5.751
v 35.083 		-35.4606 		10.203
v 31.639 		-39.846 		6.396
v 35.0992 		-35.3991 		10.184
v 35.036 		-25.766 		7.153
v 35.1164 		-35.3358 		10.168
v 34.864 		-25.631 		6.916
v 30.16 		-13.8504 		5.8544
v 30.188 		-14.2962 		5.6182
v 35.1342 		-35.2713 		10.154
v 30.16 		-15.3252 		5.0358
v 34.864 		-24.588 		7.083
v 30.17 		-15.509 		4.947
v 30.188 		-15.527 		4.9556
v 30.188 		-15.8325 		4.8291
v 30.16 		-15.499 		4.9423
v 31.639 		-39.7755 		6.358
v 35.036 		-35.11 		9.329
v 31.6445 		-39.7628 		6.3577
v 34.864 		-36.16 		10.238
v 31.5817 		-39.9127 		6.3656
v 31.6305 		-39.7961 		6.3593
v 31.573 		-39.867 		6.321
v 34.864 		-35.945 		9.728
v 30.639 		-11.092 		10.757
v 31.5756 		-39.9272 		6.3663
v 30.505 		-10.895 		10.757
v 34.684 		-25.499 		6.683
v 30.382 		-10.716 		10.757
v 30.16 		-17.2114 		17.2814
v 30.17 		-17.22 		17.276
v 34.498 		-26.579 		6.34
v 30.16 		-17.4304 		17.3505
v 34.498 		-25.369 		6.454
v 30.16 		-19.3412 		17.9339
v 31.639 		-39.7216 		6.329
v 30.27 		-10.555 		10.757
v 34.864 		-35.591 		9.235
v 34.864 		-35.104 		8.769
v 30.16 		-19.1049 		17.8789
v 34.305 		-25.242 		6.23
v 30.17 		-19.112 		17.873
v 35.632 		-27.061 		8.069
v 30.16 		-21.1476 		18.3552
v 30.17 		-21.153 		18.349
v 35.498 		-26.989 		7.811
v 30.16 		-21.397 		18.3952
v 35.353 		-26.918 		7.556
v 30.16 		-23.3043 		18.7005
v 30.17 		-23.308 		18.694
v 35.199 		-26.848 		7.305
v 30.16 		-23.5627 		18.7248
v 31.273 		-12.191 		9.786
v 35.632 		-28.56 		8.069
v 30.16 		-25.5382 		18.9107
v 30.17 		-25.54 		18.904
v 31.639 		-40.8931 		7.1362
v 31.101 		-11.926 		9.77
v 31.6921 		-40.7739 		7.1259
v 35.632 		-27.811 		8.045
v 31.6311 		-40.9115 		7.1384
v 35.498 		-28.632 		7.811
v 30.16 		-25.801 		18.9188
v 35.498 		-27.811 		7.785
v 30.17 		-27.811 		18.974
v 30.16 		-27.811 		18.9808
v 31.639 		-40.42 		6.8017
v 35.353 		-27.811 		7.529
v 30.16 		-28.0739 		18.9726
v 30.938 		-12.093 		8.768
v 35.199 		-27.811 		7.275
v 30.16 		-30.083 		18.9107
v 30.17 		-30.081 		18.904
v 30.938 		-11.678 		9.754
v 30.16 		-30.3412 		18.8864
v 31.419 		-40.087 		6.243
v 30.16 		-32.3167 		18.7005
v 30.17 		-32.313 		18.694
v 35.036 		-27.811 		7.026
v 35.036 		-26.779 		7.058
v 30.16 		-32.5662 		18.6606
v 34.864 		-27.811 		6.78
v 30.784 		-11.869 		8.74
v 34.864 		-26.712 		6.814
v 31.272 		-40.293 		6.17
v 30.784 		-11.448 		9.74
v 32.232 		-37.832 		6.024
v 34.684 		-27.811 		6.539
v 34.684 		-26.645 		6.575
v 34.498 		-27.811 		6.302
v 34.107 		-25.118 		6.01
v 33.905 		-24.996 		5.796
v 33.699 		-24.878 		5.587
v 33.49 		-24.762 		5.384
v 33.28 		-24.65 		5.186
v 31.453 		-37.7491 		5.1764
v 34.305 		-26.515 		6.11
v 32.03 		-38.078 		5.908
v 34.107 		-26.453 		5.885
v 30.27 		-10.703 		9.694
v 31.832 		-38.314 		5.797
v 33.905 		-26.391 		5.665
v 30.212 		-10.669 		9.503
v 30.27 		-10.7494 		9.5836
v 33.699 		-26.331 		5.451
v 30.212 		-10.6534 		9.6123
v 33.49 		-26.273 		5.242
v 30.194 		-10.641 		9.501
v 31.639 		-38.538 		5.691
v 30.2101 		-10.6503 		9.613
v 30.194 		-10.624 		9.6202
v 30.1933 		-10.623 		9.6203
v 30.241 		-10.715 		9.505
v 30.188 		-10.632 		9.5
v 30.241 		-10.7019 		9.5969
v 30.2384 		-10.6976 		9.5982
v 30.639 		-11.235 		9.727
v 33.28 		-26.217 		5.039
v 34.684 		-36.666 		10.207
v 33.068 		-26.162 		4.842
v 30.505 		-11.039 		9.715
v 34.684 		-36.438 		9.666
v 31.5106 		-38.6844 		5.622
v 32.857 		-26.109 		4.652
v 31.5529 		-38.5915 		5.6263
v 31.419 		-38.762 		5.548
v 30.382 		-10.862 		9.704
v 34.305 		-27.811 		6.07
v 34.107 		-27.811 		5.843
v 33.905 		-27.811 		5.621
v 34.684 		-35.546 		8.648
v 30.4042 		-11.0012 		9.4513
v 30.4072 		-10.987 		9.4959
v 33.699 		-27.811 		5.405
v 30.4088 		-10.9787 		9.5211
v 30.399 		-10.963 		9.52
v 30.399 		-11.0232 		9.3809
v 30.4039 		-10.9704 		9.5235
v 30.399 		-10.9622 		9.5258
v 34.684 		-36.063 		9.143
v 33.49 		-27.811 		5.194
v 34.498 		-36.526 		9.052
v 30.3986 		-10.9616 		9.526
v 34.498 		-35.98 		8.53
v 34.305 		-36.406 		8.414
v 30.335 		-10.862 		9.514
v 33.28 		-27.811 		4.99
v 34.107 		-36.822 		8.3
v 30.382 		-10.9342 		9.5325
v 31.639 		-37.046 		5.073
v 30.335 		-10.8561 		9.5552
v 31.453 		-37.229 		4.961
v 33.068 		-27.811 		4.791
v 30.282 		-10.779 		9.509
v 32.857 		-27.811 		4.599
v 30.2827 		-10.7703 		9.578
v 30.282 		-10.7692 		9.5783
v 30.2792 		-10.7645 		9.5798
v 30.3328 		-10.8526 		9.556
v 32.647 		-27.811 		4.414
v 32.647 		-26.058 		4.468
v -42.407 		-28.887 		24.002
v -42.407 		-7.088 		26.999
v -42.407 		-28.887 		12.997
v 32.438 		-27.811 		4.235
v -42.407 		-7.088 		1.634
v -42.407 		-48.677 		12.997
v -42.407 		-48.677 		24.002
v -42.407 		-48.712 		1.634
v 32.438 		-26.008 		4.291
v -42.407 		-48.712 		26.999
v -43.7 		-4.9 		26.999
v 31.419 		-37.4067 		5.0008
v -43.7 		-50.9 		26.999
v -43.7 		-41.3291 		20.8148
v -43.01 		-41.3254 		20.8269
v -43.01 		-41.257 		20.8219
v -43.7 		-41.257 		20.8096
v -43.01 		-41.354 		20.8287
v -43.7 		-41.354 		20.8164
v -43.01 		-41.45 		20.8483
v -43.01 		-41.4216 		20.8423
v -43.7 		-41.4252 		20.8307
v -43.7 		-41.45 		20.8359
v -43.7 		-41.544 		20.8684
v -43.01 		-41.544 		20.8808
v 31.4125 		-37.258 		4.9338
v -43.7 		-41.636 		20.9131
v -43.01 		-41.636 		20.9255
v -43.7 		-41.723 		20.9699
v -43.01 		-41.723 		20.9823
v -43.7 		-41.7846 		21.0206
v -43.01 		-41.7815 		21.0304
v -43.01 		-41.807 		21.051
v -43.7 		-41.807 		21.0387
v -43.01 		-41.885 		21.1305
v -43.01 		-41.861 		21.1059
v -43.7 		-41.8639 		21.0965
v -43.7 		-41.885 		21.1181
v 32.232 		-25.961 		4.121
v 31.4038 		-37.2762 		4.9318
v -43.7 		-41.957 		21.2075
v -43.01 		-41.957 		21.2199
v 31.272 		-37.41 		4.843
v -43.7 		-42.0039 		21.2793
v -43.01 		-42.0015 		21.2879
v -43.01 		-42.022 		21.319
v -43.7 		-42.022 		21.3067
v -43.01 		-42.08 		21.4259
v -43.01 		-42.0614 		21.3914
v -43.7 		-42.0636 		21.3831
v -43.7 		-42.08 		21.4135
v -43.7 		-42.1156 		21.4952
v -43.01 		-42.1137 		21.5033
v -43.7 		-42.13 		21.5279
v -43.01 		-42.13 		21.5403
v -43.01 		-42.171 		21.6604
v -43.01 		-42.1574 		21.6205
v -43.7 		-42.159 		21.6126
v -43.7 		-42.171 		21.648
v -43.7 		-42.204 		21.7739
v -43.01 		-42.204 		21.7863
v -43.7 		-42.228 		21.9028
v -43.01 		-42.228 		21.9152
v -43.7 		-42.242 		22.0348
v -43.01 		-42.242 		22.0471
v -43.01 		-42.247 		22.1801
v -43.7 		-42.247 		22.1678
v -43.01 		-42.242 		22.3137
v -43.01 		-42.2438 		22.2659
v -43.7 		-42.2436 		22.2585
v -43.7 		-42.242 		22.3014
v -43.7 		-42.228 		22.4334
v -43.01 		-42.228 		22.4457
v 30.382 		-11.0818 		9.1818
v -43.7 		-42.212 		22.5192
v -43.01 		-42.2129 		22.5267
v 30.3683 		-11.1414 		8.9926
v -43.7 		-42.204 		22.5626
v -43.01 		-42.204 		22.575
v -43.01 		-42.171 		22.7005
v -43.01 		-42.1835 		22.6534
v -43.7 		-42.1822 		22.6457
v -43.7 		-42.171 		22.6881
v 35.2087 		-21.1879 		12.235
v 35.199 		-21.1478 		12.2326
v 31.132 		-37.558 		4.754
v 35.2252 		-21.2531 		12.236
v 35.2209 		-21.2362 		12.2357
v 35.2427 		-21.3198 		12.235
v 30.212 		-11.112 		8.476
v 35.2382 		-21.3028 		12.2353
v -43.7 		-42.1442 		22.7665
v 30.241 		-11.157 		8.482
v -43.01 		-42.1457 		22.7744
v -43.01 		-42.13 		22.8207
v -43.7 		-42.13 		22.8083
v 35.2608 		-21.3859 		12.231
v 35.28 		-21.453 		12.224
v -43.7 		-42.08 		22.923
v -43.01 		-42.08 		22.9354
v 35.2831 		-21.4637 		12.2227
v -43.7 		-42.022 		23.0296
v -43.01 		-42.022 		23.0419
v 30.194 		-11.085 		8.473
v -43.01 		-41.957 		23.141
v -43.01 		-41.9828 		23.1019
v -43.7 		-41.9804 		23.0932
v -43.7 		-41.957 		23.1287
v 30.999 		-37.696 		4.672
v 30.188 		-11.076 		8.472
v -43.01 		-41.885 		23.2304
v -43.01 		-41.9139 		23.1944
v -43.7 		-41.9112 		23.1854
v -43.7 		-41.885 		23.218
v -43.7 		-41.8357 		23.268
v -43.01 		-41.8386 		23.2774
v 30.3592 		-11.1771 		8.8764
v 30.875 		-37.823 		4.595
v -43.01 		-41.807 		23.3099
v -43.7 		-41.807 		23.2975
v 30.342 		-11.2426 		8.6608
v -43.01 		-41.723 		23.3785
v -43.01 		-41.7574 		23.3507
v -43.7 		-41.7542 		23.3409
v -43.7 		-41.723 		23.3662
v -43.7 		-41.6686 		23.4018
v -43.01 		-41.6718 		23.412
v -43.01 		-41.636 		23.4354
v -43.7 		-41.636 		23.423
v -43.7 		-41.5786 		23.4509
v -43.01 		-41.5821 		23.4616
v 35.2943 		-21.5022 		12.218
v -43.01 		-41.544 		23.4805
v -43.7 		-41.544 		23.4681
v -43.7 		-41.4855 		23.4883
v -43.01 		-41.4891 		23.4994
v -43.01 		-41.45 		23.5129
v -43.7 		-41.45 		23.5006
v 30.76 		-37.94 		4.525
v -43.01 		-41.354 		23.5322
v -43.01 		-41.394 		23.5242
v -43.7 		-41.3904 		23.5125
v -43.7 		-41.354 		23.5199
v 35.105 		-20.7175 		12.1454
v -43.01 		-41.257 		23.5389
v -43.01 		-41.2975 		23.5364
v -43.7 		-41.2938 		23.5242
v 32.03 		-25.915 		3.958
v -43.7 		-41.257 		23.5266
v 31.832 		-25.872 		3.802
v 35.036 		-20.511 		12.186
v 35.0748 		-20.5718 		12.086
v 35.072 		-20.5565 		12.0782
v 35.0706 		-20.5488 		12.0742
v -43.01 		-33.068 		21.4087
v -43.01 		-33.0448 		21.4521
v -43.7 		-33.0469 		21.4605
v 35.086 		-20.6278 		12.111
v -43.7 		-33.068 		21.421
v 35.0829 		-20.6123 		12.1041
v 35.0981 		-20.6856 		12.134
v -43.01 		-33.1068 		21.3508
v 30.282 		-11.22 		8.49
v 31.639 		-25.831 		3.654
v -43.7 		-33.1093 		21.3594
v -43.01 		-33.134 		21.3098
v -43.7 		-33.134 		21.3222
v -43.01 		-33.206 		21.2205
v 31.453 		-25.791 		3.513
v -43.7 		-33.206 		21.2329
v -43.01 		-33.284 		21.1407
v -43.01 		-33.2512 		21.174
v -43.7 		-33.2542 		21.1834
v -43.7 		-33.284 		21.1531
v -43.01 		-33.3319 		21.1015
v -43.7 		-33.335 		21.1113
v -43.01 		-33.367 		21.0723
v -43.7 		-33.367 		21.0847
v 35.0648 		-20.5175 		12.058
v 31.273 		-25.754 		3.38
v -43.01 		-33.455 		21.0154
v -43.01 		-33.4175 		21.0397
v -43.7 		-33.4208 		21.0499
v -43.7 		-33.455 		21.0278
v 31.101 		-25.719 		3.255
v -43.7 		-33.546 		20.9831
v -43.01 		-33.546 		20.9708
v -43.7 		-33.64 		20.9507
v -43.01 		-33.64 		20.9383
v -43.01 		-33.736 		20.9184
v -43.01 		-33.6946 		20.9267
v -43.7 		-33.6982 		20.9384
v -43.7 		-33.736 		20.9308
v 30.17 		-17.22 		4.239
v 30.16 		-17.2114 		4.2336
v -43.7 		-33.7954 		20.9271
v 30.188 		-17.2355 		4.2485
v -43.01 		-33.7917 		20.915
v -43.01 		-33.834 		20.9119
v -43.7 		-33.834 		20.9243
v -43.01 		-33.834 		20.725
v 30.16 		-17.0133 		4.3157
v -43.01 		-32.849 		22.4034
v -43.7 		-32.849 		22.4158
v 35.1095 		-20.744 		12.155
v 35.1068 		-20.728 		12.1492
v 30.188 		-17.5733 		4.142
v -43.01 		-32.844 		22.2701
v -43.01 		-32.8458 		22.3194
v -43.7 		-32.8456 		22.3268
v -43.7 		-32.844 		22.2825
v 35.1206 		-20.804 		12.174
v 35.1176 		-20.7875 		12.1688
v -43.7 		-32.849 		22.1495
v -43.01 		-32.849 		22.1371
v 35.1331 		-20.8658 		12.19
v 35.1298 		-20.8493 		12.1857
v -43.7 		-32.8582 		22.0628
v -43.01 		-32.8577 		22.0553
v 35.1461 		-20.9274 		12.204
v -43.01 		-32.863 		22.0052
v -43.7 		-32.863 		22.0175
v 35.1604 		-20.9915 		12.216
v 30.16 		-18.8859 		3.7043
v -43.01 		-32.886 		21.8762
v 35.1605 		-20.9917 		12.216
v 30.639 		-11.661 		8.714
v 30.17 		-19.112 		3.641
v 30.188 		-19.1248 		3.6516
v -43.01 		-32.8771 		21.926
v -43.7 		-32.878 		21.9336
v -43.7 		-32.886 		21.8886
v 30.16 		-19.1049 		3.6353
v 30.938 		-25.687 		3.138
v -43.7 		-32.919 		21.7627
v -43.01 		-32.919 		21.7504
v 30.655 		-38.047 		4.461
v -43.01 		-32.961 		21.63
v -43.01 		-32.9443 		21.6776
v -43.7 		-32.9459 		21.6854
v -43.7 		-32.961 		21.6423
v -43.7 		-32.9927 		21.5701
v -43.01 		-32.9909 		21.562
v -43.01 		-33.011 		21.5159
v -43.7 		-33.011 		21.5282
v 30.188 		-19.4891 		3.5667
v 30.505 		-11.471 		8.69
v -43.7 		-33.4801 		23.5497
v -43.01 		-33.4835 		23.539
v -43.01 		-33.455 		23.5251
v -43.7 		-33.455 		23.5374
v 30.16 		-20.9113 		3.2149
v -43.7 		-33.367 		23.4806
v -43.01 		-33.367 		23.4682
v 30.559 		-38.142 		4.404
v 30.16 		-21.1476 		3.1598
v 30.17 		-21.153 		3.166
v -43.01 		-33.284 		23.3999
v -43.01 		-33.3104 		23.4219
v -43.7 		-33.3073 		23.4317
v -43.7 		-33.284 		23.4123
v 30.188 		-21.1627 		3.1772
v 35.1762 		-21.0567 		12.224
v 30.6285 		-11.7583 		8.556
v 35.1921 		-21.1215 		12.231
v 30.474 		-11.516 		8.526
v -43.01 		-33.2311 		23.3455
v -43.7 		-33.2282 		23.3549
v -43.01 		-33.206 		23.32
v -43.7 		-33.206 		23.3324
v 30.559 		-11.649 		8.543
v -43.01 		-33.134 		23.2307
v -43.7 		-33.134 		23.2431
v -43.01 		-33.068 		23.1319
v -43.01 		-33.0898 		23.1647
v -43.7 		-33.0873 		23.1734
v -43.7 		-33.068 		23.1443
v 30.474 		-38.226 		4.354
v -43.01 		-33.011 		23.0253
v -43.7 		-33.011 		23.0377
v 30.188 		-21.5476 		3.1154
v -43.01 		-32.961 		22.9106
v 30.335 		-38.361 		4.272
v -43.7 		-32.961 		22.923
v 30.399 		-38.299 		4.31
v -43.01 		-32.9335 		22.8315
v -43.7 		-32.9319 		22.8394
v -43.01 		-32.919 		22.7902
v -43.7 		-32.919 		22.8025
v 30.17 		-23.308 		2.821
v -43.01 		-32.886 		22.665
v -43.01 		-32.8976 		22.7091
v -43.7 		-32.8963 		22.7168
v -43.7 		-32.886 		22.6773
v 30.188 		-23.3147 		2.8325
v 30.16 		-23.0549 		2.8544
v -43.01 		-32.8712 		22.5814
v -43.7 		-32.8703 		22.5889
v -43.01 		-32.863 		22.5354
v -43.7 		-32.863 		22.5477
v 30.382 		-11.298 		8.668
v 30.16 		-23.3043 		2.8144
v -43.01 		-33.736 		23.6222
v -43.01 		-33.7663 		23.6244
v -43.7 		-33.7626 		23.6365
v -43.7 		-33.736 		23.6346
v -43.01 		-33.834 		23.6286
v -43.7 		-33.834 		23.641
v 30.188 		-23.713 		2.7951
v -43.7 		-33.64 		23.6153
v -43.01 		-33.64 		23.6029
v -43.7 		-33.546 		23.5828
v -43.01 		-33.546 		23.5704
v 30.16 		-25.5382 		2.6043
v 30.17 		-25.54 		2.611
v -43.01 		-33.834 		23.73
v 30.188 		-25.5432 		2.6229
v 23.681 		-39.948 		23.1705
v 23.681 		-48.71 		18.6804
v 30.16 		-25.2798 		2.6286
v 30.559 		-11.6321 		8.582
v -43.01 		-28.887 		24.002
v 23.681 		-48.71 		26.999
v 30.188 		-25.9488 		2.6105
v 23.681 		-39.948 		26.999
v 30.16 		-27.5481 		2.5424
v 28.864 		-39.948 		18.6811
v 28.864 		-39.948 		26.999
v 28.864 		-48.71 		14.191
v 28.864 		-48.71 		26.999
v -43.7 		-33.834 		20.725
v 30.16 		-27.811 		2.5342
v 30.17 		-27.811 		2.541
v 30.188 		-27.811 		2.5531
v -43.7 		-33.834 		23.73
v -43.7 		-40.762 		23.73
v -43.01 		-40.762 		23.73
v -43.01 		-40.762 		20.725
v -43.7 		-40.762 		20.725
v 30.5555 		-11.6258 		8.5833
v 30.784 		-25.656 		3.029
v -43.01 		-28.887 		12.997
v 30.188 		-28.2164 		2.5655
v 26.431 		-45.674 		17.8542
v 26.273 		-45.7 		17.9777
v 30.5181 		-11.5581 		8.5969
v 30.505 		-11.5346 		8.6015
v 26.584 		-45.596 		17.7617
v 30.16 		-30.083 		2.6043
v 30.17 		-30.081 		2.611
v 30.474 		-11.4779 		8.6141
v 30.188 		-30.0778 		2.6229
v 30.16 		-29.8201 		2.5962
v -42.425 		-5.9535 		0.087
v 26.724 		-45.469 		17.7055
v -42.509 		-5.8916 		0.11
v -42.4761 		-5.914 		0.101
v 30.188 		-30.4763 		2.6603
v -42.592 		-5.8264 		0.137
v -42.5766 		-5.837 		0.132
v 26.847 		-45.298 		17.6866
v -42.673 		-5.761 		0.168
v -42.752 		-5.7 		0.201
v 30.399 		-11.399 		8.512
v 26.948 		-45.091 		17.7052
v -42.829 		-5.6379 		0.238
v -42.7666 		-5.687 		0.208
v 30.16 		-32.0584 		2.7902
v -42.904 		-5.5763 		0.278
v -42.8552 		-5.615 		0.252
v 30.4672 		-11.4655 		8.6167
v -42.977 		-5.5157 		0.321
v 30.17 		-32.313 		2.821
v -42.9397 		-5.545 		0.299
v 30.188 		-32.6912 		2.8943
v 30.188 		-32.3065 		2.8325
v 25.962 		-45.596 		18.3004
v 30.16 		-32.3167 		2.8144
v 30.399 		-11.3428 		8.642
v 26.114 		-45.674 		18.1288
v 30.16 		-34.4735 		18.3552
v 30.17 		-34.468 		18.349
v 30.335 		-11.301 		8.5
v 27.023 		-44.853 		17.7622
v 27.07 		-44.596 		17.8531
v 30.16 		-34.7097 		18.3001
v 27.085 		-44.329 		17.977
v 30.4828 		-25.2023 		2.8582
v 30.474 		-25.5459 		2.8199
v 30.474 		-25.5986 		2.815
v 27.07 		-44.061 		18.1273
v 35.646 		-22.488 		11.677
v 35.6431 		-22.4807 		11.6867
v 35.632 		-22.4536 		11.7222
v 35.6598 		-22.5205 		11.631
v 27.023 		-43.804 		18.2997
v 30.16 		-36.5161 		17.8789
v 30.17 		-36.509 		17.873
v 30.3905 		-11.328 		8.6445
v 35.632 		-22.506 		11.795
v 35.6317 		-22.4529 		11.723
v 30.241 		-38.452 		4.218
v 30.282 		-38.412 		4.242
v 30.16 		-36.7352 		17.8098
v 30.212 		-38.48 		4.201
v 30.3848 		-11.3181 		8.646
v 30.382 		-11.3132 		8.6469
v 30.4724 		-25.5966 		2.814
v 30.4711 		-25.6 		2.8127
v 25.597 		-45.091 		18.8754
v 30.16 		-38.4106 		17.2814
v 30.17 		-38.402 		17.276
v 35.5932 		-22.3586 		11.824
v 25.698 		-45.298 		18.6818
v 35.6159 		-22.4151 		11.766
v 30.16 		-38.6087 		17.1993
v 35.6283 		-22.4448 		11.7321
v 25.822 		-45.469 		18.4868
v 30.591 		-11.9327 		8.2326
v 30.194 		-38.497 		4.191
v 30.17 		-40.113 		16.568
v 30.16 		-40.123 		16.5727
v 33.49 		-16.133 		11.484
v 30.16 		-40.2967 		16.4792
v 33.28 		-15.703 		11.51
v 30.188 		-38.503 		4.188
v 33.28 		-16.015 		12.25
v 25.46 		-44.329 		19.3845
v 35.5993 		-22.3742 		11.809
v 25.476 		-44.596 		19.2338
v 33.068 		-15.287 		11.536
v 35.5045 		-22.1326 		11.996
v 35.498 		-22.114 		12.0069
v 35.5237 		-22.1847 		11.962
v 35.5431 		-22.2359 		11.926
v 25.522 		-44.853 		19.0623
v 35.5622 		-22.2845 		11.889
v 35.5812 		-22.3307 		11.85
v 32.857 		-14.884 		11.561
v 30.639 		-25.628 		2.929
v 35.498 		-22.361 		12.243
v 26.948 		-43.567 		18.4861
v 26.847 		-43.359 		18.6802
v 33.49 		-16.032 		10.757
v 30.505 		-25.603 		2.836
v 26.724 		-43.188 		18.8744
v 26.584 		-43.061 		19.0607
v 30.5531 		-25.7027 		2.8665
v 33.28 		-15.599 		10.757
v 33.068 		-15.179 		10.757
v 25.476 		-44.061 		19.508
v 32.857 		-14.772 		10.757
v 35.4629 		-22.0209 		12.058
v 35.484 		-22.0775 		12.028
v 30.5078 		-25.6487 		2.8365
v 30.505 		-25.6451 		2.8347
v 35.4419 		-21.9622 		12.086
v 35.4388 		-21.9533 		12.0897
v 31.573 		-39.1326 		5.9355
v 35.3605 		-21.7149 		12.174
v 35.353 		-21.6901 		12.1802
v 35.3804 		-21.778 		12.155
v 35.3756 		-21.7629 		12.1595
v 25.962 		-43.061 		19.5995
v 33.49 		-16.133 		10.031
v 35.4006 		-21.8403 		12.134
v 35.3958 		-21.8254 		12.139
v 35.4213 		-21.9023 		12.111
v 35.4165 		-21.888 		12.1164
v 25.822 		-43.188 		19.6557
v 33.28 		-16.015 		9.265
v 33.28 		-15.703 		10.005
v 25.698 		-43.359 		19.6755
v 25.597 		-43.567 		19.6563
v 35.2991 		-21.5187 		12.216
v 30.474 		-25.686 		2.807
v 35.3195 		-21.585 		12.204
v 35.3145 		-21.5689 		12.207
v 25.522 		-43.804 		19.5999
v 30.399 		-25.67 		2.752
v 26.431 		-42.983 		19.2332
v 33.068 		-15.287 		9.979
v 26.273 		-42.957 		19.3834
v 31.272 		-38.946 		5.463
v 35.3402 		-21.6508 		12.19
v 32.857 		-14.884 		9.954
v 26.114 		-42.983 		19.5078
v 31.132 		-39.118 		5.384
v 30.335 		-25.657 		2.706
v 30.241 		-25.638 		2.638
v 30.999 		-39.279 		5.31
v 30.212 		-25.631 		2.617
v 33.068 		-16.14 		8.474
v 30.875 		-39.427 		5.242
v 33.068 		-15.609 		9.213
v 32.857 		-15.765 		8.401
v 32.857 		-15.217 		9.164
v 30.76 		-39.562 		5.18
v 31.832 		-13.084 		11.673
v 30.282 		-25.646 		2.668
v 31.639 		-12.77 		11.693
v 31.453 		-12.472 		11.711
v 30.194 		-25.628 		2.604
v 30.188 		-25.627 		2.6
v 31.132 		-40.487 		6.102
v 32.438 		-14.12 		11.609
v 30.5467 		-26.2908 		2.8438
v 32.232 		-13.759 		11.631
v 30.999 		-40.666 		6.039
v 30.875 		-40.833 		5.98
v 32.03 		-13.414 		11.653
v 32.438 		-14.002 		10.757
v 32.232 		-13.638 		10.757
v 32.03 		-13.29 		10.757
v 31.832 		-12.957 		10.757
v 30.655 		-39.686 		5.123
v 31.639 		-12.64 		10.757
v 31.453 		-12.34 		10.757
v 32.647 		-14.38 		10.757
v 32.647 		-14.495 		11.585
v 30.559 		-39.796 		5.072
v 32.232 		-27.811 		4.064
v 30.474 		-39.894 		5.027
v 32.03 		-27.811 		3.899
v 31.832 		-27.811 		3.742
v 31.832 		-13.084 		9.842
v 31.639 		-27.811 		3.593
v 31.453 		-27.811 		3.451
v 31.639 		-12.77 		9.822
v 31.273 		-27.811 		3.316
v 31.453 		-12.472 		9.804
v 31.101 		-27.811 		3.19
v 32.438 		-14.12 		9.906
v 30.399 		-39.979 		4.988
v 32.232 		-13.759 		9.884
v 30.335 		-40.052 		4.955
v 30.282 		-40.111 		4.927
v 32.03 		-13.414 		9.862
v 30.212 		-40.19 		4.891
v 30.938 		-27.811 		3.072
v 30.241 		-40.157 		4.906
v 30.188 		-40.216 		4.879
v 30.194 		-40.209 		4.882
v 30.784 		-27.811 		2.962
v 35.2187 		-20.569 		10.3072
v 35.199 		-20.501 		10.303
v 31.639 		-13.157 		8.903
v 35.2464 		-20.6921 		10.248
v 30.5417 		-27.4483 		2.8046
v 35.2334 		-20.6354 		10.273
v 35.2368 		-20.6506 		10.2663
v 35.2211 		-20.5801 		10.301
v 35.2244 		-20.5952 		10.2934
v 31.453 		-12.867 		8.866
v 31.273 		-12.593 		8.832
v 35.2071 		-20.5253 		10.331
v 35.199 		-20.4945 		10.3498
v 31.101 		-12.335 		8.799
v 35.197 		-20.4873 		10.3542
v 32.03 		-41.226 		8.133
v 31.832 		-41.533 		8.073
v 30.639 		-27.811 		2.861
v 32.232 		-14.121 		9.025
v 32.03 		-13.785 		8.982
v 30.6349 		-27.9 		2.861
v 30.559 		-27.9 		2.804
v 31.832 		-13.463 		8.942
v 31.639 		-41.826 		8.016
v 26.273 		-45.7 		26.999
v 26.431 		-45.674 		26.999
v 26.584 		-45.596 		26.999
v 30.559 		-27.8311 		2.8061
v 30.5562 		-27.8282 		2.8041
v 26.724 		-45.469 		26.999
v 26.847 		-45.298 		26.999
v 35.6436 		-22.1883 		10.363
v 35.6465 		-22.1989 		10.37
v 35.632 		-22.1457 		10.3371
v 26.948 		-45.091 		26.999
v 25.597 		-45.091 		26.999
v 30.399 		-27.9 		2.685
v 25.698 		-45.298 		26.999
v 30.17 		-41.613 		15.76
v 25.822 		-45.469 		26.999
v 25.962 		-45.596 		26.999
v 35.6575 		-22.2383 		10.396
v 35.6637 		-22.2601 		10.412
v 30.16 		-41.6243 		15.764
v 30.5341 		-27.811 		2.7882
v 30.16 		-41.7706 		15.6606
v 26.114 		-45.674 		26.999
v 27.023 		-44.853 		26.999
v 30.17 		-42.877 		14.866
v 27.07 		-44.596 		26.999
v 30.16 		-42.8893 		14.8693
v 27.085 		-44.329 		26.999
v 32.647 		-15.402 		8.33
v 27.07 		-44.061 		26.999
v 35.7212 		-22.4888 		10.636
v 35.723 		-22.4955 		10.6453
v 35.7121 		-22.4537 		10.592
v 32.647 		-14.837 		9.116
v 35.714 		-22.461 		10.6011
v 35.706 		-22.4294 		10.5652
v 30.474 		-27.9 		2.741
v 25.476 		-44.061 		26.999
v 25.46 		-44.329 		26.999
v 32.438 		-15.053 		8.262
v 25.476 		-44.596 		26.999
v 30.16 		-43.0059 		14.7577
v 25.522 		-44.853 		26.999
v 35.6815 		-22.3324 		10.47
v 35.6703 		-22.2868 		10.432
v 27.023 		-43.804 		26.999
v 32.438 		-14.472 		9.069
v 30.17 		-43.884 		13.902
v 26.948 		-43.567 		26.999
v 30.335 		-27.9 		2.638
v 26.847 		-43.359 		26.999
v 30.16 		-43.8971 		13.9045
v 26.724 		-43.188 		26.999
v 32.232 		-14.717 		8.196
v 35.7024 		-22.4156 		10.55
v 35.6922 		-22.3753 		10.509
v 30.16 		-43.9817 		13.7867
v 26.584 		-43.061 		26.999
v 35.629 		-22.1356 		10.331
v 35.6129 		-22.081 		10.301
v 25.962 		-43.061 		26.999
v 35.5964 		-22.0242 		10.273
v 30.241 		-27.9 		2.57
v 30.17 		-44.615 		12.884
v 25.822 		-43.188 		26.999
v 25.698 		-43.359 		26.999
v 35.58 		-21.966 		10.248
v 30.282 		-27.9 		2.6
v 31.639 		-41.742 		7.9355
v 31.6746 		-41.6638 		7.923
v 25.597 		-43.567 		26.999
v 30.16 		-44.6287 		12.8857
v 30.16 		-44.6802 		12.7638
v 25.522 		-43.804 		26.999
v 31.5852 		-41.8628 		7.9584
v 31.6239 		-41.7759 		7.942
v 30.188 		-44.6676 		12.6975
v 26.431 		-42.983 		26.999
v 30.188 		-45.0336 		11.8284
v 31.573 		-41.836 		7.89
v 30.188 		-44.9544 		12.0167
v 32.647 		-14.495 		9.929
v 26.273 		-42.957 		26.999
v 26.114 		-42.983 		26.999
v 30.188 		-45.0336 		9.6866
v 31.573 		-41.8901 		7.9634
v 30.16 		-45.0216 		9.5621
v 30.188 		-44.6695 		8.8223
v 31.639 		-41.447 		7.653
v 30.17 		-44.615 		8.631
v 30.188 		-44.5903 		8.6341
v 30.16 		-44.6287 		8.6293
v 30.16 		-44.5441 		8.5115
v 30.16 		-45.0731 		11.8309
v 30.17 		-45.059 		11.83
v 30.212 		-27.9 		2.548
v 30.194 		-27.9 		2.535
v 30.16 		-45.0904 		11.7067
v 30.188 		-27.9 		2.531
v 30.16 		-45.2223 		10.757
v 30.17 		-45.208 		10.757
v 30.5264 		-12.211 		7.7057
v 30.5486 		-12.2537 		7.6997
v 30.639 		-28.1717 		2.8722
v 30.559 		-12.2735 		7.6972
v 30.5383 		-12.1526 		7.8129
v 30.559 		-12.0656 		7.9787
v 30.5809 		-11.977 		8.1495
v 30.188 		-45.1558 		10.9485
v 30.188 		-45.1824 		10.757
v -37.221 		-38.62 		24.002
v -37.221 		-38.62 		26.999
v 30.16 		-45.205 		10.6329
v -37.221 		-48.71 		18.6801
v -37.221 		-48.677 		18.6948
v -37.221 		-48.677 		24.002
v -37.221 		-48.71 		26.999
v 30.188 		-45.0603 		9.878
v -40.124 		-45.124 		24.002
v -39.971 		-45.213 		24.002
v 30.16 		-45.0731 		9.6841
v 30.17 		-45.059 		9.685
v -39.813 		-45.244 		24.002
v -39.654 		-45.213 		24.002
v -39.502 		-45.124 		24.002
v 31.5179 		-42.0069 		7.9802
v -40.563 		-44.269 		24.002
v 31.419 		-42.092 		7.841
v -40.488 		-44.542 		24.002
v 30.17 		-34.468 		3.166
v 30.16 		-34.4735 		3.1598
v -40.387 		-44.781 		24.002
v 30.188 		-34.4583 		3.1772
v -40.264 		-44.978 		24.002
v 30.16 		-34.224 		3.1198
v 35.632 		-29.297 		8.138
v -39.361 		-44.978 		24.002
v -39.238 		-44.781 		24.002
v 30.188 		-34.8226 		3.2621
v -39.137 		-44.542 		24.002
v 30.17 		-36.509 		3.641
v 30.188 		-36.4962 		3.6516
v 30.188 		-36.8341 		3.7582
v 31.272 		-42.332 		7.796
v -39.062 		-44.269 		24.002
v 35.498 		-29.439 		7.887
v 30.16 		-36.5161 		3.6353
v 31.132 		-42.557 		7.753
v 35.353 		-29.58 		7.639
v 35.353 		-28.703 		7.556
v -40.61 		-43.973 		24.002
v -40.625 		-43.665 		24.002
v 30.16 		-36.2799 		3.5802
v 30.999 		-42.767 		7.713
v 30.188 		-38.3863 		4.2485
v -39.016 		-43.973 		24.002
v 35.199 		-28.773 		7.305
v 30.16 		-38.1915 		4.1645
v 30.188 		-38.6918 		4.3751
v 30.17 		-38.402 		4.239
v 30.16 		-38.4106 		4.2336
v -39 		-43.665 		24.002
v 30.875 		-42.96 		7.676
v -39.016 		-43.357 		24.002
v -43.601 		-4.9557 		1.032
v -43.5996 		-4.957 		1.029
v 35.498 		-30.219 		8.012
v -43.629 		-4.9259 		1.103
v -43.6527 		-4.9 		1.175
v -43.6313 		-4.923 		1.11
v -43.653 		-4.9 		1.176
v -43.672 		-4.9 		1.249
v -39.062 		-43.061 		24.002
v -43.687 		-4.9 		1.322
v -43.698 		-4.9 		1.397
v -43.7 		-4.9 		1.4217
v 30.16 		-39.925 		4.8602
v 30.17 		-40.113 		4.947
v 30.188 		-40.0948 		4.9556
v 30.188 		-40.3627 		5.0998
v -40.563 		-43.061 		24.002
v -40.61 		-43.357 		24.002
v -43.45 		-5.1023 		0.762
v 30.16 		-40.123 		4.9423
v 35.353 		-30.427 		7.774
v -43.493 		-5.0614 		0.827
v -43.4731 		-5.079 		0.797
v -43.533 		-5.0233 		0.894
v -43.5199 		-5.035 		0.872
v -43.569 		-4.9875 		0.963
v -39.137 		-42.788 		24.002
v -43.5617 		-4.994 		0.949
v 31.5797 		-41.0312 		7.1524
v -39.238 		-42.548 		24.002
v 31.5867 		-41.0147 		7.1503
v -39.361 		-42.352 		24.002
v 31.573 		-40.963 		7.076
v 35.199 		-30.632 		7.54
v -39.502 		-42.206 		24.002
v 35.199 		-29.719 		7.394
v 30.17 		-42.877 		6.649
v 30.188 		-42.8549 		6.6551
v 31.419 		-41.203 		7.012
v -39.654 		-42.116 		24.002
v 30.16 		-42.8893 		6.6457
v 30.474 		-12.229 		7.559
v -39.813 		-42.086 		24.002
v 31.272 		-41.428 		6.952
v -39.971 		-42.116 		24.002
v -43.046 		-5.4569 		0.367
v -43.0205 		-5.477 		0.35
v 30.16 		-42.743 		6.5422
v -40.124 		-42.206 		24.002
v -43.114 		-5.4001 		0.416
v -43.0987 		-5.412 		0.405
v -43.178 		-5.3441 		0.468
v -43.1718 		-5.349 		0.463
v -43.239 		-5.291 		0.522
v -40.264 		-42.352 		24.002
v 31.132 		-41.639 		6.896
v -43.297 		-5.24 		0.579
v -43.241 		-5.289 		0.524
v -40.387 		-42.548 		24.002
v -43.351 		-5.1917 		0.638
v -43.3052 		-5.232 		0.588
v 30.188 		-43.9909 		7.7993
v -43.402 		-5.1459 		0.699
v -43.3652 		-5.178 		0.655
v -40.488 		-42.788 		24.002
v -43.4218 		-5.127 		0.725
v 30.399 		-12.118 		7.538
v 30.335 		-12.023 		7.52
v 30.17 		-43.884 		7.613
v 30.188 		-43.8604 		7.6177
v 30.16 		-43.8971 		7.6105
v 30.16 		-43.7805 		7.4989
v 30.188 		-43.0347 		6.8272
v 35.036 		-29.856 		7.153
v 30.212 		-11.843 		7.486
v 30.999 		-41.836 		6.844
v 30.16 		-41.4506 		5.6574
v 30.188 		-41.8184 		5.922
v 30.17 		-41.613 		5.755
v 30.188 		-41.5927 		5.7624
v 35.036 		-28.842 		7.058
v 30.16 		-41.6243 		5.751
v 30.875 		-42.017 		6.796
v 30.282 		-11.946 		7.505
v 30.241 		-11.886 		7.494
v 34.864 		-29.99 		6.916
v 34.864 		-28.91 		6.814
v 30.76 		-42.183 		6.752
v 34.684 		-28.977 		6.575
v 34.498 		-29.042 		6.34
v 30.655 		-42.334 		6.711
v 30.559 		-42.47 		6.675
v 30.188 		-11.808 		7.479
v 30.194 		-11.817 		7.481
v 34.684 		-30.122 		6.683
v 34.498 		-30.252 		6.454
v 31.273 		-13.255 		7.91
v -40.124 		-45.124 		26.999
v 34.305 		-30.379 		6.23
v -39.971 		-45.213 		26.999
v -39.813 		-45.244 		26.999
v -39.654 		-45.213 		26.999
v 31.101 		-13.008 		7.862
v -39.502 		-45.124 		26.999
v 35.498 		-30.957 		8.184
v -40.563 		-44.269 		26.999
v 30.938 		-12.778 		7.816
v 35.353 		-31.229 		7.961
v -40.488 		-44.542 		26.999
v -40.387 		-44.781 		26.999
v 30.784 		-12.563 		7.774
v -40.264 		-44.978 		26.999
v 35.199 		-31.497 		7.742
v -39.361 		-44.978 		26.999
v -39.238 		-44.781 		26.999
v 35.036 		-30.834 		7.31
v -39.137 		-44.542 		26.999
v -39.062 		-44.269 		26.999
v -40.625 		-43.665 		26.999
v -40.61 		-43.973 		26.999
v -39.016 		-43.973 		26.999
v -39 		-43.665 		26.999
v 35.199 		-32.299 		7.995
v -39.016 		-43.357 		26.999
v -39.062 		-43.061 		26.999
v -40.563 		-43.061 		26.999
v -40.61 		-43.357 		26.999
v 35.036 		-32.621 		7.797
v -39.137 		-42.788 		26.999
v 35.036 		-31.761 		7.526
v -39.238 		-42.548 		26.999
v -39.361 		-42.352 		26.999
v -39.502 		-42.206 		26.999
v 34.864 		-32.021 		7.313
v -39.654 		-42.116 		26.999
v -39.813 		-42.086 		26.999
v -39.971 		-42.116 		26.999
v -40.124 		-42.206 		26.999
v -40.264 		-42.352 		26.999
v -40.387 		-42.548 		26.999
v -40.488 		-42.788 		26.999
v 30.757 		-12.6574 		7.6411
v 34.864 		-31.033 		7.083
v 30.474 		-42.59 		6.644
v 30.335 		-42.783 		6.592
v 30.399 		-42.694 		6.616
v 34.684 		-31.229 		6.86
v 31.832 		-14.088 		8.073
v 31.639 		-13.795 		8.016
v 31.453 		-13.518 		7.961
v 34.498 		-31.421 		6.641
v -42.404 		-48.677 		14.2054
v -42.404 		-48.71 		14.1907
v 34.305 		-31.609 		6.427
v 30.212 		-42.952 		6.547
v 30.241 		-42.911 		6.558
v -42.404 		-38.62 		26.999
v -42.404 		-48.71 		26.999
v 30.282 		-42.855 		6.573
v -42.404 		-38.62 		24.002
v -42.404 		-48.677 		24.002
v 34.684 		-32.277 		7.104
v -37.221 		-15.852 		23.1705
v -37.221 		-15.852 		26.999
v -42.404 		-15.852 		18.6811
v -42.404 		-15.852 		26.999
v 34.498 		-32.527 		6.899
v 28.864 		-15.852 		18.6811
v 28.864 		-15.852 		26.999
v 31.273 		-14.167 		7.037
v 23.681 		-15.852 		23.1705
v 31.101 		-13.935 		6.974
v 23.681 		-15.852 		26.999
v 34.107 		-31.793 		6.217
v -37.221 		-7.09 		18.6804
v -37.221 		-7.09 		26.999
v 30.188 		-12.816 		6.539
v -42.404 		-7.09 		14.191
v -42.404 		-7.09 		26.999
v 30.194 		-42.976 		6.541
v 30.938 		-13.719 		6.915
v 30.188 		-42.984 		6.539
v 28.864 		-7.09 		14.191
v 28.864 		-7.09 		26.999
v 23.681 		-7.09 		18.6804
v 23.681 		-7.09 		26.999
v 34.305 		-29.106 		6.11
v 30.76 		-43.138 		7.642
v 34.107 		-30.504 		6.01
v 34.107 		-29.169 		5.885
v -40.625 		-11.471 		17.977
v -40.61 		-11.739 		18.1273
v 30.784 		-13.518 		6.86
v -40.563 		-11.996 		18.2997
v 30.655 		-43.299 		7.611
v -40.264 		-10.331 		17.7055
v 33.905 		-30.625 		5.796
v 30.559 		-43.443 		7.584
v -40.387 		-10.502 		17.6866
v 33.905 		-29.23 		5.665
v -40.488 		-10.709 		17.7052
v -40.563 		-10.947 		17.7622
v -40.61 		-11.204 		17.8531
v 33.699 		-29.29 		5.451
v 30.474 		-43.571 		7.559
v 33.49 		-29.348 		5.242
v 30.188 		-14.082 		5.667
v 30.399 		-43.682 		7.538
v 30.335 		-43.777 		7.52
v -39.971 		-10.126 		17.8542
v -39.813 		-10.1 		17.9777
v -40.124 		-10.204 		17.7617
v 30.212 		-43.957 		7.486
v 33.28 		-29.405 		5.039
v 30.8099 		-13.7502 		6.7289
v 30.8188 		-13.7019 		6.7745
v 30.282 		-43.854 		7.505
v -39.502 		-10.204 		18.3004
v 30.784 		-13.8895 		6.5973
v 30.7337 		-14.2363 		6.2886
v 30.76 		-14.054 		6.4507
v 30.7835 		-13.8928 		6.5943
v -39.654 		-10.126 		18.1288
v 30.7217 		-14.3224 		6.2127
v 30.76 		-13.617 		6.752
v -40.387 		-12.441 		18.6802
v 33.068 		-29.459 		4.842
v -40.264 		-12.612 		18.8744
v 32.857 		-29.513 		4.652
v -40.124 		-12.739 		19.0607
v -39.971 		-12.817 		19.2332
v -39.813 		-12.843 		19.3834
v -39.654 		-12.817 		19.5078
v 30.241 		-43.914 		7.494
v -39.502 		-12.739 		19.5995
v 33.699 		-30.744 		5.587
v -39.361 		-12.612 		19.6565
v 33.49 		-30.859 		5.384
v -39.238 		-12.441 		19.6755
v 30.8004 		-13.6652 		6.7769
v 30.784 		-13.6325 		6.779
v 30.188 		-15.584 		4.879
v 30.76 		-13.5824 		6.7842
v 33.28 		-30.971 		5.186
v -40.488 		-12.233 		18.4861
v 30.188 		-43.992 		7.479
v 30.194 		-43.983 		7.481
v -39 		-11.471 		19.3845
v 30.756 		-13.5741 		6.785
v 33.905 		-31.972 		6.012
v 33.699 		-32.148 		5.812
v -39.016 		-11.204 		19.2338
v -39.062 		-10.947 		19.0623
v 33.49 		-32.318 		5.618
v -39.137 		-10.709 		18.8754
v 33.28 		-32.484 		5.429
v -39.238 		-10.502 		18.6818
v -39.361 		-10.331 		18.4876
v 33.068 		-32.645 		5.246
v 30.188 		-17.297 		4.188
v -39.137 		-12.233 		19.6563
v 33.068 		-31.08 		4.995
v -39.062 		-11.996 		19.5999
v -39.016 		-11.739 		19.508
v 32.857 		-31.185 		4.809
v 30.7007 		-12.9871 		7.2368
v 30.7105 		-12.9327 		7.3043
v 30.655 		-12.501 		7.611
v 32.647 		-29.564 		4.468
v 30.639 		-12.364 		7.736
v 30.76 		-40.985 		5.926
v 32.438 		-29.613 		4.291
v 30.655 		-12.453 		7.676
v 32.232 		-29.661 		4.121
v 30.655 		-41.123 		5.877
v 30.559 		-41.247 		5.833
v 30.559 		-12.357 		7.584
v 32.647 		-31.287 		4.63
v 30.6487 		-12.4413 		7.6773
v 30.6482 		-12.4403 		7.6774
v 32.438 		-31.385 		4.458
v 30.639 		-12.4234 		7.6791
v 30.474 		-41.357 		5.795
v 32.232 		-31.479 		4.292
v 30.399 		-41.453 		5.761
v 30.188 		-19.191 		3.605
v 32.03 		-31.569 		4.133
v 30.335 		-41.534 		5.732
v 30.655 		-13.2643 		6.8991
v 30.212 		-41.689 		5.678
v 30.241 		-41.652 		5.691
v 30.282 		-41.6 		5.709
v 30.188 		-41.718 		5.667
v 30.194 		-41.711 		5.67
v 32.03 		-29.706 		3.958
v 31.832 		-29.749 		3.802
v 30.474 		-13.21 		6.644
v 30.399 		-13.106 		6.616
v 30.335 		-13.017 		6.592
v 31.639 		-29.791 		3.654
v 31.453 		-29.83 		3.513
v 30.212 		-12.848 		6.547
v 30.241 		-12.889 		6.558
v 31.273 		-29.867 		3.38
v 34.498 		-36.923 		11.911
v 31.101 		-29.902 		3.255
v 30.188 		-21.235 		3.141
v 34.498 		-37.163 		11.339
v 30.282 		-12.945 		6.573
v 34.305 		-37.397 		11.971
v 34.305 		-37.651 		11.369
v 34.107 		-37.862 		12.029
v 30.194 		-12.824 		6.541
v 30.938 		-29.935 		3.138
v 30.655 		-13.466 		6.711
v 34.107 		-38.127 		11.399
v 30.655 		-13.3623 		6.8077
v 33.905 		-38.315 		12.087
v 33.905 		-38.593 		11.428
v 30.559 		-13.33 		6.675
v 30.6443 		-13.3423 		6.8084
v 30.639 		-13.3321 		6.809
v 30.639 		-13.332 		6.809
v 30.639 		-13.3321 		6.809
v 30.639 		-13.3316 		6.8094
v 30.642 		-13.3162 		6.8289
v 30.6389 		-13.3319 		6.809
v 30.639 		-13.3317 		6.8092
v 33.699 		-38.757 		12.143
v 30.784 		-29.965 		3.029
v 30.76 		-30.3615 		3.0493
v 30.188 		-23.392 		2.804
v 32.03 		-15.235 		7.328
v 34.498 		-37.244 		10.757
v 32.03 		-14.395 		8.133
v 34.305 		-37.735 		10.757
v 30.749 		-30.0554 		3.0127
v 31.832 		-14.947 		7.25
v 30.655 		-29.215 		2.9159
v 31.639 		-14.673 		7.175
v 35.7153 		-22.6283 		11.413
v 32.647 		-16.179 		7.586
v 35.7198 		-22.6372 		11.385
v 32.438 		-15.852 		7.496
v 35.7274 		-22.6505 		11.334
v 35.7258 		-22.6477 		11.3443
v 35.686 		-22.5765 		11.535
v 35.6833 		-22.5711 		11.5451
v 35.6732 		-22.5505 		11.584
v 35.6984 		-22.6002 		11.486
v 35.6959 		-22.5954 		11.4961
v 35.7101 		-22.6203 		11.436
v 32.232 		-15.537 		7.411
v 30.655 		-30.076 		2.942
v 30.6652 		-29.988 		2.947
v 30.559 		-30.096 		2.871
v 34.107 		-38.216 		10.757
v 30.474 		-30.114 		2.807
v 30.399 		-30.13 		2.752
v 33.905 		-38.686 		10.757
v 35.632 		-22.838 		12.114
v 31.453 		-14.413 		7.104
v 31.273 		-15.312 		6.228
v 33.699 		-39.047 		11.456
v 33.49 		-39.188 		12.197
v 31.101 		-15.1 		6.151
v 33.49 		-39.489 		11.484
v 30.241 		-30.162 		2.638
v 30.212 		-30.169 		2.617
v 30.335 		-30.143 		2.706
v 33.28 		-39.606 		12.25
v 33.28 		-39.918 		11.51
v 32.03 		-16.291 		6.582
v 31.832 		-16.027 		6.487
v 31.639 		-15.775 		6.396
v -40.387 		-12.441 		26.999
v -40.264 		-12.612 		26.999
v -40.124 		-12.739 		26.999
v -39.971 		-12.817 		26.999
v 30.188 		-30.173 		2.6
v -39.813 		-12.843 		26.999
v -39.654 		-12.817 		26.999
v -39.502 		-12.739 		26.999
v -39.361 		-12.612 		26.999
v -39.238 		-12.441 		26.999
v 30.282 		-30.154 		2.668
v -40.625 		-11.471 		26.999
v -40.61 		-11.739 		26.999
v -40.563 		-11.996 		26.999
v -40.488 		-12.233 		26.999
v 30.194 		-30.172 		2.604
v -39.137 		-12.233 		26.999
v -39.062 		-11.996 		26.999
v -39.016 		-11.739 		26.999
v -39 		-11.471 		26.999
v 33.068 		-40.334 		11.536
v -40.264 		-10.331 		26.999
v -40.387 		-10.502 		26.999
v 32.857 		-40.737 		11.561
v -40.488 		-10.709 		26.999
v -40.563 		-10.947 		26.999
v 35.353 		-21.495 		9.522
v 31.453 		-15.537 		6.309
v -40.61 		-11.204 		26.999
v 35.353 		-21.207 		9.922
v -39.016 		-11.204 		26.999
v 33.699 		-39.144 		10.757
v 35.4417 		-21.4584 		10.128
v 31.832 		-31.655 		3.981
v 35.4398 		-21.4516 		10.1276
v 35.4239 		-21.3925 		10.124
v 33.49 		-39.589 		10.757
v 35.4063 		-21.3257 		10.123
v 35.4106 		-21.342 		10.1233
v 35.3893 		-21.2603 		10.124
v 35.3935 		-21.2766 		10.1237
v 35.3722 		-21.1937 		10.128
v 31.639 		-31.737 		3.837
v 35.3558 		-21.1287 		10.134
v 33.28 		-40.022 		10.757
v 35.353 		-21.1172 		10.1356
v 35.199 		-20.999 		9.425
v 33.068 		-40.442 		10.757
v 35.199 		-20.689 		9.856
v 35.3214 		-20.9977 		10.154
v 35.3386 		-21.0629 		10.143
v 32.857 		-40.849 		10.757
v 34.498 		-37.163 		10.176
v 34.498 		-36.923 		9.604
v 34.305 		-37.651 		10.146
v 30.188 		-32.408 		2.804
v -39.062 		-10.947 		26.999
v 35.3054 		-20.9348 		10.168
v -39.137 		-10.709 		26.999
v 35.2896 		-20.8717 		10.185
v 35.2937 		-20.888 		10.1806
v 30.335 		-14.266 		5.732
v -39.238 		-10.502 		26.999
v -39.361 		-10.331 		26.999
v -39.813 		-10.1 		26.999
v 30.784 		-31.1884 		3.144
v 30.282 		-14.2 		5.709
v 30.212 		-14.111 		5.678
v 30.241 		-14.148 		5.691
v 30.188 		-44.724 		12.621
v -39.971 		-10.126 		26.999
v -40.124 		-10.204 		26.999
v 35.2743 		-20.81 		10.203
v 35.2784 		-20.8264 		10.1982
v 35.26 		-20.7506 		10.224
v 35.2639 		-20.7665 		10.2184
v 31.453 		-31.815 		3.7
v -39.502 		-10.204 		26.999
v -39.654 		-10.126 		26.999
v 30.194 		-14.089 		5.67
v 30.16 		-4.9 		26.999
v 31.273 		-31.888 		3.57
v 34.305 		-37.397 		9.544
v 35.036 		-20.511 		9.329
v 34.107 		-38.127 		10.116
v 31.101 		-31.957 		3.448
v 34.107 		-37.862 		9.486
v 33.905 		-38.593 		10.087
v 33.905 		-38.315 		9.428
v 30.938 		-32.022 		3.334
v 33.699 		-38.757 		9.372
v 34.305 		-36.98 		8.964
v 34.107 		-37.424 		8.877
v 33.905 		-37.858 		8.792
v 33.699 		-38.281 		8.709
v 30.893 		-32.1112 		3.3145
v 30.875 		-32.119 		3.301
v 33.49 		-38.693 		8.629
v 30.875 		-32.1008 		3.2993
v 30.76 		-32.169 		3.215
v 30.8165 		-32.0693 		3.2504
v 30.874 		-32.1003 		3.2985
v 27.085 		-11.471 		17.977
v 27.023 		-11.996 		18.2997
v 27.07 		-11.739 		18.1273
v 30.938 		-16.305 		5.323
v 27.07 		-11.204 		17.8531
v 27.023 		-10.947 		17.7622
v 26.948 		-10.709 		17.7052
v 26.847 		-10.502 		17.6866
v 26.724 		-10.331 		17.7055
v -43.7 		-6.1071 		0.041
v 26.584 		-10.204 		17.7617
v 26.431 		-10.126 		17.8542
v 26.273 		-10.1 		17.9777
v 30.938 		-14.901 		6.079
v 35.632 		-22.506 		9.72
v 30.784 		-16.14 		5.246
v 35.632 		-22.264 		10.056
v 26.114 		-10.126 		18.1288
v -43.7 		-6.3644 		0
v -43.7 		-6.317 		0.004
v -43.7 		-6.235 		0.015
v -43.7 		-6.154 		0.03
v 25.962 		-10.204 		18.3004
v -43.01 		-48.677 		24.002
v -43.01 		-48.677 		12.997
v 35.498 		-22.361 		9.271
v 35.498 		-21.997 		9.62
v 33.699 		-39.047 		10.059
v 35.498 		-21.732 		9.988
v 33.49 		-39.489 		10.031
v 35.5464 		-21.8446 		10.203
v 35.5503 		-21.8586 		10.2078
v 35.5613 		-21.8988 		10.2217
v 33.49 		-39.188 		9.318
v 35.5299 		-21.7828 		10.185
v 35.5337 		-21.7971 		10.1891
v 35.5132 		-21.7201 		10.168
v 35.498 		-21.6619 		10.1553
v 33.28 		-39.918 		10.005
v 33.28 		-39.606 		9.265
v 33.068 		-40.334 		9.979
v 30.188 		-44.724 		8.472
v 32.857 		-40.737 		9.954
v 35.5631 		-21.9054 		10.224
v 35.5669 		-21.9189 		10.2294
v 33.28 		-39.093 		8.55
v 33.068 		-40.012 		9.213
v 33.068 		-39.481 		8.474
v 30.188 		-45.317 		10.547
v 30.188 		-45.168 		11.593
v 32.857 		-40.405 		9.164
v 32.857 		-39.857 		8.401
v 35.4963 		-21.6559 		10.154
v 35.4779 		-21.5904 		10.143
v 35.4822 		-21.6057 		10.1456
v 35.4598 		-21.5251 		10.134
v 35.4642 		-21.5409 		10.1362
v 30.188 		-45.168 		9.5
v 35.353 		-22.387 		8.792
v 35.353 		-21.89 		9.143
v 25.698 		-12.441 		19.6755
v 25.822 		-12.612 		19.6557
v -42.425 		-49.8465 		0.087
v 25.962 		-12.739 		19.5995
v -42.4761 		-49.886 		0.101
v -42.509 		-49.9084 		0.11
v 26.114 		-12.817 		19.5078
v -42.5766 		-49.963 		0.132
v -42.592 		-49.9736 		0.137
v -42.673 		-50.039 		0.168
v 26.273 		-12.843 		19.3834
v -42.752 		-50.1001 		0.201
v 26.431 		-12.817 		19.2332
v -42.7666 		-50.113 		0.208
v -42.829 		-50.1621 		0.238
v 26.584 		-12.739 		19.0607
v 26.724 		-12.612 		18.8744
v 26.847 		-12.441 		18.6802
v 25.46 		-11.471 		19.3845
v -42.8552 		-50.185 		0.252
v -42.904 		-50.2237 		0.278
v -42.9397 		-50.255 		0.299
v -42.977 		-50.2843 		0.321
v 30.188 		-34.565 		3.141
v 26.948 		-12.233 		18.4861
v 25.822 		-10.331 		18.4868
v 25.698 		-10.502 		18.6818
v 25.597 		-10.709 		18.8754
v 25.522 		-10.947 		19.0623
v 25.476 		-11.204 		19.2338
v 25.476 		-11.739 		19.508
v 25.522 		-11.996 		19.5999
v 25.597 		-12.233 		19.6563
v 30.188 		-36.609 		3.605
v 35.199 		-21.962 		8.638
v 35.199 		-21.426 		9.016
v 35.036 		-21.542 		8.486
v 35.036 		-20.968 		8.892
v 34.864 		-21.13 		8.336
v 34.864 		-20.518 		8.769
v 30.784 		-14.717 		6.012
v 30.8315 		-14.9094 		5.9596
v 30.7957 		-14.8379 		5.9596
v 30.784 		-14.8143 		5.9596
v 30.784 		-16.3362 		5.1647
v 30.7935 		-16.2773 		5.1981
v 30.76 		-16.238 		5.18
v 30.8135 		-15.0216 		5.8799
v 30.7876 		-15.189 		5.7618
v 30.76 		-14.815 		5.926
v 30.784 		-16.2591 		5.1966
v 30.784 		-15.209 		5.7472
v 30.76 		-16.2103 		5.1945
v 30.7578 		-16.2059 		5.1944
v 30.7201 		-15.6448 		5.4449
v 30.7318 		-15.567 		5.4992
v 30.76 		-15.3727 		5.6336
v 30.76 		-14.7632 		5.9618
v 30.7552 		-14.7528 		5.9622
v 30.655 		-14.677 		5.877
v 30.6786 		-14.5935 		5.9669
v 30.559 		-14.553 		5.833
v 30.474 		-14.443 		5.795
v 30.399 		-14.347 		5.761
v 30.655 		-16.114 		5.123
v 30.6691 		-16.0195 		5.1889
v 35.632 		-22.838 		9.401
v 35.632 		-23.255 		9.106
v 35.498 		-23.361 		8.656
v 35.498 		-22.818 		8.948
v 35.353 		-22.977 		8.474
v -43.5996 		-50.843 		1.029
v -43.601 		-50.8443 		1.032
v -43.629 		-50.8741 		1.103
v -43.653 		-50.9 		1.176
v -43.6313 		-50.877 		1.11
v -43.6527 		-50.9 		1.175
v -43.672 		-50.9 		1.249
v 35.199 		-22.597 		8.295
v -43.687 		-50.9 		1.322
v -43.698 		-50.9 		1.397
v -43.7 		-50.9 		1.4217
v -43.0205 		-50.323 		0.35
v -43.046 		-50.3431 		0.367
v -43.0987 		-50.388 		0.405
v -43.114 		-50.3999 		0.416
v -43.1718 		-50.451 		0.463
v -43.178 		-50.4559 		0.468
v -43.239 		-50.509 		0.522
v 35.632 		-24.315 		8.606
v -43.241 		-50.511 		0.524
v -43.297 		-50.56 		0.579
v -43.3052 		-50.568 		0.588
v -43.351 		-50.6083 		0.638
v 35.632 		-23.75 		8.84
v -43.3652 		-50.622 		0.655
v -43.402 		-50.6541 		0.699
v -43.4218 		-50.673 		0.725
v -43.45 		-50.6977 		0.762
v 35.498 		-23.98 		8.4
v 30.655 		-32.214 		3.138
v -43.4731 		-50.721 		0.797
v -43.493 		-50.7386 		0.827
v -43.5199 		-50.765 		0.872
v -43.533 		-50.7767 		0.894
v -43.5617 		-50.806 		0.949
v -43.569 		-50.8125 		0.963
v 30.399 		-15.821 		4.988
v 25.698 		-12.441 		26.999
v 30.559 		-32.254 		3.068
v 25.822 		-12.612 		26.999
v 25.962 		-12.739 		26.999
v 30.335 		-15.748 		4.955
v 30.282 		-15.689 		4.927
v 26.114 		-12.817 		26.999
v 26.273 		-12.843 		26.999
v 26.431 		-12.817 		26.999
v 30.241 		-15.643 		4.906
v 30.212 		-15.61 		4.891
v 26.584 		-12.739 		26.999
v 26.724 		-12.612 		26.999
v 26.847 		-12.441 		26.999
v 35.353 		-23.649 		8.196
v 27.085 		-11.471 		26.999
v 25.46 		-11.471 		26.999
v 30.194 		-15.591 		4.882
v 25.476 		-11.739 		26.999
v 25.522 		-11.996 		26.999
v -43.7 		-49.6929 		0.041
v 25.597 		-12.233 		26.999
v 26.948 		-12.233 		26.999
v -43.7 		-49.483 		0.004
v -43.7 		-49.4356 		0
v 30.474 		-32.29 		3.007
v -43.7 		-49.565 		0.015
v -43.7 		-49.646 		0.03
v 30.399 		-32.321 		2.953
v 27.023 		-11.996 		26.999
v 27.07 		-11.739 		26.999
v 28.867 		-38.0063 		10.224
v 28.867 		-37.9523 		10.203
v 28.867 		-37.8973 		10.184
v 30.16 		-4.9 		1.2114
v 28.867 		-37.8409 		10.168
v 28.867 		-37.7834 		10.154
v 28.867 		-37.725 		10.142
v 30.474 		-15.906 		5.027
v 30.559 		-16.004 		5.072
v 28.867 		-37.704 		10.1391
v 28.867 		-37.667 		10.134
v 28.867 		-37.6457 		10.1315
v 28.867 		-37.6078 		10.127
v 27.07 		-11.204 		26.999
v 27.023 		-10.947 		26.999
v 26.948 		-10.709 		26.999
v 28.867 		-37.5866 		10.1256
v 26.847 		-10.502 		26.999
v 28.867 		-37.5491 		10.123
v 26.724 		-10.331 		26.999
v 28.867 		-37.5273 		10.1226
v 28.867 		-37.4896 		10.122
v 28.867 		-37.4677 		10.1224
v 28.867 		-37.4304 		10.123
v 28.867 		-37.409 		10.1245
v 25.822 		-10.331 		26.999
v 25.698 		-10.502 		26.999
v 25.597 		-10.709 		26.999
v 28.867 		-37.3711 		10.127
v 28.867 		-37.3494 		10.1296
v 28.867 		-37.3125 		10.134
v 28.867 		-37.2909 		10.137
v 28.867 		-37.2538 		10.142
v 28.867 		-37.1954 		10.154
v 28.867 		-37.1741 		10.1592
v 28.867 		-37.1386 		10.168
v 30.335 		-32.348 		2.908
v 30.212 		-32.398 		2.821
v 28.867 		-37.1176 		10.174
v 28.867 		-37.0818 		10.184
v 28.867 		-37.0268 		10.203
v 25.522 		-10.947 		26.999
v 28.867 		-36.9728 		10.224
v 28.867 		-36.9526 		10.2326
v 25.476 		-11.204 		26.999
v 28.867 		-38.5825 		10.727
v 28.867 		-38.5734 		10.7113
v 28.867 		-38.5556 		10.681
v 26.584 		-10.204 		26.999
v 28.867 		-38.5456 		10.6656
v 28.867 		-38.5265 		10.636
v 26.431 		-10.126 		26.999
v 28.867 		-38.4947 		10.592
v 28.867 		-38.4609 		10.55
v 26.273 		-10.1 		26.999
v 28.867 		-38.4242 		10.509
v 26.114 		-10.126 		26.999
v 25.962 		-10.204 		26.999
v 28.867 		-38.3856 		10.469
v 28.867 		-38.3446 		10.432
v 28.867 		-38.3297 		10.4195
v 28.867 		-38.3013 		10.396
v 30.241 		-32.386 		2.842
v 28.867 		-38.2858 		10.3842
v 28.867 		-38.2568 		10.362
v 30.282 		-32.369 		2.871
v 28.867 		-38.21 		10.33
v 28.867 		-38.1928 		10.3195
v 28.867 		-38.1614 		10.3
v 28.867 		-38.1442 		10.2905
v 28.867 		-38.1115 		10.273
v 28.867 		-38.0599 		10.247
v 28.867 		-38.6985 		11.179
v 28.867 		-38.698 		11.1614
v 28.867 		-38.6973 		11.127
v 28.867 		-38.6958 		11.1097
v 28.867 		-38.6927 		11.076
v 28.867 		-38.6902 		11.0584
v 28.867 		-38.6857 		11.024
v 28.867 		-38.6751 		10.973
v 30.194 		-32.406 		2.808
v 28.867 		-38.6621 		10.922
v 28.867 		-38.657 		10.905
v 28.867 		-38.6468 		10.872
v 31.453 		-18.393 		16.554
v 28.867 		-38.6405 		10.8553
v 28.867 		-38.6283 		10.823
v 31.273 		-18.22 		16.661
v 32.857 		-32.8 		16.447
v 28.867 		-38.6071 		10.775
v 31.101 		-18.057 		16.761
v 28.867 		-38.6973 		11.231
v 28.867 		-38.6978 		11.2134
v 31.453 		-33.731 		17.508
v -8.157 		-48.712 		21.747
v -1.69 		-48.712 		21.747
v -1.69 		-48.712 		25.752
v -8.157 		-48.712 		25.752
v 28.867 		-38.4947 		11.767
v 28.867 		-38.5265 		11.723
v 2.001 		-48.712 		23.202
v 28.867 		-38.5365 		11.7076
v 28.867 		-38.5556 		11.678
v 31.273 		-33.84 		17.632
v 28.867 		-38.5647 		11.6619
v 28.867 		-38.5825 		11.631
v 28.867 		-38.6071 		11.584
v 30.938 		-17.905 		16.855
v 28.867 		-38.6283 		11.535
v 31.101 		-33.942 		17.749
v 28.867 		-48.712 		1.634
v 28.867 		-38.6347 		11.5183
v 28.867 		-38.6468 		11.486
v 1.078 		-48.712 		26.999
v 1.078 		-48.712 		24.046
v 28.867 		-48.712 		26.999
v 2.924 		-48.712 		24.046
v 28.867 		-38.6519 		11.469
v 28.867 		-38.6621 		11.436
v 28.867 		-38.6751 		11.386
v 2.001 		-48.712 		24.89
v 28.867 		-38.6857 		11.334
v 28.867 		-38.6882 		11.3167
v 28.867 		-38.6927 		11.283
v 2.587 		-48.712 		24.698
v 30.938 		-34.038 		17.858
v 28.867 		-38.6942 		11.2654
v 2.621 		-48.712 		24.671
v 28.867 		-38.4242 		11.85
v 2.654 		-48.712 		24.643
v 2.685 		-48.712 		24.613
v 28.867 		-38.4609 		11.809
v 2.715 		-48.712 		24.581
v 28.867 		-38.1614 		12.058
v 28.867 		-38.1786 		12.0475
v 28.867 		-38.21 		12.028
v 30.784 		-34.127 		17.959
v 35.867 		-24.541 		12.302
v 28.867 		-38.2568 		11.997
v 28.867 		-38.2724 		11.9852
v 28.867 		-38.3013 		11.963
v 28.867 		-38.3163 		11.9505
v 28.867 		-38.3446 		11.927
v 35.755 		-24.144 		12.489
v 30.784 		-17.764 		16.942
v 28.867 		-38.3856 		11.889
v 2.091 		-48.712 		24.886
v 2.136 		-48.712 		24.881
v 2.181 		-48.712 		24.874
v 2.225 		-48.712 		24.865
v 2.269 		-48.712 		24.854
v 28.867 		-37.8973 		12.175
v 2.312 		-48.712 		24.841
v 28.867 		-37.9523 		12.156
v 2.354 		-48.712 		24.826
v 28.867 		-38.0063 		12.135
v 2.396 		-48.712 		24.809
v 28.867 		-38.0599 		12.112
v 28.867 		-38.1115 		12.086
v 28.867 		-38.1288 		12.0762
v 35.7298 		-22.5216 		10.681
v 2.436 		-48.712 		24.79
v 2.476 		-48.712 		24.77
v 2.514 		-48.712 		24.748
v 28.867 		-36.9196 		10.247
v 2.551 		-48.712 		24.724
v 28.867 		-36.9001 		10.2568
v 28.867 		-36.8682 		10.273
v 32.647 		-32.95 		16.618
v 2.743 		-48.712 		24.549
v 2.769 		-48.712 		24.515
v 2.793 		-48.712 		24.48
v 28.867 		-37.3925 		12.2325
v 28.867 		-37.4304 		12.235
v 2.815 		-48.712 		24.444
v 2.836 		-48.712 		24.407
v 2.854 		-48.712 		24.369
v 32.438 		-33.095 		16.783
v 35.867 		-23.345 		11.323
v 28.867 		-37.4522 		12.2354
v 2.87 		-48.712 		24.33
v 28.867 		-37.4896 		12.236
v 28.867 		-37.5113 		12.2356
v 2.884 		-48.712 		24.291
v 28.867 		-37.5491 		12.235
v 2.897 		-48.712 		24.251
v 2.906 		-48.712 		24.211
v 28.867 		-37.5703 		12.2335
v 28.867 		-37.6078 		12.231
v 2.914 		-48.712 		24.17
v 32.232 		-33.234 		16.942
v 35.867 		-23.539 		11.593
v 2.92 		-48.712 		24.129
v 28.867 		-37.6291 		12.2288
v 28.867 		-37.667 		12.225
v 28.867 		-37.688 		12.2218
v 28.867 		-37.725 		12.216
v 2.923 		-48.712 		24.088
v 28.867 		-37.7834 		12.205
v 28.867 		-37.8409 		12.191
v 2.923 		-48.712 		24.005
v 2.92 		-48.712 		23.963
v 35.755 		-22.802 		11.391
v 2.914 		-48.712 		23.922
v 2.906 		-48.712 		23.882
v 2.897 		-48.712 		23.841
v 2.884 		-48.712 		23.801
v 28.867 		-36.8682 		12.086
v 2.87 		-48.712 		23.762
v 2.854 		-48.712 		23.723
v 35.755 		-23.02 		11.695
v 2.836 		-48.712 		23.685
v 2.815 		-48.712 		23.648
v 2.793 		-48.712 		23.612
v 2.769 		-48.712 		23.577
v 35.755 		-23.32 		11.982
v 32.03 		-33.368 		17.094
v 2.743 		-48.712 		23.544
v 2.715 		-48.712 		23.511
v 2.685 		-48.712 		23.48
v 31.832 		-33.495 		17.239
v 2.654 		-48.712 		23.45
v 35.7342 		-22.6604 		11.283
v 35.7328 		-22.6584 		11.2933
v 2.621 		-48.712 		23.421
v 28.867 		-36.8877 		12.0958
v 28.867 		-36.9196 		12.112
v 2.587 		-48.712 		23.394
v 28.867 		-36.9397 		12.1207
v 28.867 		-36.9728 		12.135
v 30.382 		-17.404 		17.163
v 2.551 		-48.712 		23.368
v 28.867 		-37.0268 		12.156
v 2.514 		-48.712 		23.345
v 28.867 		-37.0818 		12.175
v 31.639 		-33.616 		17.377
v 2.476 		-48.712 		23.322
v 28.867 		-37.1029 		12.181
v 28.867 		-37.1386 		12.191
v 2.436 		-48.712 		23.302
v 30.27 		-17.306 		17.223
v 2.396 		-48.712 		23.283
v 2.354 		-48.712 		23.267
v 28.867 		-37.16 		12.1962
v 28.867 		-37.1954 		12.205
v 2.312 		-48.712 		23.252
v 2.269 		-48.712 		23.239
v 28.867 		-37.2538 		12.216
v 28.867 		-37.2754 		12.2193
v 2.225 		-48.712 		23.228
v 28.867 		-37.3125 		12.225
v 2.181 		-48.712 		23.219
v 2.136 		-48.712 		23.212
v 28.867 		-37.3341 		12.2272
v 28.867 		-37.3711 		12.231
v 2.091 		-48.712 		23.206
v 1.566 		-48.712 		24.79
v 28.867 		-34.816 		10.122
v 1.606 		-48.712 		24.809
v 1.648 		-48.712 		24.826
v 28.867 		-36.8496 		10.2832
v 28.867 		-36.8181 		10.3
v 1.69 		-48.712 		24.841
v 28.867 		-36.7994 		10.3114
v 28.867 		-36.7691 		10.33
v 1.733 		-48.712 		24.854
v 1.777 		-48.712 		24.865
v 1.821 		-48.712 		24.874
v 1.866 		-48.712 		24.881
v 28.867 		-36.7513 		10.3422
v 28.867 		-36.7221 		10.362
v 1.91 		-48.712 		24.886
v 28.867 		-36.705 		10.375
v 28.867 		-36.6775 		10.396
v 32.438 		-34.715 		16.406
v 28.867 		-36.6611 		10.4098
v 28.867 		-36.6342 		10.432
v 28.867 		-36.5932 		10.469
v 28.867 		-36.5782 		10.4844
v 35.967 		-24.063 		11.491
v 28.867 		-36.5545 		10.509
v 28.867 		-36.5183 		10.55
v 1.956 		-48.712 		24.889
v 28.867 		-36.5052 		10.5662
v 28.867 		-36.4842 		10.592
v 28.867 		-36.4719 		10.609
v 28.867 		-36.4526 		10.636
v 2.046 		-48.712 		24.889
v 35.967 		-24.298 		11.715
v 30.639 		-17.633 		17.022
v 28.867 		-36.4232 		10.681
v 28.867 		-36.4129 		10.6988
v 28.867 		-36.3964 		10.727
v 28.867 		-36.3868 		10.7456
v 1.287 		-48.712 		24.581
v 30.505 		-17.513 		17.096
v 1.317 		-48.712 		24.613
v 1.348 		-48.712 		24.643
v 28.867 		-36.3726 		10.775
v 28.867 		-36.3644 		10.7937
v 28.867 		-36.3508 		10.823
v 1.381 		-48.712 		24.671
v 28.867 		-36.332 		10.872
v 1.415 		-48.712 		24.698
v 28.867 		-36.3166 		10.922
v 1.451 		-48.712 		24.724
v 1.488 		-48.712 		24.748
v 28.867 		-36.3117 		10.9419
v 28.867 		-36.3037 		10.973
v 1.526 		-48.712 		24.77
v 28.867 		-36.2996 		10.9929
v 28.867 		-36.2934 		11.024
v 1.079 		-48.712 		24.088
v 35.867 		-23.807 		11.849
v 28.867 		-36.2862 		11.076
v 1.082 		-48.712 		24.129
v 28.867 		-36.2845 		11.0959
v 28.867 		-36.2815 		11.127
v 1.088 		-48.712 		24.17
v 28.867 		-36.281 		11.1473
v 28.867 		-36.2804 		11.179
v 1.095 		-48.712 		24.211
v 30.938 		-19.675 		17.413
v 1.105 		-48.712 		24.251
v 35.867 		-24.143 		12.087
v 28.867 		-36.2809 		11.1993
v 28.867 		-36.2815 		11.231
v 1.117 		-48.712 		24.291
v 28.867 		-36.2833 		11.2513
v 1.132 		-48.712 		24.33
v 1.148 		-48.712 		24.369
v 1.166 		-48.712 		24.407
v 1.187 		-48.712 		24.444
v 28.867 		-36.359 		11.5541
v 28.867 		-36.3726 		11.584
v 30.784 		-19.559 		17.508
v 1.209 		-48.712 		24.48
v 1.233 		-48.712 		24.515
v 28.867 		-36.3822 		11.6022
v 28.867 		-36.3964 		11.631
v 1.259 		-48.712 		24.549
v 28.867 		-36.4067 		11.6492
v 28.867 		-36.4232 		11.678
v 28.867 		-36.4526 		11.723
v 1.233 		-48.712 		23.577
v 28.867 		-36.4649 		11.74
v 28.867 		-36.4842 		11.767
v 1.209 		-48.712 		23.612
v 1.187 		-48.712 		23.648
v 1.166 		-48.712 		23.685
v 28.867 		-36.4972 		11.7832
v 28.867 		-36.5183 		11.809
v 1.148 		-48.712 		23.723
v 1.132 		-48.712 		23.762
v 28.867 		-36.5545 		11.85
v 1.117 		-48.712 		23.801
v 28.867 		-36.5695 		11.865
v 28.867 		-36.5932 		11.889
v 1.105 		-48.712 		23.841
v 1.095 		-48.712 		23.882
v 28.867 		-36.6342 		11.927
v 28.867 		-36.6507 		11.9408
v 28.867 		-36.6775 		11.963
v 28.867 		-36.6946 		11.976
v 28.867 		-36.7221 		11.997
v 28.867 		-36.7399 		12.0088
v 1.088 		-48.712 		23.922
v 28.867 		-36.7691 		12.028
v 1.082 		-48.712 		23.963
v 31.639 		-18.576 		16.442
v 1.079 		-48.712 		24.005
v 28.867 		-36.7878 		12.0394
v 28.867 		-36.8181 		12.058
v 2.046 		-48.712 		23.203
v 30.639 		-34.209 		18.053
v 28.867 		-36.8367 		12.0686
v 1.956 		-48.712 		23.203
v 1.91 		-48.712 		23.206
v 1.866 		-48.712 		23.212
v 1.821 		-48.712 		23.219
v 1.777 		-48.712 		23.228
v 1.733 		-48.712 		23.239
v 1.69 		-48.712 		23.252
v 1.648 		-48.712 		23.267
v 28.867 		-36.2862 		11.283
v 1.606 		-48.712 		23.283
v 1.566 		-48.712 		23.302
v 28.867 		-36.2934 		11.334
v 30.505 		-34.284 		18.139
v 28.867 		-36.2975 		11.3543
v 28.867 		-36.3037 		11.386
v 1.526 		-48.712 		23.322
v 28.867 		-36.3087 		11.4055
v 28.867 		-36.3166 		11.436
v 1.488 		-48.712 		23.345
v 28.867 		-36.332 		11.486
v 1.451 		-48.712 		23.368
v 28.867 		-36.3508 		11.535
v 1.415 		-48.712 		23.394
v 30.382 		-34.353 		18.217
v 1.381 		-48.712 		23.421
v 1.348 		-48.712 		23.45
v 35.755 		-23.697 		12.248
v 1.317 		-48.712 		23.48
v 1.287 		-48.712 		23.511
v 1.259 		-48.712 		23.544
v -12.771 		-48.712 		24.046
v 30.27 		-34.414 		18.287
v -11.848 		-48.712 		23.202
v 28.867 		-32.112 		26.999
v -10.925 		-48.712 		26.999
v 31.832 		-20.384 		16.833
v 35.867 		-23.227 		10.472
v 28.867 		-19.2545 		10.2388
v 28.867 		-19.2217 		10.224
v 28.867 		-19.2011 		10.216
v 28.867 		-19.1673 		10.203
v 35.867 		-23.187 		10.757
v -10.925 		-48.712 		24.046
v 28.867 		-19.1464 		10.1962
v 28.867 		-19.112 		10.185
v 28.867 		-19.056 		10.168
v -11.848 		-48.712 		24.89
v 35.867 		-23.227 		11.043
v 28.867 		-18.9986 		10.154
v 28.867 		-18.9767 		10.1499
v 30.938 		-35.947 		17.413
v 28.867 		-18.9408 		10.143
v 28.867 		-18.9192 		10.1396
v 28.867 		-18.8824 		10.134
v 35.755 		-22.669 		10.438
v 28.867 		-18.823 		10.128
v 28.867 		-18.7642 		10.124
v 28.867 		-18.742 		10.1236
v 28.867 		-18.7046 		10.123
v 28.867 		-18.683 		10.1234
v 28.867 		-18.6459 		10.124
v -11.262 		-48.712 		24.698
v 28.867 		-18.5861 		10.128
v 28.867 		-18.5277 		10.134
v 30.784 		-36.063 		17.508
v 28.867 		-18.4689 		10.143
v -11.228 		-48.712 		24.671
v -11.195 		-48.712 		24.643
v -11.164 		-48.712 		24.613
v 35.755 		-22.625 		10.757
v -11.134 		-48.712 		24.581
v 28.867 		-19.7977 		10.728
v -11.757 		-48.712 		24.886
v 28.867 		-19.7707 		10.681
v -11.712 		-48.712 		24.881
v -11.668 		-48.712 		24.874
v 28.867 		-19.7591 		10.6633
v 28.867 		-19.7415 		10.636
v -11.624 		-48.712 		24.865
v 28.867 		-19.7292 		10.6188
v 28.867 		-19.7098 		10.592
v -11.58 		-48.712 		24.854
v 35.755 		-22.669 		11.077
v -11.537 		-48.712 		24.841
v 32.232 		-34.897 		16.554
v -11.495 		-48.712 		24.826
v 28.867 		-19.6756 		10.55
v -11.453 		-48.712 		24.809
v 28.867 		-19.6394 		10.509
v -11.413 		-48.712 		24.79
v 28.867 		-19.6008 		10.47
v -11.373 		-48.712 		24.77
v 31.639 		-20.226 		16.962
v -11.335 		-48.712 		24.748
v 28.867 		-19.5598 		10.432
v -11.298 		-48.712 		24.724
v 32.03 		-35.071 		16.697
v 28.867 		-19.5164 		10.396
v 28.867 		-19.472 		10.363
v -12.283 		-48.712 		24.79
v -12.243 		-48.712 		24.809
v 31.453 		-20.075 		17.085
v -12.201 		-48.712 		24.826
v -12.159 		-48.712 		24.841
v -12.116 		-48.712 		24.854
v 28.867 		-19.9125 		11.231
v -12.072 		-48.712 		24.865
v -12.028 		-48.712 		24.874
v 28.867 		-19.9135 		11.179
v 31.832 		-35.237 		16.833
v -11.983 		-48.712 		24.881
v 28.867 		-19.9125 		11.127
v -11.938 		-48.712 		24.886
v 28.867 		-19.9077 		11.076
v -11.893 		-48.712 		24.889
v 28.867 		-19.9048 		11.0554
v 28.867 		-19.9007 		11.024
v -11.803 		-48.712 		24.889
v 28.867 		-19.8967 		11.0038
v 28.867 		-19.8903 		10.973
v -11.106 		-48.712 		24.549
v -11.08 		-48.712 		24.515
v 28.867 		-19.8773 		10.923
v 31.639 		-35.396 		16.962
v -11.056 		-48.712 		24.48
v 28.867 		-19.8619 		10.873
v -11.034 		-48.712 		24.444
v -11.013 		-48.712 		24.407
v 28.867 		-19.8545 		10.8533
v 28.867 		-19.8433 		10.823
v 28.867 		-19.8351 		10.8041
v -10.995 		-48.712 		24.369
v 28.867 		-19.8223 		10.775
v 31.453 		-35.546 		17.085
v -10.979 		-48.712 		24.33
v -10.964 		-48.712 		24.291
v -10.952 		-48.712 		24.251
v -10.942 		-48.712 		24.211
v -10.935 		-48.712 		24.17
v -10.929 		-48.712 		24.129
v -10.926 		-48.712 		24.088
v 28.867 		-19.8223 		11.584
v 28.867 		-19.8305 		11.5647
v 28.867 		-19.8433 		11.535
v -10.926 		-48.712 		24.005
v 28.867 		-19.8507 		11.5157
v 28.867 		-19.8619 		11.486
v -10.929 		-48.712 		23.963
v -10.935 		-48.712 		23.922
v 31.273 		-35.688 		17.202
v -10.942 		-48.712 		23.882
v 28.867 		-19.8773 		11.436
v -10.952 		-48.712 		23.841
v 28.867 		-19.8903 		11.385
v -10.964 		-48.712 		23.801
v 31.101 		-35.822 		17.311
v -10.979 		-48.712 		23.762
v 28.867 		-19.8943 		11.3648
v 28.867 		-19.9007 		11.334
v -10.995 		-48.712 		23.723
v 28.867 		-19.9036 		11.3138
v 28.867 		-19.9077 		11.283
v -11.013 		-48.712 		23.685
v -11.034 		-48.712 		23.648
v -11.056 		-48.712 		23.612
v -11.08 		-48.712 		23.577
v 28.867 		-19.7098 		11.766
v -11.106 		-48.712 		23.544
v 31.273 		-19.933 		17.202
v 28.867 		-19.7221 		11.7492
v 28.867 		-19.7415 		11.723
v 28.867 		-19.753 		11.7049
v 28.867 		-19.7707 		11.677
v 28.867 		-19.7977 		11.631
v -11.134 		-48.712 		23.511
v -11.164 		-48.712 		23.48
v -11.195 		-48.712 		23.45
v 28.867 		-19.472 		11.996
v -11.228 		-48.712 		23.421
v -11.262 		-48.712 		23.394
v 28.867 		-19.5164 		11.962
v 28.867 		-19.5598 		11.926
v -11.298 		-48.712 		23.368
v 28.867 		-19.6008 		11.889
v -11.335 		-48.712 		23.345
v -11.373 		-48.712 		23.322
v 28.867 		-19.6394 		11.85
v -11.413 		-48.712 		23.302
v 28.867 		-19.6756 		11.809
v -11.453 		-48.712 		23.283
v 31.101 		-19.8 		17.311
v -11.495 		-48.712 		23.267
v -11.537 		-48.712 		23.252
v -11.58 		-48.712 		23.239
v 28.867 		-19.4251 		10.331
v -11.624 		-48.712 		23.228
v 28.867 		-19.3769 		10.301
v -11.668 		-48.712 		23.219
v -11.712 		-48.712 		23.212
v 28.867 		-19.3267 		10.273
v -11.757 		-48.712 		23.206
v 28.867 		-19.2751 		10.248
v -11.803 		-48.712 		23.203
v 35.755 		-22.6687 		11.076
v 35.755 		-22.6688 		11.077
v -11.893 		-48.712 		23.203
v 28.867 		-19.2217 		12.134
v -11.938 		-48.712 		23.206
v 28.867 		-19.2423 		12.1252
v 28.867 		-19.2751 		12.111
v -11.983 		-48.712 		23.212
v -12.028 		-48.712 		23.219
v 35.7549 		-22.6688 		11.0772
v -12.072 		-48.712 		23.228
v 28.867 		-19.3267 		12.086
v -12.116 		-48.712 		23.239
v 28.867 		-19.3769 		12.058
v -12.159 		-48.712 		23.252
v 28.867 		-19.4251 		12.028
v -12.201 		-48.712 		23.267
v -12.243 		-48.712 		23.283
v -12.283 		-48.712 		23.302
v -12.562 		-48.712 		24.581
v 28.867 		-18.9628 		12.2115
v 28.867 		-18.9986 		12.204
v -12.532 		-48.712 		24.613
v 28.867 		-19.056 		12.19
v -12.501 		-48.712 		24.643
v -12.468 		-48.712 		24.671
v 28.867 		-19.112 		12.174
v -12.434 		-48.712 		24.698
v -12.398 		-48.712 		24.724
v 28.867 		-19.1329 		12.1668
v 28.867 		-19.1673 		12.155
v -12.361 		-48.712 		24.748
v -12.322 		-48.712 		24.77
v 28.867 		-19.1879 		12.147
v -12.77 		-48.712 		24.088
v -12.767 		-48.712 		24.129
v -12.761 		-48.712 		24.17
v 28.867 		-18.4689 		12.216
v -12.753 		-48.712 		24.211
v 35.7426 		-22.5689 		10.757
v 28.867 		-18.5277 		12.224
v -12.743 		-48.712 		24.251
v -12.731 		-48.712 		24.291
v 28.867 		-18.5861 		12.231
v -12.717 		-48.712 		24.33
v 28.867 		-18.6459 		12.235
v -12.701 		-48.712 		24.369
v 28.867 		-18.6675 		12.2354
v 28.867 		-18.7046 		12.236
v -12.682 		-48.712 		24.407
v 35.738 		-22.5519 		10.728
v -12.662 		-48.712 		24.444
v 28.867 		-18.7267 		12.2356
v -12.64 		-48.712 		24.48
v 28.867 		-18.7642 		12.235
v -12.616 		-48.712 		24.515
v -12.589 		-48.712 		24.549
v 28.867 		-18.823 		12.231
v 28.867 		-18.8824 		12.224
v -12.616 		-48.712 		23.577
v 28.867 		-18.904 		12.221
v 28.867 		-18.9408 		12.216
v -12.64 		-48.712 		23.612
v -12.662 		-48.712 		23.648
v 35.7443 		-22.579 		10.775
v 35.745 		-22.5836 		10.7847
v 28.867 		-18.4104 		10.154
v -12.682 		-48.712 		23.685
v -12.701 		-48.712 		23.723
v 28.867 		-18.354 		10.168
v 35.745 		-22.584 		10.7856
v 28.867 		-18.3334 		10.1742
v -12.717 		-48.712 		23.762
v 28.867 		-18.2976 		10.185
v -12.731 		-48.712 		23.801
v -12.743 		-48.712 		23.841
v 28.867 		-18.2776 		10.1915
v 28.867 		-18.2418 		10.203
v -12.753 		-48.712 		23.882
v 28.867 		-18.2225 		10.2106
v -12.761 		-48.712 		23.922
v 28.867 		-18.188 		10.224
v -12.767 		-48.712 		23.963
v -12.77 		-48.712 		24.005
v 28.867 		-18.1349 		10.248
v -12.322 		-48.712 		23.322
v 28.867 		-18.1165 		10.2569
v 28.867 		-18.0836 		10.273
v -12.361 		-48.712 		23.345
v 35.755 		-22.6616 		11.024
v 35.755 		-22.6629 		11.0344
v -12.398 		-48.712 		23.368
v 30.639 		-19.451 		17.596
v 28.867 		-18.0657 		10.283
v 28.867 		-18.0331 		10.301
v 35.7542 		-22.651 		10.973
v -12.434 		-48.712 		23.394
v 35.7544 		-22.6532 		10.9832
v 28.867 		-17.9839 		10.331
v -12.468 		-48.712 		23.421
v 28.867 		-17.9673 		10.3423
v 28.867 		-17.9377 		10.363
v -12.501 		-48.712 		23.45
v -12.532 		-48.712 		23.48
v 30.505 		-19.353 		17.677
v 35.7527 		-22.6374 		10.923
v -12.562 		-48.712 		23.511
v 35.7506 		-22.6211 		10.873
v 28.867 		-17.922 		10.3747
v 35.7477 		-22.6013 		10.823
v 35.7483 		-22.6052 		10.8331
v 28.867 		-17.8927 		10.396
v 28.867 		-17.8493 		10.432
v 30.382 		-19.263 		17.75
v 28.867 		-17.8348 		10.4454
v 35.7406 		-22.6677 		11.231
v 28.867 		-17.8089 		10.47
v 35.746 		-22.6709 		11.179
v 28.867 		-17.7954 		10.4837
v 28.867 		-17.7696 		10.509
v 35.751 		-22.6719 		11.127
v -1.69 		-50.9 		21.747
v -8.157 		-50.9 		21.747
v 30.27 		-19.183 		17.815
v -1.69 		-50.9 		25.752
v -8.157 		-50.9 		25.752
v 30.639 		-36.17 		17.596
v 28.867 		-17.7334 		10.55
v 28.867 		-17.6992 		10.592
v 28.867 		-17.6881 		10.6073
v 28.867 		-17.6677 		10.636
v 28.867 		-7.088 		26.999
v 28.867 		-7.088 		1.634
v 30.505 		-36.269 		17.677
v 28.867 		-38.62 		1.634
v 28.867 		-17.6576 		10.6517
v 28.867 		-17.6384 		10.681
v 28.867 		-17.6114 		10.728
v 28.867 		-17.5878 		10.775
v 28.867 		-17.5801 		10.7916
v 28.867 		-17.5665 		10.823
v 28.867 		-17.5605 		10.8403
v 28.867 		-17.5482 		10.873
v 28.867 		-17.5318 		10.923
v 28.867 		-17.5188 		10.973
v 28.867 		-17.5151 		10.9906
v 28.867 		-17.5084 		11.024
v 28.867 		-17.5061 		11.0419
v 28.867 		-17.5014 		11.076
v 28.867 		-17.4966 		11.127
v 28.867 		-17.4956 		11.179
v 30.382 		-36.358 		17.75
v 28.867 		-17.4966 		11.231
v 28.6833 		-6.1199 		0.038
v 28.751 		-6.0773 		0.048
v 28.7564 		-6.073 		0.049
v 28.837 		-6.023 		0.064
v 28.867 		-18.188 		12.134
v 28.867 		-18.2072 		12.1416
v 28.867 		-18.2418 		12.155
v 28.867 		-18.2618 		12.1618
v 28.867 		-18.2976 		12.174
v 28.867 		-18.3183 		12.1798
v 28.867 		-18.354 		12.19
v 28.867 		-18.4104 		12.204
v 30.27 		-36.438 		17.815
v 33.068 		-24.541 		16.52
v 28.867 		-17.9377 		11.996
v 28.867 		-17.9543 		12.0073
v 28.867 		-17.9839 		12.028
v 32.857 		-22.821 		16.447
v 28.867 		-18.0331 		12.058
v 28.867 		-18.051 		12.068
v 28.867 		-18.0836 		12.086
v 28.867 		-18.102 		12.0949
v 28.867 		-18.1349 		12.111
v 32.857 		-24.436 		16.706
v 36.054 		-24.326 		10.757
v 31.639 		-37.046 		16.442
v 36.054 		-24.355 		10.972
v 28.867 		-17.5014 		11.283
v 31.453 		-37.229 		16.554
v 28.867 		-17.5037 		11.3006
v 28.867 		-17.5084 		11.334
v 28.867 		-17.5121 		11.3516
v 28.867 		-17.5188 		11.385
v 36.054 		-24.444 		11.183
v 28.867 		-17.5318 		11.436
v 31.273 		-37.402 		16.661
v 28.867 		-17.5482 		11.486
v 28.867 		-17.5542 		11.5029
v 28.867 		-17.5665 		11.535
v 31.453 		-21.89 		17.508
v 28.867 		-17.5742 		11.5519
v 28.867 		-17.5878 		11.584
v 35.967 		-23.754 		10.757
v 28.867 		-17.6114 		11.631
v 28.867 		-17.6384 		11.677
v 28.867 		-17.6485 		11.693
v 28.867 		-17.6677 		11.723
v 35.967 		-23.789 		11.008
v 28.867 		-17.6788 		11.738
v 28.867 		-17.6992 		11.766
v 31.101 		-37.564 		16.761
v 28.867 		-17.7334 		11.809
v 28.867 		-17.7696 		11.85
v 35.967 		-23.892 		11.253
v 28.867 		-17.7832 		11.8637
v 28.867 		-17.8089 		11.889
v 31.273 		-21.782 		17.632
v 28.867 		-17.8233 		11.902
v 28.867 		-17.8493 		11.926
v 28.867 		-17.8927 		11.962
v 28.867 		-17.9084 		11.974
v 31.101 		-21.679 		17.749
v 30.938 		-37.716 		16.855
v 30.784 		-37.858 		16.942
v 36.054 		-24.444 		10.331
v 30.938 		-21.584 		17.858
v 36.054 		-24.355 		10.543
v 30.784 		-21.495 		17.959
v 28.867 		-47.192 		3.335
v 28.867 		-47.301 		3.499
v 28.867 		-47.388 		3.675
v 28.867 		-47.451 		3.861
v 32.438 		-20.906 		16.406
v 35.967 		-23.892 		10.262
v 28.867 		-47.49 		4.054
v 28.867 		-45.085 		3.058
v 35.967 		-23.789 		10.507
v 28.867 		-45.249 		2.949
v 28.867 		-45.425 		2.862
v 28.867 		-45.611 		2.799
v 28.867 		-45.804 		2.76
v 28.867 		-46 		2.748
v 28.867 		-46.196 		2.76
v 28.867 		-46.389 		2.799
v 28.867 		-46.575 		2.862
v 28.867 		-46.751 		2.949
v 28.867 		-46.915 		3.058
v 28.867 		-47.062 		3.188
v 35.867 		-23.539 		9.922
v 28.867 		-44.51 		4.054
v 28.867 		-44.549 		3.861
v 28.867 		-44.612 		3.675
v 35.867 		-23.345 		10.192
v 28.867 		-44.699 		3.499
v 28.867 		-44.808 		3.335
v 28.867 		-44.938 		3.188
v 35.755 		-23.32 		9.533
v 28.867 		-47.49 		4.446
v 28.867 		-47.503 		4.25
v 32.232 		-20.724 		16.554
v 28.867 		-47.451 		4.639
v 28.867 		-47.388 		4.825
v 28.867 		-47.301 		5.001
v 28.867 		-47.192 		5.165
v 35.755 		-23.02 		9.82
v 28.867 		-47.062 		5.312
v 32.03 		-20.55 		16.697
v 28.867 		-46.915 		5.442
v 28.867 		-46.751 		5.551
v 28.867 		-46.575 		5.638
v 28.867 		-46.389 		5.701
v 28.867 		-46.196 		5.74
v 28.867 		-46 		5.753
v 28.867 		-45.804 		5.74
v 33.905 		-18.393 		8.189
v 28.867 		-45.611 		5.701
v 35.755 		-22.802 		10.124
v 28.867 		-45.425 		5.638
v 28.867 		-45.249 		5.551
v 28.867 		-45.085 		5.442
v 28.867 		-44.938 		5.312
v 30.639 		-37.989 		17.022
v 28.867 		-44.808 		5.165
v 33.699 		-17.996 		8.081
v 28.867 		-44.699 		5.001
v 28.867 		-44.612 		4.825
v 28.867 		-44.549 		4.639
v 28.867 		-44.51 		4.446
v 28.867 		-44.498 		4.25
v 30.505 		-38.109 		17.096
v 33.49 		-17.61 		7.976
v 30.382 		-38.217 		17.163
v 30.27 		-38.315 		17.223
v 35.967 		-24.298 		9.8
v 33.28 		-18.122 		7.246
v 30.16 		-50.9 		26.999
v 35.967 		-24.063 		10.024
v 33.28 		-17.235 		7.874
v 32.647 		-40.784 		9.116
v 33.068 		-16.871 		7.774
v 35.867 		-24.143 		9.428
v 35.867 		-23.807 		9.666
v 32.647 		-40.219 		8.33
v 32.857 		-16.519 		7.678
v 32.438 		-40.569 		8.262
v 35.755 		-23.697 		9.266
v 32.232 		-40.904 		8.196
v 30.505 		-39.772 		16.407
v 32.438 		-22.526 		16.783
v 35.867 		-24.541 		9.213
v 30.382 		-39.899 		16.467
v 35.755 		-24.144 		9.026
v 32.232 		-22.387 		16.942
v 33.068 		-17.789 		7.126
v 32.03 		-22.254 		17.094
v 30.27 		-40.012 		16.52
v 35.867 		-24.996 		12.49
v 31.832 		-22.127 		17.239
v 35.867 		-25.499 		12.649
v 35.755 		-24.654 		12.701
v 31.639 		-22.005 		17.377
v 33.699 		-33.477 		15.393
v 28.751 		-49.7227 		0.048
v 28.6833 		-49.6801 		0.038
v 35.755 		-25.218 		12.879
v 32.857 		-17.467 		7.009
v 28.837 		-49.777 		0.064
v 28.7564 		-49.727 		0.049
v 33.49 		-33.7 		15.575
v 33.28 		-33.917 		15.752
v 33.068 		-34.127 		15.924
v 35.967 		-25.782 		12.417
v 35.967 		-26.258 		12.528
v 32.857 		-34.33 		16.09
v 30.16 		-6.1199 		0.038
v 30.16 		-6.3644 		0
v 30.16 		-6.317 		0.004
v 30.16 		-6.235 		0.015
v 30.16 		-6.154 		0.03
v 33.905 		-19.183 		7.631
v 35.867 		-26.041 		12.775
v 30.16 		-41.984 		1.2114
v 34.305 		-32.773 		14.817
v 35.867 		-26.614 		12.867
v 35.755 		-25.826 		13.02
v 33.699 		-18.82 		7.499
v 35.755 		-26.469 		13.123
v 30.16 		-50.9 		1.2114
v 33.49 		-18.466 		7.371
v 34.107 		-33.013 		15.014
v 30.16 		-47.192 		3.335
v 30.16 		-47.301 		3.499
v 30.16 		-47.388 		3.675
v 30.16 		-47.451 		3.861
v 30.16 		-47.49 		4.054
v 30.16 		-45.085 		3.058
v 30.16 		-45.249 		2.949
v 30.16 		-45.425 		2.862
v 30.16 		-45.611 		2.799
v 30.16 		-45.804 		2.76
v 36.054 		-26.909 		12.347
v 30.16 		-46 		2.748
v 33.905 		-33.248 		15.206
v 30.16 		-46.196 		2.76
v 36.054 		-27.356 		12.389
v 30.16 		-46.389 		2.799
v 30.16 		-46.575 		2.862
v 34.498 		-20.327 		8.045
v 30.16 		-46.751 		2.949
v 30.16 		-46.915 		3.058
v 30.16 		-47.062 		3.188
v 35.967 		-26.761 		12.608
v 30.16 		-44.51 		4.054
v 34.305 		-19.937 		7.904
v 30.16 		-44.549 		3.861
v 30.16 		-44.612 		3.675
v 30.16 		-44.699 		3.499
v 30.16 		-44.808 		3.335
v 30.16 		-44.938 		3.188
v 34.305 		-33.852 		14.476
v 35.967 		-27.281 		12.657
v 30.16 		-47.503 		4.25
v 30.16 		-47.49 		4.446
v 30.16 		-47.451 		4.639
v 30.16 		-47.388 		4.825
v 30.639 		-21.413 		18.053
v 30.16 		-47.301 		5.001
v 30.16 		-47.192 		5.165
v 34.107 		-20.453 		7.282
v 34.107 		-34.145 		14.656
v 30.16 		-47.062 		5.312
v 30.16 		-46.915 		5.442
v 30.505 		-21.337 		18.139
v 30.16 		-46.751 		5.551
v 30.16 		-46.575 		5.638
v 31.453 		-41.209 		14.411
v 30.16 		-46.389 		5.701
v 34.107 		-19.556 		7.766
v 30.16 		-46.196 		5.74
v 33.905 		-34.431 		14.832
v 30.16 		-46 		5.753
v 30.16 		-45.804 		5.74
v 30.16 		-45.611 		5.701
v 30.16 		-45.425 		5.638
v 30.16 		-45.249 		5.551
v 30.382 		-21.269 		18.217
v 30.16 		-45.085 		5.442
v 35.867 		-27.207 		12.923
v 30.16 		-44.938 		5.312
v 30.16 		-44.808 		5.165
v 30.16 		-44.699 		5.001
v 30.16 		-44.612 		4.825
v 33.699 		-34.71 		15.004
v 30.16 		-44.549 		4.639
v 31.273 		-41.455 		14.478
v 30.16 		-44.51 		4.446
v 30.16 		-44.498 		4.25
v 30.27 		-21.207 		18.287
v 33.905 		-20.121 		7.126
v 31.101 		-41.686 		14.541
v 33.699 		-19.797 		6.973
v 30.938 		-41.902 		14.6
v 28.398 		-6.3644 		0
v 30.784 		-42.104 		14.655
v 33.49 		-19.482 		6.824
v 33.068 		-35.5 		15.491
v 35.755 		-27.134 		13.186
v 32.857 		-35.748 		15.643
v 36.054 		-27.811 		12.404
v 36.054 		-28.266 		12.389
v 33.28 		-20.377 		6.182
v 33.905 		-35.5 		14.389
v 33.28 		-19.176 		6.679
v 33.699 		-35.824 		14.542
v 33.068 		-18.879 		6.539
v 33.49 		-34.981 		15.171
v 35.967 		-28.34 		12.657
v 33.49 		-36.139 		14.691
v 35.967 		-27.811 		12.673
v 30.784 		-23.539 		18.287
v 32.857 		-18.591 		6.403
v 33.28 		-35.245 		15.333
v -42.253 		-6.0663 		0.051
v -42.2396 		-6.073 		0.049
v -42.1861 		-6.1071 		0.041
v 35.867 		-28.414 		12.923
v -42.34 		-6.013 		0.067
v 31.832 		-23.966 		17.534
v 33.28 		-36.446 		14.836
v -42.3655 		-5.993 		0.073
v 35.867 		-27.811 		12.941
v 33.068 		-20.121 		6.024
v 32.857 		-19.873 		5.872
v 31.639 		-23.884 		17.678
v 35.755 		-27.811 		13.207
v 35.755 		-28.488 		13.186
v 33.068 		-36.743 		14.976
v 31.453 		-23.807 		17.815
v 31.273 		-23.733 		17.945
v 31.101 		-23.664 		18.067
v 35.036 		-33.398 		13.396
v 32.647 		-18.314 		6.272
v 34.864 		-32.937 		13.913
v 32.647 		-17.155 		6.896
v 34.864 		-33.765 		13.57
v 30.938 		-23.599 		18.181
v 32.438 		-18.046 		6.146
v 35.498 		-32.803 		12.567
v 32.438 		-16.855 		6.787
v 32.232 		-16.567 		6.683
v 35.353 		-33.234 		12.723
v 32.647 		-22.671 		16.618
v 35.353 		-33.731 		12.372
v 35.199 		-33.024 		13.22
v 30.639 		-41.075 		15.565
v 36.054 		-28.713 		12.347
v 35.199 		-33.66 		12.877
v 35.967 		-28.861 		12.608
v 30.505 		-41.231 		15.621
v 35.967 		-29.363 		12.528
v 32.647 		-24.335 		16.885
v 32.438 		-24.237 		17.057
v 35.199 		-34.196 		12.499
v 35.867 		-29.007 		12.867
v 30.382 		-41.373 		15.673
v 31.832 		-17.308 		5.797
v 32.232 		-24.143 		17.223
v 35.867 		-29.58 		12.775
v 35.036 		-34.079 		13.029
v 35.755 		-29.153 		13.123
v 35.036 		-34.653 		12.623
v 32.03 		-24.052 		17.382
v 31.639 		-17.084 		5.691
v 31.453 		-16.871 		5.591
v 34.864 		-34.492 		13.179
v 30.27 		-41.5 		15.719
v 35.967 		-29.839 		12.417
v 31.273 		-16.67 		5.496
v 35.867 		-30.122 		12.649
v 35.867 		-30.625 		12.49
v 35.755 		-29.795 		13.02
v 31.101 		-16.482 		5.407
v 30.505 		-23.432 		18.475
v 30.16 		-44.498 		7.168
v 34.684 		-33.248 		14.104
v 35.755 		-30.404 		12.879
v 30.382 		-23.386 		18.556
v 34.498 		-33.553 		14.292
v 34.684 		-34.127 		13.74
v 35.867 		-31.08 		12.302
v 34.498 		-34.481 		13.908
v 35.755 		-30.968 		12.701
v 35.755 		-31.478 		12.489
v 30.639 		-23.483 		18.385
v -42.1861 		-49.6929 		0.041
v -42.2396 		-49.727 		0.049
v -42.253 		-49.7337 		0.051
v -42.34 		-49.787 		0.067
v -42.3655 		-49.807 		0.073
v 36.054 		-25.346 		11.921
v 33.068 		-17.789 		14.389
v 34.864 		-35.104 		12.746
v 35.967 		-24.592 		11.924
v 32.857 		-17.467 		14.506
v 35.967 		-24.942 		12.112
v 35.967 		-25.341 		12.277
v 34.684 		-34.897 		13.326
v 34.498 		-35.295 		13.47
v 30.639 		-42.29 		14.706
v 36.128 		-25.122 		11.283
v 36.128 		-25.291 		11.445
v 34.305 		-34.829 		14.072
v 30.505 		-42.46 		14.752
v 36.128 		-25.502 		11.594
v 34.305 		-35.685 		13.611
v 36.054 		-24.591 		11.387
v 36.054 		-24.792 		11.58
v 36.054 		-25.046 		11.76
v 30.382 		-42.615 		14.794
v 34.107 		-35.168 		14.233
v 33.068 		-20.121 		15.491
v 32.232 		-17.789 		6.024
v 32.03 		-17.543 		5.908
v 30.27 		-42.754 		14.832
v 32.857 		-19.873 		15.643
v 36.128 		-26.039 		11.848
v 36.128 		-26.356 		11.948
v 34.107 		-36.066 		13.749
v 33.905 		-36.438 		13.884
v 36.054 		-25.689 		12.063
v 33.905 		-20.121 		14.389
v 33.699 		-36.802 		14.016
v 33.699 		-19.797 		14.542
v 32.03 		-41.226 		13.382
v 31.453 		-18.393 		4.961
v 31.832 		-41.533 		13.442
v 31.273 		-18.22 		4.854
v 33.49 		-19.482 		14.691
v 31.639 		-41.826 		13.499
v 33.28 		-19.176 		14.836
v 34.684 		-35.546 		12.867
v 36.054 		-26.068 		12.183
v 31.101 		-18.057 		4.754
v 36.054 		-26.477 		12.278
v 33.28 		-20.377 		15.333
v 34.684 		-36.063 		12.372
v 33.068 		-18.879 		14.976
v 34.498 		-35.98 		12.985
v 30.938 		-17.905 		4.66
v 36.238 		-26.573 		11.342
v 34.498 		-36.526 		12.462
v 31.453 		-42.104 		13.554
v 32.857 		-18.591 		15.112
v 36.19 		-25.791 		11.308
v 36.19 		-25.961 		11.428
v 36.19 		-26.162 		11.536
v 34.305 		-36.406 		13.101
v 31.273 		-42.366 		13.605
v 36.19 		-26.391 		11.631
v 31.101 		-42.613 		13.653
v 30.938 		-42.844 		13.698
v 36.128 		-25.753 		11.729
v 34.107 		-36.822 		13.215
v 30.784 		-17.764 		4.573
v 33.905 		-18.393 		13.326
v 33.699 		-17.996 		13.434
v 36.19 		-25.479 		10.757
v 32.647 		-34.526 		16.251
v 36.19 		-25.499 		10.901
v 36.19 		-25.558 		11.043
v 32.438 		-41.149 		12.446
v 33.49 		-17.61 		13.539
v 32.232 		-41.5 		12.49
v 36.128 		-24.901 		10.757
v 33.28 		-17.235 		13.641
v 36.128 		-24.926 		10.937
v 33.28 		-18.122 		14.269
v 36.128 		-25 		11.113
v 33.068 		-16.871 		13.74
v 32.03 		-41.837 		12.533
v 32.857 		-16.519 		13.836
v 32.647 		-35.987 		15.79
v 36.19 		-25.558 		10.472
v 36.19 		-25.499 		10.614
v 31.832 		-42.158 		12.573
v 34.107 		-18.197 		12.638
v 33.905 		-17.764 		12.723
v 36.128 		-25 		10.402
v 32.438 		-36.217 		15.932
v 36.128 		-24.926 		10.578
v 30.7351 		-17.8346 		4.5098
v 33.699 		-17.34 		12.806
v 31.639 		-42.464 		12.612
v 32.232 		-36.438 		16.068
v 33.49 		-16.929 		12.886
v 32.03 		-36.65 		16.198
v 30.76 		-16.5256 		5.0639
v 30.7722 		-16.4232 		5.1177
v 33.28 		-16.528 		12.965
v 36.238 		-26.06 		10.757
v 31.453 		-42.754 		12.649
v 30.16 		-49.6801 		0.038
v 30.16 		-49.646 		0.03
v 30.16 		-49.565 		0.015
v 30.16 		-49.483 		0.004
v 30.16 		-49.4356 		0
v -41.984 		-49.646 		0.03
v 36.238 		-26.075 		10.865
v 36.238 		-26.119 		10.972
v 30.7142 		-16.9095 		4.8622
v 30.7069 		-16.9772 		4.8274
v 36.238 		-26.193 		11.074
v 31.832 		-36.853 		16.323
v 36.238 		-26.294 		11.171
v 33.905 		-19.183 		13.884
v 36.238 		-26.422 		11.261
v 31.273 		-43.029 		12.683
v 31.101 		-43.287 		12.716
v 33.699 		-18.82 		14.016
v 36.19 		-25.656 		11.179
v 33.068 		-37.832 		14.389
v 33.49 		-18.466 		14.144
v 30.938 		-43.528 		12.747
v 32.857 		-37.03 		15.112
v 32.857 		-38.155 		14.506
v 34.498 		-20.327 		13.47
v 30.784 		-43.753 		12.775
v 34.305 		-19.937 		13.611
v 36.238 		-26.422 		10.254
v 33.905 		-37.229 		13.326
v 36.238 		-26.294 		10.344
v 30.241 		-17.348 		4.218
v 30.282 		-17.388 		4.242
v 33.699 		-37.625 		13.434
v 30.784 		-43.059 		13.74
v 34.107 		-19.556 		13.749
v 36.238 		-26.193 		10.441
v 34.107 		-20.453 		14.233
v 36.238 		-26.119 		10.543
v 33.49 		-37.155 		14.144
v 33.49 		-38.011 		13.539
v 30.212 		-17.32 		4.201
v 36.238 		-26.075 		10.65
v 30.194 		-17.303 		4.191
v 34.684 		-19.559 		12.372
v 33.28 		-37.499 		14.269
v 34.684 		-20.075 		12.867
v 36.19 		-25.656 		10.336
v 33.28 		-38.386 		13.641
v 34.498 		-19.095 		12.462
v 34.498 		-19.641 		12.985
v 33.068 		-38.75 		13.74
v 30.382 		-43.604 		13.847
v 34.305 		-18.641 		12.551
v 30.27 		-43.753 		13.876
v 34.305 		-19.216 		13.101
v 36.19 		-27.207 		11.821
v 36.19 		-27.506 		11.849
v 30.655 		-17.753 		4.461
v 30.639 		-17.633 		4.493
v 36.128 		-26.697 		12.027
v 30.655 		-17.6678 		4.4954
v 34.107 		-18.799 		13.215
v 34.305 		-36.98 		12.551
v 36.128 		-27.058 		12.085
v 30.639 		-43.257 		13.779
v 30.655 		-17.4686 		4.5759
v 36.128 		-27.431 		12.12
v 34.107 		-37.424 		12.638
v 30.559 		-17.658 		4.404
v 33.905 		-37.858 		12.723
v 30.505 		-43.439 		13.815
v 30.6498 		-17.6586 		4.494
v 30.6436 		-17.5457 		4.5334
v 31.832 		-17.308 		15.718
v 31.639 		-17.084 		15.824
v 36.238 		-26.745 		11.414
v 30.6396 		-17.6404 		4.4911
v 30.639 		-17.6395 		4.491
v 36.238 		-26.935 		11.474
v 36.19 		-26.645 		11.711
v 31.453 		-16.871 		15.924
v 36.19 		-26.918 		11.775
v 33.699 		-38.281 		12.806
v 30.639 		-17.5767 		4.5163
v 36.272 		-27.364 		11.267
v 30.6318 		-17.6266 		4.489
v 31.273 		-16.67 		16.019
v 36.272 		-27.508 		11.29
v 33.49 		-38.693 		12.886
v 30.6362 		-17.5962 		4.5057
v 30.639 		-43.96 		12.801
v 36.238 		-27.141 		11.522
v 31.101 		-16.482 		16.108
v 36.238 		-27.357 		11.556
v 30.474 		-17.574 		4.354
v 36.238 		-27.582 		11.577
v 30.505 		-44.15 		12.825
v 33.28 		-39.093 		12.965
v 30.335 		-17.439 		4.272
v 30.399 		-17.501 		4.31
v 30.382 		-44.323 		12.847
v 33.068 		-39.481 		13.041
v 32.438 		-18.046 		15.369
v 30.27 		-44.478 		12.867
v 33.068 		-40.012 		12.302
v 36.19 		-27.811 		11.859
v 36.19 		-28.115 		11.849
v 32.857 		-39.102 		13.836
v 32.232 		-17.789 		15.491
v 32.857 		-39.857 		13.114
v 36.19 		-28.414 		11.821
v 32.857 		-40.405 		12.351
v 36.128 		-28.191 		12.12
v 36.128 		-27.811 		12.132
v 36.128 		-28.564 		12.085
v 32.03 		-17.543 		15.607
v 32.438 		-37.575 		15.369
v 32.232 		-37.832 		15.491
v 30.6889 		-18.367 		4.3033
v 30.6919 		-18.336 		4.3156
v 36.272 		-27.963 		11.305
v 36.272 		-27.811 		11.309
v 28.867 		-41.016 		0
v 36.272 		-28.113 		11.29
v -42.407 		-6.483 		0
v 36.272 		-27.658 		11.305
v 32.647 		-17.155 		14.619
v 36.238 		-27.811 		11.584
v 36.238 		-28.039 		11.577
v 32.438 		-16.855 		14.728
v 30.335 		-44.4977 		12.5948
v 30.3351 		-44.4975 		12.5947
v 30.3388 		-44.4931 		12.5923
v 30.335 		-44.499 		12.593
v 30.3453 		-44.5178 		12.5112
v 32.03 		-38.078 		15.607
v 32.647 		-19.634 		5.725
v 31.832 		-38.314 		15.718
v 31.639 		-38.538 		15.824
v 36.272 		-28.258 		11.267
v 32.438 		-19.404 		5.583
v 36.238 		-28.264 		11.556
v 36.238 		-28.481 		11.522
v 30.212 		-44.688 		12.617
v 30.241 		-44.643 		12.611
v 32.232 		-16.567 		14.832
v 31.453 		-38.75 		15.924
v 30.194 		-44.715 		12.62
v 32.232 		-19.183 		5.447
v 32.03 		-18.971 		5.317
v 32.647 		-18.314 		15.243
v 31.832 		-18.768 		5.192
v 32.647 		-37.308 		15.243
v 36.272 		-26.799 		11.033
v 36.272 		-26.884 		11.093
v 32.647 		-38.466 		14.619
v 36.272 		-26.985 		11.148
v -6.144 		-49.4356 		0
v 30.27 		-44.5743 		12.6381
v 30.2834 		-44.5586 		12.6288
v 36.272 		-27.099 		11.195
v 32.438 		-38.766 		14.728
v 30.2494 		-44.5977 		12.6533
v -12.288 		-49.4356 		0
v 32.438 		-19.404 		15.932
v 30.2139 		-44.6368 		12.682
v 30.243 		-44.605 		12.6581
v 32.232 		-19.183 		16.068
v -18.432 		-49.4356 		0
v 30.212 		-44.6389 		12.6835
v 36.272 		-26.642 		10.757
v 32.03 		-18.971 		16.198
v 36.272 		-26.652 		10.83
v -24.576 		-49.4356 		0
v 31.832 		-18.768 		16.323
v 36.272 		-26.682 		10.9
v 31.273 		-38.951 		16.019
v 36.272 		-26.731 		10.969
v 31.639 		-18.576 		5.073
v -36.864 		-49.4356 		0
v 30.282 		-44.58 		12.603
v 31.101 		-39.14 		16.108
v 30.241 		-44.6072 		12.6595
v 27.648 		-6.3644 		0
v 30.938 		-39.317 		16.192
v 24.576 		-6.3644 		0
v 30.194 		-44.6605 		12.6939
v 30.1953 		-44.6589 		12.693
v 32.647 		-19.634 		15.79
v 30.784 		-39.481 		16.269
v 30.1885 		-44.6671 		12.697
v 31.101 		-40.522 		15.364
v 30.938 		-40.72 		15.436
v 33.699 		-22.144 		15.393
v -12.288 		-6.483 		0
v -13.312 		-6.483 		0
v -14.336 		-6.483 		0
v -15.36 		-6.483 		0
v 30.784 		-40.904 		15.503
v -17.408 		-6.483 		0
v 36.293 		-27.587 		11.013
v 33.49 		-21.921 		15.575
v -19.456 		-6.483 		0
v -21.504 		-6.483 		0
v -22.528 		-6.483 		0
v -24.576 		-6.483 		0
v -25.6 		-6.483 		0
v -26.624 		-6.483 		0
v -27.648 		-6.483 		0
v -28.672 		-6.483 		0
v -29.696 		-6.483 		0
v 36.272 		-27.226 		11.235
v -30.72 		-6.483 		0
v 32.232 		-39.055 		14.832
v -31.744 		-6.483 		0
v -32.768 		-6.483 		0
v 30.282 		-44.5603 		12.6297
v -33.792 		-6.483 		0
v -34.816 		-6.483 		0
v -35.84 		-6.483 		0
v -36.864 		-6.483 		0
v -37.888 		-6.483 		0
v -38.912 		-6.483 		0
v -39.936 		-6.483 		0
v -40.96 		-6.483 		0
v 32.03 		-39.331 		14.932
v 31.832 		-39.595 		15.028
v 32.647 		-41.127 		11.585
v 32.438 		-41.502 		11.609
v 31.639 		-39.846 		15.119
v -43.01 		-6.483 		0
v 33.28 		-21.705 		15.752
v 32.232 		-41.862 		11.631
v 29.696 		-6.3644 		0
v 33.068 		-21.495 		15.924
v 31.639 		-40.948 		14.34
v 32.857 		-21.292 		16.09
v 31.453 		-40.084 		15.206
v 36.293 		-27.226 		10.757
v 32.03 		-42.207 		11.653
v 36.293 		-27.231 		10.794
v 36.293 		-27.246 		10.829
v 36.293 		-27.271 		10.863
v 31.273 		-40.31 		15.287
v 36.293 		-27.304 		10.896
v 36.293 		-27.347 		10.926
v 34.107 		-21.476 		14.656
v 33.905 		-21.19 		14.832
v 31.832 		-42.537 		11.673
v 31.639 		-42.851 		11.693
v 31.832 		-20.384 		4.682
v 30.639 		-39.633 		16.341
v 31.639 		-20.226 		4.552
v 32.647 		-41.242 		10.757
v 32.438 		-41.62 		10.757
v 36.293 		-27.397 		10.953
v 31.453 		-20.075 		4.43
v 36.293 		-27.455 		10.976
v 36.293 		-27.518 		10.997
v 30.1505 		-4.9 		1.175
v 32.232 		-41.983 		10.757
v 31.273 		-19.933 		4.313
v 32.03 		-42.331 		10.757
v 31.832 		-42.664 		10.757
v 31.101 		-19.8 		4.204
v 36.272 		-26.731 		10.546
v 36.272 		-26.682 		10.615
v 31.639 		-42.981 		10.757
v 33.699 		-20.912 		15.004
v 32.647 		-39.442 		13.929
v 36.272 		-26.652 		10.685
v 30.938 		-19.675 		4.102
v 33.49 		-20.64 		15.171
v 32.438 		-39.77 		14.019
v 36.272 		-27.099 		10.32
v 36.272 		-26.985 		10.367
v 31.453 		-43.149 		11.711
v 36.272 		-26.884 		10.422
v 34.305 		-21.769 		14.476
v 36.272 		-26.799 		10.482
v 31.273 		-43.431 		11.729
v 32.232 		-40.084 		14.104
v 33.905 		-22.373 		15.206
v 32.232 		-40.904 		13.319
v 31.101 		-43.695 		11.745
v 30.655 		-18.6447 		4.187
v 32.03 		-40.386 		14.187
v 30.639 		-18.7495 		4.1405
v 30.938 		-43.943 		11.761
v 36.293 		-27.587 		10.502
v 36.293 		-27.518 		10.518
v 36.293 		-27.455 		10.538
v 36.293 		-27.397 		10.562
v 30.784 		-44.174 		11.775
v 36.293 		-27.347 		10.589
v 33.905 		-23.649 		15.503
v 36.293 		-27.304 		10.619
v 36.293 		-27.271 		10.652
v 36.293 		-27.246 		10.686
v 36.293 		-27.231 		10.721
v 30.1505 		-50.9 		1.175
v 33.699 		-23.474 		15.703
v 31.832 		-40.674 		14.265
v 30.784 		-19.559 		4.007
v 32.647 		-40.219 		13.185
v 32.647 		-40.784 		12.399
v 36.272 		-27.364 		10.248
v 32.438 		-40.569 		13.253
v 36.272 		-27.226 		10.28
v 33.49 		-23.303 		15.897
v 33.28 		-23.137 		16.086
v 36.293 		-27.811 		11.034
v 36.293 		-27.887 		11.031
v 36.293 		-27.962 		11.024
v 36.293 		-28.034 		11.013
v 36.293 		-27.659 		11.024
v 36.293 		-27.734 		11.031
v 30.6207 		-18.8845 		4.0826
v 33.068 		-22.977 		16.269
v 30.639 		-19.451 		3.919
v 36.3 		-27.811 		10.757
v 35.632 		-32.784 		12.114
v 35.632 		-33.116 		11.795
v 35.632 		-33.357 		11.459
v 35.498 		-33.26 		12.243
v 35.498 		-33.624 		11.895
v 35.557 		-33.6546 		11.497
v 30.5494 		-19.3855 		3.8648
v 35.5464 		-33.6734 		11.535
v 30.559 		-19.4018 		3.8685
v 35.532 		-33.7006 		11.584
v 35.5353 		-33.6944 		11.5732
v 30.559 		-19.3129 		3.8958
v 30.6066 		-18.983 		4.0397
v 35.5299 		-33.705 		11.5908
v 35.5172 		-33.7308 		11.631
v 35.5205 		-33.7244 		11.6206
v 35.5018 		-33.7637 		11.678
v 35.5053 		-33.7563 		11.6675
v 34.684 		-23.345 		14.411
v 35.498 		-33.7724 		11.689
v 34.498 		-23.094 		14.616
v 35.5779 		-33.6139 		11.386
v 35.5797 		-33.6109 		11.3747
v 35.5843 		-33.6035 		11.3472
v 35.569 		-33.6301 		11.436
v 35.571 		-33.6265 		11.4251
v 34.305 		-22.848 		14.817
v 36.293 		-28.103 		10.997
v 35.5594 		-33.6494 		11.486
v 30.5549 		-19.3953 		3.8668
v 34.107 		-22.608 		15.014
v 30.553 		-19.3522 		3.8783
v 36.272 		-28.395 		11.235
v 36.272 		-28.522 		11.195
v 34.684 		-24.393 		14.655
v 35.5941 		-33.5897 		11.283
v 35.5956 		-33.588 		11.2718
v 36.272 		-28.637 		11.148
v 34.498 		-24.201 		14.874
v 35.5864 		-33.5999 		11.334
v 34.305 		-24.013 		15.088
v 34.107 		-23.829 		15.298
v 35.036 		-22.224 		13.396
v 30.474 		-19.419 		3.786
v 36.293 		-28.166 		10.976
v 34.864 		-21.856 		13.57
v 36.293 		-28.224 		10.953
v 36.293 		-28.274 		10.926
v 30.399 		-19.359 		3.738
v 36.293 		-28.317 		10.896
v 36.293 		-28.351 		10.863
v 36.293 		-28.375 		10.829
v 36.293 		-28.39 		10.794
v 36.293 		-28.395 		10.757
v 30.335 		-19.308 		3.698
v 30.282 		-19.266 		3.664
v 30.241 		-19.233 		3.638
v 35.353 		-21.89 		12.372
v 30.212 		-19.21 		3.62
v 35.353 		-22.387 		12.723
v 30.784 		-44.2049 		11.5519
v 30.8171 		-44.1576 		11.5315
v 30.76 		-44.2381 		11.5692
v 30.7636 		-44.2332 		11.5666
v 30.76 		-44.252 		11.537
v 30.7552 		-44.2448 		11.5726
v 35.199 		-21.426 		12.499
v 35.3531 		-34.1223 		11.997
v 35.3543 		-34.1195 		11.9952
v 30.194 		-19.196 		3.609
v 35.353 		-34.1226 		11.9972
v 35.199 		-21.962 		12.877
v 35.036 		-20.968 		12.623
v 35.036 		-21.542 		13.029
v 30.6552 		-19.6801 		3.8783
v 30.6588 		-19.6398 		3.8905
v 30.665 		-19.5743 		3.9106
v 30.655 		-19.6829 		3.8775
v 35.3575 		-34.1113 		11.9899
v 30.655 		-19.566 		3.904
v 30.655 		-19.5566 		3.9069
v 30.639 		-19.8185 		3.8334
v 34.864 		-20.518 		12.746
v 30.5943 		-20.2362 		3.7015
v 36.293 		-28.103 		10.518
v 36.293 		-28.034 		10.502
v 34.864 		-21.13 		13.179
v 30.559 		-19.488 		3.842
v 36.293 		-27.962 		10.491
v 36.293 		-27.887 		10.484
v 36.293 		-27.811 		10.481
v 36.293 		-27.734 		10.484
v 34.684 		-20.724 		13.326
v 36.293 		-27.659 		10.491
v 34.684 		-21.495 		13.74
v 31.453 		-43.281 		10.757
v 30.5743 		-20.4186 		3.6435
v 34.684 		-22.373 		14.104
v 31.273 		-43.565 		10.757
v 34.498 		-21.14 		13.908
v 31.101 		-43.832 		10.757
v 34.498 		-22.068 		14.292
v 36.293 		-28.39 		10.721
v 36.293 		-28.375 		10.686
v 36.293 		-28.351 		10.652
v 36.293 		-28.317 		10.619
v 36.293 		-28.274 		10.589
v 36.293 		-28.224 		10.562
v 36.293 		-28.166 		10.538
v 35.4489 		-33.8799 		11.809
v 35.4526 		-33.8715 		11.8004
v 35.4304 		-33.9236 		11.85
v 35.4116 		-33.97 		11.889
v 35.4159 		-33.9593 		11.8799
v 35.3924 		-34.0187 		11.927
v 35.373 		-34.0696 		11.963
v 35.3776 		-34.0575 		11.9545
v 35.3581 		-34.1097 		11.9889
v 30.6545 		-19.5558 		3.9067
v 36.272 		-28.637 		10.367
v 30.6454 		-19.5418 		3.9029
v 30.639 		-19.5318 		3.9002
v 36.272 		-28.522 		10.32
v 35.4848 		-33.7999 		11.723
v 35.4669 		-33.8388 		11.767
v 35.471 		-33.8301 		11.757
v 36.272 		-28.395 		10.28
v 35.453 		-33.8705 		11.7994
v 36.272 		-28.258 		10.248
v 35.2176 		-34.4812 		12.156
v 35.229 		-34.4483 		12.145
v 35.199 		-34.5362 		12.1724
v 36.128 		-25.502 		9.921
v 35.036 		-22.224 		8.119
v 34.864 		-21.856 		7.945
v 35.2617 		-34.356 		12.112
v 35.2673 		-34.3411 		12.1056
v 34.684 		-21.495 		7.774
v 34.684 		-20.724 		8.189
v 30.938 		-44.082 		10.757
v 34.498 		-21.14 		7.607
v 34.305 		-20.793 		14.072
v 34.305 		-20.793 		7.443
v 31.137 		-43.7516 		10.5802
v 31.1859 		-43.6711 		10.547
v 35.353 		-23.649 		13.319
v 31.132 		-43.765 		10.547
v 34.684 		-22.373 		7.411
v 35.353 		-24.393 		13.554
v 35.199 		-23.323 		13.52
v 35.2394 		-34.4184 		12.135
v 35.245 		-34.4029 		12.1293
v 34.498 		-22.068 		7.223
v 35.199 		-24.124 		13.773
v 35.036 		-23.001 		13.718
v 35.3071 		-34.2368 		12.058
v 35.3127 		-34.2227 		12.0507
v 35.2844 		-34.2954 		12.086
v 35.2901 		-34.2807 		12.0791
v 35.036 		-23.86 		13.989
v 34.305 		-21.769 		7.039
v 31.132 		-43.7598 		10.5835
v 34.107 		-21.476 		6.859
v 36.128 		-25.291 		10.07
v 34.864 		-22.684 		13.913
v 34.864 		-23.6 		14.202
v 33.905 		-22.373 		6.309
v 36.128 		-25.122 		10.232
v 33.905 		-21.19 		6.683
v 36.054 		-25.046 		9.755
v 36.054 		-24.792 		9.934
v 36.054 		-24.591 		10.128
v 31.101 		-43.8103 		10.6005
v 35.632 		-23.255 		12.408
v 31.0779 		-43.8478 		10.6146
v 35.498 		-22.818 		12.567
v 31.0139 		-43.9513 		10.6539
v 35.498 		-23.361 		12.859
v 33.699 		-20.912 		6.511
v 36.054 		-25.346 		9.594
v 35.967 		-25.341 		9.237
v 33.49 		-20.64 		6.344
v 35.967 		-24.942 		9.403
v 35.967 		-24.592 		9.591
v 35.353 		-22.977 		13.041
v 35.3303 		-34.1784 		12.028
v 35.3358 		-34.1648 		12.0205
v 35.199 		-22.597 		13.22
v 35.353 		-24.393 		7.961
v 36.238 		-26.573 		10.173
v 35.1958 		-34.545 		12.175
v 35.173 		-34.6107 		12.191
v 35.1789 		-34.5936 		12.1869
v 36.19 		-26.391 		9.884
v 35.632 		-23.75 		12.675
v 35.1506 		-34.6768 		12.205
v 36.19 		-26.162 		9.979
v 35.1564 		-34.6598 		12.2014
v 35.1288 		-34.744 		12.216
v 35.1076 		-34.811 		12.225
v 35.1133 		-34.7931 		12.2226
v 35.199 		-24.124 		7.742
v 35.632 		-24.315 		12.909
v 36.19 		-25.961 		10.087
v 35.199 		-23.323 		7.995
v 36.19 		-25.791 		10.207
v 35.036 		-23.86 		7.526
v 35.498 		-23.98 		13.115
v 35.036 		-23.001 		7.797
v 30.999 		-43.992 		10.547
v 36.128 		-25.753 		9.786
v 32.647 		-21.095 		16.251
v 36.128 		-26.356 		9.567
v 36.128 		-26.039 		9.667
v 30.999 		-43.9754 		10.6631
v 36.054 		-26.477 		9.237
v 34.305 		-17.971 		11.369
v 36.054 		-26.068 		9.332
v 34.305 		-18.224 		11.971
v 34.107 		-17.494 		11.399
v 34.107 		-17.76 		12.029
v 30.938 		-44.0735 		10.6959
v 33.905 		-17.029 		11.428
v 34.864 		-23.6 		7.313
v 33.905 		-17.306 		12.087
v 34.864 		-22.684 		7.602
v 33.699 		-16.575 		11.456
v 33.699 		-16.864 		12.143
v 33.49 		-16.433 		12.197
v 34.107 		-17.405 		10.757
v 33.905 		-16.936 		10.757
v 33.699 		-16.478 		10.757
v 34.498 		-18.377 		10.757
v 34.305 		-17.886 		10.757
v 35.041 		-20.3675 		11.962
v 35.036 		-20.3282 		11.9311
v 30.875 		-44.1743 		10.7351
v 30.8973 		-44.1385 		10.7209
v 30.9295 		-44.0871 		10.7011
v 30.875 		-44.201 		10.547
v 35.0478 		-20.4149 		11.996
v 35.0458 		-20.4012 		11.9863
v 35.0556 		-20.4646 		12.028
v 35.0535 		-20.4507 		12.0189
v 34.864 		-19.462 		11.277
v 34.684 		-23.345 		7.104
v 35.0222 		-20.1386 		11.7281
v 34.864 		-19.677 		11.787
v 35.0289 		-19.9713 		11.283
v 34.498 		-23.094 		6.899
v 35.0235 		-19.9761 		11.334
v 35.0251 		-19.9746 		11.319
v 35.0193 		-19.9849 		11.385
v 35.0206 		-19.9824 		11.37
v 35.0161 		-19.9966 		11.436
v 35.0144 		-20.0123 		11.486
v 35.0133 		-20.0297 		11.535
v 35.0135 		-20.0242 		11.5206
v 30.8358 		-44.2366 		10.757
v 30.8292 		-44.2059 		11.0515
v 35.0137 		-20.0516 		11.584
v 35.0137 		-20.0455 		11.5696
v 30.8276 		-44.1984 		11.1225
v 35.0151 		-20.0758 		11.631
v 35.0179 		-20.104 		11.677
v 30.76 		-44.393 		10.547
v 35.0215 		-20.1345 		11.723
v 35.0205 		-20.1255 		11.7096
v 35.0224 		-20.1666 		11.766
v 35.0224 		-20.1574 		11.7535
v 35.0224 		-20.1673 		11.7669
v 34.864 		-20.031 		12.28
v 35.0236 		-20.2013 		11.809
v 35.0261 		-20.2385 		11.85
v 35.03 		-20.2789 		11.889
v 35.0288 		-20.267 		11.8778
v 35.0351 		-20.3217 		11.926
v 30.639 		-44.387 		11.788
v 35.0337 		-20.3097 		11.9154
v 30.505 		-44.582 		11.8
v 35.036 		-19.977 		10.27
v 35.036 		-19.91 		10.757
v 35.193 		-20.4731 		10.363
v 35.1788 		-20.4227 		10.396
v 35.1828 		-20.4369 		10.3869
v 35.1653 		-20.3739 		10.432
v 35.1528 		-20.3282 		10.47
v 35.1562 		-20.3407 		10.4594
v 36.054 		-25.689 		9.452
v 35.141 		-20.2845 		10.509
v 35.1444 		-20.2971 		10.498
v 35.1302 		-20.244 		10.55
v 35.1202 		-20.2058 		10.592
v 35.1112 		-20.1705 		10.636
v 35.1138 		-20.1805 		10.6234
v 35.1032 		-20.1381 		10.681
v 35.1055 		-20.1475 		10.6681
v 35.096 		-20.1082 		10.728
v 35.0922 		-20.0922 		10.757
v 35.867 		-25.499 		8.866
v 35.867 		-24.996 		9.025
v 35.0882 		-20.0815 		10.775
v 35.0782 		-20.0557 		10.823
v 35.081 		-20.0629 		10.8091
v 35.0695 		-20.0344 		10.873
v 35.0721 		-20.0409 		10.8585
v 35.0613 		-20.0147 		10.923
v 35.755 		-25.218 		8.636
v 35.0543 		-19.9989 		10.973
v 35.0481 		-19.9859 		11.024
v 35.0499 		-19.9897 		11.0091
v 35.755 		-24.654 		8.814
v 35.0432 		-19.977 		11.076
v 35.0447 		-19.9797 		11.0607
v 35.039 		-19.9706 		11.127
v 35.0361 		-19.9684 		11.179
v 35.036 		-19.9684 		11.1826
v 35.0336 		-19.9697 		11.2454
v 34.305 		-22.848 		6.698
v 35.0321 		-19.9702 		11.2572
v 34.864 		-19.39 		10.757
v 34.107 		-22.608 		6.501
v 2.587 		-42.861 		24.698
v 2.621 		-42.861 		24.671
v 2.654 		-42.861 		24.643
v 2.685 		-42.861 		24.613
v 2.715 		-42.861 		24.581
v 2.091 		-42.861 		24.886
v 2.136 		-42.861 		24.881
v 2.181 		-42.861 		24.874
v 2.225 		-42.861 		24.865
v 2.269 		-42.861 		24.854
v 2.312 		-42.861 		24.841
v 2.354 		-42.861 		24.826
v 2.396 		-42.861 		24.809
v 2.436 		-42.861 		24.79
v 2.476 		-42.861 		24.77
v 2.514 		-42.861 		24.748
v 2.551 		-42.861 		24.724
v 2.923 		-42.861 		24.088
v 2.743 		-42.861 		24.549
v 2.769 		-42.861 		24.515
v 2.793 		-42.861 		24.48
v 2.815 		-42.861 		24.444
v 2.836 		-42.861 		24.407
v 2.854 		-42.861 		24.369
v 2.87 		-42.861 		24.33
v 2.884 		-42.861 		24.291
v 2.897 		-42.861 		24.251
v 2.906 		-42.861 		24.211
v 2.914 		-42.861 		24.17
v 2.92 		-42.861 		24.129
v 34.684 		-24.393 		6.86
v 2.924 		-42.861 		24.046
v 2.923 		-42.861 		24.005
v 2.92 		-42.861 		23.963
v 2.914 		-42.861 		23.922
v 2.906 		-42.861 		23.882
v 2.897 		-42.861 		23.841
v 2.884 		-42.861 		23.801
v 2.87 		-42.861 		23.762
v 2.854 		-42.861 		23.723
v 2.836 		-42.861 		23.685
v 2.815 		-42.861 		23.648
v 2.793 		-42.861 		23.612
v 2.769 		-42.861 		23.577
v 2.743 		-42.861 		23.544
v 2.715 		-42.861 		23.511
v 2.685 		-42.861 		23.48
v 2.654 		-42.861 		23.45
v 2.621 		-42.861 		23.421
v 2.587 		-42.861 		23.394
v 2.551 		-42.861 		23.368
v 2.514 		-42.861 		23.345
v 2.476 		-42.861 		23.322
v 2.436 		-42.861 		23.302
v 2.396 		-42.861 		23.283
v 2.354 		-42.861 		23.267
v 2.312 		-42.861 		23.252
v 2.269 		-42.861 		23.239
v 2.225 		-42.861 		23.228
v 2.181 		-42.861 		23.219
v 2.136 		-42.861 		23.212
v 2.091 		-42.861 		23.206
v 35.967 		-26.258 		8.987
v 2.001 		-42.861 		24.89
v 2.046 		-42.861 		24.889
v 1.566 		-42.861 		24.79
v 1.606 		-42.861 		24.809
v 1.648 		-42.861 		24.826
v 1.69 		-42.861 		24.841
v 1.733 		-42.861 		24.854
v 1.777 		-42.861 		24.865
v 1.821 		-42.861 		24.874
v 1.866 		-42.861 		24.881
v 1.91 		-42.861 		24.886
v 1.956 		-42.861 		24.889
v 1.287 		-42.861 		24.581
v 1.317 		-42.861 		24.613
v 1.348 		-42.861 		24.643
v 1.381 		-42.861 		24.671
v 1.415 		-42.861 		24.698
v 1.451 		-42.861 		24.724
v 1.488 		-42.861 		24.748
v 1.526 		-42.861 		24.77
v 1.079 		-42.861 		24.088
v 34.498 		-24.201 		6.641
v 1.082 		-42.861 		24.129
v 1.088 		-42.861 		24.17
v 1.095 		-42.861 		24.211
v 1.105 		-42.861 		24.251
v 1.117 		-42.861 		24.291
v 1.132 		-42.861 		24.33
v 1.148 		-42.861 		24.369
v 1.166 		-42.861 		24.407
v 1.187 		-42.861 		24.444
v 1.209 		-42.861 		24.48
v 1.233 		-42.861 		24.515
v 1.259 		-42.861 		24.549
v 1.079 		-42.861 		24.005
v 1.078 		-42.861 		24.046
v 1.233 		-42.861 		23.577
v 1.209 		-42.861 		23.612
v 1.187 		-42.861 		23.648
v 1.166 		-42.861 		23.685
v 1.148 		-42.861 		23.723
v 1.132 		-42.861 		23.762
v 1.117 		-42.861 		23.801
v 1.105 		-42.861 		23.841
v 1.095 		-42.861 		23.882
v 1.088 		-42.861 		23.922
v 1.082 		-42.861 		23.963
v 35.967 		-25.782 		9.098
v 2.001 		-42.861 		23.202
v 1.956 		-42.861 		23.203
v 1.91 		-42.861 		23.206
v 1.866 		-42.861 		23.212
v 1.821 		-42.861 		23.219
v 1.777 		-42.861 		23.228
v 1.733 		-42.861 		23.239
v 1.69 		-42.861 		23.252
v 1.648 		-42.861 		23.267
v 1.606 		-42.861 		23.283
v 1.566 		-42.861 		23.302
v 2.046 		-42.861 		23.203
v 35.867 		-26.614 		8.648
v 1.526 		-42.861 		23.322
v 1.488 		-42.861 		23.345
v 1.451 		-42.861 		23.368
v 1.415 		-42.861 		23.394
v 1.381 		-42.861 		23.421
v 1.348 		-42.861 		23.45
v 1.317 		-42.861 		23.48
v 1.287 		-42.861 		23.511
v 1.259 		-42.861 		23.544
v 35.867 		-26.041 		8.74
v 34.305 		-24.013 		6.427
v 34.107 		-23.829 		6.217
v 33.699 		-22.144 		6.122
v 33.49 		-21.921 		5.94
v 30.4161 		-44.7112 		11.7991
v 33.28 		-21.705 		5.763
v 35.755 		-26.469 		8.392
v 35.755 		-25.826 		8.495
v 30.4001 		-44.733 		11.8094
v 30.399 		-44.7278 		11.8254
v 36.238 		-26.935 		10.041
v 33.068 		-21.495 		5.591
v 30.382 		-44.6664 		12.0311
v 30.393 		-44.7044 		11.9019
v 30.3724 		-44.6244 		12.1641
v 32.857 		-21.292 		5.424
v 36.238 		-26.745 		10.101
v 35.632 		-33.504 		11.111
v 35.0338 		-19.9685 		11.231
v 35.632 		-33.553 		10.757
v 36.19 		-26.918 		9.74
v 35.632 		-33.504 		10.403
v 33.905 		-23.649 		6.012
v 33.699 		-23.474 		5.812
v 35.6127 		-33.5777 		11.127
v 35.6137 		-33.5784 		11.1161
v 35.6137 		-33.5784 		11.1156
v 35.6073 		-33.5786 		11.179
v 35.6084 		-33.5783 		11.1678
v 35.6011 		-33.5824 		11.231
v 35.6024 		-33.5816 		11.2198
v 33.49 		-23.303 		5.618
v 35.6006 		-33.682 		10.757
v 33.28 		-23.137 		5.429
v 35.6023 		-33.6724 		10.775
v 35.6013 		-33.6778 		10.7646
v 33.068 		-22.977 		5.246
v 35.6063 		-33.6494 		10.823
v 35.6054 		-33.6546 		10.8126
v 35.6095 		-33.6293 		10.872
v 35.6118 		-33.613 		10.922
v 35.6133 		-33.5997 		10.973
v 35.613 		-33.6026 		10.962
v 35.6143 		-33.5888 		11.024
v 35.6141 		-33.591 		11.0131
v 35.6143 		-33.5832 		11.0642
v 33.068 		-24.541 		4.995
v 35.6143 		-33.5816 		11.076
v 32.857 		-24.436 		4.809
v 32.857 		-22.821 		5.068
v 35.5767 		-33.7631 		10.636
v 35.5745 		-33.7709 		10.6263
v 35.5863 		-33.7298 		10.681
v 35.5953 		-33.6995 		10.727
v 35.5933 		-33.7062 		10.717
v 32.647 		-21.095 		5.264
v 30.655 		-44.3831 		11.6449
v 30.6648 		-44.3696 		11.6378
v 32.438 		-20.906 		5.109
v 32.232 		-20.724 		4.961
v 30.655 		-44.425 		11.548
v 32.03 		-20.55 		4.818
v 36.19 		-26.645 		9.804
v 36.272 		-27.508 		10.224
v 36.238 		-27.582 		9.938
v 30.639 		-44.4055 		11.6544
v 30.6229 		-44.4277 		11.6645
v 30.5727 		-44.4969 		11.6966
v 36.238 		-27.357 		9.959
v 36.238 		-27.141 		9.993
v 30.559 		-44.58 		11.557
v 30.559 		-44.5159 		11.7054
v 32.438 		-22.526 		4.732
v 30.505 		-44.5904 		11.7394
v 30.4984 		-44.5994 		11.7439
v 30.4899 		-44.6109 		11.7497
v 30.474 		-44.717 		11.565
v 36.19 		-27.506 		9.666
v 36.19 		-27.207 		9.694
v 30.474 		-44.6325 		11.7605
v 34.684 		-18.955 		11.308
v 34.684 		-19.183 		11.849
v 36.128 		-27.431 		9.395
v 36.128 		-27.058 		9.43
v 34.498 		-18.458 		11.339
v 36.128 		-26.697 		9.488
v 34.498 		-18.699 		11.911
v 32.232 		-22.387 		4.573
v 30.399 		-44.837 		11.573
v 32.03 		-22.254 		4.421
v 36.272 		-28.113 		10.224
v 36.272 		-27.963 		10.21
v 31.832 		-22.127 		4.276
v 36.272 		-27.811 		10.206
v 36.272 		-27.658 		10.21
v 31.639 		-22.005 		4.138
v 36.238 		-28.039 		9.938
v 36.238 		-27.811 		9.93
v 32.647 		-22.671 		4.897
v 30.335 		-44.938 		11.579
v 32.647 		-24.335 		4.63
v 32.438 		-24.237 		4.458
v 32.232 		-24.143 		4.292
v 32.03 		-24.052 		4.133
v 35.5069 		-34.0159 		10.396
v 35.5039 		-34.0273 		10.3882
v 35.498 		-34.0495 		10.3732
v 35.5085 		-34.0103 		10.4002
v 35.498 		-34.049 		10.37
v 35.5333 		-33.9185 		10.4718
v 35.5444 		-33.8779 		10.509
v 35.5417 		-33.8876 		10.5
v 35.5557 		-33.8371 		10.55
v 35.5665 		-33.7989 		10.592
v 35.5641 		-33.8074 		10.5827
v 35.5199 		-33.9676 		10.432
v 35.517 		-33.9787 		10.4238
v 35.5324 		-33.9216 		10.469
v 35.4964 		-34.0548 		10.3696
v 35.4163 		-34.3068 		10.2415
v 35.4207 		-34.2923 		10.247
v 35.439 		-34.2335 		10.273
v 35.4346 		-34.2473 		10.2668
v 35.4568 		-34.1768 		10.3
v 35.4525 		-34.1904 		10.2936
v 35.4749 		-34.1204 		10.33
v 35.4707 		-34.1335 		10.323
v 35.4926 		-34.0664 		10.362
v 35.4885 		-34.079 		10.3546
v 31.453 		-21.89 		4.007
v 31.273 		-21.782 		3.883
v 31.101 		-21.679 		3.766
v 36.238 		-28.481 		9.993
v 36.238 		-28.264 		9.959
v 30.282 		-45.021 		11.584
v 36.19 		-28.414 		9.694
v 36.19 		-28.115 		9.666
v 36.19 		-27.811 		9.656
v 30.655 		-44.567 		10.547
v 30.559 		-44.724 		10.547
v 36.128 		-28.564 		9.43
v 30.474 		-44.862 		10.547
v 36.128 		-28.191 		9.395
v 36.128 		-27.811 		9.383
v 30.938 		-21.584 		3.657
v 30.399 		-44.983 		10.547
v 32.647 		-41.127 		9.929
v 36.054 		-27.356 		9.126
v 36.054 		-26.909 		9.168
v 35.967 		-27.281 		8.858
v 35.967 		-26.761 		8.907
v 30.784 		-21.495 		3.556
v 35.867 		-27.207 		8.592
v 35.755 		-27.134 		8.329
v 36.054 		-28.266 		9.126
v 36.054 		-27.811 		9.111
v 35.967 		-28.34 		8.858
v 35.967 		-27.811 		8.842
v 30.559 		-20.5623 		3.5982
v 35.867 		-28.414 		8.592
v 30.5338 		-20.8569 		3.5101
v 35.867 		-27.811 		8.574
v 35.755 		-28.488 		8.329
v 35.755 		-27.811 		8.308
v 36.128 		-28.924 		12.027
v 36.128 		-29.266 		11.948
v 36.128 		-29.582 		11.848
v 36.054 		-29.144 		12.278
v 36.054 		-29.553 		12.183
v 30.639 		-21.413 		3.462
v 36.238 		-28.686 		11.474
v 36.238 		-28.877 		11.414
v 36.238 		-29.049 		11.342
v 36.19 		-28.703 		11.775
v 36.19 		-28.977 		11.711
v 30.5866 		-21.4793 		3.413
v 30.559 		-21.462 		3.394
v 30.474 		-21.409 		3.335
v 30.505 		-21.337 		3.376
v 36.19 		-29.23 		11.631
v 30.5063 		-21.3573 		3.3737
v 30.505 		-21.3554 		3.3731
v 36.19 		-29.459 		11.536
v 30.505 		-21.1418 		3.4215
v 30.489 		-21.3282 		3.3659
v 36.19 		-29.661 		11.428
v 30.4981 		-21.2209 		3.3978
v 30.559 		-21.4392 		3.3992
v 30.558 		-21.4375 		3.3987
v 36.054 		-29.932 		12.063
v 30.0985 		-4.957 		1.029
v 30.099 		-4.9566 		1.03
v 30.126 		-4.9268 		1.101
v 36.054 		-30.275 		11.921
v 35.967 		-30.28 		12.277
v 35.967 		-30.679 		12.112
v 30.399 		-21.363 		3.284
v 30.335 		-21.324 		3.24
v 36.19 		-29.83 		11.308
v 30.212 		-21.249 		3.157
v 36.128 		-29.868 		11.729
v 30.241 		-21.267 		3.177
v 32.438 		-41.502 		9.906
v 30.129 		-4.923 		1.11
v 36.128 		-30.119 		11.594
v 30.15 		-4.9007 		1.173
v 36.128 		-30.331 		11.445
v 32.232 		-41.862 		9.884
v 29.947 		-5.1043 		0.759
v 36.128 		-30.499 		11.283
v 29.9727 		-5.079 		0.797
v 29.991 		-5.0632 		0.824
v 32.03 		-42.207 		9.862
v 30.0197 		-5.035 		0.872
v 30.031 		-5.0249 		0.891
v 30.0613 		-4.994 		0.949
v 30.067 		-4.9889 		0.96
v 31.832 		-42.537 		9.842
v 36.054 		-30.576 		11.76
v 29.736 		-5.2939 		0.519
v 29.7411 		-5.289 		0.524
v 29.794 		-5.2427 		0.576
v 29.8052 		-5.232 		0.588
v 29.849 		-5.1941 		0.635
v 29.8657 		-5.178 		0.655
v 29.9 		-5.1481 		0.696
v 29.9216 		-5.127 		0.725
v 28.8757 		-5.993 		0.073
v 28.923 		-5.962 		0.084
v 28.9825 		-5.914 		0.101
v 29.007 		-5.8966 		0.108
v 29.0799 		-5.837 		0.132
v 29.089 		-5.8307 		0.135
v 29.17 		-5.7673 		0.165
v 29.1771 		-5.761 		0.168
v 29.25 		-5.7036 		0.199
v 29.2692 		-5.687 		0.208
v 29.327 		-5.6428 		0.235
v 29.3589 		-5.615 		0.252
v 29.402 		-5.5807 		0.275
v 30.282 		-21.292 		3.205
v 29.4413 		-5.545 		0.299
v 29.474 		-5.5183 		0.319
v 29.5212 		-5.477 		0.35
v 29.544 		-5.4593 		0.365
v 29.5987 		-5.412 		0.405
v 29.611 		-5.4022 		0.414
v 29.6725 		-5.349 		0.463
v 29.675 		-5.347 		0.465
v 31.639 		-42.851 		9.822
v 30.194 		-21.238 		3.145
v 30.559 		-21.8463 		3.3339
v 30.5692 		-21.6876 		3.3668
v 30.5475 		-22.0176 		3.298
v 32.438 		-41.149 		9.069
v 32.232 		-41.5 		9.025
v 32.03 		-41.837 		8.982
v 30.5166 		-22.4791 		3.2013
v 31.832 		-42.158 		8.942
v 36.272 		-28.738 		11.093
v 36.272 		-28.823 		11.033
v 36.272 		-28.89 		10.969
v 34.684 		-18.879 		10.757
v 36.272 		-28.939 		10.9
v 36.272 		-28.969 		10.83
v 36.272 		-28.979 		10.757
v 31.639 		-42.464 		8.903
v 30.784 		-23.539 		3.228
v 31.453 		-42.754 		8.866
v 31.573 		-42.4754 		8.7624
v 31.575 		-42.4712 		8.7613
v 31.5889 		-42.4419 		8.7535
v 31.573 		-42.47 		8.75
v 31.832 		-23.966 		3.981
v 31.639 		-23.884 		3.837
v 31.453 		-23.807 		3.7
v 31.5739 		-42.338 		8.5732
v 31.573 		-42.3316 		8.5622
v 31.273 		-23.733 		3.57
v 36.238 		-29.2 		11.261
v 36.238 		-29.327 		11.171
v 31.101 		-23.664 		3.448
v 30.938 		-23.599 		3.334
v 31.453 		-42.7172 		8.8147
v 31.4369 		-42.7507 		8.8241
v 31.4443 		-42.7353 		8.8198
v 31.419 		-42.737 		8.717
v 36.238 		-29.428 		11.074
v 36.238 		-29.502 		10.972
v 31.419 		-42.7876 		8.834
v 36.238 		-29.547 		10.865
v 30.639 		-23.483 		3.13
v 31.3816 		-42.863 		8.8525
v 36.238 		-29.562 		10.757
v 31.272 		-42.989 		8.686
v 30.505 		-22.6176 		3.1706
v 30.4794 		-22.9827 		3.0936
v 30.474 		-23.0714 		3.0755
v 36.272 		-28.969 		10.685
v 30.505 		-23.432 		3.04
v 36.272 		-28.939 		10.615
v 36.272 		-28.89 		10.546
v 30.5493 		-23.5419 		3.061
v 30.474 		-23.51 		3.007
v 30.399 		-23.479 		2.953
v 36.272 		-28.823 		10.482
v 36.272 		-28.738 		10.422
v 30.5087 		-23.4922 		3.037
v 30.505 		-23.4879 		3.0347
v 30.474 		-23.443 		3.0175
v 31.453 		-43.149 		9.804
v 30.4715 		-23.4397 		3.0161
v 30.4529 		-23.4125 		3.0057
v 31.273 		-43.431 		9.786
v 30.4638 		-23.2173 		3.0448
v 31.419 		-43.1296 		9.6281
v 31.4196 		-43.1284 		9.6277
v 31.4203 		-43.1272 		9.6273
v 30.335 		-23.452 		2.908
v 31.4243 		-43.1195 		9.6245
v 31.419 		-43.129 		9.624
v 36.238 		-29.547 		10.65
v 36.238 		-29.502 		10.543
v 36.238 		-29.428 		10.441
v 30.212 		-23.402 		2.821
v 31.419 		-43.0841 		9.5202
v 36.238 		-29.327 		10.344
v 31.2876 		-43.3745 		9.7077
v 36.238 		-29.2 		10.254
v 31.272 		-43.388 		9.608
v 30.241 		-23.414 		2.842
v 31.273 		-43.4015 		9.7161
v 31.272 		-43.4034 		9.7168
v 30.282 		-23.431 		2.871
v 31.1792 		-43.6359 		10.2186
v 31.1689 		-43.5908 		9.7763
v 31.1704 		-43.5994 		9.8556
v 31.2619 		-43.4217 		9.7224
v 31.132 		-43.629 		9.594
v 30.999 		-43.854 		9.58
v 30.875 		-44.062 		9.567
v 30.76 		-44.252 		9.556
v 36.19 		-29.965 		11.179
v 30.194 		-23.394 		2.808
v 36.19 		-30.063 		11.043
v 36.19 		-30.122 		10.901
v 36.19 		-30.142 		10.757
v 31.132 		-43.224 		8.657
v 30.999 		-43.443 		8.63
v 30.875 		-43.646 		8.605
v 36.128 		-30.622 		11.113
v 36.128 		-30.696 		10.937
v 30.76 		-43.831 		8.582
v 36.19 		-30.122 		10.614
v 36.19 		-30.063 		10.472
v 30.505 		-24.3503 		2.9537
v 30.5057 		-24.3289 		2.9562
v 30.5325 		-23.882 		3.0173
v 36.19 		-29.965 		10.336
v 36.128 		-30.696 		10.578
v 30.655 		-44.425 		9.545
v 36.128 		-30.622 		10.402
v 30.559 		-44.58 		9.536
v 30.474 		-44.717 		9.528
v 30.399 		-44.837 		9.52
v 33.905 		-17.306 		9.428
v 36.054 		-30.829 		11.58
v 33.905 		-17.029 		10.087
v 36.054 		-31.031 		11.387
v 35.967 		-31.029 		11.924
v 30.335 		-44.938 		9.514
v 35.967 		-31.324 		11.715
v 30.282 		-45.021 		9.509
v 33.699 		-16.864 		9.372
v 35.967 		-31.558 		11.491
v 33.699 		-16.575 		10.059
v 35.867 		-31.479 		12.087
v 35.867 		-31.815 		11.849
v 30.655 		-44 		8.561
v 35.867 		-32.082 		11.593
v 35.867 		-32.277 		11.323
v 35.755 		-31.925 		12.248
v 33.49 		-16.433 		9.318
v 35.755 		-32.302 		11.982
v 35.755 		-32.602 		11.695
v 34.305 		-18.224 		9.544
v 36.128 		-30.721 		10.757
v 34.305 		-17.971 		10.146
v 36.054 		-31.177 		11.183
v 36.054 		-31.266 		10.972
v 34.107 		-17.76 		9.486
v 33.28 		-27.811 		16.525
v 33.28 		-26.217 		16.476
v 34.107 		-17.494 		10.116
v 33.068 		-27.811 		16.724
v 33.068 		-26.162 		16.672
v 36.054 		-31.296 		10.757
v 32.857 		-27.811 		16.916
v 32.857 		-26.109 		16.863
v 30.784 		-25.656 		18.486
v 34.107 		-18.197 		8.877
v 35.967 		-31.729 		11.253
v 33.905 		-17.764 		8.792
v 33.699 		-17.34 		8.709
v 32.03 		-25.915 		17.557
v 33.49 		-16.929 		8.629
v 31.832 		-25.872 		17.713
v 33.28 		-16.528 		8.55
v 31.639 		-25.831 		17.861
v 31.453 		-25.791 		18.002
v 35.036 		-20.179 		9.792
v 34.864 		-20.031 		9.235
v 30.559 		-44.151 		8.543
v 35.0874 		-34.8778 		12.231
v 35.0928 		-34.86 		12.2294
v 30.474 		-44.284 		8.526
v 35.0677 		-34.9445 		12.235
v 35.0731 		-34.9262 		12.2339
v 35.0617 		-34.966 		12.2353
v 35.0488 		-35.0116 		12.236
v 35.0539 		-34.9935 		12.2357
v 35.036 		-35.0584 		12.2353
v 34.864 		-35.591 		12.28
v 30.399 		-44.401 		8.512
v 30.335 		-44.499 		8.5
v 31.273 		-25.754 		18.135
v 36.054 		-31.266 		10.543
v 30.212 		-44.688 		8.476
v 36.054 		-31.177 		10.331
v 30.241 		-44.643 		8.482
v 35.967 		-31.729 		10.262
v 34.864 		-19.677 		9.728
v 34.864 		-19.462 		10.238
v 35.967 		-31.832 		11.008
v 35.967 		-31.867 		10.757
v 35.967 		-31.832 		10.507
v 35.867 		-32.395 		11.043
v 34.684 		-19.183 		9.666
v 35.867 		-32.434 		10.757
v 34.684 		-18.955 		10.207
v 35.867 		-32.395 		10.472
v 34.498 		-18.699 		9.604
v 34.498 		-18.458 		10.176
v 36.238 		-29.049 		10.173
v 36.238 		-28.877 		10.101
v 34.9793 		-35.2686 		12.217
v 35.03 		-35.0788 		12.235
v 35.0354 		-35.0603 		12.2353
v 35.0117 		-35.1447 		12.231
v 35.0168 		-35.1264 		12.2321
v 34.994 		-35.2108 		12.225
v 34.999 		-35.1922 		12.2267
v 34.9821 		-35.2575 		12.2185
v 30.194 		-44.715 		8.473
v 31.101 		-25.719 		18.26
v 30.938 		-25.687 		18.377
v 36.238 		-28.686 		10.041
v 30.282 		-44.58 		8.49
v 32.647 		-26.058 		17.047
v 32.438 		-26.008 		17.224
v 32.232 		-25.961 		17.394
v 30.938 		-27.811 		18.443
v 30.784 		-27.811 		18.552
v 32.232 		-27.811 		17.451
v 32.03 		-27.811 		17.616
v 34.8972 		-35.5891 		12.135
v 34.8839 		-35.6481 		12.112
v 34.8721 		-35.7044 		12.086
v 34.498 		-19.095 		9.052
v 34.864 		-35.7459 		12.0643
v 34.8648 		-35.7419 		12.0663
v 34.9591 		-35.3414 		12.205
v 34.9422 		-35.4057 		12.191
v 34.926 		-35.4685 		12.175
v 34.9112 		-35.5295 		12.156
v 34.9773 		-35.2758 		12.216
v 30.335 		-45.085 		10.547
v 30.241 		-45.234 		10.547
v 30.282 		-45.168 		10.547
v 30.212 		-45.131 		11.591
v 31.832 		-27.811 		17.773
v 30.212 		-45.28 		10.547
v 36.19 		-29.661 		10.087
v 34.305 		-19.216 		8.414
v 36.19 		-29.459 		9.979
v 30.194 		-45.159 		11.592
v 34.305 		-18.641 		8.964
v 34.8413 		-35.862 		11.997
v 34.8334 		-35.9099 		11.963
v 34.8358 		-35.8955 		11.9733
v 34.8268 		-35.9557 		11.927
v 34.8288 		-35.9417 		11.9379
v 34.8214 		-35.9988 		11.889
v 36.19 		-29.23 		9.884
v 34.8173 		-36.0391 		11.85
v 31.639 		-27.811 		17.922
v 36.19 		-28.977 		9.804
v 34.8614 		-35.7582 		12.058
v 34.8508 		-35.8114 		12.028
v 34.8539 		-35.7957 		12.037
v 34.107 		-18.799 		8.3
v 36.19 		-28.703 		9.74
v 31.453 		-27.811 		18.064
v 31.273 		-27.811 		18.198
v 31.101 		-27.811 		18.325
v 36.128 		-29.582 		9.667
v 36.128 		-29.266 		9.567
v 34.684 		-20.075 		8.648
v 36.128 		-28.924 		9.488
v 34.684 		-19.559 		9.143
v 34.498 		-19.641 		8.53
v 36.054 		-29.553 		9.332
v 36.054 		-29.144 		9.237
v 30.194 		-45.308 		10.547
v 32.647 		-27.811 		17.101
v 32.438 		-27.811 		17.28
v 36.19 		-29.83 		10.207
v 36.128 		-30.499 		10.232
v 30.241 		-45.085 		11.588
v 33.28 		-29.405 		16.476
v 33.068 		-29.459 		16.672
v 36.128 		-30.331 		10.07
v 33.068 		-31.08 		16.52
v 32.857 		-29.513 		16.863
v 36.128 		-30.119 		9.921
v 32.857 		-31.185 		16.706
v 36.128 		-29.868 		9.786
v 36.054 		-30.576 		9.755
v 36.054 		-30.275 		9.594
v 30.212 		-45.131 		9.503
v 36.054 		-29.932 		9.452
v 30.784 		-29.965 		18.486
v 35.967 		-30.679 		9.403
v 35.967 		-30.28 		9.237
v 16.384 		-6.317 		0.004
v 30.194 		-45.159 		9.501
v 30.241 		-45.085 		9.505
v 35.0374 		-35.6402 		10.2741
v 35.036 		-35.6449 		10.2763
v 32.03 		-29.706 		17.557
v 36.054 		-28.713 		9.168
v 31.832 		-29.749 		17.713
v 35.967 		-29.363 		8.987
v 35.967 		-28.861 		8.907
v 31.639 		-29.791 		17.861
v 35.036 		-33.398 		8.119
v 35.867 		-29.58 		8.74
v 34.864 		-33.765 		7.945
v 35.867 		-29.007 		8.648
v 31.453 		-29.83 		18.002
v 35.036 		-35.644 		10.27
v 34.864 		-32.937 		7.602
v 35.755 		-29.153 		8.392
v 31.273 		-29.867 		18.135
v 34.684 		-33.248 		7.411
v 35.038 		-35.6379 		10.273
v 35.0395 		-35.6328 		10.2707
v 34.498 		-33.553 		7.223
v 35.0523 		-35.5806 		10.247
v 34.8726 		-36.2026 		10.7814
v 34.864 		-36.2232 		10.8203
v 34.864 		-36.232 		10.757
v 15.36 		-6.317 		0.004
v 35.967 		-29.839 		9.098
v 34.874 		-36.1992 		10.775
v 34.8785 		-36.1882 		10.757
v 14.336 		-6.317 		0.004
v 35.867 		-30.625 		9.025
v 34.9442 		-35.9496 		10.469
v 34.684 		-34.127 		7.774
v 34.9424 		-35.9558 		10.4746
v 34.9578 		-35.9031 		10.432
v 34.9723 		-35.8542 		10.396
v 35.867 		-30.122 		8.866
v 34.968 		-35.8687 		10.4066
v 34.498 		-34.481 		7.607
v 34.9876 		-35.8034 		10.362
v 34.9831 		-35.8182 		10.372
v 35.0037 		-35.7501 		10.33
v 35.0207 		-35.6944 		10.3
v 35.0159 		-35.7103 		10.3087
v 35.0331 		-35.6544 		10.2808
v 31.101 		-29.902 		18.26
v 35.755 		-30.404 		8.636
v 34.8828 		-36.1711 		10.727
v 34.8905 		-36.1413 		10.681
v 30.938 		-29.935 		18.377
v 34.8881 		-36.1505 		10.6951
v 35.755 		-29.795 		8.495
v 34.8993 		-36.1084 		10.636
v 34.8967 		-36.1183 		10.6497
v 34.9091 		-36.0727 		10.592
v 34.305 		-33.852 		7.039
v 34.9198 		-36.0346 		10.55
v 34.9316 		-35.9933 		10.509
v 34.305 		-32.773 		6.698
v 32.647 		-29.564 		17.047
v 36.054 		-31.031 		10.128
v 36.054 		-30.829 		9.934
v 32.438 		-29.613 		17.224
v 35.967 		-31.558 		10.024
v 34.107 		-34.145 		6.859
v 35.967 		-31.324 		9.8
v 34.107 		-33.013 		6.501
v 34.8178 		-36.312 		11.127
v 34.8169 		-36.3126 		11.1409
v 34.8225 		-36.3056 		11.076
v 34.821 		-36.3077 		11.0919
v 32.232 		-29.661 		17.394
v 34.8284 		-36.2961 		11.024
v 34.8266 		-36.299 		11.0402
v 33.905 		-34.431 		6.683
v 34.8356 		-36.2826 		10.973
v 35.967 		-31.029 		9.591
v 34.8439 		-36.2663 		10.922
v 33.905 		-33.248 		6.309
v 34.8529 		-36.2476 		10.872
v 34.8501 		-36.2535 		10.8875
v 13.312 		-6.317 		0.004
v 35.867 		-31.479 		9.428
v 34.8633 		-36.2247 		10.823
v 34.8602 		-36.2317 		10.8381
v 12.288 		-6.317 		0.004
v 33.699 		-34.71 		6.511
v 31.832 		-31.655 		17.534
v 35.867 		-32.277 		10.192
v 31.639 		-31.737 		17.678
v 35.867 		-32.082 		9.922
v 35.867 		-31.815 		9.666
v 35.755 		-32.602 		9.82
v 34.8167 		-36.3127 		11.1433
v 35.755 		-32.302 		9.533
v 34.684 		-34.897 		8.189
v 35.755 		-31.925 		9.266
v 34.498 		-35.295 		8.045
v 34.305 		-35.685 		7.904
v 34.305 		-34.829 		7.443
v 34.107 		-35.168 		7.282
v 35.867 		-31.08 		9.213
v 11.264 		-6.317 		0.004
v 35.755 		-31.478 		9.026
v 35.755 		-30.968 		8.814
v 10.24 		-6.317 		0.004
v 31.453 		-31.815 		17.815
v 34.107 		-36.066 		7.766
v 35.755 		-32.82 		11.391
v 33.905 		-36.438 		7.631
v 35.755 		-32.952 		11.077
v 35.755 		-32.996 		10.757
v 31.273 		-31.888 		17.945
v 35.755 		-32.952 		10.438
v 33.699 		-36.802 		7.499
v 31.101 		-31.957 		18.067
v 30.938 		-32.022 		18.181
v 35.755 		-32.82 		10.124
v 30.784 		-32.082 		18.287
v 30.27 		-23.345 		18.63
v 33.905 		-35.5 		7.126
v 32.647 		-31.287 		16.885
v 9.216 		-6.317 		0.004
v 33.699 		-35.824 		6.973
v 8.192 		-6.317 		0.004
v 32.438 		-31.385 		17.057
v 33.49 		-34.981 		6.344
v 32.232 		-31.479 		17.223
v 33.28 		-35.245 		6.182
v 32.03 		-31.569 		17.382
v 33.49 		-36.139 		6.824
v 33.28 		-36.446 		6.679
v 30.27 		-25.558 		18.838
v 30.382 		-25.579 		18.762
v 33.068 		-36.743 		6.539
v 7.168 		-6.317 		0.004
v 30.505 		-32.189 		18.475
v 33.699 		-33.477 		6.122
v 30.382 		-32.235 		18.556
v 33.49 		-33.7 		5.94
v 30.639 		-25.628 		18.586
v 30.505 		-25.603 		18.679
v 33.28 		-33.917 		5.763
v 33.068 		-34.127 		5.591
v 30.639 		-32.138 		18.385
v 28.923 		-49.838 		0.084
v 28.8757 		-49.807 		0.073
v 29.007 		-49.9034 		0.108
v 28.9825 		-49.886 		0.101
v 29.089 		-49.9693 		0.135
v 29.0799 		-49.963 		0.132
v 29.17 		-50.0327 		0.165
v 32.857 		-34.33 		5.424
v 29.25 		-50.0964 		0.199
v 29.1771 		-50.039 		0.168
v 29.327 		-50.1572 		0.235
v 29.2692 		-50.113 		0.208
v 35.036 		-25.766 		14.362
v 33.068 		-35.5 		6.024
v 34.864 		-24.588 		14.432
v 32.857 		-35.748 		5.872
v 34.864 		-25.631 		14.599
v 30.099 		-50.8434 		1.03
v 30.0985 		-50.843 		1.029
v 30.126 		-50.8732 		1.101
v 30.15 		-50.8993 		1.173
v 30.129 		-50.877 		1.11
v 4.096 		-6.317 		0.004
v 29.736 		-50.5061 		0.519
v 29.794 		-50.5573 		0.576
v 29.7411 		-50.511 		0.524
v 29.849 		-50.6059 		0.635
v 29.8052 		-50.568 		0.588
v 32.857 		-32.8 		5.068
v 29.9 		-50.6519 		0.696
v 29.8657 		-50.622 		0.655
v 29.947 		-50.6957 		0.759
v 29.9216 		-50.673 		0.725
v 29.991 		-50.7368 		0.824
v 29.9727 		-50.721 		0.797
v 34.107 		-25.118 		15.505
v 30.031 		-50.7751 		0.891
v 30.0197 		-50.765 		0.872
v 30.067 		-50.8111 		0.96
v 30.0613 		-50.806 		0.949
v 32.647 		-34.526 		5.264
v 33.905 		-24.996 		15.719
v 30.639 		-27.811 		18.654
v 30.505 		-27.811 		18.747
v 29.402 		-50.2193 		0.275
v 33.699 		-24.878 		15.928
v 29.3589 		-50.185 		0.252
v 32.647 		-32.95 		4.897
v 29.474 		-50.2817 		0.319
v 29.4413 		-50.255 		0.299
v 30.382 		-27.811 		18.831
v 29.544 		-50.3407 		0.365
v 29.5212 		-50.323 		0.35
v 32.438 		-33.095 		4.732
v 29.611 		-50.3978 		0.414
v 29.5987 		-50.388 		0.405
v 30.27 		-27.811 		18.907
v 29.675 		-50.453 		0.465
v 29.6725 		-50.451 		0.463
v 33.49 		-24.762 		16.131
v 32.232 		-33.234 		4.573
v 33.28 		-24.65 		16.329
v 3.072 		-6.317 		0.004
v 32.03 		-33.368 		4.421
v 2.048 		-6.317 		0.004
v 34.305 		-26.515 		15.405
v 31.832 		-33.495 		4.276
v 34.107 		-26.453 		15.63
v 33.905 		-26.391 		15.85
v 33.699 		-26.331 		16.064
v 33.49 		-26.273 		16.273
v 30.639 		-29.993 		18.586
v 30.505 		-30.019 		18.679
v 34.684 		-25.499 		14.832
v 30.27 		-30.063 		18.838
v 30.382 		-30.042 		18.762
v 31.639 		-33.616 		4.138
v 34.498 		-25.369 		15.061
v 0 		-6.317 		0.004
v 34.498 		-26.579 		15.175
v 34.305 		-25.242 		15.285
v 35.036 		-27.811 		14.489
v 32.438 		-34.715 		5.109
v 35.036 		-26.779 		14.457
v 34.864 		-27.811 		14.735
v 34.864 		-26.712 		14.701
v -1.024 		-6.317 		0.004
v 34.305 		-27.811 		15.445
v 34.107 		-27.811 		15.672
v 30.27 		-32.277 		18.63
v 33.905 		-27.811 		15.894
v 32.647 		-35.987 		5.725
v 33.699 		-27.811 		16.11
v 32.438 		-36.217 		5.583
v 33.49 		-27.811 		16.321
v 32.232 		-36.438 		5.447
v 30.505 		-15.849 		16.407
v 30.382 		-15.723 		16.467
v 32.03 		-36.65 		5.317
v 30.27 		-15.609 		16.52
v 34.684 		-27.811 		14.976
v 34.684 		-26.645 		14.94
v 34.498 		-27.811 		15.213
v 31.832 		-36.853 		5.192
v 35.498 		-24.664 		13.331
v 30.938 		-12.093 		12.747
v 30.784 		-11.869 		12.775
v 35.498 		-25.403 		13.503
v 35.353 		-25.195 		13.74
v 30.382 		-12.017 		13.847
v 35.199 		-24.989 		13.975
v 32.232 		-34.897 		4.961
v 30.27 		-11.869 		13.876
v 32.03 		-35.071 		4.818
v 35.036 		-24.787 		14.205
v 31.832 		-35.237 		4.682
v 35.632 		-26.324 		13.377
v 35.498 		-26.182 		13.628
v 30.505 		-12.182 		13.815
v 35.353 		-26.041 		13.876
v 35.199 		-25.903 		14.121
v 31.639 		-35.396 		4.552
v 30.27 		-11.143 		12.867
v 31.453 		-35.546 		4.43
v 30.639 		-11.661 		12.801
v 34.684 		-36.438 		11.849
v 35.632 		-24.94 		13.106
v 34.8144 		-36.0808 		11.8041
v 30.505 		-11.471 		12.825
v 34.8146 		-36.0768 		11.809
v 34.684 		-36.666 		11.308
v 30.382 		-11.298 		12.847
v 34.8087 		-36.113 		11.767
v 34.8033 		-36.1469 		11.723
v 34.7992 		-36.1779 		11.678
v 34.8004 		-36.1684 		11.692
v 34.7964 		-36.2057 		11.631
v 34.7973 		-36.197 		11.6456
v 34.7953 		-36.2202 		11.6042
v 35.632 		-25.613 		13.263
v 35.632 		-27.061 		13.446
v 33.068 		-15.609 		12.302
v 35.498 		-26.989 		13.704
v 34.7945 		-36.2311 		11.584
v 33.068 		-16.14 		13.041
v 34.7942 		-36.2524 		11.535
v 31.273 		-35.688 		4.313
v 34.795 		-36.2708 		11.486
v 34.7948 		-36.2651 		11.5013
v 34.7974 		-36.2849 		11.436
v 34.7967 		-36.2804 		11.4516
v 32.857 		-15.217 		12.351
v 34.8007 		-36.2966 		11.386
v 34.8052 		-36.3054 		11.334
v 34.8107 		-36.3099 		11.2862
v 32.857 		-15.765 		13.114
v 34.8092 		-36.3088 		11.2989
v 35.353 		-26.918 		13.959
v 34.8107 		-36.3103 		11.283
v 35.199 		-26.848 		14.21
v 31.273 		-14.167 		14.478
v 31.101 		-13.935 		14.541
v 35.632 		-27.811 		13.47
v 35.632 		-28.56 		13.446
v 30.938 		-13.719 		14.6
v 35.498 		-28.632 		13.704
v 30.784 		-13.518 		14.655
v 35.498 		-27.811 		13.729
v 35.353 		-27.811 		13.986
v 31.2532 		-35.7273 		4.3079
v 31.132 		-35.832 		4.224
v 35.199 		-27.811 		14.24
v 30.382 		-14.248 		15.673
v 30.27 		-14.121 		15.719
v 31.2264 		-35.7243 		4.2834
v 35.036 		-28.842 		14.457
v -11.262 		-42.861 		24.698
v -11.228 		-42.861 		24.671
v -11.195 		-42.861 		24.643
v -11.164 		-42.861 		24.613
v -11.134 		-42.861 		24.581
v 35.036 		-29.856 		14.362
v 34.864 		-28.91 		14.701
v -11.757 		-42.861 		24.886
v -11.712 		-42.861 		24.881
v -11.668 		-42.861 		24.874
v -11.624 		-42.861 		24.865
v -11.58 		-42.861 		24.854
v -11.537 		-42.861 		24.841
v -11.495 		-42.861 		24.826
v -11.453 		-42.861 		24.809
v -11.413 		-42.861 		24.79
v -11.373 		-42.861 		24.77
v -11.335 		-42.861 		24.748
v -11.298 		-42.861 		24.724
v 34.864 		-29.99 		14.599
v -11.848 		-42.861 		24.89
v -11.803 		-42.861 		24.889
v -12.283 		-42.861 		24.79
v -12.243 		-42.861 		24.809
v -12.201 		-42.861 		24.826
v -12.159 		-42.861 		24.841
v -12.116 		-42.861 		24.854
v -12.072 		-42.861 		24.865
v -12.028 		-42.861 		24.874
v -11.983 		-42.861 		24.881
v -11.938 		-42.861 		24.886
v -11.893 		-42.861 		24.889
v -10.926 		-42.861 		24.088
v -11.106 		-42.861 		24.549
v -11.08 		-42.861 		24.515
v -11.056 		-42.861 		24.48
v -11.034 		-42.861 		24.444
v -11.013 		-42.861 		24.407
v -10.995 		-42.861 		24.369
v -10.979 		-42.861 		24.33
v -10.964 		-42.861 		24.291
v -10.952 		-42.861 		24.251
v -10.942 		-42.861 		24.211
v -10.935 		-42.861 		24.17
v -10.929 		-42.861 		24.129
v 30.505 		-13.161 		14.752
v -10.925 		-42.861 		24.046
v -10.926 		-42.861 		24.005
v -10.929 		-42.861 		23.963
v -10.935 		-42.861 		23.922
v -10.942 		-42.861 		23.882
v -10.952 		-42.861 		23.841
v -10.964 		-42.861 		23.801
v -10.979 		-42.861 		23.762
v -10.995 		-42.861 		23.723
v -11.013 		-42.861 		23.685
v -11.034 		-42.861 		23.648
v -11.056 		-42.861 		23.612
v -11.08 		-42.861 		23.577
v 34.305 		-29.106 		15.405
v 30.382 		-13.006 		14.794
v 34.107 		-29.169 		15.63
v 30.27 		-12.867 		14.832
v -11.106 		-42.861 		23.544
v -11.134 		-42.861 		23.511
v -11.164 		-42.861 		23.48
v -11.195 		-42.861 		23.45
v -11.228 		-42.861 		23.421
v -11.262 		-42.861 		23.394
v 34.107 		-30.504 		15.505
v -11.298 		-42.861 		23.368
v -11.335 		-42.861 		23.345
v -11.373 		-42.861 		23.322
v -11.413 		-42.861 		23.302
v -11.453 		-42.861 		23.283
v -11.495 		-42.861 		23.267
v -11.537 		-42.861 		23.252
v -11.58 		-42.861 		23.239
v -11.624 		-42.861 		23.228
v -11.668 		-42.861 		23.219
v -11.712 		-42.861 		23.212
v -11.757 		-42.861 		23.206
v 33.905 		-29.23 		15.85
v -11.803 		-42.861 		23.203
v -11.848 		-42.861 		23.202
v -11.893 		-42.861 		23.203
v -11.938 		-42.861 		23.206
v -11.983 		-42.861 		23.212
v -12.028 		-42.861 		23.219
v -12.072 		-42.861 		23.228
v -12.116 		-42.861 		23.239
v -12.159 		-42.861 		23.252
v -12.201 		-42.861 		23.267
v -12.243 		-42.861 		23.283
v -12.283 		-42.861 		23.302
v 33.905 		-30.625 		15.719
v 30.639 		-13.332 		14.706
v 31.273 		-35.9157 		4.3849
v -12.562 		-42.861 		24.581
v -12.532 		-42.861 		24.613
v -12.501 		-42.861 		24.643
v -12.468 		-42.861 		24.671
v -12.434 		-42.861 		24.698
v -12.398 		-42.861 		24.724
v -12.361 		-42.861 		24.748
v -12.322 		-42.861 		24.77
v 31.272 		-35.9039 		4.3803
v -12.77 		-42.861 		24.088
v -12.767 		-42.861 		24.129
v -12.761 		-42.861 		24.17
v -12.753 		-42.861 		24.211
v -12.743 		-42.861 		24.251
v -12.731 		-42.861 		24.291
v -12.717 		-42.861 		24.33
v -12.701 		-42.861 		24.369
v -12.682 		-42.861 		24.407
v 33.699 		-29.29 		16.064
v -12.662 		-42.861 		24.444
v -12.64 		-42.861 		24.48
v -12.616 		-42.861 		24.515
v -12.589 		-42.861 		24.549
v -12.77 		-42.861 		24.005
v -12.771 		-42.861 		24.046
v -12.616 		-42.861 		23.577
v -12.64 		-42.861 		23.612
v -12.662 		-42.861 		23.648
v -12.682 		-42.861 		23.685
v -12.701 		-42.861 		23.723
v -12.717 		-42.861 		23.762
v -12.731 		-42.861 		23.801
v -12.743 		-42.861 		23.841
v -12.753 		-42.861 		23.882
v -12.761 		-42.861 		23.922
v -12.767 		-42.861 		23.963
v -12.322 		-42.861 		23.322
v -12.361 		-42.861 		23.345
v -12.398 		-42.861 		23.368
v -12.434 		-42.861 		23.394
v -12.468 		-42.861 		23.421
v -12.501 		-42.861 		23.45
v -12.532 		-42.861 		23.48
v -12.562 		-42.861 		23.511
v 33.49 		-29.348 		16.273
v 30.999 		-35.946 		4.133
v 31.101 		-15.1 		15.364
v 34.684 		-28.977 		14.94
v 30.938 		-14.901 		15.436
v 34.498 		-29.042 		15.175
v 30.938 		-16.305 		16.192
v 31.453 		-33.731 		4.007
v 30.784 		-14.717 		15.503
v 30.784 		-16.14 		16.269
v 31.273 		-33.84 		3.883
v 34.684 		-30.122 		14.832
v 34.498 		-30.252 		15.061
v 34.305 		-30.379 		15.285
v 31.639 		-14.673 		14.34
v 31.453 		-14.413 		14.411
v 31.273 		-15.312 		15.287
v 34.864 		-31.033 		14.432
v 33.905 		-31.972 		15.503
v 31.101 		-33.942 		3.766
v 33.699 		-30.744 		15.928
v 33.699 		-32.148 		15.703
v 32.03 		-16.291 		14.932
v 33.49 		-30.859 		16.131
v 31.832 		-16.027 		15.028
v 33.49 		-32.318 		15.897
v 31.639 		-15.775 		15.119
v 33.28 		-30.971 		16.329
v -18.432 		-6.317 		0.004
v 31.132 		-34.494 		3.9199
v -18.432 		-6.154 		0.03
v 33.28 		-32.484 		16.086
v 31.453 		-15.537 		15.206
v 31.101 		-34.1925 		3.8244
v 31.0843 		-34.0022 		3.7665
v 30.999 		-34.058 		3.705
v 33.068 		-32.645 		16.269
v 31.023 		-33.9879 		3.7138
v 34.684 		-31.229 		14.655
v 30.999 		-33.6381 		3.6395
v 34.684 		-32.277 		14.411
v 30.639 		-14.547 		15.565
v 30.875 		-34.138 		3.616
v 34.498 		-31.421 		14.874
v 30.505 		-14.39 		15.621
v 34.498 		-32.527 		14.616
v 34.305 		-31.609 		15.088
v -19.456 		-6.317 		0.004
v 34.107 		-31.793 		15.298
v 30.938 		-32.8357 		3.4644
v 30.639 		-15.988 		16.341
v 35.632 		-29.297 		13.377
v 31.273 		-13.255 		13.605
v 35.498 		-29.439 		13.628
v 35.353 		-28.703 		13.959
v 31.101 		-13.008 		13.653
v 30.76 		-34.212 		3.534
v 35.353 		-29.58 		13.876
v 30.938 		-12.778 		13.698
v 30.784 		-12.563 		13.74
v 35.199 		-28.773 		14.21
v 35.498 		-30.219 		13.503
v 31.832 		-14.088 		13.442
v 31.639 		-13.795 		13.499
v 30.655 		-34.278 		3.46
v 35.353 		-30.427 		13.74
v 31.453 		-13.518 		13.554
v 35.199 		-29.719 		14.121
v 35.199 		-30.632 		13.975
v 30.474 		-34.391 		3.335
v 30.559 		-34.338 		3.394
v 34.684 		-36.743 		10.757
v 34.8143 		-36.3147 		11.179
v 31.639 		-13.157 		12.612
v 34.8118 		-36.3144 		11.231
v 34.8115 		-36.313 		11.2473
v 34.8135 		-36.3147 		11.1953
v 31.453 		-12.867 		12.649
v 30.335 		-34.476 		3.24
v 30.399 		-34.437 		3.284
v 35.632 		-30.008 		13.263
v 31.273 		-12.593 		12.683
v 35.632 		-30.682 		13.106
v 30.212 		-34.551 		3.157
v 30.241 		-34.533 		3.177
v 30.282 		-34.508 		3.205
v 31.101 		-12.335 		12.716
v 30.194 		-34.562 		3.145
v 32.232 		-14.121 		12.49
v 35.498 		-30.957 		13.331
v 32.03 		-13.785 		12.533
v 35.353 		-31.229 		13.554
v 31.832 		-13.463 		12.573
v 30.875 		-36.051 		4.05
v 35.199 		-31.497 		13.773
v 35.036 		-30.834 		14.205
v 30.76 		-36.147 		3.973
v 35.353 		-31.972 		13.319
v 35.199 		-32.299 		13.52
v 35.036 		-31.761 		13.989
v 35.036 		-32.621 		13.718
v 30.655 		-36.234 		3.904
v 30.559 		-36.312 		3.842
v 34.864 		-32.021 		14.202
v 30.474 		-36.381 		3.786
v 30.399 		-36.441 		3.738
v 35.632 		-31.306 		12.909
v 30.335 		-36.492 		3.698
v 30.282 		-36.534 		3.664
v 30.241 		-36.567 		3.638
v 30.212 		-36.59 		3.62
v 35.498 		-31.641 		13.115
v 30.194 		-36.604 		3.609
v 35.632 		-31.871 		12.675
v 35.632 		-32.366 		12.408
v 35.498 		-32.26 		12.859
v 33.905 		-37.229 		8.189
v 33.699 		-37.625 		8.081
v 33.49 		-37.155 		7.371
v 35.353 		-32.645 		13.041
v 33.28 		-37.499 		7.246
v 33.49 		-38.011 		7.976
v 33.28 		-38.386 		7.874
v 33.068 		-38.75 		7.774
v 35.632 		-24.94 		8.409
v 33.068 		-37.832 		7.126
v 32.857 		-38.155 		7.009
v 32.857 		-37.03 		6.403
v 32.857 		-39.102 		7.678
v 32.647 		-38.466 		6.896
v 32.647 		-37.308 		6.272
v 32.438 		-38.766 		6.787
v 35.632 		-25.613 		8.252
v 32.438 		-37.575 		6.146
v 35.632 		-33.357 		10.056
v 35.632 		-33.116 		9.72
v 35.632 		-32.784 		9.401
v 35.498 		-33.624 		9.62
v 35.498 		-33.26 		9.271
v 35.498 		-33.889 		9.988
v 35.3653 		-34.477 		10.184
v 35.3608 		-34.4929 		10.1801
v 35.353 		-34.5196 		10.1733
v 35.3838 		-34.4146 		10.203
v 35.4022 		-34.3532 		10.224
# 4816 vertices

g group_0_4634441

usemtl color_4634441
s 0

f 8 	3 	2
f 162 	163 	3
f 9 	113 	14
f 113 	11 	14
f 12 	11 	15
f 44 	13 	19
f 18 	19 	13
f 21 	27 	13
f 17 	11 	16
f 12 	14 	11
f 11 	24 	25
f 26 	27 	21
f 29 	30 	22
f 18 	13 	27
f 28 	72 	23
f 14 	1733 	9
f 2580 	853 	31
f 4734 	34 	29
f 29 	34 	30
f 4813 	1740 	4814
f 74 	28 	31
f 33 	1130 	6
f 35 	1130 	33
f 35 	1133 	1130
f 44 	51 	32
f 40 	41 	32
f 37 	43 	39
f 42 	43 	37
f 43 	35 	39
f 61 	45 	38
f 43 	52 	35
f 39 	35 	33
f 46 	53 	49
f 51 	44 	47
f 4810 	49 	42
f 45 	22 	30
f 50 	43 	42
f 49 	50 	42
f 45 	30 	4694
f 50 	52 	43
f 47 	44 	19
f 40 	32 	51
f 32 	41 	2
f 8 	2 	41
f 49 	55 	50
f 53 	55 	49
f 54 	61 	57
f 58 	59 	56
f 26 	21 	59
f 56 	59 	21
f 60 	61 	54
f 53 	4217 	55
f 57 	38 	36
f 38 	57 	61
f 78 	77 	62
f 60 	22 	61
f 46 	25 	63
f 24 	63 	25
f 63 	53 	46
f 22 	60 	4760
f 22 	45 	61
f 63 	24 	66
f 63 	67 	53
f 65 	189 	48
f 66 	67 	63
f 67 	4217 	53
f 65 	193 	189
f 28 	74 	72
f 62 	75 	56
f 58 	56 	75
f 64 	75 	62
f 64 	62 	77
f 97 	73 	76
f 78 	80 	81
f 78 	81 	88
f 100 	76 	79
f 88 	86 	78
f 76 	100 	97
f 83 	77 	78
f 83 	78 	86
f 66 	84 	67
f 171 	84 	66
f 88 	90 	89
f 88 	81 	90
f 91 	88 	96
f 91 	86 	88
f 99 	98 	89
f 92 	68 	93
f 73 	93 	68
f 73 	97 	93
f 88 	98 	96
f 93 	97 	4459
f 94 	95 	69
f 88 	89 	98
f 69 	95 	71
f 95 	103 	71
f 101 	96 	98
f 94 	69 	4804
f 102 	116 	98
f 106 	113 	105
f 104 	113 	108
f 104 	105 	113
f 107 	113 	110
f 97 	4460 	4459
f 109 	113 	111
f 119 	100 	79
f 110 	113 	109
f 107 	108 	113
f 103 	112 	82
f 116 	114 	98
f 99 	102 	98
f 87 	82 	112
f 101 	98 	114
f 103 	82 	71
f 102 	117 	116
f 151 	168 	85
f 112 	137 	87
f 128 	140 	116
f 56 	21 	115
f 116 	118 	114
f 113 	24 	11
f 117 	123 	116
f 128 	116 	123
f 120 	130 	125
f 122 	130 	120
f 124 	125 	130
f 123 	131 	128
f 127 	124 	113
f 130 	113 	124
f 126 	127 	113
f 118 	116 	140
f 106 	126 	113
f 135 	149 	85
f 134 	132 	130
f 136 	134 	130
f 151 	85 	149
f 128 	133 	140
f 141 	145 	128
f 145 	143 	128
f 131 	141 	128
f 141 	146 	145
f 138 	130 	142
f 122 	142 	130
f 135 	154 	149
f 87 	137 	144
f 133 	128 	143
f 138 	136 	130
f 145 	146 	147
f 159 	129 	121
f 145 	148 	143
f 113 	150 	24
f 130 	150 	113
f 100 	119 	4478
f 490 	487 	147
f 150 	66 	24
f 153 	154 	135
f 158 	153 	135
f 487 	495 	145
f 137 	139 	144
f 3439 	87 	144
f 149 	154 	155
f 152 	254 	156
f 155 	151 	149
f 153 	155 	154
f 79 	157 	119
f 157 	121 	119
f 2 	3 	163
f 159 	121 	157
f 158 	155 	153
f 139 	160 	3568
f 129 	159 	161
f 162 	165 	163
f 199 	1058 	158
f 156 	130 	4222
f 176 	177 	167
f 130 	170 	150
f 156 	170 	130
f 174 	163 	165
f 150 	171 	66
f 170 	171 	150
f 161 	169 	115
f 155 	168 	151
f 169 	56 	115
f 164 	229 	173
f 174 	165 	172
f 161 	115 	129
f 173 	166 	164
f 169 	62 	56
f 174 	172 	167
f 85 	74 	31
f 31 	48 	85
f 135 	85 	48
f 189 	191 	48
f 174 	167 	177
f 175 	178 	95
f 176 	179 	177
f 175 	95 	94
f 181 	182 	179
f 196 	180 	178
f 178 	180 	103
f 180 	112 	103
f 183 	112 	180
f 103 	95 	178
f 181 	184 	182
f 177 	179 	182
f 183 	137 	112
f 187 	188 	184
f 824 	185 	68
f 182 	184 	188
f 191 	199 	48
f 188 	187 	195
f 1058 	191 	189
f 189 	193 	1058
f 186 	194 	196
f 198 	197 	195
f 194 	200 	196
f 186 	196 	192
f 192 	178 	175
f 158 	135 	199
f 192 	196 	178
f 135 	48 	199
f 188 	195 	197
f 198 	201 	197
f 204 	205 	201
f 196 	200 	180
f 197 	201 	205
f 200 	203 	183
f 204 	207 	205
f 200 	183 	180
f 199 	191 	1058
f 155 	158 	1058
f 155 	1058 	208
f 205 	207 	210
f 209 	210 	207
f 203 	212 	183
f 218 	206 	202
f 203 	211 	212
f 210 	209 	213
f 212 	137 	183
f 1106 	214 	211
f 215 	218 	202
f 211 	216 	212
f 211 	214 	216
f 212 	216 	139
f 212 	139 	137
f 214 	221 	216
f 214 	220 	221
f 216 	160 	139
f 185 	190 	73
f 73 	190 	76
f 68 	185 	73
f 190 	206 	76
f 206 	79 	76
f 206 	218 	79
f 216 	221 	160
f 218 	157 	79
f 164 	221 	220
f 164 	220 	222
f 221 	166 	160
f 221 	164 	166
f 105 	1718 	106
f 223 	3673 	173
f 223 	224 	3694
f 259 	169 	161
f 222 	260 	229
f 229 	164 	222
f 169 	259 	232
f 4452 	219 	230
f 173 	229 	223
f 74 	233 	230
f 229 	231 	223
f 74 	85 	233
f 247 	248 	232
f 231 	234 	224
f 4457 	230 	233
f 231 	224 	223
f 236 	247 	232
f 238 	242 	232
f 242 	243 	232
f 234 	225 	224
f 234 	237 	225
f 4457 	233 	282
f 237 	239 	226
f 243 	244 	232
f 244 	80 	232
f 235 	240 	242
f 243 	242 	240
f 227 	226 	239
f 235 	242 	238
f 233 	241 	282
f 244 	243 	240
f 236 	245 	247
f 237 	226 	225
f 80 	244 	246
f 248 	238 	232
f 235 	238 	248
f 235 	248 	245
f 255 	257 	241
f 245 	248 	247
f 78 	232 	80
f 240 	246 	244
f 227 	239 	250
f 157 	218 	249
f 520 	253 	249
f 251 	254 	152
f 279 	252 	250
f 156 	272 	170
f 241 	257 	228
f 253 	159 	249
f 156 	254 	272
f 161 	159 	253
f 249 	159 	157
f 752 	255 	241
f 265 	267 	253
f 3720 	252 	256
f 253 	259 	161
f 265 	540 	264
f 142 	1707 	138
f 261 	260 	1212
f 120 	1708 	122
f 267 	270 	253
f 257 	255 	258
f 255 	752 	258
f 260 	261 	231
f 1027 	3862 	1051
f 261 	262 	234
f 270 	271 	259
f 261 	234 	231
f 231 	229 	260
f 259 	253 	270
f 4665 	2366 	2369
f 1215 	262 	261
f 1215 	1225 	262
f 170 	263 	171
f 272 	263 	170
f 1225 	266 	262
f 265 	268 	267
f 268 	265 	264
f 264 	540 	269
f 262 	266 	237
f 257 	258 	228
f 264 	269 	268
f 266 	273 	239
f 271 	275 	259
f 237 	266 	239
f 262 	237 	234
f 273 	266 	1229
f 291 	288 	259
f 254 	1454 	274
f 268 	271 	270
f 268 	270 	267
f 278 	268 	269
f 336 	258 	777
f 254 	274 	272
f 274 	276 	272
f 281 	259 	275
f 274 	277 	276
f 263 	272 	276
f 268 	275 	271
f 278 	281 	268
f 273 	250 	239
f 290 	236 	232
f 283 	259 	281
f 283 	291 	259
f 284 	241 	228
f 278 	283 	281
f 275 	268 	281
f 241 	284 	282
f 273 	279 	250
f 279 	1239 	285
f 1239 	1252 	285
f 279 	285 	252
f 256 	252 	285
f 285 	1252 	287
f 1252 	1254 	287
f 285 	287 	256
f 289 	290 	232
f 288 	289 	232
f 232 	259 	288
f 286 	290 	289
f 287 	293 	256
f 286 	245 	290
f 287 	292 	293
f 294 	296 	295
f 295 	303 	294
f 300 	294 	303
f 245 	236 	290
f 296 	298 	295
f 299 	301 	296
f 228 	305 	284
f 289 	288 	286
f 278 	286 	291
f 291 	286 	288
f 300 	303 	299
f 298 	296 	301
f 292 	297 	302
f 301 	299 	303
f 4565 	2202 	2204
f 278 	291 	283
f 293 	292 	302
f 332 	302 	297
f 303 	295 	304
f 303 	304 	306
f 333 	284 	305
f 309 	310 	308
f 307 	308 	310
f 311 	308 	307
f 311 	307 	312
f 315 	316 	314
f 313 	314 	316
f 1297 	815 	297
f 305 	228 	258
f 249 	218 	215
f 312 	315 	311
f 314 	311 	315
f 313 	1527 	314
f 317 	318 	313
f 317 	313 	316
f 297 	815 	332
f 284 	333 	319
f 320 	321 	318
f 320 	318 	317
f 314 	1527 	311
f 540 	265 	253
f 322 	323 	321
f 322 	321 	320
f 293 	302 	3773
f 323 	1527 	321
f 324 	325 	323
f 324 	323 	322
f 324 	327 	325
f 326 	325 	327
f 325 	1527 	323
f 326 	1527 	325
f 330 	331 	329
f 328 	329 	331
f 3524 	3526 	2425
f 327 	330 	326
f 329 	326 	330
f 318 	321 	1527
f 329 	1527 	326
f 328 	1527 	329
f 334 	335 	328
f 334 	328 	331
f 3518 	2421 	2420
f 335 	1527 	328
f 337 	338 	335
f 337 	335 	334
f 337 	340 	338
f 339 	338 	340
f 339 	1527 	338
f 343 	344 	342
f 341 	342 	344
f 340 	343 	339
f 342 	339 	343
f 338 	1527 	335
f 345 	346 	341
f 345 	341 	344
f 305 	258 	336
f 339 	342 	1527
f 342 	341 	1527
f 1527 	341 	346
f 346 	348 	1527
f 354 	1526 	349
f 347 	348 	346
f 347 	346 	345
f 351 	352 	350
f 349 	350 	352
f 351 	350 	348
f 351 	348 	347
f 350 	1527 	348
f 2428 	3529 	3528
f 353 	354 	349
f 353 	349 	352
f 333 	305 	336
f 355 	356 	354
f 355 	354 	353
f 349 	1527 	350
f 357 	358 	356
f 357 	356 	355
f 333 	336 	319
f 356 	1526 	354
f 357 	360 	358
f 359 	358 	360
f 358 	1526 	356
f 359 	1526 	358
f 367 	269 	540
f 3476 	2475 	3477
f 363 	364 	362
f 361 	362 	364
f 2263 	4602 	4601
f 367 	594 	370
f 363 	362 	359
f 363 	359 	360
f 365 	366 	361
f 365 	361 	364
f 1526 	361 	366
f 368 	369 	366
f 368 	366 	365
f 1526 	366 	369
f 371 	372 	369
f 371 	369 	368
f 2480 	3482 	2482
f 375 	376 	374
f 373 	374 	376
f 375 	374 	372
f 375 	372 	371
f 370 	278 	367
f 269 	367 	278
f 336 	777 	379
f 377 	3282 	381
f 378 	3282 	377
f 373 	1526 	374
f 385 	387 	373
f 385 	373 	376
f 380 	381 	3282
f 385 	389 	387
f 388 	387 	389
f 372 	1526 	369
f 382 	3282 	390
f 393 	388 	392
f 389 	392 	388
f 372 	374 	1526
f 395 	396 	393
f 395 	393 	392
f 396 	1526 	393
f 394 	391 	3282
f 400 	401 	399
f 398 	399 	401
f 391 	390 	3282
f 384 	380 	3282
f 382 	384 	3282
f 400 	399 	396
f 400 	396 	395
f 399 	1526 	396
f 398 	1526 	399
f 406 	407 	405
f 404 	405 	407
f 406 	405 	398
f 406 	398 	401
f 246 	240 	403
f 402 	379 	781
f 405 	1526 	398
f 408 	409 	404
f 408 	404 	407
f 408 	413 	409
f 412 	409 	413
f 388 	393 	1526
f 409 	1526 	404
f 412 	1526 	409
f 417 	418 	416
f 415 	416 	418
f 413 	417 	412
f 416 	412 	417
f 416 	1526 	412
f 415 	1526 	416
f 402 	784 	411
f 3484 	2483 	3485
f 419 	420 	415
f 419 	415 	418
f 419 	422 	420
f 421 	420 	422
f 394 	2341 	391
f 420 	1526 	415
f 421 	1526 	420
f 424 	421 	423
f 422 	423 	421
f 423 	427 	424
f 426 	424 	427
f 3282 	425 	394
f 405 	404 	1526
f 424 	1526 	421
f 426 	1526 	424
f 429 	426 	428
f 427 	428 	426
f 428 	431 	429
f 430 	429 	431
f 435 	436 	434
f 433 	434 	436
f 397 	403 	240
f 431 	435 	430
f 434 	430 	435
f 429 	1526 	426
f 433 	1526 	434
f 438 	439 	440
f 438 	440 	442
f 370 	410 	278
f 433 	436 	439
f 440 	439 	436
f 332 	815 	441
f 434 	1526 	430
f 439 	630 	433
f 438 	630 	439
f 676 	414 	700
f 438 	442 	309
f 441 	443 	3945
f 410 	414 	278
f 676 	278 	414
f 310 	309 	442
f 447 	444 	446
f 450 	452 	449
f 448 	449 	452
f 445 	446 	444
f 453 	445 	444
f 453 	444 	451
f 448 	635 	449
f 452 	458 	448
f 455 	448 	458
f 451 	444 	454
f 458 	460 	455
f 459 	455 	460
f 437 	454 	444
f 455 	635 	448
f 459 	635 	455
f 461 	459 	463
f 460 	463 	459
f 461 	635 	459
f 820 	462 	457
f 466 	467 	465
f 464 	465 	467
f 463 	466 	461
f 465 	461 	466
f 457 	462 	3947
f 464 	635 	465
f 467 	469 	464
f 468 	464 	469
f 2486 	3489 	2488
f 469 	471 	468
f 470 	468 	471
f 465 	635 	461
f 470 	635 	468
f 476 	477 	475
f 474 	475 	477
f 475 	470 	476
f 476 	470 	471
f 475 	635 	470
f 474 	635 	475
f 447 	472 	444
f 479 	480 	474
f 479 	474 	477
f 480 	635 	474
f 235 	383 	240
f 481 	482 	480
f 481 	480 	479
f 444 	472 	3458
f 145 	147 	487
f 485 	486 	484
f 483 	484 	486
f 148 	145 	495
f 386 	383 	235
f 485 	484 	482
f 485 	482 	481
f 494 	635 	483
f 383 	397 	240
f 483 	486 	491
f 489 	491 	486
f 3458 	3459 	444
f 487 	488 	495
f 492 	491 	489
f 492 	489 	493
f 386 	235 	245
f 484 	483 	635
f 483 	491 	494
f 492 	494 	491
f 500 	521 	487
f 503 	504 	502
f 501 	502 	504
f 521 	517 	487
f 490 	500 	487
f 497 	503 	496
f 502 	496 	503
f 502 	501 	615
f 499 	437 	3288
f 444 	3288 	437
f 507 	508 	501
f 507 	501 	504
f 506 	498 	3288
f 498 	499 	3288
f 488 	487 	517
f 511 	512 	508
f 511 	508 	507
f 510 	505 	3288
f 505 	506 	3288
f 511 	515 	512
f 514 	512 	515
f 676 	286 	278
f 522 	521 	500
f 509 	510 	3288
f 456 	386 	245
f 456 	245 	286
f 513 	509 	3288
f 516 	513 	3288
f 524 	525 	523
f 518 	523 	525
f 519 	516 	3288
f 526 	521 	545
f 550 	545 	521
f 520 	249 	215
f 526 	517 	521
f 515 	524 	514
f 523 	514 	524
f 1295 	557 	520
f 528 	529 	518
f 528 	518 	525
f 253 	520 	540
f 533 	534 	532
f 531 	532 	534
f 533 	532 	529
f 533 	529 	528
f 367 	540 	594
f 523 	518 	615
f 532 	635 	529
f 522 	539 	521
f 535 	536 	531
f 535 	531 	534
f 535 	538 	536
f 537 	536 	538
f 521 	539 	550
f 518 	529 	615
f 531 	635 	532
f 536 	635 	531
f 537 	635 	536
f 410 	370 	594
f 449 	537 	450
f 2323 	4642 	2322
f 538 	450 	537
f 449 	635 	537
f 614 	633 	520
f 541 	544 	542
f 543 	542 	544
f 547 	543 	546
f 4647 	4645 	2332
f 546 	543 	544
f 547 	615 	543
f 553 	554 	552
f 551 	552 	554
f 556 	2321 	519
f 551 	615 	552
f 550 	555 	574
f 614 	520 	557
f 553 	552 	547
f 553 	547 	546
f 615 	547 	552
f 545 	550 	549
f 554 	561 	551
f 560 	551 	561
f 548 	4774 	530
f 556 	3288 	558
f 561 	563 	560
f 562 	560 	563
f 562 	615 	560
f 551 	560 	615
f 550 	539 	555
f 565 	562 	566
f 563 	566 	562
f 565 	615 	562
f 569 	570 	568
f 567 	568 	570
f 567 	615 	568
f 566 	569 	565
f 568 	565 	569
f 583 	589 	550
f 568 	615 	565
f 550 	574 	583
f 570 	573 	567
f 572 	567 	573
f 572 	615 	567
f 549 	550 	589
f 573 	577 	572
f 575 	572 	577
f 558 	3288 	378
f 575 	615 	572
f 574 	588 	583
f 577 	580 	575
f 579 	575 	580
f 580 	582 	579
f 581 	579 	582
f 575 	579 	615
f 581 	615 	579
f 586 	587 	585
f 584 	585 	587
f 556 	519 	3288
f 584 	615 	585
f 585 	581 	586
f 582 	586 	581
f 540 	639 	640
f 583 	595 	589
f 585 	615 	581
f 587 	591 	584
f 590 	584 	591
f 591 	593 	590
f 592 	590 	593
f 613 	595 	583
f 540 	672 	594
f 496 	592 	497
f 593 	497 	592
f 590 	615 	584
f 596 	597 	598
f 596 	598 	599
f 600 	601 	597
f 598 	597 	601
f 596 	609 	597
f 588 	602 	583
f 603 	604 	596
f 603 	596 	599
f 604 	609 	596
f 605 	606 	604
f 605 	604 	603
f 610 	608 	602
f 600 	597 	609
f 606 	615 	604
f 605 	541 	606
f 542 	606 	541
f 571 	578 	4777
f 543 	615 	542
f 542 	615 	606
f 609 	604 	615
f 592 	615 	590
f 1526 	615 	294
f 608 	613 	583
f 1526 	630 	615
f 633 	639 	520
f 608 	607 	613
f 612 	616 	611
f 583 	602 	608
f 607 	608 	619
f 618 	611 	616
f 610 	617 	608
f 621 	623 	620
f 627 	626 	617
f 620 	623 	622
f 592 	496 	615
f 496 	502 	615
f 615 	501 	508
f 615 	508 	512
f 512 	514 	615
f 514 	523 	615
f 468 	635 	464
f 482 	635 	480
f 494 	492 	624
f 493 	624 	492
f 564 	614 	557
f 600 	609 	601
f 628 	601 	609
f 629 	630 	631
f 629 	631 	632
f 540 	520 	639
f 644 	664 	540
f 625 	619 	626
f 309 	631 	438
f 308 	1527 	309
f 311 	1527 	308
f 631 	630 	438
f 1526 	433 	630
f 626 	619 	608
f 609 	630 	629
f 609 	629 	628
f 608 	617 	626
f 300 	1526 	294
f 611 	621 	620
f 609 	615 	630
f 631 	494 	624
f 631 	624 	632
f 626 	627 	636
f 615 	635 	296
f 615 	296 	294
f 643 	646 	626
f 425 	2341 	394
f 696 	4780 	576
f 643 	626 	636
f 621 	611 	618
f 564 	633 	614
f 645 	643 	636
f 625 	626 	646
f 644 	540 	640
f 768 	2342 	425
f 664 	672 	540
f 410 	594 	414
f 643 	642 	646
f 578 	571 	816
f 564 	559 	633
f 641 	622 	637
f 645 	651 	643
f 644 	640 	559
f 640 	639 	559
f 639 	633 	559
f 648 	622 	641
f 654 	622 	648
f 642 	643 	661
f 672 	692 	594
f 669 	666 	651
f 666 	668 	991
f 664 	644 	559
f 666 	669 	668
f 654 	658 	622
f 666 	671 	661
f 643 	666 	661
f 643 	651 	666
f 664 	559 	657
f 672 	664 	657
f 638 	637 	622
f 499 	2439 	437
f 681 	738 	682
f 674 	679 	675
f 622 	658 	677
f 678 	622 	677
f 674 	675 	213
f 210 	213 	675
f 620 	622 	680
f 690 	691 	679
f 682 	3975 	681
f 675 	679 	691
f 687 	693 	686
f 685 	686 	693
f 699 	594 	692
f 688 	685 	693
f 576 	829 	696
f 414 	594 	700
f 687 	694 	693
f 692 	672 	657
f 689 	620 	684
f 691 	690 	697
f 594 	699 	700
f 704 	705 	697
f 4781 	696 	695
f 862 	863 	638
f 637 	638 	863
f 657 	676 	692
f 863 	864 	637
f 641 	637 	864
f 700 	699 	676
f 864 	867 	641
f 699 	692 	676
f 652 	653 	1568
f 654 	868 	658
f 676 	1093 	456
f 691 	697 	705
f 456 	286 	676
f 705 	704 	709
f 682 	701 	702
f 701 	683 	702
f 557 	1295 	712
f 711 	612 	707
f 877 	878 	711
f 712 	564 	557
f 878 	670 	711
f 878 	884 	670
f 673 	670 	884
f 703 	707 	612
f 715 	714 	709
f 884 	862 	673
f 638 	673 	862
f 705 	709 	714
f 670 	612 	711
f 715 	717 	714
f 872 	677 	658
f 718 	720 	716
f 708 	693 	710
f 694 	710 	693
f 706 	693 	722
f 708 	722 	693
f 723 	729 	612
f 726 	734 	725
f 727 	725 	734
f 728 	727 	734
f 703 	612 	729
f 730 	728 	734
f 731 	730 	734
f 706 	731 	734
f 706 	734 	693
f 734 	726 	747
f 910 	735 	907
f 738 	733 	748
f 701 	682 	738
f 716 	737 	718
f 659 	1577 	663
f 742 	718 	737
f 739 	620 	736
f 743 	724 	742
f 748 	733 	741
f 724 	743 	732
f 724 	718 	742
f 738 	748 	749
f 749 	683 	738
f 745 	743 	775
f 662 	663 	1577
f 745 	732 	743
f 747 	746 	734
f 241 	233 	85
f 85 	168 	241
f 752 	241 	168
f 751 	3273 	750
f 3273 	734 	750
f 752 	168 	155
f 746 	750 	734
f 109 	1725 	110
f 753 	3273 	756
f 754 	3273 	753
f 755 	756 	3273
f 701 	738 	683
f 755 	3273 	760
f 741 	769 	748
f 748 	769 	749
f 759 	760 	3273
f 762 	759 	3273
f 258 	155 	208
f 761 	762 	3273
f 766 	611 	763
f 3273 	3275 	734
f 155 	258 	752
f 767 	611 	766
f 3282 	768 	425
f 765 	742 	758
f 763 	611 	757
f 772 	611 	767
f 769 	683 	749
f 742 	765 	743
f 758 	742 	737
f 744 	611 	772
f 764 	788 	775
f 769 	702 	683
f 764 	775 	765
f 656 	1577 	660
f 777 	258 	208
f 775 	743 	765
f 774 	620 	740
f 776 	620 	774
f 769 	773 	702
f 745 	775 	779
f 3273 	754 	778
f 217 	781 	777
f 781 	379 	777
f 778 	770 	3273
f 771 	3282 	770
f 3273 	770 	3282
f 771 	768 	3282
f 784 	781 	798
f 402 	781 	784
f 649 	1568 	653
f 787 	411 	784
f 786 	789 	790
f 757 	611 	780
f 786 	790 	788
f 788 	779 	775
f 790 	779 	788
f 648 	641 	867
f 649 	650 	1568
f 867 	868 	648
f 872 	658 	868
f 108 	1722 	104
f 873 	875 	703
f 1714 	127 	126
f 783 	793 	929
f 794 	4745 	792
f 680 	889 	684
f 899 	900 	744
f 208 	217 	777
f 733 	855 	800
f 92 	4753 	795
f 659 	660 	1577
f 781 	217 	798
f 800 	741 	733
f 741 	800 	769
f 801 	799 	805
f 805 	806 	801
f 801 	4760 	799
f 662 	1583 	667
f 804 	4762 	801
f 784 	798 	802
f 802 	803 	787
f 804 	4764 	4762
f 792 	4764 	804
f 801 	4762 	4760
f 924 	957 	785
f 792 	804 	807
f 791 	787 	803
f 802 	787 	784
f 783 	924 	785
f 796 	958 	797
f 911 	793 	782
f 1718 	105 	1720
f 684 	891 	689
f 1714 	126 	1718
f 735 	910 	736
f 914 	739 	912
f 815 	817 	441
f 739 	914 	740
f 441 	817 	443
f 110 	1724 	107
f 740 	919 	774
f 757 	922 	763
f 806 	804 	801
f 787 	432 	411
f 818 	457 	443
f 807 	804 	806
f 787 	791 	432
f 808 	792 	807
f 677 	885 	678
f 810 	794 	808
f 1732 	7 	1733
f 887 	680 	678
f 792 	808 	794
f 823 	478 	473
f 7 	1732 	5
f 1731 	5 	1732
f 722 	2266 	706
f 1731 	4 	5
f 744 	772 	899
f 9 	1733 	7
f 12 	1734 	14
f 15 	1735 	12
f 1734 	12 	1735
f 703 	729 	873
f 1737 	17 	16
f 527 	478 	825
f 795 	794 	810
f 17 	1736 	15
f 811 	795 	810
f 16 	4814 	1740
f 1740 	4813 	1741
f 4812 	1741 	4813
f 4815 	1742 	4812
f 736 	912 	739
f 919 	740 	914
f 824 	68 	811
f 1745 	3791 	1866
f 68 	92 	811
f 833 	837 	634
f 811 	92 	795
f 837 	733 	634
f 774 	939 	776
f 791 	530 	432
f 812 	745 	779
f 944 	780 	776
f 813 	732 	745
f 791 	809 	530
f 780 	945 	757
f 812 	813 	745
f 732 	813 	54
f 1299 	817 	815
f 812 	799 	813
f 805 	799 	812
f 814 	809 	1300
f 443 	817 	818
f 814 	548 	809
f 813 	799 	60
f 877 	711 	707
f 4760 	60 	799
f 813 	60 	54
f 818 	820 	457
f 530 	809 	548
f 816 	571 	814
f 3782 	1983 	1982
f 814 	571 	548
f 820 	821 	462
f 819 	810 	808
f 822 	810 	819
f 821 	823 	473
f 827 	578 	816
f 753 	2307 	754
f 824 	811 	822
f 821 	473 	462
f 680 	887 	889
f 891 	684 	889
f 822 	811 	810
f 750 	2292 	751
f 190 	185 	848
f 713 	836 	719
f 825 	478 	823
f 828 	806 	826
f 806 	805 	826
f 763 	926 	766
f 1308 	827 	816
f 827 	576 	578
f 927 	932 	766
f 932 	935 	767
f 899 	772 	935
f 830 	695 	696
f 830 	696 	829
f 828 	856 	831
f 576 	827 	829
f 829 	1313 	830
f 833 	527 	825
f 831 	807 	828
f 831 	808 	807
f 723 	721 	902
f 900 	902 	721
f 828 	807 	806
f 860 	819 	857
f 907 	689 	891
f 689 	907 	735
f 912 	736 	910
f 926 	763 	922
f 927 	766 	926
f 944 	776 	939
f 830 	834 	695
f 654 	648 	868
f 698 	834 	832
f 833 	634 	527
f 713 	698 	832
f 834 	698 	695
f 713 	832 	836
f 835 	719 	836
f 733 	837 	855
f 1568 	650 	647
f 831 	857 	819
f 721 	744 	900
f 831 	819 	808
f 844 	841 	839
f 1430 	839 	841
f 847 	824 	840
f 846 	843 	839
f 840 	824 	822
f 845 	846 	839
f 838 	845 	839
f 774 	919 	939
f 842 	769 	800
f 578 	576 	4779
f 847 	185 	824
f 576 	4780 	4779
f 769 	842 	898
f 838 	839 	849
f 696 	4781 	4780
f 773 	769 	898
f 848 	185 	847
f 839 	850 	849
f 851 	190 	848
f 850 	839 	852
f 796 	785 	957
f 796 	957 	958
f 851 	206 	190
f 783 	929 	924
f 4784 	698 	713
f 202 	206 	851
f 851 	848 	1122
f 902 	904 	723
f 855 	837 	1355
f 48 	853 	854
f 1577 	1582 	662
f 202 	851 	1128
f 202 	1128 	1132
f 1132 	215 	202
f 842 	800 	855
f 772 	767 	935
f 965 	858 	855
f 48 	31 	853
f 831 	856 	857
f 862 	623 	863
f 866 	855 	865
f 858 	865 	855
f 1583 	665 	667
f 859 	866 	865
f 947 	936 	861
f 864 	623 	867
f 2550 	1519 	870
f 882 	842 	855
f 869 	870 	1519
f 840 	860 	1173
f 866 	859 	898
f 861 	930 	854
f 865 	858 	859
f 872 	868 	623
f 885 	872 	623
f 840 	822 	860
f 822 	819 	860
f 714 	717 	876
f 707 	703 	875
f 881 	876 	717
f 707 	875 	877
f 875 	873 	616
f 854 	65 	48
f 877 	875 	616
f 882 	855 	866
f 888 	886 	883
f 881 	883 	876
f 773 	898 	874
f 880 	2550 	879
f 878 	616 	884
f 877 	616 	878
f 937 	930 	861
f 2132 	2550 	880
f 870 	879 	2550
f 876 	883 	886
f 872 	885 	677
f 987 	861 	3949
f 874 	782 	773
f 887 	678 	885
f 655 	1572 	656
f 987 	947 	861
f 1574 	1576 	656
f 887 	885 	623
f 842 	882 	898
f 898 	882 	866
f 895 	790 	789
f 931 	854 	930
f 789 	890 	895
f 943 	790 	895
f 898 	1383 	874
f 3938 	3948 	861
f 888 	903 	886
f 854 	950 	65
f 931 	950 	854
f 729 	723 	904
f 886 	903 	909
f 897 	894 	2132
f 729 	904 	873
f 913 	909 	903
f 873 	904 	616
f 902 	616 	904
f 905 	917 	2132
f 906 	905 	2132
f 890 	908 	895
f 880 	906 	2132
f 890 	901 	908
f 1583 	662 	1582
f 782 	874 	911
f 910 	907 	621
f 912 	910 	621
f 916 	897 	2132
f 909 	913 	918
f 912 	621 	914
f 917 	916 	2132
f 933 	925 	918
f 919 	914 	621
f 856 	901 	915
f 871 	1519 	920
f 923 	921 	1519
f 921 	920 	1519
f 909 	918 	925
f 926 	922 	618
f 767 	766 	932
f 927 	926 	618
f 856 	908 	901
f 933 	934 	925
f 932 	927 	618
f 828 	908 	856
f 937 	861 	936
f 925 	938 	3085
f 3085 	3081 	925
f 3081 	3082 	925
f 935 	932 	618
f 915 	1360 	857
f 915 	857 	856
f 911 	1395 	929
f 925 	934 	956
f 941 	931 	930
f 930 	937 	941
f 956 	942 	925
f 938 	925 	942
f 943 	779 	790
f 618 	944 	621
f 812 	779 	943
f 945 	780 	944
f 895 	908 	826
f 936 	941 	937
f 922 	757 	945
f 939 	621 	944
f 826 	943 	895
f 620 	739 	740
f 780 	611 	776
f 826 	805 	943
f 805 	812 	943
f 939 	919 	621
f 828 	826 	908
f 947 	941 	936
f 946 	983 	949
f 951 	948 	953
f 941 	950 	931
f 2175 	2172 	879
f 949 	951 	952
f 869 	2175 	870
f 678 	680 	622
f 680 	684 	620
f 689 	735 	620
f 735 	736 	620
f 953 	954 	951
f 911 	929 	793
f 956 	934 	955
f 940 	942 	956
f 987 	989 	947
f 891 	621 	907
f 891 	889 	621
f 623 	621 	889
f 889 	887 	623
f 956 	955 	959
f 956 	959 	962
f 962 	970 	956
f 673 	638 	612
f 622 	612 	638
f 967 	968 	1295
f 868 	867 	623
f 864 	863 	623
f 884 	616 	862
f 940 	956 	970
f 961 	962 	959
f 559 	967 	1067
f 941 	947 	989
f 620 	776 	611
f 744 	721 	611
f 612 	611 	721
f 721 	723 	612
f 670 	673 	612
f 960 	797 	958
f 623 	862 	616
f 616 	902 	900
f 899 	618 	900
f 899 	935 	618
f 922 	945 	618
f 855 	1355 	965
f 1064 	941 	989
f 944 	618 	945
f 616 	900 	618
f 969 	1295 	968
f 962 	971 	970
f 858 	965 	859
f 961 	974 	962
f 963 	1067 	967
f 973 	978 	977
f 977 	972 	973
f 978 	975 	977
f 976 	977 	975
f 1381 	1383 	898
f 982 	983 	974
f 962 	979 	971
f 962 	974 	983
f 981 	1186 	980
f 946 	979 	983
f 1381 	898 	859
f 979 	962 	983
f 951 	949 	983
f 983 	982 	948
f 983 	948 	951
f 991 	996 	666
f 994 	991 	668
f 968 	559 	564
f 967 	559 	968
f 992 	996 	991
f 924 	929 	1411
f 671 	666 	996
f 564 	712 	969
f 1952 	3415 	4086
f 993 	1186 	990
f 968 	564 	969
f 995 	1186 	993
f 980 	1186 	995
f 1003 	1002 	1000
f 1002 	1014 	991
f 998 	977 	986
f 999 	977 	998
f 994 	1000 	991
f 1002 	1003 	1004
f 1001 	977 	999
f 1006 	977 	1001
f 997 	194 	186
f 997 	1007 	194
f 1009 	1081 	1005
f 1017 	977 	1006
f 1007 	1011 	194
f 1007 	1010 	1011
f 991 	1000 	1002
f 1011 	200 	194
f 992 	991 	1014
f 1002 	1008 	1014
f 1015 	1009 	4019
f 2164 	2158 	916
f 1010 	1018 	1011
f 1011 	203 	200
f 1011 	1018 	203
f 1110 	383 	386
f 1020 	1021 	1016
f 972 	977 	1023
f 615 	529 	635
f 482 	484 	635
f 635 	494 	631
f 309 	1527 	631
f 318 	1527 	313
f 635 	631 	1527
f 1025 	1023 	1147
f 1021 	1022 	1019
f 1018 	211 	203
f 1028 	10 	6
f 1105 	1104 	1041
f 1966 	3797 	1971
f 6 	1130 	1028
f 1021 	1020 	1039
f 1040 	1039 	1020
f 1007 	10 	1028
f 1039 	1038 	1021
f 1022 	1021 	1038
f 1039 	1040 	1041
f 1031 	3875 	1029
f 1007 	1028 	1010
f 1043 	1185 	1042
f 1045 	1038 	1039
f 1013 	1185 	1043
f 1982 	3783 	3782
f 1016 	1021 	1004
f 1004 	1021 	1002
f 1021 	1019 	1002
f 1028 	1046 	1010
f 65 	950 	1054
f 1008 	1002 	1019
f 1055 	972 	1052
f 1054 	1056 	65
f 193 	65 	1056
f 941 	1058 	1054
f 1054 	950 	941
f 1055 	1156 	1057
f 1056 	1054 	1058
f 1034 	1052 	972
f 941 	1064 	1058
f 1157 	1158 	1057
f 193 	1056 	1058
f 1029 	1637 	1031
f 1065 	972 	1060
f 1064 	208 	1058
f 1062 	1066 	1073
f 989 	1069 	1064
f 1068 	1161 	1070
f 665 	1585 	1072
f 1069 	989 	1005
f 963 	964 	1067
f 1162 	1163 	1070
f 1069 	217 	1064
f 1067 	657 	559
f 1107 	1104 	1073
f 1081 	1069 	1005
f 1092 	657 	1067
f 1064 	217 	208
f 1069 	798 	217
f 1046 	1061 	1010
f 1074 	1185 	1070
f 1046 	1059 	1061
f 1090 	1185 	1084
f 1087 	1094 	1095
f 1061 	1018 	1010
f 1080 	1185 	1074
f 1080 	1084 	1185
f 1042 	1185 	1090
f 1096 	1097 	1094
f 1087 	952 	951
f 1087 	951 	1094
f 981 	980 	1123
f 951 	954 	1094
f 1096 	1094 	954
f 1126 	984 	981
f 1098 	1062 	1063
f 1127 	985 	1126
f 984 	1126 	985
f 1095 	1094 	1098
f 1062 	1098 	1094
f 1094 	1097 	1062
f 1066 	1062 	1097
f 985 	1127 	1129
f 985 	1129 	986
f 1059 	1099 	1061
f 1092 	1093 	676
f 1081 	798 	1069
f 986 	1129 	998
f 1015 	1101 	1009
f 988 	1012 	1131
f 1015 	1108 	1101
f 988 	1131 	990
f 1101 	1081 	1009
f 1104 	1105 	1103
f 993 	1135 	995
f 1101 	802 	1081
f 1106 	1061 	1099
f 1099 	1112 	1106
f 1102 	1104 	1107
f 1099 	1111 	1112
f 1039 	1041 	1104
f 1061 	1106 	1018
f 1045 	1039 	1102
f 1104 	1102 	1039
f 1018 	1106 	211
f 1063 	1062 	1103
f 1104 	1103 	1062
f 1062 	1073 	1104
f 1024 	1113 	1108
f 1081 	802 	798
f 1108 	1015 	1024
f 1071 	1648 	1076
f 1106 	1112 	214
f 81 	80 	246
f 1012 	1145 	1131
f 3722 	1988 	3723
f 1147 	1023 	1017
f 1100 	383 	1110
f 1088 	1661 	1091
f 1111 	1120 	1114
f 1150 	1034 	1025
f 1109 	386 	456
f 1111 	1114 	1112
f 1113 	1116 	1300
f 1112 	220 	214
f 1152 	1043 	1042
f 1994 	3725 	1995
f 1152 	1144 	1043
f 1100 	1119 	397
f 397 	383 	1100
f 220 	1112 	1114
f 1110 	386 	1109
f 1109 	456 	1093
f 980 	995 	1123
f 1114 	1115 	222
f 1092 	676 	657
f 1139 	1140 	998
f 1115 	260 	222
f 1114 	222 	220
f 1213 	1116 	1113
f 1013 	1144 	1012
f 1109 	1334 	1110
f 1115 	1212 	260
f 1025 	1147 	1149
f 1025 	1149 	1150
f 1119 	1118 	403
f 1119 	403 	397
f 3717 	2016 	3715
f 1013 	1043 	1144
f 1150 	1154 	1034
f 1052 	1034 	1154
f 1052 	1154 	1055
f 1156 	1055 	1154
f 1157 	1057 	1156
f 1060 	1057 	1158
f 246 	403 	90
f 1160 	1065 	1158
f 1060 	1158 	1065
f 1065 	1160 	1161
f 1065 	1161 	1068
f 81 	246 	90
f 1162 	1070 	1161
f 1074 	1070 	1163
f 1164 	1080 	1163
f 1074 	1163 	1080
f 1080 	1164 	1084
f 1084 	1165 	1090
f 1120 	1121 	1115
f 1120 	1115 	1114
f 1123 	1125 	981
f 90 	403 	89
f 1175 	1122 	848
f 1126 	981 	1125
f 1125 	1123 	1183
f 1137 	1183 	1123
f 1183 	978 	1126
f 1129 	978 	1139
f 1127 	1126 	978
f 851 	1122 	1128
f 1131 	1134 	990
f 1130 	1046 	1028
f 993 	990 	1135
f 1134 	1135 	990
f 1133 	1046 	1130
f 1137 	995 	1135
f 1134 	1183 	1135
f 995 	1137 	1123
f 1133 	1059 	1046
f 1137 	1135 	1183
f 1136 	215 	1132
f 1138 	1059 	1133
f 998 	1129 	1139
f 999 	998 	1140
f 1155 	1141 	1138
f 1001 	999 	1142
f 1140 	1142 	999
f 1142 	1140 	978
f 1140 	1139 	978
f 1143 	1006 	1142
f 1001 	1142 	1006
f 1138 	1141 	1059
f 1143 	1142 	978
f 1141 	1099 	1059
f 1012 	1144 	1145
f 3327 	3329 	2056
f 1141 	1111 	1099
f 1145 	1144 	1183
f 1017 	1006 	1146
f 1143 	1146 	1006
f 35 	52 	1133
f 1147 	1017 	1146
f 520 	215 	1136
f 1148 	52 	50
f 978 	973 	1147
f 50 	55 	1148
f 1044 	1661 	1048
f 99 	89 	403
f 1148 	1138 	52
f 55 	1153 	1148
f 1136 	1132 	1206
f 1153 	1155 	1148
f 1150 	973 	1154
f 1149 	973 	1150
f 1148 	1155 	1138
f 1042 	1090 	1151
f 1133 	52 	1138
f 1042 	1151 	1152
f 1152 	1151 	1182
f 1153 	1159 	1155
f 1154 	973 	1156
f 1156 	973 	1157
f 920 	2176 	871
f 1291 	1218 	1314
f 1160 	1158 	973
f 1168 	1155 	1159
f 99 	403 	1118
f 3231 	2040 	2036
f 1162 	1161 	1182
f 973 	1182 	1161
f 2155 	2154 	892
f 1164 	1165 	1084
f 1163 	1162 	1182
f 1166 	1090 	1165
f 1165 	1164 	1182
f 1164 	1163 	1182
f 1090 	1166 	1151
f 1155 	1168 	1141
f 1141 	1168 	1111
f 1166 	1165 	1182
f 1161 	1160 	973
f 1168 	1120 	1111
f 2056 	2053 	3327
f 1185 	972 	1068
f 1051 	1669 	1027
f 1159 	1172 	1168
f 1031 	1637 	1030
f 1068 	1070 	1185
f 1157 	973 	1158
f 99 	1118 	102
f 1149 	1147 	973
f 978 	1147 	1146
f 1146 	1143 	978
f 1168 	1172 	1120
f 972 	1057 	1060
f 1065 	1068 	972
f 840 	1173 	1174
f 1172 	1121 	1120
f 1017 	1023 	977
f 972 	1023 	1025
f 1034 	972 	1025
f 1057 	972 	1055
f 1174 	847 	840
f 1177 	976 	975
f 1174 	1175 	847
f 1049 	1667 	1053
f 1129 	1127 	978
f 1126 	1125 	1183
f 1121 	1172 	1176
f 1186 	977 	976
f 1122 	1175 	1387
f 981 	984 	1186
f 977 	1186 	984
f 977 	984 	985
f 985 	986 	977
f 975 	1178 	1177
f 1151 	1166 	1182
f 1175 	848 	847
f 1176 	1124 	1121
f 1176 	1179 	1124
f 1202 	117 	1118
f 1134 	1131 	1183
f 1131 	1145 	1183
f 1182 	1183 	1144
f 1152 	1182 	1144
f 1128 	1197 	1132
f 1186 	976 	1177
f 1185 	1013 	1186
f 1013 	1012 	1186
f 1012 	988 	1186
f 988 	990 	1186
f 1189 	1191 	1188
f 686 	2249 	687
f 1172 	1159 	1187
f 1190 	1188 	1191
f 102 	1118 	117
f 1187 	1176 	1172
f 1192 	1176 	1187
f 1193 	1194 	1196
f 1122 	1387 	1195
f 4267 	1179 	1192
f 1196 	1194 	1198
f 1192 	1179 	1176
f 1195 	1197 	1128
f 1184 	1317 	1170
f 4267 	1199 	1179
f 1201 	1200 	1204
f 1200 	1203 	1204
f 1195 	1128 	1122
f 1869 	3793 	1962
f 1208 	1210 	1209
f 3795 	1963 	3796
f 1211 	1209 	1210
f 1197 	1206 	1132
f 1206 	1516 	1240
f 1193 	1208 	1209
f 1193 	1209 	1194
f 123 	117 	1202
f 1121 	1212 	1115
f 1213 	1024 	4021
f 1188 	1200 	1201
f 1121 	1124 	1212
f 4020 	1024 	1015
f 1189 	1188 	1201
f 1191 	1204 	1190
f 1203 	1190 	1204
f 1113 	1024 	1213
f 1124 	1179 	1214
f 1077 	1078 	1650
f 1179 	1199 	1214
f 1220 	1116 	1213
f 1124 	1214 	1215
f 1136 	1206 	1218
f 1215 	1212 	1124
f 261 	1212 	1215
f 1214 	1225 	1215
f 1220 	1117 	1116
f 1223 	1230 	1169
f 1265 	1206 	1241
f 1214 	1222 	1225
f 1223 	1169 	1117
f 1224 	1203 	1221
f 1223 	1117 	1220
f 1222 	1261 	1229
f 1228 	1203 	1227
f 1222 	1229 	1225
f 1225 	1229 	266
f 1203 	1228 	1216
f 3715 	2013 	3716
f 273 	1229 	1231
f 1292 	1167 	1218
f 1203 	1236 	1235
f 1085 	1656 	1089
f 1240 	1241 	1206
f 1240 	1516 	1244
f 1231 	279 	273
f 1047 	1667 	1050
f 1231 	1263 	1239
f 1202 	1232 	123
f 1244 	1603 	1247
f 1248 	1236 	1200
f 1203 	1200 	1236
f 1231 	1239 	279
f 1249 	1340 	1245
f 1255 	1190 	1253
f 141 	131 	1232
f 131 	123 	1232
f 1256 	1190 	1255
f 1250 	1247 	1246
f 1199 	1222 	1214
f 1250 	1241 	1240
f 1240 	1244 	1250
f 1244 	1247 	1250
f 1218 	1206 	1265
f 146 	141 	1267
f 1266 	1218 	1265
f 2196 	2194 	2378
f 1266 	1268 	1218
f 1261 	1231 	1229
f 1232 	1267 	141
f 2200 	2197 	2386
f 1261 	1263 	1231
f 1082 	1656 	1086
f 1264 	1188 	1262
f 1274 	1218 	1268
f 2346 	2207 	2351
f 1219 	1414 	1270
f 146 	1267 	147
f 1401 	1251 	1415
f 1239 	1263 	1269
f 1241 	1250 	1265
f 1265 	1250 	1266
f 1252 	1239 	1269
f 1250 	1268 	1266
f 1205 	1238 	1272
f 1342 	1218 	1274
f 1272 	1271 	1207
f 1272 	1207 	1205
f 1075 	1650 	1078
f 1472 	1422 	1237
f 1423 	1224 	1221
f 4096 	1242 	1234
f 1224 	1423 	1226
f 1275 	1222 	1199
f 4087 	1233 	1230
f 1226 	1425 	1227
f 1275 	1276 	1261
f 1274 	1268 	1250
f 1275 	1261 	1222
f 1276 	1263 	1261
f 1276 	1279 	1263
f 1279 	1269 	1263
f 2064 	3331 	3333
f 1282 	1283 	1200
f 1279 	1281 	1269
f 490 	147 	1285
f 1267 	1285 	147
f 1281 	1284 	1287
f 1278 	1280 	1200
f 1280 	1282 	1200
f 4129 	1259 	1242
f 1413 	1217 	1412
f 1281 	1287 	1269
f 2247 	708 	710
f 2247 	710 	2248
f 1171 	1169 	1230
f 1233 	1234 	1170
f 1170 	1171 	1233
f 1252 	1269 	1287
f 1170 	1234 	1184
f 1233 	1171 	1230
f 1238 	1180 	1259
f 1290 	1287 	1284
f 1287 	1290 	1254
f 1286 	1288 	1188
f 1188 	1289 	1273
f 1287 	1254 	1252
f 1238 	1205 	1180
f 1136 	1218 	1167
f 1242 	1181 	1184
f 1290 	1294 	1254
f 1181 	1259 	1180
f 1290 	1303 	1294
f 1181 	1242 	1259
f 1291 	1293 	1292
f 1167 	1292 	1293
f 490 	1285 	500
f 1242 	1184 	1234
f 1254 	1294 	292
f 1101 	803 	802
f 520 	1136 	1295
f 1101 	1108 	803
f 1254 	292 	287
f 963 	967 	1295
f 1296 	803 	1108
f 969 	712 	1295
f 1108 	1113 	1296
f 1304 	1305 	1295
f 1296 	791 	803
f 297 	292 	1294
f 1296 	809 	791
f 1294 	1297 	297
f 809 	1296 	1300
f 1306 	1309 	1299
f 1298 	1304 	1136
f 1295 	1136 	1304
f 1167 	1298 	1136
f 1296 	1113 	1300
f 1299 	1297 	1306
f 1293 	1298 	1167
f 1302 	1345 	1067
f 1459 	1280 	1278
f 1459 	1463 	1280
f 1323 	1093 	1092
f 1092 	1067 	1322
f 814 	1300 	1301
f 1478 	1479 	1243
f 963 	1295 	964
f 1301 	816 	814
f 1307 	966 	1295
f 1303 	1297 	1294
f 1243 	1200 	1283
f 1293 	1305 	1304
f 1293 	1304 	1298
f 1303 	1306 	1297
f 1305 	1307 	1295
f 964 	1295 	966
f 1285 	1311 	500
f 1253 	1402 	1255
f 1404 	1256 	1403
f 1302 	1067 	964
f 1256 	1404 	1257
f 1257 	1406 	1258
f 1258 	1407 	1260
f 1310 	827 	1308
f 1260 	1408 	1262
f 1262 	1409 	1264
f 2058 	2056 	3329
f 1665 	1666 	1047
f 1286 	1264 	1417
f 3329 	3328 	2058
f 1310 	829 	827
f 522 	500 	1311
f 1302 	964 	966
f 1417 	1418 	1286
f 1650 	1079 	1077
f 1302 	1307 	1305
f 1302 	1305 	1293
f 1116 	1117 	1301
f 1307 	1302 	966
f 1300 	1116 	1301
f 1301 	1117 	1308
f 1117 	1169 	1308
f 1169 	1310 	1308
f 1297 	1299 	815
f 1320 	1299 	1309
f 1310 	1171 	1313
f 1292 	1218 	1291
f 1320 	817 	1299
f 1291 	1314 	1293
f 1293 	1314 	1302
f 1320 	818 	817
f 820 	818 	1321
f 1184 	1316 	1317
f 1326 	823 	821
f 1325 	821 	820
f 2053 	3325 	3327
f 3330 	2062 	2059
f 823 	1329 	825
f 1316 	1315 	832
f 1478 	1243 	1283
f 1216 	1412 	1217
f 1414 	1219 	1413
f 1331 	1339 	833
f 1109 	1324 	1334
f 539 	522 	1311
f 834 	1317 	1316
f 3710 	2001 	3706
f 1315 	1180 	1319
f 1228 	1429 	1216
f 835 	1319 	1318
f 1431 	1277 	1273
f 1308 	816 	1301
f 829 	1310 	1313
f 3719 	3698 	2018
f 1321 	1320 	1312
f 1472 	1237 	1235
f 1320 	1321 	818
f 1248 	1243 	1479
f 834 	1316 	832
f 1479 	1465 	1248
f 1270 	1415 	1251
f 836 	832 	1315
f 1251 	1401 	1253
f 820 	1321 	1325
f 1093 	1323 	1324
f 1255 	1403 	1256
f 3252 	3251 	2030
f 1093 	1324 	1109
f 1406 	1257 	1404
f 834 	830 	1317
f 1092 	1322 	1323
f 1319 	835 	836
f 1315 	1319 	836
f 830 	1313 	1317
f 1326 	1325 	1443
f 3237 	3241 	2092
f 1169 	1171 	1310
f 1313 	1171 	1170
f 821 	1325 	1326
f 1313 	1170 	1317
f 1315 	1181 	1180
f 1326 	1329 	823
f 2036 	2035 	3225
f 1319 	1180 	1205
f 1181 	1315 	1316
f 1319 	1205 	1318
f 1330 	1336 	1333
f 1205 	1207 	1318
f 1331 	825 	1329
f 1184 	1181 	1316
f 1264 	1410 	1417
f 1357 	574 	1332
f 1334 	1324 	1462
f 1327 	1119 	1100
f 1335 	1336 	1330
f 1425 	1226 	1423
f 1328 	1327 	1100
f 1331 	833 	825
f 1327 	1338 	1119
f 1426 	1228 	1227
f 555 	539 	1332
f 1328 	1100 	1110
f 1110 	1334 	1328
f 1311 	1332 	539
f 1337 	1341 	1335
f 1337 	1344 	1341
f 209 	2569 	213
f 1338 	1118 	1119
f 1338 	1202 	1118
f 1335 	1341 	1336
f 555 	1332 	574
f 1336 	1341 	1382
f 1339 	837 	833
f 679 	674 	2569
f 1340 	1250 	1246
f 1246 	1245 	1340
f 1622 	1340 	1623
f 1342 	1346 	1218
f 1348 	1350 	1218
f 674 	213 	2569
f 1250 	1340 	1274
f 1342 	1274 	1340
f 1343 	1344 	1337
f 2310 	753 	756
f 1347 	1348 	1346
f 1348 	1218 	1346
f 1347 	1349 	1348
f 1350 	1351 	1218
f 1351 	1314 	1218
f 2314 	755 	760
f 1349 	1352 	1348
f 1348 	1353 	1350
f 1348 	1352 	1353
f 1345 	1322 	1067
f 1347 	1346 	1345
f 1340 	1345 	1346
f 1343 	1389 	1344
f 1347 	1345 	1349
f 1343 	1354 	1389
f 1350 	1353 	1345
f 1351 	1350 	1345
f 1351 	1345 	1302
f 1431 	1457 	1277
f 1349 	1345 	1352
f 1352 	1345 	1353
f 1278 	1457 	1459
f 1355 	837 	1339
f 1354 	1392 	1389
f 1463 	1464 	1282
f 1340 	1346 	1342
f 1390 	1392 	1354
f 1302 	1314 	1351
f 1322 	1345 	1624
f 1217 	1413 	1219
f 1415 	1270 	1414
f 690 	2569 	697
f 1626 	1462 	1324
f 2569 	690 	679
f 1288 	1286 	1418
f 1418 	1419 	1288
f 1362 	1355 	1356
f 574 	1357 	588
f 2569 	704 	697
f 1282 	1280 	1463
f 1235 	1471 	1472
f 1378 	1358 	1360
f 1364 	1355 	1380
f 1336 	1361 	1333
f 1355 	1362 	1380
f 1333 	1361 	1359
f 1359 	1455 	1453
f 1361 	1455 	1359
f 1382 	1361 	1336
f 704 	2569 	709
f 1360 	1358 	1173
f 516 	2318 	513
f 1358 	1363 	1173
f 965 	1355 	1364
f 1360 	860 	857
f 1360 	1173 	860
f 377 	2326 	378
f 1363 	1174 	1173
f 1363 	1365 	1174
f 965 	1364 	859
f 1365 	1175 	1174
f 911 	874 	1384
f 588 	1357 	602
f 715 	709 	2569
f 715 	2569 	717
f 1384 	1395 	911
f 1366 	1904 	1368
f 1371 	1368 	1904
f 1408 	1409 	1262
f 1410 	1264 	1409
f 1367 	1369 	901
f 890 	1367 	901
f 1373 	1374 	1904
f 693 	1904 	1374
f 2742 	1378 	1369
f 924 	1411 	1393
f 1376 	1904 	1375
f 1377 	1375 	1904
f 915 	901 	1369
f 1369 	1378 	915
f 1366 	1377 	1904
f 1372 	1904 	1376
f 1372 	1373 	1904
f 688 	693 	1374
f 1044 	1091 	1661
f 1047 	1048 	1661
f 1379 	1380 	1362
f 2219 	688 	1374
f 1379 	1364 	1380
f 1051 	1053 	1667
f 1026 	1027 	1669
f 1636 	1029 	1635
f 8 	1481 	3
f 1364 	1379 	859
f 1379 	1381 	859
f 1357 	797 	602
f 1672 	1383 	1381
f 1079 	1654 	1083
f 602 	797 	610
f 1382 	1485 	1361
f 610 	797 	617
f 1344 	1385 	1341
f 1378 	1360 	915
f 1289 	1288 	1419
f 1273 	1289 	1420
f 1341 	1385 	1382
f 1387 	1175 	1365
f 693 	734 	1386
f 1085 	1086 	1656
f 1088 	1089 	1656
f 1388 	1197 	1195
f 1384 	874 	1383
f 1391 	1197 	1388
f 162 	3 	1481
f 1419 	1420 	1289
f 165 	162 	1481
f 1206 	1197 	1391
f 1206 	1391 	1516
f 1636 	1638 	1029
f 1372 	2221 	1373
f 1032 	1637 	1033
f 1368 	2231 	1366
f 797 	960 	617
f 1049 	1050 	1667
f 627 	617 	960
f 1246 	1247 	1603
f 1245 	1246 	1603
f 1227 	1425 	1426
f 1245 	1603 	1249
f 1249 	1603 	1623
f 1396 	1397 	1390
f 1396 	1421 	1397
f 1390 	1397 	1392
f 1026 	1635 	1029
f 1032 	1030 	1637
f 1398 	1399 	1363
f 1278 	1277 	1457
f 627 	960 	636
f 1399 	1365 	1363
f 960 	1405 	636
f 1465 	1471 	1236
f 1235 	1236 	1471
f 1398 	1363 	1358
f 645 	636 	1405
f 1236 	1248 	1465
f 1400 	1365 	1399
f 1401 	1402 	1253
f 1428 	1387 	1400
f 1400 	1387 	1365
f 1403 	1255 	1402
f 1191 	1402 	1401
f 1079 	1650 	1651
f 1402 	1191 	1403
f 957 	924 	1393
f 1407 	1258 	1406
f 1656 	1658 	1088
f 1393 	1394 	957
f 1408 	1260 	1407
f 1394 	1416 	958
f 1394 	958 	957
f 1409 	1408 	1189
f 1410 	1409 	1189
f 1414 	1413 	1191
f 1413 	1412 	1191
f 1395 	1411 	929
f 1651 	1653 	1079
f 1401 	1415 	1191
f 1415 	1414 	1191
f 1410 	1189 	1417
f 645 	1405 	651
f 1416 	1405 	960
f 1416 	960 	958
f 1362 	1356 	1379
f 2189 	2398 	2401
f 2401 	2290 	2189
f 1481 	167 	172
f 2207 	2206 	2390
f 1418 	1417 	1189
f 1669 	1634 	1026
f 1221 	1422 	1423
f 1425 	1423 	1204
f 1422 	1204 	1423
f 1426 	1429 	1228
f 1648 	1649 	1075
f 1204 	1426 	1425
f 1412 	1216 	1429
f 1426 	1204 	1429
f 1427 	1447 	1449
f 1273 	1420 	1431
f 1427 	1449 	1430
f 1344 	1432 	1385
f 1428 	1195 	1387
f 1320 	1309 	1312
f 1389 	1432 	1344
f 1432 	1530 	1385
f 165 	1481 	172
f 1435 	1433 	1531
f 1312 	1434 	1321
f 1392 	1437 	1389
f 2766 	1428 	1400
f 1436 	1435 	1430
f 1531 	1430 	1435
f 1437 	1432 	1389
f 1438 	1439 	1430
f 1428 	1388 	1195
f 1440 	1430 	1442
f 1392 	1445 	1437
f 1434 	1325 	1321
f 1434 	1443 	1325
f 1397 	1445 	1392
f 1446 	1444 	1430
f 1444 	1442 	1430
f 1440 	1441 	1430
f 1441 	1438 	1430
f 1439 	1436 	1430
f 1443 	1477 	1326
f 1477 	1482 	1329
f 1329 	1326 	1477
f 1448 	1445 	1397
f 1329 	1482 	1331
f 1421 	1448 	1397
f 1448 	1543 	1445
f 1324 	1323 	1626
f 179 	1481 	181
f 176 	1481 	179
f 1421 	1452 	1448
f 1424 	1452 	1421
f 1486 	1339 	1331
f 1424 	3122 	3148
f 251 	1454 	254
f 1405 	1456 	651
f 1453 	1454 	251
f 1451 	1430 	1450
f 1647 	1648 	1071
f 1450 	1430 	1458
f 2569 	198 	1481
f 1457 	1201 	1459
f 1654 	1655 	1082
f 1283 	1282 	1464
f 1463 	1459 	1201
f 1464 	1478 	1283
f 1481 	176 	167
f 669 	651 	1456
f 669 	1456 	668
f 1355 	1466 	1356
f 1500 	1356 	1466
f 1201 	1204 	1465
f 1646 	1647 	1071
f 1469 	1328 	1467
f 1461 	1458 	1430
f 1460 	1461 	1430
f 1327 	1328 	1469
f 1468 	1327 	1469
f 1474 	1460 	1430
f 1473 	1474 	1430
f 1476 	1473 	1430
f 1221 	1237 	1422
f 1327 	1468 	1338
f 1422 	1472 	1204
f 1471 	1204 	1472
f 1475 	1476 	1430
f 843 	844 	839
f 1475 	1430 	841
f 1446 	1430 	1451
f 1467 	1328 	1334
f 1462 	1467 	1334
f 1430 	1449 	839
f 1468 	1681 	1480
f 1635 	1026 	1634
f 1468 	1480 	1338
f 1455 	1483 	1453
f 1598 	1484 	1447
f 1453 	1483 	1454
f 1082 	1083 	1654
f 1492 	274 	1454
f 1492 	1454 	1483
f 1659 	1660 	1088
f 1661 	1664 	1047
f 1361 	1485 	1455
f 938 	942 	1470
f 1455 	1487 	1483
f 1552 	1470 	942
f 1331 	1482 	1486
f 1485 	1487 	1455
f 1488 	1485 	1382
f 1382 	1385 	1488
f 1488 	1489 	1485
f 1488 	1491 	1489
f 1485 	1489 	1487
f 1487 	1489 	1494
f 1385 	1530 	1488
f 1490 	1339 	1486
f 1490 	1355 	1339
f 18 	1481 	19
f 1492 	277 	274
f 1487 	1493 	1483
f 1493 	1492 	1483
f 280 	277 	1492
f 1496 	1499 	1490
f 1493 	280 	1492
f 1493 	1487 	1494
f 942 	940 	1552
f 1489 	1495 	1494
f 1491 	1495 	1489
f 1499 	1502 	1490
f 1480 	1232 	1202
f 1480 	1202 	1338
f 1479 	1478 	1201
f 1464 	1201 	1478
f 1248 	1200 	1243
f 1237 	1203 	1235
f 58 	1481 	59
f 1471 	1465 	1204
f 1465 	1479 	1201
f 59 	1481 	26
f 1286 	1188 	1264
f 1288 	1289 	1188
f 1200 	1188 	1273
f 1200 	1273 	1277
f 1200 	1277 	1278
f 1464 	1463 	1201
f 1457 	1431 	1201
f 1201 	1431 	1420
f 1419 	1418 	1189
f 1420 	1419 	1189
f 1189 	1201 	1420
f 1495 	1491 	1498
f 1466 	1490 	1501
f 1256 	1257 	1190
f 1258 	1188 	1257
f 1190 	1257 	1188
f 1188 	1258 	1260
f 1260 	1262 	1188
f 1681 	1468 	1680
f 1407 	1189 	1408
f 1189 	1407 	1406
f 1404 	1191 	1406
f 1497 	1499 	1496
f 26 	1481 	27
f 1237 	1221 	1203
f 1203 	1224 	1226
f 1226 	1227 	1203
f 1190 	1203 	1216
f 1190 	1216 	1217
f 1190 	1217 	1219
f 1190 	1219 	1270
f 1190 	1270 	1251
f 1251 	1253 	1190
f 1468 	1469 	1680
f 1501 	1490 	1502
f 1355 	1490 	1466
f 1189 	1406 	1191
f 1404 	1403 	1191
f 1429 	1204 	1412
f 1191 	1412 	1204
f 1497 	1500 	1502
f 1198 	1211 	1196
f 1466 	1501 	1500
f 1210 	1196 	1211
f 1502 	1500 	1501
f 1388 	2767 	2771
f 1388 	2771 	1391
f 2771 	2775 	1391
f 2767 	1388 	1428
f 1379 	1356 	1500
f 1497 	1502 	1499
f 1391 	2775 	1516
f 1504 	1505 	1193
f 1505 	1503 	1193
f 1208 	1193 	1503
f 1481 	18 	27
f 1075 	1076 	1648
f 1208 	1507 	1508
f 1481 	8 	41
f 1481 	41 	40
f 1509 	1208 	1508
f 1510 	1208 	1509
f 1381 	1379 	1663
f 1667 	1047 	1666
f 1667 	1668 	1051
f 1511 	1208 	1510
f 1514 	1208 	1513
f 1518 	1614 	1506
f 47 	19 	1481
f 1515 	1208 	1514
f 1604 	1516 	1610
f 1610 	1516 	1506
f 871 	869 	1519
f 1526 	300 	299
f 1526 	299 	1527
f 635 	1527 	299
f 635 	299 	296
f 1568 	1570 	652
f 652 	1571 	655
f 949 	1560 	946
f 952 	1544 	949
f 1583 	1584 	665
f 47 	1481 	51
f 1517 	1529 	1531
f 1645 	1071 	1585
f 1430 	1531 	1529
f 1530 	1491 	1488
f 1531 	1519 	1517
f 1432 	1532 	1530
f 1519 	1534 	1535
f 1437 	1532 	1432
f 1574 	656 	1572
f 1532 	1536 	1530
f 1577 	656 	1576
f 1519 	1531 	1534
f 1533 	1534 	1531
f 1530 	1536 	1491
f 1537 	1538 	1531
f 1538 	1533 	1531
f 1539 	1537 	1531
f 1445 	1541 	1437
f 1541 	1532 	1437
f 1532 	1542 	1536
f 1541 	1542 	1532
f 1540 	1539 	1531
f 1548 	1536 	1542
f 1445 	1543 	1541
f 1549 	1542 	1541
f 1543 	1549 	1541
f 1452 	1545 	1448
f 1560 	949 	1544
f 1448 	1545 	1543
f 1543 	1553 	1549
f 1545 	1553 	1543
f 1536 	1498 	1491
f 1535 	1546 	1519
f 1546 	1547 	1519
f 928 	1519 	1547
f 1548 	1498 	1536
f 1087 	1544 	952
f 923 	1519 	928
f 1549 	1550 	1542
f 1549 	1554 	1550
f 1553 	1554 	1549
f 1548 	1542 	1550
f 1427 	1528 	1562
f 1447 	1427 	1562
f 1427 	1529 	1528
f 1529 	1427 	1430
f 1555 	1540 	1531
f 1553 	2576 	1554
f 1556 	1557 	1531
f 1557 	1555 	1531
f 1559 	1556 	1531
f 1433 	1558 	1531
f 940 	970 	1552
f 1551 	1552 	970
f 1554 	4800 	1550
f 970 	971 	1551
f 1558 	1559 	1531
f 946 	1560 	979
f 1551 	979 	1560
f 979 	1551 	971
f 1565 	1567 	647
f 1571 	652 	1570
f 1572 	655 	1571
f 1568 	647 	1567
f 1585 	665 	1584
f 1594 	1595 	1196
f 1564 	1196 	1563
f 1674 	1677 	1566
f 1569 	1196 	1566
f 1677 	1678 	1569
f 1193 	1196 	1573
f 1579 	1193 	1578
f 1580 	1193 	1579
f 1587 	1193 	1580
f 1715 	1716 	1507
f 1719 	1510 	1509
f 994 	668 	1586
f 1721 	1511 	1719
f 1510 	1719 	1511
f 1750 	1513 	1721
f 1456 	1586 	668
f 1589 	1210 	1588
f 1590 	1210 	1589
f 1591 	1210 	1590
f 1586 	1596 	1000
f 1592 	1210 	1591
f 1593 	1196 	1581
f 994 	1586 	1000
f 1594 	1196 	1593
f 1563 	1196 	1595
f 1587 	1580 	1693
f 1686 	1503 	1505
f 2900 	2788 	1698
f 1527 	349 	1526
f 1526 	359 	362
f 362 	361 	1526
f 373 	387 	1526
f 388 	1526 	387
f 430 	1526 	429
f 1561 	1598 	1562
f 51 	1481 	40
f 1561 	1597 	1598
f 1562 	1598 	1447
f 1640 	1035 	1033
f 1643 	1036 	1035
f 1036 	1643 	1037
f 1597 	1599 	1600
f 1597 	1600 	1598
f 1598 	1600 	1484
f 1599 	1601 	1602
f 4179 	1601 	3354
f 1599 	1602 	1600
f 75 	64 	1481
f 4083 	1484 	1600
f 1638 	1639 	1029
f 1642 	1643 	1035
f 1003 	1596 	1004
f 1628 	1617 	1518
f 1618 	1518 	1617
f 1000 	1596 	1003
f 1614 	1518 	1619
f 1608 	1613 	1518
f 1661 	1088 	1660
f 1604 	1605 	1516
f 1614 	1611 	1506
f 1610 	1506 	1611
f 1644 	1037 	1643
f 1071 	1072 	1585
f 1588 	1727 	1589
f 1603 	1244 	1516
f 1511 	1721 	1513
f 1753 	1514 	1750
f 1605 	1606 	1603
f 1620 	1621 	1603
f 1606 	1620 	1603
f 1525 	1759 	1588
f 1603 	1516 	1605
f 1569 	1566 	1677
f 1573 	1569 	1678
f 1678 	1679 	1573
f 1654 	1079 	1653
f 1679 	1682 	1575
f 1682 	1683 	1578
f 1683 	1684 	1579
f 1604 	1612 	1605
f 1605 	1612 	1606
f 2115 	2279 	1547
f 2116 	2115 	1546
f 1609 	1608 	1607
f 1613 	1615 	1518
f 1604 	1610 	1612
f 1610 	1611 	1612
f 1628 	1518 	1616
f 1615 	1616 	1518
f 1618 	1619 	1518
f 75 	1481 	58
f 1580 	1684 	1693
f 1690 	1595 	1594
f 1693 	1700 	1587
f 1507 	1503 	1715
f 1416 	1394 	1739
f 1743 	1592 	1591
f 1609 	1627 	1616
f 1436 	2133 	1435
f 1609 	1616 	1615
f 1593 	1689 	1594
f 1619 	1622 	1612
f 1618 	1622 	1619
f 1608 	1609 	1613
f 1609 	1615 	1613
f 1619 	1612 	1614
f 1611 	1614 	1612
f 1717 	1509 	1508
f 1717 	1719 	1509
f 1612 	1621 	1620
f 1590 	1729 	1591
f 1513 	1750 	1514
f 1514 	1753 	1515
f 1620 	1606 	1612
f 1595 	1692 	1563
f 1016 	719 	1020
f 1671 	1673 	1563
f 1674 	1566 	1564
f 1579 	1578 	1683
f 1580 	1579 	1684
f 1623 	1603 	1621
f 1581 	1687 	1593
f 1690 	1594 	1689
f 1622 	1623 	1621
f 1622 	1621 	1612
f 1249 	1623 	1340
f 719 	835 	1020
f 1340 	1622 	1345
f 1622 	1624 	1345
f 1503 	1686 	1715
f 1322 	1624 	1625
f 1625 	1323 	1322
f 1626 	1625 	1709
f 1670 	1462 	1626
f 207 	2569 	209
f 2569 	204 	201
f 184 	1481 	187
f 181 	1481 	184
f 1625 	1626 	1323
f 1656 	1082 	1655
f 1743 	1591 	1729
f 1665 	1047 	1664
f 1637 	1029 	1639
f 1033 	1637 	1640
f 1040 	1020 	835
f 1232 	1480 	1267
f 1040 	835 	1041
f 1505 	1701 	1686
f 1004 	1596 	719
f 1628 	1616 	1627
f 1627 	1622 	1628
f 1617 	1628 	1622
f 1622 	1627 	1624
f 1617 	1622 	1618
f 719 	1016 	1004
f 1589 	1728 	1590
f 1642 	1035 	1640
f 1646 	1071 	1645
f 1629 	1529 	1517
f 1575 	1573 	1679
f 1578 	1575 	1682
f 1519 	2550 	2538
f 2538 	1517 	1519
f 1528 	1629 	1630
f 1629 	1528 	1529
f 187 	1481 	195
f 1700 	1701 	1504
f 1508 	1507 	1716
f 1508 	1716 	1717
f 1631 	1561 	1632
f 1659 	1088 	1658
f 1528 	1630 	1632
f 1662 	1633 	1631
f 1561 	1631 	1633
f 1689 	1593 	1687
f 1690 	1692 	1595
f 1632 	1562 	1528
f 201 	198 	2569
f 1632 	1561 	1562
f 195 	1481 	198
f 1671 	1563 	1692
f 1505 	1504 	1701
f 1633 	1641 	1597
f 1634 	4375 	1635
f 1633 	1597 	1561
f 1641 	3420 	3349
f 1650 	1075 	1649
f 1641 	1599 	1597
f 3349 	1599 	1641
f 1625 	1624 	1710
f 1729 	1590 	1728
f 1746 	1592 	1743
f 1687 	1581 	1746
f 1520 	1758 	1525
f 1393 	1411 	1767
f 4088 	4090 	1875
f 1883 	1881 	4091
f 1480 	1681 	1688
f 1379 	1500 	1663
f 4119 	4118 	1884
f 1669 	1051 	1668
f 1688 	1267 	1480
f 4091 	4093 	1883
f 1884 	1883 	4119
f 1663 	1672 	1381
f 4121 	4120 	1889
f 1564 	1563 	1673
f 1564 	1673 	1674
f 1677 	1674 	1198
f 1673 	1198 	1674
f 1699 	1384 	1696
f 1675 	1462 	1670
f 1675 	1676 	1467
f 1699 	1395 	1384
f 1631 	1657 	1652
f 1384 	1383 	1696
f 1652 	1662 	1631
f 1103 	1207 	1063
f 1657 	1631 	1632
f 1657 	1632 	1630
f 1682 	1194 	1683
f 1782 	1456 	1405
f 1676 	1469 	1467
f 1683 	1194 	1684
f 1395 	1699 	1738
f 1469 	1676 	1680
f 1662 	1685 	1633
f 1685 	1641 	1633
f 1395 	1738 	1411
f 1211 	1198 	1687
f 1778 	4278 	1779
f 2569 	207 	204
f 1689 	1198 	1690
f 1462 	1675 	1467
f 1690 	1198 	1692
f 1671 	1692 	1198
f 1681 	1680 	2925
f 1684 	1194 	1693
f 2925 	2935 	1681
f 1504 	1587 	1700
f 1700 	1693 	1194
f 1707 	2415 	1706
f 1704 	2415 	1703
f 1708 	2415 	1707
f 1704 	1706 	2415
f 1700 	1194 	1701
f 1712 	2415 	1711
f 1711 	2415 	1708
f 1685 	3420 	1641
f 1686 	1209 	1715
f 1713 	2415 	1712
f 1714 	2415 	1713
f 1716 	1209 	1717
f 1718 	2415 	1714
f 1720 	2415 	1718
f 1722 	2415 	1720
f 1723 	2415 	1722
f 1719 	1717 	1209
f 1721 	1719 	1209
f 1726 	2415 	1725
f 1727 	1588 	1759
f 1589 	1727 	1728
f 1696 	1383 	1672
f 1625 	1710 	1709
f 1731 	2415 	1730
f 1670 	1626 	1709
f 1624 	1627 	1710
f 1736 	2415 	1735
f 1737 	2415 	1736
f 1740 	2415 	1737
f 1742 	2415 	1741
f 1728 	1727 	1211
f 1087 	1095 	1271
f 1745 	1866 	2415
f 1743 	1729 	1211
f 1729 	1728 	1211
f 1271 	1544 	1087
f 1592 	1746 	1581
f 1746 	1743 	1211
f 1755 	1757 	2556
f 2558 	2556 	1760
f 1757 	1760 	2556
f 1754 	1755 	2556
f 1760 	1761 	2558
f 1515 	1753 	1756
f 1753 	1750 	1209
f 1721 	1209 	1750
f 1762 	1763 	2558
f 1761 	1762 	2558
f 1515 	1756 	1520
f 1758 	1520 	1756
f 1759 	1525 	1758
f 1095 	1098 	1271
f 1765 	1766 	2558
f 1763 	1765 	2558
f 2559 	2558 	1766
f 1766 	1768 	2559
f 1207 	1271 	1098
f 1769 	1770 	2559
f 1768 	1769 	2559
f 1063 	1207 	1098
f 1738 	4750 	1767
f 1771 	1772 	2560
f 1770 	1771 	2559
f 1393 	1767 	1764
f 2560 	2559 	1771
f 1773 	1702 	2415
f 1764 	1739 	1394
f 1772 	1773 	2560
f 1758 	1211 	1759
f 1394 	1393 	1764
f 2937 	1285 	1267
f 1702 	1703 	2415
f 2415 	2561 	1773
f 1208 	1511 	1513
f 1515 	1520 	1210
f 1520 	1525 	1210
f 2561 	2560 	1773
f 1780 	1781 	2551
f 1211 	1758 	1756
f 1753 	1209 	1756
f 1779 	1780 	2551
f 1587 	1504 	1193
f 1503 	1507 	1208
f 1738 	1767 	1411
f 1211 	1756 	1209
f 1715 	1209 	1716
f 1701 	1194 	1686
f 2553 	2552 	1788
f 1688 	1681 	2935
f 1416 	1739 	1782
f 1564 	1566 	1196
f 1569 	1573 	1196
f 1193 	1573 	1575
f 1193 	1575 	1578
f 646 	2615 	625
f 1705 	625 	2615
f 2615 	646 	642
f 2615 	642 	661
f 2615 	671 	996
f 2615 	992 	1014
f 2615 	1014 	1008
f 2615 	1022 	1038
f 1209 	1686 	1194
f 1194 	1682 	1679
f 1194 	1679 	1678
f 1678 	1677 	1198
f 1748 	1749 	2553
f 2554 	2553 	1749
f 1678 	1198 	1194
f 2556 	2554 	1751
f 1791 	1747 	2553
f 1782 	1405 	1416
f 2117 	2116 	1534
f 77 	1705 	64
f 1751 	1752 	2556
f 1789 	2981 	1792
f 1525 	1588 	1210
f 1208 	1515 	1210
f 1592 	1581 	1210
f 1210 	1581 	1196
f 1752 	1754 	2556
f 1747 	1748 	2553
f 1749 	1751 	2554
f 1673 	1671 	1198
f 1687 	1746 	1211
f 1727 	1759 	1211
f 1689 	1687 	1198
f 1555 	2123 	1540
f 2127 	2126 	1557
f 1207 	1103 	1318
f 1785 	1787 	2552
f 1788 	1791 	2553
f 1778 	1779 	2551
f 2127 	1557 	1556
f 1812 	1796 	1797
f 1777 	1778 	2551
f 1776 	1777 	2551
f 2552 	2551 	1783
f 1774 	1775 	2551
f 1798 	1799 	1815
f 1481 	64 	1705
f 86 	1705 	83
f 1105 	1318 	1103
f 1803 	1817 	1801
f 1804 	1817 	1803
f 83 	1705 	77
f 1807 	1817 	1806
f 1806 	1817 	1804
f 1808 	1817 	1807
f 1810 	1817 	1808
f 2080 	2079 	1812
f 1812 	1802 	2075
f 1812 	1957 	1954
f 1948 	1812 	1951
f 1947 	1944 	1812
f 1948 	1947 	1812
f 1813 	1817 	1810
f 1814 	1817 	1813
f 1798 	2014 	1816
f 1816 	2072 	1798
f 2068 	1797 	2070
f 2061 	1797 	2068
f 2055 	1797 	2057
f 2054 	1797 	2055
f 1820 	1817 	1819
f 1819 	1817 	1814
f 1801 	1817 	1800
f 91 	1705 	86
f 1818 	1899 	1817
f 1817 	1894 	1891
f 1817 	1891 	1888
f 1817 	1888 	1887
f 1887 	1885 	1817
f 1821 	1817 	1820
f 1848 	1815 	1849
f 1822 	1815 	1989
f 1822 	1984 	1815
f 1815 	1973 	1970
f 1815 	1970 	1969
f 1969 	1968 	1815
f 1961 	1815 	1964
f 1105 	1041 	1318
f 835 	1318 	1041
f 1867 	1865 	1817
f 1815 	1817 	1864
f 1865 	1864 	1817
f 1826 	1867 	1817
f 96 	1705 	91
f 1775 	1776 	2551
f 1825 	1828 	2551
f 1824 	2551 	1823
f 1826 	1817 	1829
f 1829 	1817 	1831
f 1831 	1817 	1832
f 1833 	1817 	1830
f 1800 	1817 	1833
f 1827 	2128 	1811
f 1823 	1817 	1821
f 1827 	2142 	2128
f 1838 	2142 	1827
f 1837 	1817 	1836
f 2281 	2191 	2189
f 1840 	1817 	1837
f 1841 	1817 	1840
f 1842 	1817 	1841
f 1836 	1817 	1835
f 1832 	1817 	1834
f 1844 	1817 	1843
f 1843 	1817 	1842
f 1847 	1817 	1844
f 1989 	1815 	1848
f 1830 	1817 	1847
f 1849 	1815 	1850
f 1858 	1856 	1815
f 2376 	2386 	2197
f 1850 	1815 	1851
f 1851 	1815 	1852
f 1858 	1815 	1863
f 1852 	1815 	1854
f 1854 	1815 	1856
f 1859 	1817 	1857
f 3410 	3418 	1845
f 1860 	1817 	1859
f 1835 	1817 	1861
f 1861 	1817 	1860
f 1863 	1815 	1864
f 893 	1862 	2132
f 2415 	1866 	1868
f 1834 	1817 	1871
f 1878 	1877 	1817
f 1869 	2415 	1868
f 896 	2132 	894
f 1871 	1817 	1872
f 1882 	1878 	1817
f 1872 	1817 	1873
f 2151 	2149 	1862
f 1873 	1817 	1876
f 1877 	1876 	1817
f 1881 	2111 	1875
f 1883 	2111 	1881
f 1882 	1817 	1885
f 1879 	1976 	1870
f 1890 	2111 	1889
f 1889 	2111 	1886
f 1817 	1899 	1894
f 101 	1705 	96
f 1896 	2111 	1895
f 1905 	1903 	1817
f 1817 	1902 	1818
f 1902 	1817 	1903
f 1905 	1817 	1906
f 1855 	1817 	1853
f 1906 	1817 	1907
f 1857 	1817 	1855
f 1817 	1812 	1907
f 1908 	1907 	1812
f 1910 	1908 	1812
f 1914 	1913 	1812
f 1880 	1912 	1893
f 1911 	1910 	1812
f 1913 	1911 	1812
f 1912 	1880 	1904
f 1915 	1914 	1812
f 4336 	1918 	1892
f 1893 	1912 	1917
f 1916 	1915 	1812
f 1919 	1916 	1812
f 1920 	1919 	1812
f 1370 	1371 	1904
f 1921 	1920 	1812
f 1705 	101 	114
f 1923 	1921 	1812
f 1928 	2111 	1927
f 1926 	1923 	1812
f 133 	1705 	140
f 114 	118 	1705
f 1931 	2111 	1930
f 1928 	1930 	2111
f 1909 	1927 	2111
f 1929 	1926 	1812
f 1934 	2111 	1931
f 1933 	1929 	1812
f 1944 	1943 	1812
f 1936 	2111 	1934
f 1935 	1933 	1812
f 1925 	1904 	1924
f 1938 	1935 	1812
f 1939 	2111 	1936
f 1940 	2111 	1939
f 1370 	1904 	1925
f 1941 	1938 	1812
f 1943 	1941 	1812
f 1946 	2111 	1945
f 1945 	2111 	1940
f 1904 	693 	1912
f 1949 	2111 	1946
f 1954 	1953 	1812
f 1951 	1812 	1953
f 1950 	2111 	1949
f 1952 	2111 	1950
f 1912 	1386 	1917
f 1955 	2111 	1952
f 693 	1386 	1912
f 1386 	3389 	1917
f 1957 	1812 	2075
f 1874 	2111 	1956
f 1875 	2111 	1874
f 1960 	1958 	1815
f 163 	1942 	4453
f 1960 	1815 	1961
f 1964 	1815 	1967
f 1963 	2415 	1962
f 1967 	1815 	1968
f 1965 	2415 	1963
f 1966 	2415 	1965
f 1962 	2415 	1869
f 4483 	4481 	1833
f 1972 	2415 	1971
f 1971 	2415 	1966
f 1974 	1959 	1972
f 1975 	1959 	1974
f 2415 	1972 	1959
f 1978 	1959 	1977
f 2183 	1924 	2396
f 1979 	1959 	1978
f 2162 	1879 	1892
f 1980 	1959 	1979
f 1977 	1959 	1975
f 1983 	1959 	1982
f 1942 	4451 	4453
f 1973 	1815 	1984
f 1986 	1959 	1985
f 1985 	1959 	1983
f 1980 	1982 	1959
f 1987 	1959 	1986
f 1988 	1959 	1987
f 2162 	1976 	1879
f 1992 	1959 	1988
f 1994 	1959 	1993
f 1992 	1993 	1959
f 1846 	4681 	1991
f 1995 	1959 	1994
f 2042 	1798 	1996
f 2034 	1798 	2038
f 2039 	1798 	2042
f 2033 	1798 	2034
f 1815 	2003 	1798
f 2025 	1798 	2029
f 1996 	1798 	1998
f 1998 	1798 	1999
f 2006 	2009 	1959
f 2012 	1959 	2010
f 2016 	1959 	2013
f 140 	1705 	118
f 4450 	1932 	1997
f 2002 	1959 	2001
f 1922 	1937 	2201
f 1999 	1798 	2003
f 2004 	1959 	2002
f 2001 	1959 	2000
f 2394 	1997 	1932
f 2003 	1815 	2005
f 2006 	1959 	2004
f 1995 	2000 	1959
f 2005 	1815 	2007
f 1932 	1942 	2404
f 1880 	1893 	2487
f 2007 	1815 	2008
f 2010 	1959 	2009
f 2008 	1815 	2011
f 2011 	1815 	1958
f 2487 	1893 	1981
f 163 	174 	1942
f 2013 	1959 	2012
f 1932 	2404 	2394
f 1981 	2015 	1990
f 2014 	1798 	2017
f 2020 	1798 	2023
f 2021 	2022 	1959
f 2017 	1798 	2020
f 1805 	2227 	1795
f 2022 	2027 	1959
f 1981 	1893 	2015
f 2023 	1798 	2025
f 2032 	1798 	2033
f 2015 	2026 	1990
f 2028 	1959 	2027
f 2016 	2018 	1959
f 2029 	1798 	2031
f 2031 	1798 	2032
f 2030 	1959 	2028
f 2018 	2019 	1959
f 2019 	2021 	1959
f 2268 	2024 	2499
f 2038 	1798 	2039
f 2041 	2111 	2040
f 2501 	2024 	2037
f 2040 	2111 	2036
f 2045 	2111 	2044
f 2043 	2111 	2041
f 2048 	2111 	2047
f 2047 	2111 	2045
f 2046 	1797 	2049
f 2049 	1797 	2050
f 2024 	2501 	2499
f 2044 	2111 	2043
f 2050 	1797 	2051
f 2057 	1797 	2060
f 2051 	1797 	2054
f 2060 	1797 	2061
f 2053 	2111 	2052
f 2052 	2111 	2048
f 2056 	2111 	2053
f 2059 	2111 	2058
f 2058 	2111 	2056
f 2062 	2111 	2059
f 2063 	2111 	2062
f 2064 	2111 	2063
f 2066 	2111 	2065
f 2065 	2111 	2064
f 2067 	2111 	2066
f 2069 	2111 	2067
f 2070 	1797 	2072
f 2073 	2111 	2069
f 1802 	1812 	2078
f 2077 	2111 	2074
f 2078 	1812 	2079
f 1812 	1797 	2080
f 2081 	2080 	1797
f 2082 	2081 	1797
f 1909 	2111 	2077
f 1956 	2111 	1955
f 2083 	2082 	1797
f 2084 	2083 	1797
f 2093 	2088 	1797
f 2085 	2084 	1797
f 2087 	1797 	2088
f 2089 	1959 	2086
f 2030 	2086 	1959
f 148 	495 	1705
f 2094 	1959 	2092
f 2091 	1959 	2089
f 2096 	2093 	1797
f 2087 	2085 	1797
f 2097 	2111 	2095
f 1786 	1789 	2246
f 1798 	2072 	1797
f 2015 	1893 	1917
f 2096 	1797 	2098
f 2076 	2090 	2414
f 1789 	1792 	2268
f 2099 	2111 	2097
f 2098 	1797 	2100
f 2100 	1797 	2102
f 2035 	2111 	2099
f 2102 	1797 	2103
f 1917 	2104 	2015
f 2091 	2092 	1959
f 2036 	2111 	2035
f 2268 	2246 	1789
f 2103 	1797 	2105
f 2095 	1959 	2094
f 2105 	1797 	2106
f 2106 	1797 	2107
f 2046 	2107 	1797
f 2074 	2111 	2073
f 1959 	2095 	2111
f 2109 	2446 	2101
f 2316 	2315 	303
f 2108 	2364 	303
f 303 	2363 	2361
f 303 	2361 	2359
f 2355 	301 	2356
f 2359 	2356 	303
f 2353 	301 	2355
f 1812 	301 	1796
f 2015 	2104 	2026
f 1809 	1846 	2037
f 2026 	2104 	1845
f 2110 	2280 	301
f 2280 	2278 	301
f 2288 	2285 	301
f 1883 	1884 	2111
f 1884 	1886 	2111
f 1890 	1895 	2111
f 1897 	1817 	1896
f 1898 	1817 	1897
f 1900 	1817 	1898
f 1901 	1817 	1900
f 1853 	1817 	1901
f 2373 	1846 	1991
f 2104 	3410 	1845
f 1793 	1794 	2551
f 1794 	1774 	2551
f 2155 	892 	896
f 2026 	1845 	1839
f 133 	143 	1705
f 143 	148 	1705
f 3389 	3410 	2104
f 2116 	2415 	2115
f 2117 	2415 	2116
f 2118 	2415 	2117
f 2112 	1815 	1799
f 1796 	2222 	1799
f 2120 	2218 	1799
f 2122 	2415 	2121
f 2122 	2123 	2415
f 488 	1705 	495
f 2123 	2126 	2415
f 2126 	2127 	2415
f 2129 	2130 	2415
f 2121 	2415 	2118
f 2413 	2415 	2131
f 2127 	2129 	2415
f 2151 	1862 	893
f 2133 	2413 	2131
f 517 	1705 	488
f 4142 	4141 	1861
f 2134 	2413 	2133
f 2130 	2131 	2415
f 2135 	2413 	2134
f 2136 	2413 	2135
f 2124 	2192 	2112
f 2112 	2190 	2188
f 2185 	2184 	2112
f 2112 	2181 	2180
f 2138 	2140 	2413
f 2128 	2233 	1811
f 2137 	2138 	2413
f 2141 	2413 	2140
f 2139 	2112 	2144
f 2165 	2112 	2167
f 1799 	2144 	2112
f 2143 	2413 	2141
f 2144 	1799 	2145
f 2145 	1799 	2146
f 2114 	2132 	2147
f 2146 	1799 	2148
f 2152 	2150 	2112
f 2151 	2415 	2149
f 2195 	2112 	2150
f 517 	526 	1705
f 2152 	2112 	2153
f 2155 	2415 	2154
f 2154 	2415 	2151
f 2153 	2112 	2156
f 2114 	2147 	2119
f 2156 	2112 	2159
f 2169 	2112 	2171
f 2157 	2415 	2155
f 2158 	2415 	2157
f 2159 	2112 	2161
f 2161 	2112 	2163
f 2164 	2415 	2158
f 2163 	2112 	2165
f 2167 	2112 	2169
f 2168 	2415 	2166
f 2171 	2112 	2173
f 2175 	2415 	2172
f 2173 	2112 	2139
f 2174 	2162 	1892
f 2177 	2112 	2178
f 2178 	2112 	2180
f 1892 	1918 	2174
f 2176 	2415 	2175
f 2181 	2112 	2182
f 2112 	2188 	2185
f 2166 	2415 	2164
f 2172 	2415 	2168
f 2182 	2112 	2184
f 2187 	2174 	1918
f 1918 	1922 	2187
f 2189 	1959 	2186
f 2190 	2112 	2192
f 2191 	2193 	1959
f 2124 	2112 	2195
f 1922 	2201 	2187
f 2197 	1959 	2196
f 2148 	1799 	2198
f 2198 	1799 	2199
f 2212 	2209 	1799
f 2200 	1959 	2197
f 2199 	1799 	2202
f 2203 	1959 	2200
f 2202 	1799 	2204
f 880 	879 	2172
f 2204 	1799 	2205
f 2207 	1959 	2206
f 2206 	1959 	2203
f 2205 	1799 	2209
f 879 	870 	2175
f 2208 	1959 	2207
f 2211 	2201 	1937
f 545 	1705 	526
f 2213 	2212 	1799
f 1795 	2211 	1937
f 2214 	2213 	1799
f 2210 	1959 	2208
f 2149 	1959 	2210
f 2215 	2214 	1799
f 2216 	2215 	1799
f 2279 	2277 	928
f 2217 	2216 	1799
f 928 	1547 	2279
f 2218 	2217 	1799
f 2125 	2119 	2160
f 2120 	1799 	2222
f 2222 	1796 	2225
f 2221 	2111 	2220
f 2225 	1796 	2226
f 2227 	2211 	1795
f 2226 	1796 	2228
f 2224 	1959 	2223
f 2228 	1796 	2230
f 2230 	1796 	2232
f 1805 	1811 	2233
f 2232 	1796 	2234
f 2236 	1959 	2235
f 2223 	1959 	2221
f 2193 	2191 	2371
f 2234 	1796 	2237
f 2237 	1796 	2240
f 2238 	1959 	2236
f 2233 	2227 	1805
f 2197 	2196 	2376
f 2241 	1796 	2242
f 2242 	1796 	2243
f 2147 	2160 	2119
f 1959 	2238 	2239
f 1959 	2239 	2183
f 2183 	2186 	1959
f 2189 	2191 	1959
f 2196 	1959 	2194
f 2194 	1959 	2193
f 2248 	2111 	2247
f 2249 	2111 	2248
f 2246 	2179 	1786
f 2251 	2111 	2250
f 2252 	2245 	1796
f 2240 	1796 	2241
f 2243 	1796 	2245
f 2252 	1796 	2253
f 2249 	2250 	2111
f 2111 	2251 	2219
f 2111 	2219 	2220
f 2111 	2221 	1959
f 2229 	1959 	2224
f 2235 	1959 	2231
f 2231 	1959 	2229
f 2253 	1796 	2254
f 2254 	1796 	2256
f 2256 	1796 	2257
f 2258 	2111 	2255
f 2390 	2351 	2207
f 2257 	1796 	2260
f 2260 	1796 	2262
f 2125 	2160 	1904
f 2262 	1796 	2263
f 2264 	2111 	2261
f 2263 	1796 	2265
f 2266 	2111 	2264
f 2259 	2261 	2111
f 2265 	1796 	2267
f 2271 	1796 	2273
f 2267 	1796 	2269
f 2269 	1796 	2270
f 2247 	2111 	2244
f 2266 	2244 	2111
f 2270 	1796 	2271
f 2274 	2415 	2272
f 2273 	1796 	2275
f 2275 	1796 	2276
f 2277 	2415 	2274
f 2276 	1796 	2278
f 2279 	2415 	2277
f 2272 	2415 	2176
f 1792 	1809 	2024
f 1796 	301 	2278
f 2115 	2415 	2279
f 1809 	2037 	2024
f 2285 	2283 	301
f 2024 	2268 	1792
f 2282 	2160 	2281
f 2287 	2111 	2286
f 2288 	301 	2289
f 1749 	4257 	1751
f 2289 	301 	2291
f 2292 	2111 	2287
f 2291 	301 	2293
f 4261 	1752 	4262
f 2223 	1376 	2224
f 2294 	2111 	2292
f 2290 	2401 	2160
f 2293 	301 	2295
f 2297 	301 	2298
f 2296 	2111 	2294
f 2284 	2286 	2111
f 2295 	301 	2297
f 2255 	2111 	2296
f 2298 	301 	2299
f 2366 	2299 	301
f 1377 	2229 	1375
f 2259 	2111 	2258
f 2327 	2325 	303
f 2323 	2322 	303
f 2319 	2317 	303
f 2160 	2282 	2290
f 1371 	2235 	1368
f 2179 	2170 	2071
f 2300 	303 	2303
f 2303 	303 	2305
f 2309 	303 	2312
f 2281 	2189 	2282
f 2071 	1786 	2179
f 2305 	303 	2306
f 2307 	2111 	2304
f 2174 	2906 	2889
f 2306 	303 	2308
f 2112 	2177 	303
f 2304 	2111 	2302
f 2308 	303 	2309
f 2312 	303 	2313
f 2313 	303 	2177
f 2314 	2111 	2311
f 1904 	1880 	2125
f 2284 	2111 	2314
f 2310 	2111 	2307
f 2108 	303 	2315
f 2187 	2201 	2459
f 2316 	303 	2317
f 2324 	2326 	2412
f 2319 	303 	2322
f 2323 	303 	2325
f 2328 	2329 	2412
f 2326 	2328 	2412
f 2327 	303 	2330
f 2300 	2337 	303
f 2211 	2227 	2469
f 1755 	4265 	1757
f 2330 	303 	2332
f 2329 	2333 	2412
f 2333 	2335 	2412
f 1705 	545 	549
f 2332 	303 	2334
f 1757 	4266 	1760
f 2147 	2132 	2331
f 2320 	2147 	2331
f 2334 	303 	2336
f 2336 	303 	2337
f 2338 	2111 	2335
f 687 	2249 	694
f 2342 	2111 	2341
f 2341 	2111 	2339
f 2340 	301 	2343
f 896 	892 	2132
f 892 	893 	2132
f 1862 	2331 	2132
f 2301 	2111 	2342
f 2343 	301 	2344
f 2302 	2111 	2301
f 2344 	301 	2348
f 2219 	1374 	2220
f 1373 	2220 	1374
f 2348 	301 	2349
f 2350 	2352 	2413
f 2143 	2347 	2413
f 2147 	2346 	2351
f 2349 	301 	2353
f 2496 	2233 	2128
f 2147 	2345 	2346
f 2352 	2354 	2413
f 2354 	2357 	2413
f 1375 	2224 	1376
f 2358 	2413 	2357
f 2345 	2147 	2320
f 2362 	2413 	2360
f 2360 	2413 	2358
f 2347 	2350 	2413
f 2404 	1942 	174
f 2363 	303 	2364
f 2365 	2413 	2362
f 1377 	1366 	2231
f 2369 	2366 	301
f 2283 	2110 	301
f 303 	2356 	301
f 2368 	2413 	2367
f 2231 	1368 	2235
f 2160 	2370 	2371
f 2281 	2160 	2371
f 2369 	301 	2372
f 2375 	2413 	2374
f 2368 	2374 	2413
f 2365 	2367 	2413
f 589 	1705 	549
f 1370 	2236 	1371
f 2372 	301 	2377
f 2387 	301 	2340
f 2379 	2413 	2375
f 2377 	301 	2380
f 1924 	2239 	1925
f 2147 	2378 	2370
f 2147 	2370 	2160
f 2380 	301 	2383
f 2090 	2101 	2432
f 2383 	301 	2384
f 2381 	2413 	2379
f 2382 	2413 	2381
f 2376 	2378 	2147
f 2236 	1370 	2238
f 2101 	2446 	2432
f 2384 	301 	2387
f 2386 	2376 	2147
f 2090 	2432 	2414
f 2389 	2413 	2382
f 2666 	2373 	2385
f 2391 	2388 	2147
f 2388 	2386 	2147
f 2390 	2391 	2147
f 2351 	2390 	2147
f 1777 	4279 	1778
f 595 	1705 	589
f 2392 	2413 	2389
f 694 	2248 	710
f 2393 	2413 	2392
f 685 	2250 	686
f 2385 	1997 	2394
f 2395 	2413 	2393
f 2397 	2413 	2395
f 675 	691 	2109
f 1817 	1815 	2569
f 1815 	2112 	2569
f 306 	2569 	2112
f 303 	306 	2112
f 2400 	2413 	2399
f 691 	2446 	2109
f 2402 	1797 	1796
f 2402 	1796 	2403
f 1798 	2405 	2406
f 1798 	2406 	1799
f 1838 	2076 	2407
f 2408 	2413 	2400
f 1797 	2402 	1798
f 2405 	1798 	2402
f 2409 	2413 	2408
f 1799 	2406 	2403
f 1799 	2403 	1796
f 2398 	2396 	1904
f 2401 	2398 	1904
f 1838 	2407 	2142
f 298 	2412 	295
f 2413 	2412 	298
f 2410 	2413 	2409
f 2411 	2413 	2410
f 2399 	2413 	2397
f 1904 	2160 	2401
f 304 	295 	2412
f 2413 	298 	2415
f 2258 	725 	727
f 2417 	2413 	2416
f 2416 	2413 	2411
f 2396 	1924 	1904
f 2076 	2414 	2407
f 728 	2259 	727
f 2418 	2413 	2417
f 2373 	2037 	1846
f 2418 	2419 	2413
f 2420 	2413 	2419
f 2421 	2413 	2420
f 2398 	2186 	2396
f 2423 	2413 	2422
f 2421 	2422 	2413
f 2415 	301 	1812
f 2424 	2413 	2423
f 301 	2415 	298
f 2425 	2413 	2424
f 2290 	2282 	2189
f 2426 	2413 	2425
f 2427 	2413 	2426
f 2429 	2413 	2428
f 2428 	2413 	2427
f 613 	1705 	595
f 4286 	1783 	4284
f 2430 	2413 	2429
f 4289 	1785 	1784
f 2679 	2385 	2394
f 613 	607 	1705
f 2431 	2413 	2430
f 2248 	694 	2249
f 2433 	2413 	2431
f 2394 	2404 	2691
f 619 	1705 	607
f 4289 	1784 	4286
f 1783 	4286 	1784
f 2404 	177 	2691
f 2439 	2440 	2412
f 177 	2404 	174
f 2200 	2386 	2388
f 2441 	2442 	2412
f 2442 	2443 	2412
f 2440 	2441 	2412
f 2444 	2445 	2412
f 2443 	2444 	2412
f 2373 	1991 	2385
f 625 	1705 	619
f 1991 	1997 	2385
f 2318 	2321 	2412
f 2321 	2324 	2412
f 2210 	2208 	2345
f 2450 	2412 	2449
f 2449 	2412 	2448
f 2452 	2412 	2450
f 2331 	2210 	2320
f 2345 	2320 	2210
f 2453 	2412 	2452
f 2456 	2412 	2455
f 2454 	2455 	2412
f 2412 	2456 	2438
f 2454 	2412 	2453
f 2433 	2461 	2413
f 2201 	2211 	2462
f 2201 	2462 	2459
f 2463 	2412 	2461
f 2464 	2412 	2463
f 2466 	2412 	2465
f 2465 	2412 	2464
f 2754 	2457 	2451
f 2468 	2412 	2466
f 2470 	2412 	2468
f 2471 	2412 	2470
f 2472 	2412 	2471
f 2211 	2469 	2462
f 2475 	2412 	2474
f 2474 	2412 	2472
f 2477 	2412 	2475
f 2478 	2412 	2477
f 2479 	2412 	2478
f 2480 	2412 	2479
f 2458 	2476 	2481
f 2227 	2233 	2484
f 2483 	2412 	2482
f 2482 	2412 	2480
f 2485 	2412 	2483
f 2469 	2227 	2484
f 2476 	2125 	2481
f 2458 	2481 	2460
f 2486 	2412 	2485
f 671 	2615 	661
f 2460 	2487 	2467
f 2487 	2460 	2481
f 2488 	2412 	2486
f 2489 	2412 	2488
f 2434 	4702 	2435
f 4702 	2436 	2435
f 725 	2255 	726
f 2467 	2487 	1981
f 2492 	2412 	2491
f 2491 	2412 	2489
f 2493 	2494 	2412
f 2510 	2119 	2476
f 2492 	2493 	2412
f 2494 	2448 	2412
f 2119 	2125 	2476
f 2484 	3076 	2469
f 2484 	2233 	2496
f 2481 	2125 	1880
f 2481 	1880 	2487
f 2497 	2496 	2128
f 2438 	2439 	2412
f 2445 	2318 	2412
f 2111 	2412 	2335
f 2338 	2339 	2111
f 2310 	2311 	2111
f 2128 	2142 	2497
f 2268 	2499 	2495
f 2136 	2137 	2413
f 2413 	2461 	2412
f 755 	2311 	756
f 2498 	2510 	2500
f 2498 	2507 	2510
f 1723 	1724 	2415
f 1724 	1725 	2415
f 2415 	1726 	1730
f 2415 	1731 	1732
f 2415 	1732 	1733
f 2415 	1733 	1734
f 1734 	1735 	2415
f 1740 	1741 	2415
f 2415 	1742 	1744
f 1744 	1745 	2415
f 1959 	2149 	2415
f 2501 	2713 	2499
f 2458 	2500 	2476
f 2500 	2510 	2476
f 1837 	1836 	4170
f 2503 	2502 	1812
f 2509 	2415 	2511
f 2512 	2415 	2513
f 1812 	2514 	2415
f 2513 	2415 	2514
f 2507 	2114 	2510
f 2507 	2526 	2114
f 2565 	2414 	2432
f 2519 	1812 	2520
f 2510 	2114 	2119
f 2521 	1812 	2502
f 2521 	2520 	1812
f 2524 	2415 	2525
f 2527 	2415 	2528
f 2512 	2511 	2415
f 2528 	2415 	2529
f 2529 	2415 	2509
f 1817 	2534 	2531
f 2535 	2534 	1817
f 2536 	2535 	1817
f 2446 	705 	2566
f 2537 	1817 	2539
f 2536 	1817 	2537
f 761 	2287 	762
f 2142 	2407 	2555
f 2286 	759 	762
f 2539 	1817 	2541
f 2541 	1817 	2542
f 2497 	2142 	2555
f 2530 	1517 	2538
f 2542 	1817 	2543
f 1814 	1813 	4501
f 2543 	1817 	2544
f 2544 	1817 	2545
f 2522 	2538 	2550
f 2566 	2565 	2432
f 1814 	4501 	4504
f 2549 	2547 	1817
f 1820 	1819 	4503
f 2522 	2550 	2526
f 2113 	2540 	3066
f 2432 	2446 	2566
f 1817 	1823 	2551
f 2526 	2132 	2114
f 2526 	2550 	2132
f 2113 	2591 	2540
f 4507 	1823 	1821
f 1824 	1825 	2551
f 1629 	2530 	2579
f 2563 	2407 	2414
f 2523 	2562 	2415
f 2555 	2407 	2563
f 1517 	2530 	1629
f 1784 	1785 	2552
f 1828 	1793 	2551
f 2551 	2549 	1817
f 2546 	1817 	2547
f 2545 	1817 	2546
f 992 	2615 	996
f 2527 	2525 	2415
f 2415 	2524 	2523
f 2415 	2562 	2561
f 1781 	1783 	2551
f 1783 	1784 	2552
f 1787 	1788 	2552
f 2619 	2564 	2557
f 2505 	2504 	1812
f 2504 	2503 	1812
f 2519 	2518 	1812
f 1812 	2518 	2517
f 1812 	2517 	2516
f 1812 	2516 	2515
f 2515 	2514 	1812
f 2557 	2564 	4077
f 2111 	1896 	1817
f 2563 	2414 	2565
f 1817 	2531 	1812
f 2531 	2532 	1812
f 2532 	2508 	1812
f 2508 	2505 	1812
f 2412 	2111 	1481
f 2569 	1481 	2111
f 304 	2412 	1481
f 4483 	1833 	1830
f 2111 	1817 	2569
f 2566 	2589 	2565
f 2437 	2600 	2436
f 2565 	2589 	2584
f 2446 	691 	705
f 1553 	1545 	2572
f 2170 	2179 	2473
f 2572 	2576 	1553
f 2706 	2587 	2568
f 2568 	2573 	2571
f 2179 	2246 	2490
f 2495 	2490 	2246
f 2568 	2587 	2573
f 2435 	2596 	2434
f 2566 	705 	714
f 2490 	2473 	2179
f 3399 	2575 	2567
f 2577 	789 	2573
f 3399 	2574 	2575
f 2567 	2575 	2522
f 2576 	20 	1554
f 3146 	2497 	2555
f 2576 	2572 	2578
f 2555 	2563 	2581
f 2570 	2567 	2522
f 2570 	2526 	2507
f 2581 	2563 	2584
f 2563 	2565 	2584
f 2570 	2522 	2526
f 2600 	2435 	2436
f 2577 	890 	789
f 2576 	23 	20
f 23 	2576 	2578
f 3146 	3084 	2497
f 2574 	2530 	2575
f 2574 	2579 	2530
f 2575 	2530 	2538
f 2246 	2268 	2495
f 2575 	2538 	2522
f 2577 	1367 	890
f 2579 	1630 	1629
f 3926 	2580 	2578
f 2555 	2581 	3146
f 2580 	28 	2578
f 2586 	2582 	2506
f 2580 	31 	28
f 2583 	2579 	2574
f 2586 	2506 	2533
f 2585 	2579 	2583
f 2582 	2586 	2760
f 1657 	2585 	3527
f 3527 	1652 	1657
f 2578 	28 	23
f 2585 	1657 	1630
f 2533 	2540 	2588
f 2579 	2585 	1630
f 2588 	2586 	2533
f 2566 	714 	2589
f 2593 	2590 	1839
f 2588 	2540 	2591
f 1741 	4812 	1742
f 2593 	2598 	2590
f 4816 	1744 	4815
f 2594 	2591 	2113
f 2590 	2598 	2592
f 2597 	2434 	2596
f 2600 	2601 	2435
f 2592 	2614 	2605
f 1839 	1845 	2593
f 2596 	2435 	2601
f 3418 	4480 	2593
f 2594 	2113 	2170
f 2593 	4480 	2598
f 125 	1711 	120
f 1045 	2615 	1038
f 1102 	2615 	1045
f 4697 	2603 	2602
f 1022 	2615 	1019
f 2170 	2473 	2594
f 1008 	1019 	2615
f 2587 	2577 	2573
f 2587 	2599 	2577
f 2604 	2699 	2603
f 1707 	142 	1708
f 1712 	124 	1713
f 2612 	2899 	2611
f 1730 	4 	1731
f 2606 	2617 	2645
f 2610 	2611 	2899
f 2608 	2899 	2612
f 2896 	2897 	2608
f 2607 	2861 	2875
f 2614 	2606 	2605
f 2614 	2617 	2606
f 2613 	2557 	2548
f 2598 	2618 	2592
f 2659 	2373 	2666
f 2592 	2618 	2614
f 2618 	2620 	2614
f 104 	1720 	105
f 106 	1718 	126
f 2614 	2620 	2617
f 1720 	104 	1722
f 2557 	2613 	2619
f 1722 	108 	1723
f 107 	1723 	108
f 1724 	110 	1725
f 2625 	2621 	2624
f 2627 	2621 	2626
f 107 	1724 	1723
f 2619 	2622 	2564
f 111 	1726 	109
f 1725 	109 	1726
f 2623 	2663 	2616
f 4 	1730 	111
f 2631 	2615 	2630
f 2630 	2615 	2629
f 2622 	2571 	2564
f 1702 	132 	1703
f 134 	1703 	132
f 2632 	2615 	2631
f 136 	1704 	134
f 1703 	134 	1704
f 2633 	2615 	2632
f 138 	1706 	136
f 1704 	136 	1706
f 2639 	2621 	2637
f 2568 	2571 	2622
f 1706 	138 	1707
f 122 	1708 	142
f 2644 	2621 	2643
f 1708 	120 	1711
f 2636 	2686 	2673
f 124 	1712 	125
f 1711 	125 	1712
f 1713 	127 	1714
f 2629 	2615 	2652
f 2652 	2615 	2651
f 2634 	2654 	2638
f 2656 	2621 	2655
f 2657 	2621 	2656
f 2645 	2654 	2634
f 2658 	2569 	2657
f 2660 	2661 	2569
f 2658 	2660 	2569
f 127 	1713 	124
f 2663 	2653 	2616
f 2665 	974 	2664
f 2661 	2664 	2569
f 2668 	982 	2667
f 2667 	982 	2665
f 2673 	2663 	2623
f 2671 	2647 	3358
f 2623 	2636 	2673
f 4748 	1774 	1794
f 2673 	2705 	2663
f 2645 	2681 	2654
f 2671 	2662 	2613
f 2679 	2666 	2385
f 2617 	2681 	2645
f 2687 	2689 	1107
f 2671 	2613 	2548
f 2686 	2636 	2595
f 2686 	2707 	2673
f 2394 	2691 	2679
f 2613 	2662 	2692
f 2673 	2707 	2705
f 2900 	2896 	2597
f 182 	2691 	177
f 2709 	2686 	2595
f 2037 	2373 	2659
f 2709 	2595 	2602
f 2597 	2596 	2900
f 2692 	2694 	2619
f 2037 	2659 	2501
f 2681 	2724 	2654
f 2692 	2619 	2613
f 2700 	2681 	2617
f 2617 	2620 	2700
f 2604 	2701 	2699
f 3394 	2698 	2694
f 2607 	2701 	2604
f 2694 	2698 	2622
f 2701 	2917 	2699
f 2568 	2622 	2698
f 2679 	2691 	4328
f 2698 	2706 	2568
f 2691 	182 	4328
f 2875 	2701 	2607
f 2622 	2619 	2694
f 1048 	3882 	1044
f 2705 	2813 	2663
f 934 	933 	2569
f 2591 	2727 	2721
f 2710 	2703 	2702
f 2594 	2473 	2731
f 2710 	2751 	2703
f 2473 	2732 	2731
f 2703 	2751 	2749
f 2727 	2594 	2731
f 2704 	2708 	2706
f 2706 	2708 	2587
f 2686 	2711 	2707
f 2710 	2702 	2712
f 2686 	2709 	2711
f 2599 	2587 	2708
f 2638 	2654 	2712
f 2602 	2603 	2715
f 2708 	2714 	2599
f 2638 	2712 	2702
f 2716 	2717 	2788
f 2715 	2709 	2602
f 2714 	2737 	2599
f 2712 	2719 	2710
f 2714 	2735 	2737
f 2722 	2711 	2709
f 2712 	2724 	2719
f 1083 	3892 	1079
f 2735 	2714 	2726
f 2715 	2722 	2709
f 2722 	2939 	2711
f 2725 	2708 	2704
f 982 	2668 	948
f 2712 	2654 	2724
f 2724 	2728 	2729
f 2725 	2714 	2708
f 2603 	2699 	2715
f 2725 	2726 	2714
f 655 	3906 	652
f 2699 	2730 	2715
f 2730 	2699 	2917
f 2730 	2722 	2715
f 667 	3913 	662
f 2724 	2729 	2719
f 2727 	2731 	4081
f 2729 	2763 	2719
f 2732 	2473 	2490
f 2728 	2724 	2681
f 948 	2670 	2672
f 4504 	4503 	1819
f 4503 	4506 	1820
f 2490 	2495 	2733
f 948 	2672 	953
f 953 	2672 	2674
f 2599 	1367 	2577
f 2674 	954 	953
f 2718 	2788 	2717
f 2733 	2732 	2490
f 2739 	2733 	2495
f 2664 	961 	2569
f 1367 	2599 	2737
f 2737 	1369 	1367
f 2736 	2782 	2738
f 2737 	2742 	1369
f 2495 	2499 	2739
f 2735 	2742 	2737
f 2735 	2740 	2742
f 2499 	2713 	2739
f 955 	934 	2569
f 955 	2569 	959
f 2740 	2743 	2742
f 2744 	2746 	2741
f 2700 	2728 	2681
f 961 	959 	2569
f 4257 	1749 	4259
f 961 	2664 	974
f 4259 	1748 	4256
f 1747 	4256 	1748
f 4517 	2729 	2728
f 2745 	2754 	2451
f 974 	2665 	982
f 2582 	2755 	2745
f 2582 	2760 	2755
f 1378 	2742 	2743
f 2745 	2755 	2754
f 2815 	1398 	2743
f 1358 	1378 	2743
f 2743 	1398 	1358
f 2765 	2586 	2588
f 2721 	2765 	2588
f 2588 	2591 	2721
f 2591 	2594 	2727
f 2751 	2753 	2749
f 1774 	4744 	1775
f 2726 	3031 	2735
f 4302 	1776 	1775
f 2735 	3031 	2740
f 2761 	2772 	2753
f 4130 	2457 	2754
f 2744 	2756 	2746
f 2754 	4131 	4130
f 2791 	2792 	2720
f 2720 	1565 	2723
f 2710 	2719 	2757
f 2750 	2756 	2744
f 2719 	2763 	2757
f 2755 	4131 	2754
f 1779 	4282 	1780
f 2757 	2751 	2710
f 1781 	4281 	4284
f 2757 	2761 	2751
f 1780 	4281 	1781
f 2816 	2759 	1399
f 1781 	4284 	1783
f 1400 	1399 	2759
f 2716 	2790 	2720
f 2751 	2761 	2753
f 2747 	2762 	2750
f 2791 	2720 	2790
f 2734 	2762 	2747
f 2762 	2764 	2750
f 1787 	4293 	1788
f 2765 	2760 	2586
f 4232 	1791 	4292
f 2757 	2774 	2761
f 1791 	4236 	1747
f 2764 	2756 	2750
f 2763 	2774 	2757
f 3414 	3411 	2756
f 2760 	2765 	4076
f 2774 	2779 	2761
f 1400 	2759 	2766
f 4746 	1793 	1828
f 2729 	4723 	2763
f 2768 	2762 	2734
f 1428 	2766 	2767
f 1793 	4746 	1794
f 4748 	1794 	4746
f 2734 	2738 	2768
f 2670 	948 	2668
f 2768 	2795 	2762
f 4486 	4487 	1800
f 2772 	2770 	2753
f 4489 	4488 	1803
f 4489 	1803 	1801
f 2795 	2764 	2762
f 2772 	2773 	2770
f 4491 	1806 	1804
f 4491 	4490 	1806
f 2788 	2789 	2716
f 2777 	2674 	2675
f 2678 	2680 	2777
f 2779 	2772 	2761
f 2683 	2684 	1066
f 1073 	1066 	2684
f 2682 	2683 	1066
f 4775 	2778 	2736
f 2677 	2777 	2676
f 2678 	2777 	2677
f 2676 	2777 	2675
f 2772 	2785 	2773
f 1819 	1814 	4504
f 2778 	2782 	2736
f 2779 	2785 	2772
f 876 	886 	2769
f 2778 	2784 	2782
f 2781 	2784 	2778
f 4510 	4508 	1825
f 1824 	4510 	1825
f 1823 	4507 	1824
f 4510 	1824 	4507
f 4512 	4747 	1825
f 647 	2723 	1565
f 2790 	2716 	2789
f 2659 	2666 	2776
f 2666 	2780 	2776
f 2679 	2780 	2666
f 1565 	2720 	2792
f 2785 	2786 	2773
f 1516 	2775 	1506
f 2501 	2659 	2787
f 4486 	1800 	1833
f 881 	717 	2569
f 2787 	2713 	2501
f 2773 	2786 	2783
f 1506 	2775 	2836
f 2806 	2748 	2752
f 2787 	4349 	2713
f 2659 	2776 	2787
f 881 	2569 	883
f 883 	2569 	888
f 2798 	2799 	2793
f 2812 	2752 	2758
f 2834 	2795 	2768
f 2793 	2799 	2823
f 2799 	2605 	2823
f 1990 	2026 	2796
f 2800 	2768 	2738
f 2782 	2800 	2738
f 2796 	1839 	2798
f 2026 	1839 	2796
f 2784 	2801 	2782
f 1518 	2842 	1608
f 2590 	2798 	1839
f 2817 	2769 	886
f 2798 	2590 	2799
f 1584 	4403 	1585
f 2782 	2801 	2800
f 2590 	2592 	2799
f 2799 	2592 	2605
f 2805 	2784 	2781
f 2748 	2806 	2802
f 2653 	2805 	2781
f 903 	888 	2569
f 913 	903 	2569
f 2784 	2805 	2808
f 4137 	4138 	1857
f 2871 	2467 	2809
f 2809 	2803 	2871
f 2801 	2784 	2808
f 2803 	2810 	2804
f 2891 	1609 	1607
f 2803 	2809 	2810
f 4171 	4170 	1836
f 2804 	2811 	2807
f 2810 	2811 	2804
f 2813 	2805 	2653
f 2752 	2812 	2806
f 2811 	2793 	2807
f 4169 	4171 	1835
f 2663 	2813 	2653
f 2815 	2743 	2740
f 2805 	2813 	2821
f 2467 	1981 	2809
f 2805 	2821 	2808
f 1981 	1990 	2809
f 2817 	2812 	2758
f 1398 	2815 	2816
f 2758 	2769 	2817
f 2810 	2809 	1990
f 2796 	2811 	2810
f 2817 	2948 	2812
f 2796 	2810 	1990
f 2811 	2798 	2793
f 2813 	2705 	2822
f 2796 	2798 	2811
f 2816 	1399 	1398
f 2766 	2759 	3046
f 2813 	2822 	2821
f 2771 	2767 	2828
f 2771 	2828 	2830
f 2705 	2825 	2822
f 2825 	2705 	2707
f 2825 	2927 	2822
f 2766 	3073 	2767
f 2825 	2934 	2927
f 913 	2569 	918
f 2915 	2870 	2833
f 2819 	2835 	2820
f 2823 	2835 	2819
f 2820 	2837 	2954
f 2833 	2831 	2915
f 2835 	2837 	2820
f 933 	918 	2569
f 2833 	2838 	2831
f 2768 	2800 	2834
f 2834 	2839 	2795
f 2823 	2605 	2835
f 2775 	2830 	2836
f 2837 	2835 	2606
f 2688 	2851 	2669
f 2833 	2870 	2840
f 2771 	2830 	2775
f 2605 	2606 	2835
f 2800 	2801 	2841
f 2606 	2645 	2837
f 2853 	2851 	2688
f 2837 	2645 	2634
f 2833 	2814 	2838
f 2688 	2693 	2853
f 2814 	2833 	2840
f 2841 	2834 	2800
f 2841 	2844 	2834
f 2836 	2842 	1506
f 2846 	2840 	2794
f 2834 	2844 	2839
f 2794 	2797 	2846
f 2818 	2840 	2846
f 2841 	2801 	2850
f 2818 	2814 	2840
f 2801 	2808 	2850
f 2849 	2852 	2843
f 2851 	2845 	2669
f 2847 	2807 	2848
f 2847 	2804 	2807
f 2854 	2853 	2693
f 2848 	2855 	2849
f 2842 	1518 	1506
f 2855 	2848 	2807
f 2856 	2850 	2808
f 2854 	2693 	2695
f 2849 	2819 	2852
f 2821 	2856 	2808
f 2855 	2819 	2849
f 2819 	2820 	2852
f 2855 	2807 	2793
f 2697 	2928 	2695
f 1608 	2842 	1607
f 2793 	2823 	2855
f 2855 	2823 	2819
f 1763 	4244 	1765
f 2953 	2978 	2857
f 1790 	2861 	2607
f 1766 	4248 	1768
f 2884 	2955 	2857
f 1790 	1870 	2861
f 4250 	1769 	1768
f 2862 	2869 	2871
f 4253 	1772 	1771
f 2862 	2871 	2863
f 1870 	1976 	2861
f 1770 	4251 	1771
f 2857 	1607 	2842
f 1857 	1855 	4137
f 2862 	2860 	2869
f 2865 	2870 	2915
f 2867 	2869 	2860
f 2868 	2870 	2865
f 4169 	1835 	1861
f 2162 	2887 	1976
f 1836 	1835 	4171
f 2803 	2913 	2863
f 1096 	2777 	1097
f 2872 	2794 	2868
f 2871 	2803 	2863
f 1842 	1841 	4160
f 1096 	954 	2777
f 1843 	1842 	4163
f 4160 	4163 	1842
f 2868 	2794 	2870
f 4163 	4162 	1843
f 2460 	2869 	2867
f 2794 	2840 	2870
f 2867 	2458 	2460
f 2674 	2777 	954
f 2460 	2467 	2869
f 1097 	2777 	1066
f 2777 	2680 	1066
f 2680 	2682 	1066
f 2869 	2467 	2871
f 2872 	4498 	2874
f 4145 	1853 	1901
f 2827 	2829 	2878
f 4145 	4146 	1853
f 2874 	2797 	2872
f 2878 	2873 	2827
f 1859 	1857 	4138
f 4138 	4139 	1859
f 2872 	2797 	2794
f 2878 	2829 	2886
f 2886 	2829 	2832
f 2788 	2718 	1512
f 4086 	1955 	1952
f 2861 	2882 	2875
f 1512 	1691 	2788
f 4086 	4085 	1955
f 2903 	2890 	2857
f 2880 	2879 	3436
f 2861 	1976 	2882
f 2880 	2858 	2879
f 2877 	2876 	2883
f 1107 	2615 	1102
f 2881 	2883 	2876
f 2877 	2883 	2867
f 2887 	2882 	1976
f 2885 	2859 	2880
f 2878 	3143 	2873
f 2684 	2685 	1073
f 2877 	2867 	2860
f 2880 	2859 	2858
f 3383 	2498 	2881
f 1073 	2685 	1107
f 2687 	1107 	2685
f 2881 	2498 	2500
f 2689 	2690 	1107
f 2690 	2646 	1107
f 2889 	2162 	2174
f 2890 	2891 	2857
f 1607 	2857 	2891
f 2885 	2865 	2859
f 2649 	2650 	2615
f 2650 	2651 	2615
f 2648 	2615 	2646
f 2615 	1107 	2646
f 4121 	1889 	1886
f 2888 	2865 	2885
f 2500 	2883 	2881
f 1890 	1889 	4120
f 2637 	2621 	2635
f 2640 	2621 	2639
f 2642 	2643 	2621
f 2640 	2642 	2621
f 2644 	2624 	2621
f 2625 	2626 	2621
f 2628 	2621 	2627
f 2615 	2635 	2621
f 2633 	2635 	2615
f 2458 	2883 	2500
f 2883 	2458 	2867
f 2649 	2615 	2648
f 4120 	4123 	1890
f 2832 	2845 	2894
f 2655 	2621 	2628
f 2621 	2657 	2569
f 2892 	2868 	2888
f 2895 	2896 	2608
f 2609 	2610 	2899
f 1898 	1897 	4147
f 2899 	2608 	2898
f 2894 	2886 	2832
f 2892 	2872 	2868
f 2898 	2608 	2897
f 2903 	1627 	2890
f 2789 	2788 	2900
f 2888 	2868 	2865
f 316 	315 	1644
f 4147 	4143 	1898
f 2890 	1609 	2891
f 310 	632 	1644
f 1698 	1697 	2900
f 1691 	1698 	2788
f 320 	317 	1644
f 317 	316 	1644
f 4498 	2872 	2892
f 1726 	111 	1730
f 322 	320 	1644
f 2910 	2894 	2845
f 330 	327 	1644
f 4702 	1524 	2718
f 1512 	2718 	1524
f 4702 	2718 	2717
f 324 	322 	1644
f 2845 	2851 	2910
f 327 	324 	1644
f 2904 	2960 	1627
f 334 	331 	1644
f 331 	330 	1644
f 2887 	2162 	2889
f 343 	340 	1644
f 340 	337 	1644
f 337 	334 	1644
f 14 	1734 	1733
f 345 	344 	1644
f 343 	1644 	344
f 2889 	3030 	2887
f 2904 	1627 	2903
f 1609 	2890 	1627
f 345 	1644 	347
f 306 	352 	1644
f 1736 	17 	1737
f 351 	1644 	352
f 347 	1644 	351
f 1735 	15 	1736
f 355 	353 	306
f 353 	352 	306
f 1627 	2960 	1710
f 1524 	4702 	1523
f 357 	355 	306
f 1740 	1737 	16
f 1709 	1710 	2963
f 306 	363 	360
f 306 	365 	364
f 363 	306 	364
f 2906 	2174 	2187
f 1742 	4815 	1744
f 371 	368 	306
f 365 	306 	368
f 376 	375 	306
f 375 	371 	306
f 2908 	2956 	2858
f 385 	376 	306
f 1744 	4816 	1745
f 389 	385 	306
f 392 	389 	306
f 2901 	2893 	2862
f 2860 	2862 	2893
f 2911 	2910 	2851
f 2858 	2859 	2912
f 2901 	2862 	2863
f 2902 	2901 	2863
f 2911 	2851 	2853
f 2908 	2858 	2912
f 2911 	3179 	2910
f 2902 	2913 	2905
f 2722 	2730 	2914
f 2912 	2826 	2908
f 2902 	2863 	2913
f 2915 	2912 	2859
f 2905 	2913 	2847
f 2903 	2857 	2904
f 2859 	2865 	2915
f 2913 	2804 	2847
f 2912 	2831 	2826
f 2853 	2916 	2911
f 2967 	1710 	2960
f 2915 	2831 	2912
f 2730 	2918 	2914
f 401 	400 	306
f 400 	395 	306
f 395 	392 	306
f 2847 	2907 	2905
f 2909 	2907 	2848
f 2730 	2917 	2918
f 2847 	2848 	2907
f 407 	406 	306
f 406 	401 	306
f 2909 	2849 	2843
f 408 	407 	306
f 2848 	2849 	2909
f 413 	306 	417
f 418 	306 	419
f 2701 	3047 	2917
f 2920 	3188 	2916
f 431 	428 	306
f 427 	306 	428
f 3050 	2918 	2917
f 442 	440 	306
f 2913 	2803 	2804
f 440 	436 	306
f 436 	435 	306
f 431 	306 	435
f 1675 	1670 	2994
f 3493 	2920 	2985
f 2853 	2854 	2916
f 450 	1037 	452
f 458 	452 	1037
f 2821 	2822 	2923
f 460 	458 	1037
f 466 	463 	1037
f 463 	460 	1037
f 467 	466 	1037
f 469 	467 	1037
f 471 	469 	1037
f 471 	1037 	476
f 2928 	2854 	2695
f 477 	476 	1037
f 2924 	2941 	2930
f 2927 	2923 	2822
f 2928 	2920 	2854
f 2929 	2931 	2921
f 486 	485 	624
f 481 	1037 	485
f 489 	486 	624
f 493 	489 	624
f 2707 	2711 	2933
f 593 	304 	497
f 2956 	2908 	2929
f 2916 	2854 	2920
f 2933 	2825 	2707
f 2908 	2824 	2929
f 511 	304 	515
f 3161 	2932 	2936
f 2697 	2959 	2928
f 2908 	2826 	2824
f 524 	304 	525
f 2933 	2934 	2825
f 2932 	2877 	2936
f 2929 	2824 	2931
f 528 	525 	1037
f 533 	528 	1037
f 534 	1037 	535
f 3161 	2936 	3165
f 2697 	2802 	2959
f 535 	1037 	538
f 538 	1037 	450
f 2802 	2965 	2959
f 2893 	3165 	2936
f 546 	304 	553
f 544 	304 	546
f 554 	304 	561
f 553 	304 	554
f 2722 	2914 	2939
f 2812 	2946 	2806
f 1688 	2935 	2937
f 2946 	2812 	2948
f 3421 	2924 	2922
f 563 	304 	566
f 561 	304 	563
f 2933 	2711 	2939
f 566 	304 	569
f 2939 	2942 	2933
f 569 	304 	570
f 573 	304 	577
f 570 	304 	573
f 577 	304 	580
f 580 	304 	582
f 582 	304 	586
f 586 	304 	587
f 2933 	2942 	2934
f 2930 	2941 	2876
f 601 	628 	598
f 2943 	2944 	2938
f 628 	599 	598
f 304 	603 	628
f 1680 	2926 	2925
f 587 	304 	591
f 1037 	525 	304
f 541 	304 	544
f 605 	304 	541
f 603 	304 	605
f 599 	628 	603
f 2943 	2949 	2944
f 2939 	2945 	2942
f 2876 	2932 	2930
f 2938 	2944 	2940
f 1267 	1688 	2937
f 481 	479 	1037
f 479 	477 	1037
f 533 	1037 	534
f 515 	304 	524
f 507 	304 	511
f 504 	304 	507
f 503 	304 	504
f 497 	304 	503
f 591 	304 	593
f 2940 	2944 	2919
f 2914 	2945 	2939
f 310 	442 	632
f 629 	632 	442
f 306 	629 	442
f 629 	306 	628
f 304 	628 	306
f 2944 	2921 	2919
f 2877 	2932 	2876
f 2936 	2877 	2860
f 2860 	2893 	2936
f 2965 	2806 	2946
f 2926 	1680 	1676
f 3383 	2941 	3421
f 2914 	2918 	3002
f 2941 	3383 	2881
f 2941 	2881 	2876
f 2947 	2949 	2943
f 3002 	2945 	2914
f 2884 	3014 	2952
f 2949 	2921 	2944
f 886 	909 	2817
f 909 	2948 	2817
f 3434 	2879 	2947
f 2953 	2857 	2966
f 2955 	2966 	2857
f 2850 	2957 	2841
f 2950 	2976 	2958
f 2947 	2956 	2949
f 2857 	2960 	2904
f 2841 	2957 	2844
f 2950 	2961 	2951
f 2956 	2947 	2879
f 2957 	1335 	2844
f 2850 	2856 	2962
f 2956 	2929 	2949
f 2958 	2961 	2950
f 2962 	2957 	2850
f 2957 	1337 	1335
f 2962 	1337 	2957
f 2952 	2955 	2884
f 2959 	2985 	2928
f 2949 	2929 	2921
f 2879 	2858 	2956
f 2923 	2856 	2821
f 3180 	2963 	2952
f 2965 	2991 	2959
f 2959 	2991 	2985
f 2856 	2923 	2964
f 2837 	2634 	2954
f 2953 	2971 	2972
f 2954 	2634 	2958
f 2856 	2964 	2962
f 2971 	2953 	2966
f 2958 	2638 	2961
f 2960 	2857 	2967
f 2634 	2638 	2958
f 2802 	2806 	2965
f 2702 	3008 	2961
f 2953 	2980 	2984
f 2961 	2638 	2702
f 2952 	2966 	2955
f 1343 	1337 	2962
f 2977 	2964 	2923
f 2964 	2977 	1354
f 2843 	2852 	2970
f 2852 	2974 	2970
f 2964 	1343 	2962
f 2852 	2820 	2974
f 2970 	2974 	2973
f 2973 	2976 	2986
f 3781 	1980 	3789
f 2974 	2976 	2973
f 2927 	2977 	2923
f 2820 	2954 	2974
f 909 	925 	2948
f 2998 	2946 	2948
f 2974 	2954 	2976
f 2954 	2958 	2976
f 2967 	2857 	2978
f 1343 	2964 	1354
f 2953 	2972 	2980
f 2927 	2934 	2983
f 925 	2998 	2948
f 2953 	2984 	2978
f 2983 	2977 	2927
f 1390 	1354 	2977
f 2985 	2920 	2928
f 1390 	2977 	2983
f 2972 	2971 	2963
f 2971 	2966 	2963
f 2952 	2963 	2966
f 2986 	2988 	2979
f 2984 	2963 	2978
f 1710 	2967 	2963
f 2978 	2963 	2967
f 2986 	2950 	2988
f 1979 	3789 	1980
f 2972 	2963 	2980
f 2983 	1396 	1390
f 2987 	1792 	2981
f 2980 	2963 	2984
f 2995 	2991 	2965
f 2979 	2988 	2982
f 2988 	2990 	2982
f 3227 	2989 	2963
f 1987 	3723 	1988
f 2992 	2983 	2934
f 1709 	2963 	2989
f 4678 	1846 	1809
f 1639 	1638 	3195
f 2942 	2992 	2934
f 1992 	1988 	3722
f 2987 	1809 	1792
f 1396 	2983 	2992
f 2965 	2946 	2995
f 2996 	2999 	2992
f 2986 	2976 	2950
f 1846 	4678 	4681
f 2988 	2951 	2990
f 3053 	3111 	2998
f 2945 	2996 	2942
f 2950 	2951 	2988
f 2996 	2992 	2942
f 1396 	2992 	2999
f 2998 	2995 	2946
f 2999 	1421 	1396
f 1676 	1675 	2993
f 2994 	2993 	1675
f 2945 	3002 	3004
f 3001 	3000 	3007
f 2989 	2994 	1670
f 3004 	2996 	2945
f 3495 	2985 	2991
f 3004 	3006 	2996
f 2926 	1676 	2993
f 3004 	3200 	3006
f 3493 	2985 	3495
f 3000 	2990 	2951
f 315 	312 	1644
f 312 	307 	1644
f 632 	624 	1644
f 307 	310 	1644
f 1037 	1644 	624
f 624 	485 	1037
f 2996 	3006 	2999
f 2989 	1670 	1709
f 3006 	1424 	2999
f 1522 	1695 	1523
f 1521 	1695 	1522
f 1524 	1523 	1695
f 3003 	3062 	2997
f 3007 	3000 	3008
f 3007 	3009 	3001
f 2999 	1424 	1421
f 1695 	1694 	1512
f 1695 	1512 	1524
f 2935 	2925 	3272
f 3001 	3009 	3005
f 3009 	3836 	3005
f 3004 	3199 	3200
f 3010 	3066 	3003
f 3006 	3122 	1424
f 2951 	2961 	3008
f 3010 	3069 	3066
f 3000 	2951 	3008
f 2875 	2882 	3011
f 3008 	2702 	2703
f 2998 	3054 	2995
f 3007 	3008 	2703
f 2703 	2749 	3007
f 3012 	3011 	2882
f 3198 	3013 	3014
f 360 	357 	306
f 427 	423 	306
f 423 	422 	306
f 422 	419 	306
f 418 	417 	306
f 413 	408 	306
f 2882 	2887 	3012
f 2884 	2857 	3014
f 1691 	1512 	1698
f 1694 	1697 	1512
f 3025 	3026 	2995
f 3013 	2952 	3014
f 3013 	3180 	2952
f 1698 	1512 	1697
f 3030 	3120 	3012
f 3012 	2887 	3030
f 2969 	2975 	1786
f 1789 	1786 	2975
f 1789 	2975 	2981
f 3019 	3102 	3017
f 3029 	2995 	3027
f 2982 	2990 	3020
f 2874 	36 	3021
f 3016 	3022 	3023
f 3026 	3027 	2995
f 2459 	2906 	2187
f 2459 	3033 	2906
f 3026 	3025 	3028
f 3024 	3021 	36
f 2459 	3041 	3033
f 3016 	3023 	3015
f 3033 	3032 	2906
f 3041 	2459 	2462
f 3027 	3026 	3028
f 3020 	3022 	3016
f 2990 	3022 	3020
f 2900 	2596 	2601
f 3001 	3022 	3000
f 3027 	3028 	3029
f 2906 	3032 	2889
f 3022 	3001 	3023
f 3001 	3005 	3023
f 2889 	3032 	3030
f 3000 	3022 	2990
f 3025 	3054 	3028
f 3015 	3036 	3018
f 3684 	2995 	3686
f 3029 	3686 	2995
f 3023 	3036 	3015
f 3040 	3003 	3024
f 3018 	3037 	3034
f 3036 	3037 	3018
f 3037 	3842 	3034
f 3035 	2740 	3031
f 3248 	3034 	3842
f 3010 	3040 	4694
f 3040 	3010 	3003
f 1552 	4157 	1470
f 3035 	2815 	2740
f 3035 	3043 	2815
f 4694 	2968 	3010
f 3406 	3408 	1936
f 4696 	4698 	2969
f 3005 	3036 	3023
f 2969 	2968 	4696
f 3407 	3413 	1940
f 3043 	2816 	2815
f 3045 	2797 	3021
f 3037 	3036 	3845
f 3044 	2816 	3043
f 3042 	1470 	4157
f 3045 	2846 	2797
f 3021 	3024 	2997
f 2875 	3047 	2701
f 2997 	3045 	3021
f 3047 	3050 	2917
f 3047 	3056 	3050
f 3011 	3056 	3047
f 3024 	3003 	2997
f 3025 	2995 	3054
f 2875 	3011 	3047
f 3330 	3332 	2062
f 2998 	3057 	3053
f 3050 	3168 	3164
f 3077 	2998 	3060
f 3057 	2998 	3061
f 3060 	2998 	3064
f 3045 	2997 	3059
f 3048 	2907 	2909
f 2069 	2067 	3401
f 3048 	2909 	3049
f 3108 	3056 	3011
f 3044 	3046 	2759
f 2843 	3049 	2909
f 3062 	3059 	2997
f 3049 	2843 	3051
f 3062 	2533 	3059
f 3051 	2970 	3055
f 2843 	2970 	3051
f 3374 	2077 	2074
f 2970 	2973 	3055
f 3044 	2759 	2816
f 3059 	2533 	2506
f 3032 	3033 	3124
f 3038 	3060 	3064
f 3003 	3066 	3062
f 3124 	3121 	3032
f 3136 	3135 	3070
f 3071 	2462 	2469
f 2766 	3046 	3073
f 3071 	3041 	2462
f 3070 	3072 	3136
f 2469 	3076 	3071
f 3072 	2907 	3048
f 3069 	3010 	2968
f 3226 	3225 	2035
f 2113 	3066 	3069
f 3061 	3039 	3057
f 2071 	3069 	2968
f 2071 	2170 	3069
f 3139 	3048 	3049
f 2828 	3073 	3147
f 3069 	2170 	2113
f 3061 	2998 	3077
f 3086 	3071 	3076
f 3073 	2828 	2767
f 2071 	2968 	2969
f 3060 	3038 	3039
f 2484 	3079 	3076
f 2969 	1786 	2071
f 3341 	2047 	2045
f 2484 	2496 	3079
f 3341 	3340 	2047
f 2828 	3151 	2830
f 3039 	3077 	3060
f 3064 	925 	3082
f 925 	3064 	2998
f 2818 	2846 	3083
f 2496 	2497 	3084
f 3065 	3165 	2893
f 3065 	2893 	2901
f 3084 	3079 	2496
f 3067 	3065 	2901
f 2506 	3083 	3059
f 3082 	3081 	3042
f 3084 	3093 	3079
f 3067 	2902 	3070
f 3223 	3226 	2099
f 3067 	2901 	2902
f 3070 	2902 	2905
f 3071 	3138 	3041
f 2540 	2533 	3062
f 3072 	3070 	2905
f 2540 	3062 	3066
f 3085 	938 	1470
f 3072 	2905 	2907
f 3071 	3086 	3138
f 2846 	3045 	3083
f 3081 	3085 	3042
f 3230 	3233 	2041
f 3059 	3083 	3045
f 3079 	3087 	3076
f 3021 	2797 	2874
f 2836 	3159 	2842
f 3079 	3093 	3087
f 3076 	3087 	3086
f 1470 	3042 	3085
f 2695 	3086 	3087
f 3064 	3082 	3038
f 3090 	1521 	3089
f 3091 	1521 	3090
f 3092 	1521 	3091
f 3094 	1521 	3092
f 3080 	3089 	1521
f 3042 	3038 	3082
f 1521 	3094 	3097
f 1521 	3097 	3098
f 1521 	3098 	3099
f 3100 	1521 	3099
f 2748 	3093 	3084
f 3101 	1521 	3100
f 3077 	3039 	3061
f 2748 	2802 	3093
f 1521 	3101 	3102
f 3093 	2802 	2697
f 3103 	3104 	1521
f 3103 	1521 	3102
f 3104 	3105 	1521
f 3105 	3107 	1521
f 3050 	3056 	3168
f 3107 	3109 	1521
f 3011 	3012 	3108
f 3794 	1868 	3792
f 3109 	3110 	1521
f 3075 	3028 	3054
f 3110 	3112 	1521
f 3054 	2998 	3111
f 1521 	3112 	3113
f 3053 	3039 	3075
f 3114 	3115 	1521
f 3114 	1521 	3113
f 3111 	3053 	3075
f 3057 	3039 	3053
f 3056 	3108 	3176
f 3116 	1521 	3115
f 3012 	3120 	3108
f 1521 	3116 	3117
f 3118 	3119 	1521
f 3118 	1521 	3117
f 2899 	2898 	3052
f 3119 	3019 	1521
f 1971 	3800 	1972
f 3054 	3111 	3075
f 1972 	3799 	1974
f 3075 	3806 	3028
f 3039 	4190 	3075
f 3075 	4190 	3806
f 3121 	3120 	3030
f 3806 	3771 	3028
f 3030 	3032 	3121
f 3799 	1972 	3800
f 3122 	3200 	3123
f 3200 	2864 	3123
f 3019 	3119 	3118
f 3019 	3118 	3117
f 3019 	3117 	3116
f 3019 	3116 	3115
f 3019 	3115 	3114
f 3019 	3114 	3113
f 3019 	3113 	3112
f 3019 	3112 	3110
f 3019 	3110 	3109
f 3019 	3109 	3107
f 3019 	3107 	3105
f 3019 	3105 	3104
f 3019 	3104 	3103
f 3019 	3103 	3102
f 3101 	3017 	3102
f 3100 	3017 	3101
f 3099 	3017 	3100
f 3098 	3017 	3099
f 3097 	3017 	3098
f 3094 	3017 	3097
f 3092 	3017 	3094
f 3091 	3017 	3092
f 3090 	3017 	3091
f 3089 	3017 	3090
f 3080 	3017 	3089
f 3078 	3017 	3080
f 2696 	3017 	3078
f 2899 	3052 	3017
f 3019 	3017 	3052
f 3019 	3052 	3058
f 3019 	3058 	3063
f 3019 	3063 	3068
f 1695 	3019 	3074
f 1521 	3019 	3125
f 3130 	3121 	3124
f 3125 	3019 	1695
f 3033 	3132 	3124
f 1521 	3125 	1695
f 2864 	2866 	3127
f 3033 	3041 	3132
f 1978 	3787 	1979
f 3132 	2669 	3124
f 3068 	3074 	3019
f 3127 	3123 	2864
f 2838 	2814 	3129
f 1980 	3783 	1982
f 3127 	3155 	3123
f 2696 	3128 	3017
f 2609 	3017 	3128
f 3129 	3126 	2838
f 2609 	2899 	3017
f 3121 	3197 	3120
f 3129 	3213 	3126
f 3095 	3153 	2979
f 2866 	2873 	3134
f 3095 	2982 	3210
f 2979 	2982 	3095
f 2814 	2818 	3131
f 3106 	3055 	2973
f 3154 	1030 	1705
f 3106 	2986 	2979
f 3131 	3129 	2814
f 2973 	2986 	3106
f 3130 	3124 	2669
f 4381 	1653 	4378
f 3127 	2866 	3134
f 3131 	2745 	2451
f 4388 	1664 	4385
f 3134 	3157 	3127
f 3041 	3138 	3132
f 3132 	2688 	2669
f 2000 	3706 	2001
f 3138 	2688 	3132
f 3710 	2002 	2001
f 3133 	3065 	3067
f 3134 	2873 	3143
f 3133 	3067 	3135
f 2002 	3709 	2004
f 2693 	3138 	3086
f 3067 	3070 	3135
f 1694 	2898 	2897
f 1032 	1481 	1030
f 3712 	2006 	3711
f 3137 	3136 	3072
f 2878 	2886 	3144
f 3138 	2693 	2688
f 3716 	2013 	2012
f 3137 	3072 	3048
f 3144 	3143 	2878
f 3137 	3048 	3139
f 3143 	3162 	3158
f 2697 	2695 	3087
f 3139 	3049 	3140
f 3144 	3162 	3143
f 2693 	3086 	2695
f 3087 	3093 	2697
f 3140 	3049 	3051
f 304 	1481 	1037
f 3145 	3073 	3046
f 3145 	3764 	3147
f 3073 	3145 	3147
f 1452 	1424 	3148
f 3333 	3294 	2065
f 3084 	3146 	2748
f 3818 	1452 	3148
f 1037 	1481 	1036
f 1035 	1036 	1481
f 1033 	1035 	1481
f 3123 	3149 	3122
f 1032 	1033 	1481
f 3122 	3149 	3148
f 2584 	2758 	2581
f 3401 	3372 	2069
f 3149 	3874 	3148
f 3127 	3157 	3155
f 1705 	1030 	1481
f 3155 	3149 	3123
f 2828 	3147 	3151
f 2405 	2569 	2406
f 3051 	3150 	3140
f 714 	876 	2589
f 3152 	3150 	3055
f 306 	2406 	2569
f 2569 	2405 	2402
f 3195 	2621 	2402
f 876 	2769 	2589
f 3150 	3051 	3055
f 2589 	2769 	2584
f 3055 	3106 	3152
f 306 	2403 	2406
f 306 	1644 	2403
f 3152 	3106 	3153
f 3106 	2979 	3153
f 2830 	3151 	3156
f 3156 	2836 	2830
f 3366 	1931 	1930
f 3155 	3157 	3884
f 3366 	3346 	1931
f 3134 	3158 	3157
f 2769 	2758 	2584
f 3134 	3143 	3158
f 2836 	3156 	3159
f 3414 	1949 	1946
f 3146 	2581 	2752
f 2758 	2752 	2581
f 2402 	2403 	3195
f 1694 	3052 	2898
f 2752 	2748 	3146
f 3414 	3416 	1949
f 2824 	2826 	3163
f 3164 	2918 	3050
f 2826 	3167 	3163
f 3002 	2918 	3164
f 4089 	1874 	1956
f 2824 	3163 	3142
f 3161 	3165 	3194
f 3002 	3164 	3199
f 3065 	3133 	3165
f 3160 	2932 	3161
f 3004 	3002 	3199
f 2932 	3160 	2930
f 3167 	2826 	2831
f 3096 	3163 	3167
f 2886 	2894 	3171
f 2041 	2040 	3230
f 3231 	3230 	2040
f 2831 	2838 	3167
f 3126 	3096 	3167
f 3171 	3144 	2886
f 3168 	3056 	3176
f 3311 	3144 	3171
f 3167 	2838 	3126
f 3176 	3178 	3168
f 2842 	3159 	3166
f 3189 	3172 	3174
f 4358 	4360 	1572
f 3166 	2857 	2842
f 3164 	3168 	3202
f 3171 	2894 	3175
f 3160 	3191 	3174
f 2910 	3175 	2894
f 3141 	3142 	3177
f 3405 	3170 	3169
f 3198 	3180 	3013
f 2922 	3172 	3170
f 3142 	3163 	3088
f 3175 	2910 	3179
f 3163 	3096 	3088
f 3088 	3177 	3142
f 3180 	3182 	2963
f 3172 	2924 	3174
f 2924 	3172 	2922
f 3183 	3179 	2911
f 3174 	2924 	2930
f 2065 	2064 	3333
f 2930 	3160 	3174
f 2911 	2916 	3183
f 3259 	2994 	2989
f 2916 	3188 	3183
f 3374 	3373 	2077
f 2925 	2926 	3271
f 4400 	1582 	4364
f 3271 	3272 	2925
f 1643 	1642 	2403
f 2004 	3711 	2006
f 3181 	3176 	3108
f 3184 	3201 	3185
f 3712 	2009 	2006
f 3108 	3120 	3181
f 3274 	2937 	2935
f 3181 	2827 	3176
f 2829 	2827 	3181
f 3188 	2920 	3493
f 1640 	1637 	2403
f 1637 	1639 	2403
f 3195 	2403 	1639
f 1642 	1640 	2403
f 3178 	3176 	2827
f 1644 	1643 	2403
f 2016 	3719 	2018
f 2569 	2402 	2621
f 3697 	3696 	2018
f 3172 	3189 	3187
f 2827 	2873 	3178
f 3700 	3699 	2021
f 3189 	3174 	3191
f 3700 	2021 	2019
f 3181 	3120 	3197
f 3160 	3192 	3191
f 3181 	3197 	2829
f 1185 	973 	972
f 3121 	3130 	3197
f 3192 	3160 	3161
f 1182 	973 	1185
f 3197 	2832 	2829
f 3192 	3161 	3193
f 3130 	2832 	3197
f 3161 	3194 	3193
f 2845 	2832 	3130
f 3194 	3165 	3133
f 3130 	2669 	2845
f 3164 	3202 	3199
f 3823 	3290 	3198
f 3177 	3088 	3196
f 3122 	3006 	3200
f 3203 	3185 	3201
f 3169 	3186 	3185
f 3202 	2864 	3199
f 2099 	2097 	3223
f 3169 	3185 	3203
f 4393 	1666 	4390
f 3088 	3096 	3204
f 2866 	2864 	3202
f 2035 	2099 	3226
f 3200 	3199 	2864
f 3170 	3187 	3186
f 3204 	3196 	3088
f 3169 	3170 	3186
f 3187 	3170 	3172
f 3205 	3204 	3096
f 3096 	3126 	3205
f 3203 	3688 	3169
f 3291 	3292 	3198
f 3015 	3207 	3206
f 2857 	3166 	3198
f 3214 	3182 	3198
f 3016 	3015 	3206
f 3207 	3015 	3018
f 3014 	2857 	3198
f 3207 	3018 	3208
f 3214 	3212 	3182
f 3182 	3212 	2963
f 3210 	3020 	3211
f 3212 	3228 	2963
f 2982 	3020 	3210
f 3247 	3259 	2989
f 3020 	3016 	3211
f 3211 	3016 	3206
f 3247 	2989 	3227
f 4415 	3204 	3205
f 2937 	3274 	3285
f 3285 	1285 	2937
f 3180 	3198 	3182
f 3215 	3207 	3208
f 3222 	3247 	3214
f 2789 	2900 	2601
f 3126 	3213 	3205
f 3207 	3215 	3206
f 3268 	3269 	3215
f 3319 	3320 	3215
f 3320 	3321 	3215
f 3321 	3322 	3215
f 3322 	3323 	3215
f 3323 	3324 	3215
f 3324 	3300 	3215
f 3202 	3168 	3178
f 3300 	3301 	3215
f 3301 	3304 	3215
f 3202 	3178 	2866
f 2873 	2866 	3178
f 3304 	3305 	3215
f 3305 	3306 	3215
f 3306 	3307 	3215
f 3307 	3309 	3215
f 3309 	3184 	3215
f 3216 	3220 	3217
f 3184 	3185 	3215
f 3219 	3220 	3216
f 3185 	3186 	3215
f 3186 	3187 	3215
f 3191 	3192 	3215
f 3192 	3193 	3215
f 3193 	3194 	3215
f 3194 	3133 	3215
f 3133 	3135 	3215
f 3135 	3136 	3215
f 3136 	3137 	3215
f 3137 	3139 	3215
f 3139 	3140 	3215
f 3140 	3150 	3215
f 3150 	3152 	3215
f 3152 	3153 	3215
f 3153 	3095 	3215
f 3095 	3210 	3215
f 3218 	3217 	3221
f 3210 	3211 	3215
f 3224 	3245 	3214
f 3222 	3214 	3245
f 3228 	3214 	3227
f 3211 	3206 	3215
f 3228 	3212 	3214
f 3223 	3221 	3217
f 3225 	3226 	3217
f 3223 	3217 	3226
f 3209 	3215 	3208
f 3215 	3263 	3265
f 3213 	2447 	3205
f 3229 	3225 	3217
f 3222 	3245 	3259
f 3129 	2451 	3213
f 3129 	3131 	2451
f 2451 	2457 	3213
f 3213 	2457 	2447
f 3220 	3233 	3217
f 3229 	3217 	3231
f 3230 	3217 	3233
f 3231 	3217 	3230
f 3232 	3233 	3220
f 3235 	3232 	3220
f 3239 	3218 	3238
f 3237 	3238 	3218
f 3279 	3276 	3188
f 3243 	3215 	3209
f 2061 	2068 	3646
f 3237 	3218 	3241
f 2068 	2070 	3646
f 3241 	3218 	3240
f 3244 	3240 	3218
f 3242 	3256 	3236
f 3221 	3244 	3218
f 3215 	3262 	3263
f 3227 	2963 	3228
f 3227 	3214 	3247
f 3267 	3215 	3266
f 3242 	3173 	3246
f 3215 	3267 	3268
f 3246 	3173 	3141
f 3246 	3257 	3242
f 3177 	3246 	3141
f 3242 	3257 	3256
f 3208 	3018 	3034
f 3190 	3257 	3246
f 3208 	3034 	3209
f 3034 	3248 	3209
f 3190 	3246 	3177
f 3177 	3196 	3190
f 3209 	3248 	3243
f 3243 	3248 	3249
f 3254 	3250 	3234
f 3234 	3236 	3254
f 3250 	4431 	4427
f 3255 	3251 	3218
f 3252 	3218 	3251
f 3239 	3255 	3218
f 3236 	3256 	3254
f 4533 	4532 	2146
f 2148 	4534 	2146
f 3218 	3252 	3701
f 4538 	4537 	2152
f 2152 	2153 	4538
f 3222 	3259 	3247
f 3701 	3702 	3218
f 3190 	4395 	3257
f 3245 	3224 	3303
f 2741 	2746 	3219
f 3215 	3243 	3260
f 3215 	3260 	3262
f 3289 	3261 	3258
f 3245 	3303 	3259
f 3188 	3277 	3183
f 3259 	3849 	3264
f 3215 	3265 	3266
f 4553 	4552 	2178
f 3264 	2993 	2994
f 3264 	3270 	2993
f 3220 	3339 	3235
f 2994 	3259 	3264
f 3302 	3310 	3261
f 4557 	4556 	2184
f 3261 	3310 	3313
f 3340 	3341 	3220
f 3243 	3249 	3260
f 3281 	3278 	3188
f 3249 	3253 	3260
f 1386 	734 	3391
f 3260 	3253 	3262
f 751 	761 	3273
f 3263 	3931 	3932
f 4565 	2199 	2202
f 3263 	3932 	3265
f 2089 	2086 	3255
f 3276 	3277 	3188
f 3239 	3238 	2089
f 2091 	2089 	3238
f 3278 	3279 	3188
f 3935 	3267 	3266
f 3268 	3937 	3269
f 3279 	3278 	3280
f 2238 	1925 	2239
f 4580 	2226 	2228
f 2935 	3272 	3274
f 2228 	2230 	4580
f 4585 	2237 	2240
f 4585 	2240 	2241
f 3270 	3271 	2926
f 3270 	2926 	2993
f 3219 	2746 	3284
f 3283 	3284 	2746
f 3273 	3282 	3287
f 3286 	3283 	2746
f 3273 	3287 	3275
f 3285 	1311 	1285
f 444 	3298 	3288
f 4601 	2260 	2262
f 2262 	2263 	4601
f 3282 	378 	3288
f 3282 	3289 	3287
f 3187 	3189 	3215
f 3282 	3288 	3289
f 3189 	3191 	3215
f 3258 	3287 	3289
f 3292 	3296 	3198
f 3296 	3334 	3198
f 3291 	3198 	3290
f 3823 	3293 	3290
f 3291 	3290 	3295
f 3290 	3293 	3295
f 3293 	3823 	3297
f 3293 	3303 	3295
f 3295 	3292 	3291
f 3334 	3336 	3198
f 3280 	3277 	3276
f 3276 	3279 	3280
f 3277 	3478 	3183
f 3295 	3296 	3292
f 3288 	3302 	3289
f 3298 	3302 	3288
f 3278 	3281 	3280
f 3261 	3289 	3302
f 3300 	3344 	3301
f 3342 	3344 	3300
f 3729 	3732 	3281
f 3280 	3732 	3810
f 3299 	3303 	3297
f 3293 	3297 	3303
f 3297 	3841 	3299
f 3311 	3162 	3144
f 3162 	3982 	3921
f 3175 	3314 	3171
f 2919 	3308 	2940
f 3171 	3314 	3311
f 3308 	3315 	3310
f 3306 	3766 	3307
f 2919 	3315 	3308
f 3315 	3317 	3310
f 3175 	3316 	3314
f 3766 	3309 	3307
f 3179 	3316 	3175
f 3284 	3294 	3219
f 3309 	3201 	3184
f 3294 	3220 	3219
f 3318 	3215 	3269
f 3318 	3319 	3215
f 3318 	3269 	3970
f 3388 	3377 	3316
f 3325 	3326 	3220
f 3327 	3325 	3220
f 3327 	3220 	3329
f 3328 	3329 	3220
f 3332 	3330 	3220
f 3330 	3328 	3220
f 3331 	3220 	3333
f 3320 	3977 	3321
f 4359 	4358 	1572
f 3321 	3978 	3322
f 3294 	3333 	3220
f 3977 	3978 	3321
f 3323 	3322 	3335
f 3331 	3332 	3220
f 3299 	3312 	3303
f 3338 	3324 	3323
f 3342 	3300 	3324
f 3214 	3198 	3336
f 3214 	3337 	3224
f 3295 	3334 	3296
f 3214 	3336 	3337
f 4391 	1664 	4387
f 3335 	3322 	3978
f 3323 	3335 	3338
f 3283 	2065 	3284
f 3337 	3336 	3303
f 3295 	3303 	3336
f 3295 	3336 	3334
f 3224 	3337 	3303
f 3338 	3342 	3324
f 3339 	3220 	3341
f 3326 	3343 	3220
f 3272 	3271 	3912
f 3762 	3301 	3344
f 3220 	3343 	3340
f 3274 	3871 	3285
f 2746 	2756 	3346
f 3345 	3346 	2756
f 3342 	3804 	3344
f 3347 	3345 	2756
f 3311 	3982 	3162
f 3317 	3313 	3310
f 3349 	3350 	1601
f 3314 	3316 	3377
f 3411 	3413 	2756
f 2601 	2600 	2789
f 3349 	1601 	1599
f 3392 	3390 	3316
f 3355 	3316 	3179
f 3354 	1601 	3350
f 3430 	3392 	3316
f 3317 	3236 	3313
f 3183 	3355 	3179
f 2919 	2921 	3357
f 3437 	3430 	3355
f 2919 	3357 	3315
f 3353 	3356 	2641
f 3315 	3173 	3317
f 2641 	3356 	2647
f 3173 	3315 	3357
f 3356 	3358 	2647
f 3317 	3242 	3236
f 3354 	3353 	2641
f 3173 	3242 	3317
f 3314 	3360 	4006
f 2921 	2931 	3357
f 2931 	3141 	3357
f 3359 	3360 	3314
f 3141 	3173 	3357
f 3141 	2931 	3142
f 2931 	2824 	3142
f 3316 	3355 	3430
f 3308 	3298 	2940
f 3298 	3308 	3302
f 3308 	3310 	3302
f 3358 	2662 	2671
f 3350 	3353 	3354
f 3365 	3369 	3361
f 3351 	2746 	3367
f 3366 	3367 	2746
f 3346 	3366 	2746
f 3363 	3368 	3356
f 3361 	3369 	3364
f 3351 	3352 	2746
f 3363 	3356 	3353
f 3368 	3376 	3358
f 3370 	3375 	3365
f 3358 	3356 	3368
f 3362 	3360 	3359
f 3365 	3375 	3369
f 3359 	3314 	3377
f 3316 	3390 	3388
f 3368 	3465 	3376
f 3258 	3261 	3380
f 3261 	3313 	3380
f 3376 	2662 	3358
f 3348 	3386 	3379
f 3348 	3385 	3386
f 3380 	3370 	3258
f 3378 	2662 	3376
f 3355 	3454 	3437
f 3370 	3381 	3375
f 3421 	3379 	3383
f 3370 	3380 	3381
f 3359 	3377 	3362
f 3378 	3384 	2692
f 4008 	4006 	3362
f 2692 	3384 	2694
f 3360 	3362 	4006
f 2662 	3378 	2692
f 3379 	3386 	3387
f 3386 	2570 	3387
f 3379 	3387 	3383
f 2104 	1917 	3389
f 2498 	3383 	3387
f 3389 	1386 	3391
f 3355 	3183 	3475
f 2567 	3386 	3385
f 3391 	3393 	3389
f 3275 	3391 	734
f 3454 	3355 	3453
f 2567 	2570 	3386
f 3387 	2570 	2507
f 3387 	2507 	2498
f 3382 	3394 	3384
f 3674 	3394 	3382
f 2694 	3384 	3394
f 3674 	3397 	3394
f 3394 	3397 	2698
f 3395 	3398 	3399
f 3391 	3400 	3393
f 3372 	2746 	3371
f 3371 	2746 	3374
f 3374 	2746 	3373
f 3373 	2746 	3352
f 3391 	3275 	3400
f 3395 	3399 	3385
f 2567 	3385 	3399
f 3402 	2746 	3401
f 3403 	3400 	3275
f 3372 	3401 	2746
f 3275 	3287 	3403
f 3675 	2704 	3397
f 3286 	2746 	3402
f 2583 	3398 	3396
f 3403 	3365 	3400
f 3397 	2706 	2698
f 2704 	2706 	3397
f 3398 	2583 	2574
f 3399 	3398 	2574
f 3677 	2725 	2704
f 3361 	3400 	3365
f 3404 	69 	71
f 3287 	3258 	3403
f 3370 	3365 	3403
f 3404 	70 	69
f 3403 	3258 	3370
f 3405 	2922 	3170
f 70 	3404 	1685
f 3408 	3406 	2756
f 3347 	2756 	3406
f 3404 	3420 	1685
f 3412 	3405 	3688
f 3407 	3408 	2756
f 71 	82 	3417
f 3413 	3407 	2756
f 3405 	3412 	3419
f 3417 	3404 	71
f 3416 	3414 	2756
f 2593 	1845 	3418
f 3404 	3417 	3420
f 3405 	3419 	2922
f 3415 	3416 	2756
f 3421 	2922 	3419
f 3422 	3417 	82
f 3389 	3393 	3410
f 82 	87 	3422
f 3410 	3393 	3423
f 3410 	3423 	3418
f 2941 	2924 	3421
f 3377 	3388 	3362
f 3361 	3423 	3393
f 3393 	3400 	3361
f 3426 	3412 	3409
f 3412 	3426 	3348
f 3361 	3364 	3423
f 3380 	3234 	3381
f 3348 	3419 	3412
f 3419 	3348 	3379
f 3234 	3380 	3313
f 3419 	3379 	3421
f 3388 	3390 	3425
f 3313 	3236 	3234
f 3425 	3362 	3388
f 3234 	3250 	3381
f 3426 	3385 	3348
f 3427 	3131 	2818
f 3385 	3426 	3395
f 3083 	3427 	2818
f 1934 	1931 	3345
f 3346 	3345 	1931
f 3427 	2745 	3131
f 3390 	3392 	3425
f 2582 	2745 	3427
f 1934 	3345 	3347
f 1934 	3347 	3406
f 3428 	3504 	3429
f 2506 	3427 	3083
f 3426 	3409 	3429
f 2506 	2582 	3427
f 3417 	3424 	3420
f 3428 	3757 	3433
f 3422 	3424 	3417
f 3349 	3420 	3424
f 3392 	3430 	3425
f 3349 	3424 	3350
f 3362 	3425 	4011
f 3424 	3441 	3350
f 3435 	3436 	3432
f 3425 	4012 	4011
f 3455 	4012 	3425
f 3432 	3436 	3434
f 2879 	3434 	3436
f 4363 	4362 	1572
f 1582 	4365 	4364
f 4403 	1582 	4398
f 3435 	3440 	3436
f 87 	3439 	3422
f 3435 	3438 	3440
f 3440 	2880 	3436
f 3422 	3439 	3441
f 2885 	2880 	3440
f 3447 	3442 	3446
f 3442 	3438 	3446
f 3442 	3443 	3438
f 3442 	3444 	3443
f 3438 	3443 	3440
f 3443 	2885 	3440
f 3444 	3442 	716
f 3444 	2888 	3443
f 720 	3444 	716
f 3444 	2892 	2888
f 3443 	2888 	2885
f 2892 	3444 	720
f 4637 	4652 	2315
f 3445 	3438 	3435
f 2316 	4637 	2315
f 3446 	3438 	3445
f 3447 	3446 	4039
f 4047 	3447 	4039
f 3447 	4047 	737
f 2337 	4650 	2336
f 2337 	2300 	4650
f 3447 	737 	716
f 3447 	716 	3442
f 2343 	2344 	4655
f 2344 	2348 	4655
f 3449 	3432 	3448
f 2356 	2359 	4661
f 2359 	2361 	4661
f 2361 	2363 	4663
f 2364 	4651 	4663
f 2363 	2364 	4663
f 3449 	3435 	3432
f 3445 	3435 	3449
f 2052 	2048 	3343
f 3326 	3325 	2052
f 3343 	3326 	2052
f 3475 	3183 	3478
f 2331 	2149 	2210
f 3452 	3453 	3355
f 3422 	3441 	3424
f 3455 	3453 	3452
f 3474 	3355 	3475
f 3461 	3439 	144
f 3474 	3452 	3355
f 3363 	3441 	3439
f 3441 	3353 	3350
f 3452 	3474 	3455
f 3363 	3353 	3441
f 3450 	444 	3457
f 3451 	444 	3450
f 3457 	444 	3456
f 3439 	3461 	3363
f 3459 	3456 	444
f 3461 	3368 	3363
f 3430 	3437 	3425
f 3437 	3454 	3455
f 3455 	3425 	3437
f 3464 	3463 	3467
f 3453 	3455 	3454
f 3466 	3463 	3469
f 3467 	3463 	3466
f 3472 	3473 	3463
f 3463 	3473 	3471
f 3471 	3470 	3463
f 3472 	3463 	3477
f 3479 	3476 	3463
f 3480 	3463 	3483
f 3483 	3463 	3482
f 3482 	3463 	3462
f 3468 	3469 	3463
f 3470 	3468 	3463
f 3480 	3479 	3463
f 3476 	3477 	3463
f 3481 	3455 	3474
f 3474 	3475 	3481
f 3478 	3481 	3475
f 3535 	3460 	3463
f 3462 	3463 	3485
f 3463 	3487 	3484
f 3484 	3485 	3463
f 3478 	3280 	3481
f 3486 	3484 	3487
f 3277 	3280 	3478
f 3481 	4013 	3455
f 3455 	4013 	4012
f 3488 	3486 	3487
f 3280 	3810 	3481
f 3487 	3491 	3489
f 3489 	3488 	3487
f 3490 	3491 	3487
f 444 	3451 	3487
f 3490 	3487 	3494
f 3494 	3487 	3492
f 3492 	3487 	3451
f 3745 	3743 	3495
f 3487 	3298 	444
f 2995 	3684 	2991
f 2221 	1372 	2223
f 3463 	2938 	3487
f 3487 	2940 	3298
f 2938 	2940 	3487
f 2261 	730 	2264
f 731 	2266 	2264
f 3496 	3497 	839
f 3496 	3536 	3497
f 839 	3498 	852
f 3500 	3498 	839
f 3501 	3499 	839
f 3499 	3500 	839
f 3504 	3428 	3433
f 3506 	3502 	3497
f 3502 	3503 	3497
f 3501 	839 	3503
f 3497 	3503 	839
f 3505 	3506 	3497
f 3429 	3395 	3426
f 3429 	3504 	3395
f 3508 	3507 	3497
f 3505 	3497 	3507
f 3510 	3508 	3497
f 3510 	3497 	3509
f 3509 	3497 	3512
f 3512 	3497 	3511
f 3511 	3497 	3513
f 3514 	3513 	3497
f 3433 	3396 	3504
f 3504 	3396 	3398
f 3504 	3398 	3395
f 3497 	3517 	3514
f 3519 	3517 	3497
f 3396 	3516 	2583
f 3518 	3519 	3497
f 3521 	3518 	3497
f 3522 	3520 	3497
f 3520 	3521 	3497
f 3515 	3527 	3516
f 4400 	4398 	1582
f 3526 	3524 	3497
f 3524 	3522 	3497
f 4406 	1645 	4402
f 3529 	3525 	3497
f 3525 	3526 	3497
f 3515 	3523 	3527
f 3528 	3529 	3497
f 3516 	3527 	2585
f 3531 	3530 	3497
f 3530 	3528 	3497
f 3532 	3531 	3497
f 3461 	3465 	3368
f 4670 	2383 	2384
f 4670 	2384 	2387
f 4386 	1660 	4383
f 3496 	4082 	4104
f 3376 	3465 	3534
f 612 	622 	623
f 623 	616 	612
f 978 	1183 	975
f 1178 	975 	1183
f 3052 	1694 	3058
f 2897 	1697 	1694
f 3534 	3537 	3378
f 1177 	1178 	1186
f 1183 	1186 	1178
f 1185 	1186 	1182
f 1183 	1182 	1186
f 3541 	3543 	3540
f 3542 	3543 	3541
f 3539 	3540 	3543
f 3534 	3378 	3376
f 3545 	3546 	3544
f 3543 	3544 	3546
f 3543 	3546 	3547
f 3543 	3547 	3548
f 3543 	3548 	3549
f 3543 	3549 	3550
f 3543 	3550 	3551
f 3543 	3551 	3552
f 3543 	3552 	3553
f 3543 	3553 	3554
f 3538 	3539 	3543
f 3554 	3538 	3543
f 3556 	3557 	3543
f 3537 	3384 	3378
f 3537 	3382 	3384
f 3557 	3558 	3543
f 3558 	3559 	3543
f 3559 	3560 	3543
f 3560 	3561 	3543
f 3561 	3562 	3543
f 3562 	3563 	3543
f 3563 	3564 	3543
f 3564 	3565 	3543
f 3565 	3566 	3543
f 3566 	3567 	3543
f 3567 	3555 	3543
f 3555 	3569 	3543
f 3569 	3570 	3543
f 3568 	144 	139
f 3573 	3574 	3543
f 3574 	3575 	3543
f 3572 	3573 	3543
f 3575 	3576 	3543
f 3576 	3577 	3543
f 3577 	3578 	3543
f 3578 	3579 	3543
f 3579 	3580 	3543
f 3580 	3581 	3543
f 3581 	3582 	3543
f 3582 	3583 	3543
f 3583 	3584 	3543
f 3584 	3585 	3543
f 3571 	3572 	3543
f 3570 	3571 	3543
f 3516 	2585 	2583
f 3585 	3586 	3543
f 3586 	3587 	3543
f 3587 	3588 	3543
f 3588 	3589 	3543
f 3589 	3590 	3543
f 3590 	3591 	3543
f 3591 	3592 	3543
f 3592 	3593 	3543
f 3593 	3594 	3543
f 3594 	3595 	3543
f 3595 	3596 	3543
f 3596 	3597 	3543
f 3597 	3598 	3543
f 3602 	3543 	3598
f 3601 	3602 	3598
f 3599 	3601 	3598
f 3660 	3601 	3599
f 3600 	3431 	3820
f 3542 	3556 	3543
f 3654 	3655 	3607
f 3607 	3608 	3654
f 3653 	3654 	3608
f 3609 	3653 	3608
f 3609 	3610 	3653
f 3611 	3652 	3610
f 3612 	3652 	3611
f 3601 	3652 	3612
f 4403 	4402 	1645
f 3461 	144 	3568
f 3616 	3603 	3615
f 3615 	3603 	3614
f 3617 	3603 	3616
f 3618 	3603 	3617
f 3619 	3603 	3618
f 3620 	3603 	3619
f 3604 	3659 	3603
f 3614 	3603 	3613
f 3568 	3465 	3461
f 3622 	160 	166
f 3624 	3603 	3623
f 3626 	3603 	3625
f 3625 	3603 	3624
f 3627 	3603 	3626
f 3628 	3603 	3627
f 3629 	3603 	3628
f 3630 	3603 	3629
f 3631 	3603 	3630
f 3632 	3603 	3631
f 3633 	3603 	3632
f 3634 	3603 	3633
f 3613 	3603 	3634
f 3623 	3603 	3621
f 3606 	3607 	3655
f 3622 	3568 	160
f 3465 	3568 	3622
f 3621 	3603 	3636
f 3636 	3603 	3635
f 3660 	3649 	3601
f 3639 	3603 	3638
f 3640 	3603 	3639
f 3641 	3603 	3640
f 3642 	3603 	3641
f 3643 	3603 	3642
f 3644 	3603 	3643
f 3645 	3603 	3644
f 3646 	3603 	3645
f 3647 	3603 	3646
f 3635 	3603 	3647
f 3600 	3648 	3431
f 3431 	3648 	3433
f 3653 	3610 	3652
f 3651 	3652 	3601
f 3655 	3656 	3606
f 3605 	3606 	3656
f 3656 	3657 	3605
f 3604 	3605 	3657
f 3657 	3658 	3604
f 3658 	3659 	3604
f 3662 	3603 	3659
f 3650 	3651 	3601
f 3649 	3650 	3601
f 3648 	3396 	3433
f 4384 	4383 	1660
f 3665 	3603 	3664
f 3666 	3603 	3665
f 3667 	3603 	3666
f 3668 	3603 	3667
f 3669 	3603 	3668
f 3670 	3603 	3669
f 3638 	3603 	3637
f 3664 	3603 	3663
f 3637 	3603 	3670
f 3663 	3603 	3662
f 2310 	756 	2311
f 755 	2314 	2311
f 4373 	4375 	1634
f 3600 	3515 	3648
f 3515 	3600 	3671
f 166 	173 	3672
f 3672 	3622 	166
f 3622 	3534 	3465
f 3622 	3672 	3534
f 173 	3673 	3672
f 3672 	3537 	3534
f 3672 	3673 	3537
f 4409 	1645 	4405
f 3673 	3694 	3382
f 3673 	3382 	3537
f 2991 	3685 	3495
f 3674 	3675 	3397
f 3680 	3676 	3495
f 3648 	3515 	3516
f 3648 	3516 	3396
f 3661 	3679 	3671
f 3661 	3678 	3679
f 3671 	3523 	3515
f 3679 	3523 	3671
f 3685 	3681 	3495
f 3680 	3495 	3681
f 4386 	4385 	1664
f 3675 	3677 	2704
f 3760 	3676 	3680
f 3681 	3760 	3680
f 3685 	2991 	3684
f 3677 	3683 	2725
f 3760 	3681 	3771
f 3685 	3771 	3681
f 3684 	3771 	3685
f 3686 	3771 	3684
f 3536 	3496 	4104
f 3536 	3460 	3497
f 3690 	3460 	3533
f 3690 	3532 	3460
f 3497 	3460 	3532
f 3169 	3688 	3405
f 3464 	3535 	3463
f 3686 	3029 	3771
f 3029 	3028 	3771
f 3533 	3460 	3535
f 3691 	4319 	3689
f 3536 	4104 	3934
f 4406 	4405 	1645
f 3683 	3687 	2726
f 4384 	1655 	4380
f 3683 	2726 	2725
f 1664 	1661 	4386
f 1666 	1665 	4391
f 3031 	2726 	3687
f 223 	3694 	3673
f 3695 	3694 	224
f 224 	225 	3695
f 3694 	3695 	3674
f 3700 	3696 	3689
f 3696 	3697 	3689
f 3698 	3689 	3697
f 4374 	3195 	1638
f 3695 	3675 	3674
f 3699 	3700 	3689
f 3695 	3703 	3675
f 3694 	3674 	3382
f 225 	226 	3703
f 3702 	3699 	3218
f 3689 	3218 	3699
f 3703 	3695 	225
f 852 	2379 	850
f 226 	227 	3705
f 227 	3708 	3705
f 3705 	3703 	226
f 3703 	3705 	3677
f 4379 	4378 	1653
f 3703 	3677 	3675
f 3704 	3691 	3707
f 3707 	3691 	3706
f 3705 	3683 	3677
f 3710 	3706 	3691
f 4388 	4387 	1664
f 3709 	3710 	3691
f 3705 	3708 	3683
f 3712 	3711 	3691
f 3711 	3709 	3691
f 3708 	3721 	3687
f 3714 	3712 	3691
f 3713 	3714 	3691
f 3716 	3713 	3689
f 3708 	3687 	3683
f 250 	252 	3718
f 3715 	3716 	3689
f 3718 	227 	250
f 3717 	3715 	3689
f 3689 	3713 	3691
f 3718 	3708 	227
f 252 	3720 	3718
f 3717 	3689 	3719
f 3698 	3719 	3689
f 3718 	3721 	3708
f 3718 	3720 	3721
f 4412 	1647 	4408
f 3724 	3722 	3691
f 3722 	3723 	3691
f 3724 	3691 	3726
f 3727 	3687 	3721
f 3721 	3770 	3727
f 3727 	3031 	3687
f 4375 	4374 	1638
f 3727 	3730 	3035
f 3058 	1694 	3063
f 3035 	3031 	3727
f 3729 	3493 	3728
f 3281 	3188 	3729
f 3729 	3188 	3493
f 3730 	3731 	3043
f 3738 	3737 	3493
f 3495 	3746 	3745
f 3728 	3732 	3729
f 3728 	3493 	3737
f 3730 	3043 	3035
f 3493 	3495 	3743
f 3728 	3737 	3732
f 3731 	3733 	3044
f 3280 	3281 	3732
f 3691 	3704 	3725
f 3725 	3726 	3691
f 3409 	3688 	3682
f 3409 	3682 	3734
f 3409 	3412 	3688
f 3692 	3428 	3734
f 3733 	3046 	3044
f 3734 	3428 	3429
f 3734 	3429 	3409
f 3731 	3044 	3043
f 3309 	3766 	3735
f 3145 	3733 	3761
f 3735 	3201 	3309
f 3761 	3764 	3145
f 3145 	3046 	3733
f 3743 	3739 	3493
f 3738 	3493 	3739
f 3736 	3740 	3735
f 3764 	3767 	3147
f 3735 	3741 	3201
f 3737 	3738 	3732
f 3151 	3147 	3767
f 3735 	3740 	3741
f 3742 	3732 	3738
f 3739 	3742 	3738
f 3682 	3201 	3741
f 3203 	3201 	3682
f 3682 	3688 	3203
f 3707 	1995 	3704
f 1567 	1565 	4357
f 3736 	3749 	3750
f 3743 	3742 	3739
f 3736 	3750 	3740
f 3732 	3811 	3810
f 3742 	3811 	3732
f 3741 	3740 	3692
f 3741 	3692 	3734
f 3746 	3495 	3747
f 1572 	4362 	4365
f 3741 	3734 	3682
f 3742 	3745 	3748
f 3746 	3748 	3745
f 3743 	3745 	3742
f 3747 	3748 	3746
f 3749 	3754 	3755
f 3464 	2433 	3535
f 3749 	3755 	3750
f 3747 	3495 	3751
f 3676 	3751 	3495
f 3750 	3692 	3740
f 3460 	3753 	3463
f 3809 	3754 	3749
f 3752 	3753 	3460
f 3751 	3748 	3747
f 3750 	3755 	3757
f 3750 	3757 	3692
f 3744 	3759 	3731
f 3428 	3692 	3757
f 3759 	3733 	3731
f 3759 	3761 	3733
f 3748 	3676 	3760
f 3744 	3731 	3730
f 3761 	3759 	3774
f 3752 	3758 	3753
f 3820 	3755 	3754
f 3756 	3758 	3752
f 3755 	3431 	3757
f 3751 	3676 	3748
f 3758 	2943 	3753
f 3755 	3820 	3431
f 3757 	3431 	3433
f 3432 	3756 	3448
f 3762 	3304 	3301
f 3756 	3434 	3758
f 1655 	1654 	4381
f 3305 	3304 	3763
f 3762 	3763 	3304
f 3305 	3763 	3765
f 4391 	4390 	1666
f 3765 	3306 	3305
f 3766 	3306 	3765
f 1473 	1476 	2358
f 3768 	3763 	3762
f 3769 	3765 	3763
f 3769 	3763 	3768
f 3765 	3769 	3736
f 3765 	3736 	3766
f 3736 	3735 	3766
f 3768 	3808 	3809
f 3809 	3769 	3768
f 3770 	3721 	3720
f 3769 	3749 	3736
f 3749 	3769 	3809
f 3770 	3730 	3727
f 3770 	3744 	3730
f 3775 	3764 	3761
f 3432 	3434 	3756
f 2947 	3758 	3434
f 3758 	2947 	2943
f 256 	293 	3772
f 293 	3773 	3772
f 3720 	256 	3772
f 3720 	3772 	3770
f 1660 	4386 	1661
f 3772 	3744 	3770
f 2464 	3466 	2465
f 3468 	2466 	3469
f 3744 	3772 	3773
f 2789 	2600 	4355
f 3774 	3773 	302
f 302 	332 	3774
f 3773 	3759 	3744
f 1576 	1574 	4365
f 1582 	1577 	4365
f 1649 	1648 	4412
f 1653 	1651 	4412
f 3491 	2488 	3489
f 3773 	3774 	3759
f 3775 	3774 	332
f 332 	441 	3775
f 3778 	3780 	3777
f 3776 	3777 	3780
f 3779 	3776 	3780
f 3517 	3519 	2419
f 2470 	3471 	2471
f 1576 	4365 	1577
f 1651 	1650 	4412
f 3528 	3530 	2429
f 4384 	1656 	1655
f 2938 	3463 	3753
f 2943 	2938 	3753
f 4359 	1567 	4356
f 3063 	1694 	3068
f 3761 	3774 	3775
f 3781 	3691 	3783
f 3782 	3783 	3691
f 3784 	3782 	3691
f 3784 	3691 	3786
f 3785 	3786 	3691
f 3723 	3785 	3691
f 3780 	3693 	3779
f 3787 	3788 	3693
f 3788 	3779 	3693
f 3789 	3693 	3781
f 3787 	3693 	3789
f 3781 	3693 	3691
f 3488 	2485 	3486
f 3790 	3780 	3778
f 3792 	11 	3794
f 3791 	11 	3792
f 3793 	11 	3796
f 3793 	3794 	11
f 3795 	11 	3798
f 3797 	3798 	11
f 3800 	3797 	11
f 3790 	3799 	3780
f 3767 	3946 	3801
f 3151 	3767 	3801
f 3801 	3156 	3151
f 3801 	3802 	3156
f 3950 	3803 	3802
f 11 	4811 	3780
f 2897 	2900 	1697
f 1570 	1568 	4359
f 1572 	1571 	4359
f 3805 	3344 	3804
f 3762 	3344 	3805
f 3805 	3768 	3762
f 1584 	1583 	4403
f 3804 	3807 	3805
f 4150 	3771 	3806
f 3804 	4173 	3807
f 3808 	3768 	3805
f 3778 	1974 	3790
f 3805 	3807 	3808
f 3814 	3808 	3807
f 3807 	3812 	3814
f 3808 	3814 	3815
f 3748 	3813 	3742
f 3808 	3815 	3809
f 3742 	3813 	3811
f 3748 	3760 	3817
f 3809 	3815 	3754
f 3813 	3748 	3817
f 3812 	3826 	3814
f 3826 	3812 	4212
f 4393 	1667 	1666
f 3818 	1545 	1452
f 3818 	2572 	1545
f 3819 	3815 	3827
f 3819 	3754 	3815
f 3802 	3803 	3159
f 3754 	3819 	3820
f 3819 	3821 	3822
f 3802 	3159 	3156
f 3819 	3822 	3820
f 3803 	3816 	3166
f 3803 	3166 	3159
f 3166 	3816 	3198
f 3600 	3820 	3822
f 3829 	3824 	3821
f 3823 	3198 	3816
f 2792 	2791 	4355
f 3821 	3824 	3661
f 1570 	4359 	1571
f 3821 	3661 	3822
f 3822 	3661 	3671
f 3822 	3671 	3600
f 3825 	3678 	3824
f 3824 	3678 	3661
f 3068 	1694 	3074
f 3297 	3823 	3841
f 3815 	3814 	3827
f 3814 	3826 	3827
f 4212 	3828 	3826
f 3826 	3828 	3829
f 3830 	3259 	3303
f 3826 	3829 	3827
f 3827 	3821 	3819
f 3830 	3303 	3312
f 3829 	3821 	3827
f 3312 	3299 	3841
f 3831 	3828 	4215
f 3312 	3841 	3830
f 4215 	4220 	3831
f 3828 	3831 	3833
f 3828 	3833 	3829
f 3829 	3833 	3824
f 3726 	1993 	3724
f 3831 	4220 	3834
f 3831 	3835 	3833
f 3259 	3830 	3832
f 3832 	3855 	3259
f 3855 	3858 	3259
f 3831 	3834 	3835
f 3833 	3835 	3825
f 3835 	175 	3825
f 3833 	3825 	3824
f 3834 	192 	3835
f 3697 	2018 	3698
f 3835 	192 	175
f 1745 	4816 	3791
f 390 	2338 	382
f 3912 	3873 	3272
f 3272 	3873 	3274
f 3508 	3510 	2409
f 3511 	3513 	2417
f 3518 	3521 	2421
f 3009 	3007 	2749
f 3522 	2424 	2423
f 3522 	3524 	2424
f 3873 	3871 	3274
f 3009 	3839 	3836
f 2428 	3528 	2429
f 2749 	3839 	3009
f 3839 	3840 	3836
f 2753 	2770 	3839
f 3839 	2770 	3840
f 3690 	2433 	2431
f 3836 	3840 	3837
f 3690 	3533 	2433
f 3861 	3838 	3837
f 3464 	3467 	2461
f 3847 	3859 	3841
f 3861 	3865 	3838
f 2444 	509 	2445
f 3839 	2749 	2753
f 3249 	3248 	3843
f 3843 	3248 	3842
f 3476 	2477 	2475
f 3483 	2480 	2479
f 2478 	3480 	2479
f 3036 	3005 	3845
f 3005 	3836 	3845
f 2482 	3485 	2483
f 3850 	3855 	3841
f 3832 	3830 	3841
f 3846 	3842 	3037
f 3484 	2485 	2483
f 3845 	3846 	3037
f 3851 	3843 	3842
f 3860 	3852 	3841
f 3845 	3837 	3846
f 3836 	3837 	3845
f 3832 	3841 	3855
f 3846 	3851 	3842
f 3850 	3852 	3853
f 3843 	3854 	3844
f 3851 	3854 	3843
f 3853 	3856 	3850
f 3850 	3858 	3855
f 3850 	3856 	3858
f 3854 	3857 	3844
f 472 	2453 	2452
f 3852 	3849 	3853
f 3858 	3856 	3259
f 3837 	3838 	3846
f 3853 	3849 	3856
f 2465 	3469 	2466
f 3838 	3851 	3846
f 3849 	3259 	3856
f 2466 	3468 	2468
f 3470 	2468 	3468
f 2468 	3470 	2470
f 3850 	3841 	3852
f 3860 	3841 	3859
f 3848 	3860 	3859
f 2474 	3477 	2475
f 3837 	3840 	3861
f 3848 	3849 	3860
f 3860 	3849 	3852
f 3840 	2770 	3866
f 3848 	3859 	3847
f 2770 	2773 	3866
f 3866 	3861 	3840
f 3861 	3867 	3865
f 3866 	3867 	3861
f 3867 	4041 	3865
f 3866 	2783 	3867
f 2773 	2783 	3866
f 3868 	3869 	3270
f 3270 	3869 	3271
f 3868 	3264 	3849
f 3851 	3838 	3872
f 3872 	3854 	3851
f 3148 	3874 	3818
f 3872 	3876 	3854
f 1873 	3558 	3557
f 3872 	3890 	3876
f 3926 	2572 	3818
f 3862 	1027 	3863
f 1873 	1876 	3558
f 3854 	3876 	3857
f 3874 	3926 	3818
f 3879 	3874 	3149
f 3878 	3870 	3857
f 3149 	3155 	3879
f 3863 	1027 	3864
f 1882 	3562 	3561
f 3876 	3878 	3857
f 3878 	3881 	3870
f 1882 	3563 	3562
f 3155 	3884 	3879
f 3872 	3838 	3865
f 3889 	3157 	3158
f 3889 	3884 	3157
f 3865 	3890 	3872
f 4038 	3878 	3876
f 3571 	1905 	3572
f 3887 	1053 	3888
f 1905 	3573 	3572
f 3158 	3921 	3889
f 4041 	3890 	3865
f 4355 	4354 	2792
f 2464 	2463 	3466
f 1645 	1585 	4403
f 4381 	4380 	1655
f 2470 	3470 	3471
f 3472 	2472 	3473
f 3473 	2471 	3471
f 2472 	3472 	2474
f 2485 	3488 	2486
f 3158 	3162 	3921
f 3903 	653 	3904
f 445 	2454 	446
f 472 	447 	2453
f 3938 	3889 	3921
f 3921 	3940 	3938
f 1943 	1944 	3592
f 519 	2321 	516
f 3912 	3271 	3869
f 3868 	3270 	3264
f 3871 	3873 	4002
f 1705 	2615 	3154
f 3922 	1311 	3285
f 3922 	1332 	1311
f 3285 	3871 	3922
f 1332 	3922 	4015
f 4015 	1357 	1332
f 3925 	3923 	3963
f 3923 	3924 	3841
f 3841 	3924 	3847
f 3924 	3923 	3848
f 3841 	3963 	3923
f 2578 	2572 	3926
f 3927 	3926 	3874
f 446 	2453 	447
f 3879 	3927 	3874
f 3927 	3879 	3928
f 437 	2439 	454
f 3879 	3884 	3928
f 1961 	3606 	3605
f 2792 	4357 	1565
f 3926 	3927 	2580
f 1582 	4403 	1583
f 1647 	1646 	4409
f 4409 	4408 	1647
f 1653 	4381 	1654
f 3482 	2480 	3483
f 1636 	1635 	4375
f 3462 	2482 	3482
f 3485 	2482 	3462
f 3963 	3929 	3925
f 3927 	3928 	853
f 3928 	854 	853
f 2580 	3927 	853
f 3450 	2493 	3451
f 3930 	854 	3928
f 3467 	3466 	2463
f 2463 	2461 	3467
f 3469 	2465 	3466
f 2471 	3473 	2472
f 3477 	2474 	3472
f 2477 	3476 	3479
f 3923 	3849 	3848
f 3923 	3925 	3849
f 3719 	2016 	3717
f 2477 	3479 	2478
f 3480 	2478 	3479
f 3929 	3849 	3925
f 3483 	2479 	3480
f 3931 	3262 	3253
f 3967 	3849 	3929
f 3931 	3263 	3262
f 3484 	3486 	2485
f 3253 	3951 	3931
f 3489 	2486 	3488
f 3265 	3933 	3266
f 3924 	3848 	3847
f 4104 	4111 	3934
f 3932 	3933 	3265
f 3752 	3460 	3536
f 3933 	3935 	3266
f 3934 	3752 	3536
f 3267 	3935 	3268
f 3936 	3268 	3935
f 3936 	3937 	3268
f 3756 	3934 	3448
f 3843 	3844 	3249
f 3249 	3844 	3253
f 3934 	3756 	3752
f 3627 	3626 	2025
f 2028 	2027 	3701
f 3945 	3767 	3764
f 3946 	3767 	3945
f 3947 	3950 	3802
f 3801 	3947 	3802
f 3953 	3816 	3803
f 3889 	3930 	3884
f 3889 	3938 	3930
f 3823 	3816 	3954
f 3928 	3884 	3930
f 3711 	2004 	3709
f 3823 	3954 	3939
f 3713 	2010 	3714
f 2010 	3713 	2012
f 2013 	3715 	2016
f 3940 	3955 	3938
f 3948 	3938 	3943
f 3932 	3959 	3933
f 3930 	3938 	861
f 3935 	3962 	3936
f 854 	3930 	861
f 3949 	861 	3948
f 3251 	3255 	2086
f 3942 	3938 	3941
f 3943 	3938 	3942
f 3964 	3961 	3940
f 4357 	4356 	1567
f 3939 	3841 	3823
f 3942 	3941 	3944
f 3941 	3938 	3955
f 441 	3945 	3775
f 3945 	3764 	3775
f 443 	457 	3946
f 3946 	3945 	443
f 3955 	3958 	3941
f 457 	3947 	3946
f 3944 	3943 	3942
f 3946 	3947 	3801
f 3949 	3948 	3944
f 3948 	3943 	3944
f 3947 	462 	3950
f 4378 	4379 	3893
f 462 	473 	3950
f 3951 	3253 	3844
f 3950 	3953 	3803
f 473 	3953 	3950
f 473 	478 	3953
f 3951 	3952 	3931
f 3957 	3940 	3956
f 3940 	3957 	3955
f 3931 	3952 	3932
f 3952 	3959 	3932
f 3953 	478 	3954
f 478 	527 	3954
f 3953 	3954 	3816
f 3933 	3960 	3935
f 3944 	3941 	3958
f 3956 	3958 	3957
f 3955 	3957 	3958
f 3939 	3954 	527
f 3956 	3940 	3961
f 527 	634 	3939
f 3546 	3545 	1851
f 3958 	3956 	3961
f 3547 	3546 	1851
f 3963 	3939 	634
f 3959 	3960 	3933
f 2086 	2030 	3251
f 987 	3949 	989
f 3944 	989 	3949
f 3960 	3962 	3935
f 1856 	3550 	3549
f 2030 	2028 	3252
f 3958 	989 	3944
f 3939 	3963 	3841
f 3960 	4017 	3962
f 1864 	3553 	3552
f 3936 	3965 	3937
f 3962 	3965 	3936
f 3963 	3974 	3979
f 3951 	3844 	3857
f 3539 	3538 	1829
f 3951 	3857 	3870
f 3951 	3870 	3952
f 3968 	3971 	3969
f 3929 	3963 	3967
f 3544 	3543 	1848
f 3960 	4016 	4017
f 3967 	3968 	3849
f 3968 	3969 	3849
f 1856 	3549 	3548
f 3849 	3969 	3868
f 3986 	3868 	3969
f 2097 	3221 	3223
f 3918 	4408 	3917
f 3990 	3912 	3869
f 3873 	3912 	4005
f 3958 	3961 	3966
f 3964 	3997 	3966
f 4005 	4002 	3873
f 3962 	4017 	3965
f 3269 	3937 	3970
f 3319 	3318 	3972
f 3970 	3972 	3318
f 3979 	3971 	3963
f 3971 	3967 	3963
f 3972 	3973 	3319
f 1658 	1656 	4384
f 3971 	3968 	3967
f 3984 	3986 	3971
f 4384 	1660 	1659
f 3509 	3512 	2411
f 3319 	3973 	3320
f 2416 	3512 	3511
f 3569 	1818 	3570
f 3973 	3977 	3320
f 1902 	1903 	3570
f 3974 	4029 	3975
f 3519 	3518 	2420
f 2420 	2419 	3519
f 3964 	3966 	3961
f 3981 	3983 	3971
f 3966 	1005 	3958
f 3980 	3971 	3979
f 3966 	1009 	1005
f 3984 	3971 	3983
f 3980 	3981 	3971
f 3958 	1005 	989
f 3986 	3984 	3976
f 3995 	3973 	3972
f 4020 	1015 	4019
f 3981 	3980 	3975
f 3975 	3980 	3979
f 3975 	3979 	3974
f 3978 	3977 	4000
f 3921 	3982 	3940
f 3969 	3971 	3986
f 4115 	3978 	4000
f 3985 	3982 	3311
f 3975 	3976 	3983
f 3531 	3532 	2431
f 3868 	3986 	3976
f 3984 	3983 	3976
f 3311 	3314 	3985
f 1938 	3591 	3590
f 3988 	3982 	3987
f 3989 	3982 	3988
f 3985 	3999 	3982
f 3868 	3976 	3869
f 3982 	3989 	3991
f 3991 	3997 	3982
f 3314 	4006 	3985
f 3976 	3990 	3869
f 3888 	4392 	3887
f 3988 	3987 	3992
f 3965 	3993 	3937
f 3975 	3983 	3981
f 3937 	3993 	3970
f 3972 	3970 	3994
f 3582 	1919 	3583
f 3993 	3994 	3970
f 3992 	3991 	3989
f 3992 	3989 	3988
f 3994 	3995 	3972
f 3964 	3940 	3997
f 3940 	3982 	3997
f 3992 	3997 	3991
f 3590 	3589 	1938
f 3973 	3998 	3977
f 3985 	4003 	3999
f 3987 	3982 	3999
f 3995 	3998 	3973
f 3998 	4000 	3977
f 3871 	4002 	3996
f 3965 	4025 	3993
f 4018 	4025 	3965
f 3999 	4001 	3987
f 3987 	4001 	3992
f 4009 	4004 	3985
f 4003 	3985 	4004
f 2374 	2368 	846
f 1961 	3605 	3604
f 3999 	4003 	4001
f 4003 	4004 	4001
f 3966 	3992 	4001
f 3996 	3922 	3871
f 3992 	3966 	3997
f 4008 	3985 	4006
f 4007 	3985 	4008
f 1999 	3616 	3615
f 4007 	4009 	3985
f 4008 	3362 	4010
f 3996 	4015 	3922
f 2381 	2379 	852
f 4001 	4009 	4010
f 4009 	4007 	4010
f 4005 	3990 	782
f 4004 	4009 	4001
f 1973 	3612 	3611
f 1822 	3601 	3612
f 1668 	4393 	1669
f 3792 	1866 	3791
f 4008 	4010 	4007
f 1866 	3792 	1868
f 1999 	3615 	3614
f 4010 	4019 	4001
f 2005 	2007 	3617
f 4010 	3362 	4011
f 4011 	4020 	4010
f 3621 	2014 	3623
f 3624 	3623 	2017
f 1974 	3777 	1975
f 3481 	4032 	4013
f 3959 	3952 	4014
f 3912 	3990 	4005
f 4015 	3996 	785
f 4014 	3952 	3870
f 4014 	4016 	3959
f 4014 	4022 	4016
f 2381 	852 	3498
f 3959 	4016 	3960
f 3963 	634 	733
f 738 	4027 	733
f 3631 	3630 	2034
f 3725 	1994 	3726
f 2034 	3632 	3631
f 4016 	4023 	4017
f 3963 	733 	4029
f 4028 	733 	4027
f 3974 	3963 	4029
f 4018 	3965 	4017
f 2050 	3640 	3639
f 3510 	3509 	2410
f 3966 	4001 	4019
f 2054 	3641 	3640
f 3966 	4019 	1009
f 2416 	2411 	3512
f 4019 	4010 	4020
f 3777 	1974 	3778
f 2061 	3645 	3644
f 2061 	3646 	3645
f 4021 	4020 	4011
f 3787 	1978 	3788
f 4021 	4011 	4012
f 4373 	4371 	3864
f 1024 	4020 	4021
f 738 	681 	4027
f 3881 	4014 	3870
f 2427 	2426 	3525
f 3723 	1987 	3785
f 3881 	4022 	4014
f 1975 	3776 	1977
f 2428 	2427 	3529
f 4022 	4023 	4016
f 4023 	4018 	4017
f 4018 	4031 	4025
f 702 	3976 	682
f 2431 	2430 	3531
f 3690 	2431 	3532
f 1668 	1667 	4393
f 3535 	2433 	3533
f 1985 	3786 	1986
f 4022 	4061 	4023
f 4021 	4012 	4024
f 1695 	3074 	1694
f 2098 	3664 	3663
f 1992 	3724 	1993
f 4013 	4024 	4012
f 2408 	2400 	3507
f 4024 	1213 	4021
f 2408 	3507 	3508
f 4024 	1220 	1213
f 3993 	4026 	3994
f 4025 	4026 	3993
f 4032 	3481 	3810
f 4029 	733 	4028
f 3995 	3994 	4030
f 3813 	4035 	3811
f 4027 	3975 	4028
f 4026 	4030 	3994
f 681 	3975 	4027
f 3975 	682 	3976
f 773 	3976 	702
f 4188 	3998 	3995
f 2418 	2417 	3513
f 1995 	3707 	2000
f 3706 	2000 	3707
f 3513 	3514 	2418
f 3517 	2418 	3514
f 2790 	4355 	2791
f 4031 	4033 	4025
f 2422 	2421 	3521
f 2423 	2422 	3520
f 3521 	3520 	2422
f 4031 	4100 	4033
f 3520 	3522 	2423
f 4025 	4033 	4026
f 3811 	4034 	3810
f 2425 	2424 	3524
f 3526 	3525 	2426
f 4032 	3810 	4034
f 3664 	2098 	3665
f 4084 	4032 	4034
f 2426 	2425 	3526
f 1645 	4409 	1646
f 3525 	3529 	2427
f 4034 	3811 	4035
f 4030 	4026 	4189
f 3990 	3976 	773
f 2430 	2429 	3530
f 3530 	3531 	2430
f 1647 	4412 	1648
f 4028 	3975 	4029
f 1649 	4412 	1650
f 2461 	2433 	3464
f 3813 	4036 	4035
f 785 	796 	4015
f 3863 	4392 	3862
f 3876 	3890 	4038
f 3817 	4036 	3813
f 3878 	4040 	3881
f 4037 	4047 	4039
f 4038 	4040 	3878
f 4037 	4045 	4047
f 4040 	4060 	3881
f 2002 	3710 	3709
f 3817 	4042 	4036
f 4043 	4038 	3890
f 4041 	4043 	3890
f 3714 	2009 	3712
f 4043 	4046 	4038
f 2009 	3714 	2010
f 3716 	2012 	3713
f 4038 	4046 	4040
f 2019 	2018 	3696
f 2022 	2021 	3699
f 2789 	4355 	2790
f 2783 	4048 	3867
f 1567 	4359 	1568
f 2019 	3696 	3700
f 3867 	4048 	4041
f 2027 	2022 	3702
f 3699 	3702 	2022
f 3702 	3701 	2027
f 1572 	4365 	1574
f 4049 	4041 	4048
f 4048 	2783 	4053
f 1658 	4384 	1659
f 4041 	4049 	4043
f 1664 	4391 	1665
f 4013 	4050 	4024
f 1634 	1669 	4393
f 4049 	4051 	4043
f 4049 	4056 	4051
f 4055 	4056 	4049
f 4043 	4051 	4046
f 4051 	4052 	4046
f 4053 	2783 	2786
f 4048 	4055 	4049
f 4045 	758 	4047
f 4053 	4055 	4048
f 4045 	4054 	758
f 737 	4047 	758
f 2059 	2058 	3328
f 3328 	3330 	2059
f 4054 	765 	758
f 796 	1357 	4015
f 4054 	764 	765
f 783 	785 	3996
f 2067 	2066 	3402
f 4023 	4058 	4018
f 796 	797 	1357
f 4018 	4058 	4031
f 3996 	4002 	783
f 4057 	4065 	4059
f 4002 	793 	783
f 4060 	4022 	3881
f 773 	782 	3990
f 4002 	4005 	793
f 4005 	782 	793
f 3445 	3449 	4059
f 3900 	3901 	4356
f 4062 	4057 	4158
f 4064 	4063 	4424
f 4050 	1220 	4024
f 4064 	4066 	4063
f 4050 	1223 	1220
f 4063 	4066 	4192
f 4084 	1230 	1223
f 4050 	4084 	1223
f 4067 	4066 	4064
f 4060 	4061 	4022
f 4070 	4067 	2447
f 2447 	2457 	4070
f 4070 	4069 	4067
f 4070 	4186 	4069
f 4067 	4069 	4066
f 4065 	4057 	4062
f 4065 	3445 	4059
f 4065 	4062 	4039
f 4065 	3446 	3445
f 4062 	4037 	4039
f 4039 	3446 	4065
f 4058 	4023 	4068
f 4061 	4068 	4023
f 4078 	2765 	2721
f 4073 	4060 	4040
f 4040 	4046 	4073
f 4062 	4158 	4072
f 4037 	4062 	4072
f 4072 	4074 	4037
f 2732 	2733 	4126
f 4127 	2733 	2739
f 2548 	4075 	4074
f 1076 	1075 	3917
f 2557 	4075 	2548
f 3919 	1078 	3920
f 2713 	4071 	2739
f 4074 	4075 	4045
f 4045 	4075 	4054
f 4074 	4045 	4037
f 2557 	4077 	4075
f 4078 	4076 	2765
f 4054 	4075 	4077
f 4079 	4077 	2564
f 2564 	2571 	4079
f 4078 	2721 	4080
f 4077 	4079 	764
f 788 	764 	4079
f 4080 	4167 	4078
f 764 	4054 	4077
f 2727 	4080 	2721
f 786 	2571 	2573
f 789 	786 	2573
f 2727 	4081 	4080
f 786 	4079 	2571
f 3325 	2053 	2052
f 786 	788 	4079
f 1447 	1484 	4082
f 4073 	4108 	4105
f 4082 	1449 	1447
f 839 	1449 	3496
f 1449 	4082 	3496
f 3907 	4362 	3906
f 3294 	3284 	2065
f 3909 	3910 	4398
f 3402 	2066 	3286
f 3898 	1091 	3880
f 3864 	3875 	4373
f 2615 	3877 	3154
f 3895 	4378 	3894
f 3701 	3252 	2028
f 3886 	4390 	3885
f 3238 	3237 	2091
f 2095 	2094 	3240
f 3231 	2036 	3229
f 4129 	4042 	4044
f 3235 	3339 	2044
f 3255 	3239 	2089
f 2092 	2091 	3237
f 4208 	4099 	4101
f 3241 	3240 	2094
f 2094 	2092 	3241
f 2097 	2095 	3244
f 3240 	3244 	2095
f 3244 	3221 	2097
f 2045 	2044 	3339
f 2045 	3339 	3341
f 3906 	660 	3907
f 4101 	4044 	4208
f 3332 	3331 	2063
f 4050 	4013 	4032
f 2063 	2062 	3332
f 4084 	4050 	4032
f 3415 	2756 	4086
f 4085 	4086 	2756
f 4089 	4085 	2756
f 4087 	1230 	4084
f 4088 	4089 	2756
f 4090 	4088 	2756
f 3892 	1086 	3893
f 2756 	2764 	4090
f 4034 	4035 	4087
f 4093 	4091 	2764
f 4091 	4092 	2764
f 4092 	4090 	2764
f 4084 	4034 	4087
f 4035 	4036 	4095
f 4095 	4087 	4035
f 3904 	653 	3905
f 1233 	4087 	4095
f 4095 	1234 	1233
f 3911 	4398 	3910
f 3914 	4398 	3913
f 4095 	4036 	4096
f 2732 	4097 	2731
f 4377 	3920 	3891
f 3892 	3893 	4377
f 4096 	1234 	4095
f 4052 	4073 	4046
f 4068 	4098 	4058
f 4058 	4098 	4031
f 4098 	4100 	4031
f 4042 	4096 	4036
f 4100 	4269 	4033
f 4068 	4107 	4098
f 4068 	4106 	4107
f 4107 	4102 	4098
f 1600 	1602 	4083
f 4098 	4102 	4100
f 4103 	4082 	1484
f 4103 	1484 	4083
f 4082 	4103 	4104
f 4060 	4073 	4105
f 4105 	4061 	4060
f 4105 	4106 	4061
f 4061 	4106 	4068
f 4083 	4109 	4103
f 4373 	3875 	3877
f 4073 	4052 	4108
f 4108 	4110 	4105
f 4103 	4109 	4111
f 4105 	4110 	4106
f 4109 	4113 	4114
f 4106 	4112 	4107
f 4109 	4114 	4111
f 4103 	4111 	4104
f 4110 	4112 	4106
f 3863 	3864 	4371
f 4374 	4375 	3877
f 4111 	3448 	3934
f 4111 	4114 	3448
f 3891 	3892 	4377
f 4113 	4057 	4059
f 4322 	4112 	4110
f 4371 	4372 	3863
f 4113 	4059 	4114
f 4059 	3449 	4114
f 4114 	3449 	3448
f 4115 	3335 	3978
f 4083 	4181 	4109
f 4116 	3338 	3335
f 4115 	4116 	3335
f 2764 	2795 	4094
f 2135 	1439 	1438
f 2138 	2137 	1440
f 4093 	2764 	4119
f 4119 	2764 	4118
f 4097 	4081 	2731
f 4101 	4129 	4044
f 4123 	2764 	4122
f 4123 	4120 	2764
f 1829 	3540 	3539
f 4124 	2764 	4117
f 4125 	4207 	1544
f 4094 	4117 	2764
f 4124 	4122 	2764
f 4120 	4121 	2764
f 4121 	4118 	2764
f 2732 	4126 	4097
f 4116 	4128 	3338
f 3545 	1850 	1851
f 4127 	4126 	2733
f 3904 	4356 	3903
f 4127 	2739 	4071
f 4071 	4134 	4127
f 4362 	3905 	3906
f 2457 	4130 	4070
f 4186 	4070 	4130
f 2755 	2760 	4132
f 4132 	4131 	2755
f 4380 	4381 	3895
f 2760 	4076 	4132
f 1864 	3552 	3551
f 1238 	1259 	4101
f 4071 	2713 	4349
f 1871 	3556 	3542
f 3556 	1871 	3557
f 1872 	1873 	3557
f 3559 	3558 	1876
f 1876 	1877 	3559
f 4127 	4134 	4133
f 3886 	3887 	4392
f 4135 	4131 	4132
f 4374 	3877 	2615
f 1907 	1908 	3574
f 3575 	1908 	3576
f 4081 	4097 	4175
f 1911 	1913 	3577
f 1914 	3579 	1913
f 4126 	4127 	4133
f 3911 	3913 	4398
f 1560 	1544 	4207
f 4042 	4129 	4096
f 1929 	3588 	3587
f 2360 	2358 	1476
f 2362 	2360 	1475
f 3583 	1919 	1920
f 4137 	4094 	4138
f 4139 	4138 	4094
f 1920 	1921 	3583
f 4139 	4094 	4142
f 4141 	4142 	4094
f 3587 	3586 	1929
f 4143 	4094 	4144
f 4101 	4099 	1238
f 4145 	4144 	4094
f 1238 	4099 	1272
f 4099 	4125 	1272
f 4137 	4146 	4094
f 1271 	1272 	4125
f 4125 	1544 	1271
f 4143 	4147 	4094
f 4094 	4147 	4117
f 4129 	1242 	4096
f 1259 	4129 	4101
f 1951 	1953 	3596
f 4146 	4145 	4094
f 3760 	4148 	3817
f 3771 	4148 	3760
f 4148 	4042 	3817
f 2839 	4479 	4094
f 1954 	3599 	3598
f 4150 	3806 	4149
f 4136 	4135 	4132
f 4132 	4076 	4136
f 4076 	4078 	4152
f 4181 	4140 	4113
f 3338 	4128 	3342
f 4057 	4113 	4140
f 4128 	3804 	3342
f 4154 	4000 	3998
f 1822 	1989 	3601
f 3910 	663 	3911
f 3602 	1989 	3543
f 4154 	3998 	4188
f 4151 	4153 	4190
f 2839 	4094 	2795
f 4154 	4156 	4000
f 4182 	4155 	4158
f 2003 	3616 	1999
f 2003 	2005 	3616
f 4170 	4094 	4159
f 3618 	3617 	2007
f 4161 	4159 	4479
f 4156 	4115 	4000
f 4152 	4136 	4076
f 4156 	4165 	4115
f 4160 	4161 	4479
f 4158 	4140 	4182
f 4164 	4479 	4166
f 4057 	4140 	4158
f 4152 	4078 	4167
f 4116 	4115 	4165
f 4116 	4168 	4128
f 4479 	4159 	4094
f 4165 	4168 	4116
f 4168 	4173 	4128
f 4169 	4094 	4171
f 4080 	4081 	4174
f 4172 	4155 	2647
f 4081 	4175 	4174
f 4171 	4094 	4170
f 4080 	4174 	4167
f 2671 	4172 	2647
f 3804 	4128 	4173
f 4196 	4198 	4154
f 4156 	4177 	4165
f 4155 	4172 	4072
f 4141 	4094 	4169
f 4163 	4160 	4479
f 4165 	4178 	4168
f 4177 	4178 	4165
f 4172 	4074 	4072
f 4072 	4158 	4155
f 4172 	2671 	2548
f 4172 	2548 	4074
f 3609 	1970 	3610
f 4179 	1602 	1601
f 1970 	1973 	3610
f 4178 	4180 	4168
f 4178 	4184 	4180
f 4179 	4181 	1602
f 4168 	4180 	4173
f 3893 	3894 	4378
f 4173 	3812 	3807
f 4083 	1602 	4181
f 3812 	4173 	4180
f 4182 	4179 	3354
f 1998 	3614 	3613
f 4177 	4183 	4178
f 3354 	2641 	4182
f 4181 	4179 	4140
f 4179 	4182 	4140
f 3617 	3616 	2005
f 4183 	4184 	4178
f 4185 	4153 	4151
f 4176 	4175 	4097
f 3618 	2007 	3619
f 4097 	4126 	4176
f 3806 	4190 	4149
f 3621 	3636 	2014
f 4212 	3812 	4180
f 4126 	4133 	4176
f 2017 	3623 	2014
f 4153 	4201 	4149
f 4157 	4185 	4151
f 1551 	4185 	4157
f 2025 	3626 	3625
f 3627 	2029 	3628
f 4130 	4187 	4186
f 3995 	4030 	4188
f 3629 	3628 	2031
f 4157 	4151 	3038
f 4026 	4033 	4189
f 4187 	4130 	4131
f 3039 	4151 	4190
f 4113 	4109 	4181
f 4187 	4135 	4280
f 4155 	2641 	2647
f 4131 	4135 	4187
f 4182 	2641 	4155
f 2042 	3613 	3634
f 1816 	2014 	3636
f 4190 	4153 	4149
f 1551 	4157 	1552
f 3637 	2046 	3638
f 4063 	4192 	4191
f 4030 	4193 	4188
f 4192 	4194 	4191
f 3900 	2600 	3899
f 4193 	4030 	4189
f 4193 	4196 	4188
f 4195 	4192 	4066
f 3641 	2054 	3642
f 4066 	4069 	4195
f 4195 	4197 	4192
f 4154 	4188 	4196
f 2055 	3643 	3642
f 4156 	4154 	4198
f 4192 	4197 	4194
f 2061 	3644 	2060
f 4198 	4177 	4156
f 4148 	3771 	4150
f 4197 	1790 	4194
f 4189 	4270 	4193
f 4153 	4207 	4201
f 3913 	3911 	663
f 4153 	4185 	4207
f 4193 	4199 	4196
f 3915 	1072 	3916
f 3917 	1078 	3918
f 4193 	4270 	4199
f 3039 	3038 	4151
f 3895 	3896 	4380
f 4198 	4202 	4177
f 4268 	4330 	4195
f 3038 	3042 	4157
f 4199 	4200 	4196
f 4199 	4204 	4200
f 4196 	4200 	4198
f 2078 	3651 	3650
f 4200 	4202 	4198
f 1558 	2131 	2130
f 4133 	4134 	4203
f 4202 	4183 	4177
f 4408 	3916 	3917
f 3655 	2083 	3656
f 4285 	4204 	4199
f 4136 	4211 	4135
f 4200 	4205 	4202
f 4136 	4213 	4211
f 4206 	2611 	2610
f 4204 	4205 	4200
f 4205 	4235 	4202
f 4205 	4245 	4235
f 3882 	1047 	3883
f 4377 	3893 	4379
f 4207 	4185 	1560
f 4148 	4044 	4042
f 4150 	4149 	4208
f 4149 	4201 	4208
f 2100 	3666 	3665
f 1558 	1433 	2131
f 3888 	3862 	4392
f 4167 	4174 	4221
f 1560 	4185 	1551
f 3902 	4356 	3901
f 4174 	4175 	4225
f 2107 	3670 	3669
f 4150 	4208 	4044
f 2046 	3637 	2107
f 3670 	2107 	3637
f 4239 	4205 	4204
f 4258 	4176 	4133
f 3650 	3649 	2078
f 4150 	4044 	4148
f 4133 	4203 	4258
f 4180 	4184 	4212
f 3916 	4402 	3915
f 650 	649 	3901
f 4136 	4152 	4213
f 2083 	3655 	3654
f 4183 	4214 	4184
f 4099 	4208 	4201
f 4207 	4125 	4201
f 4183 	4235 	4214
f 4214 	4215 	4184
f 4099 	4201 	4125
f 4152 	4216 	4213
f 4184 	4215 	4212
f 4167 	4216 	4152
f 4212 	4215 	3828
f 1473 	2358 	2357
f 55 	4217 	1153
f 67 	84 	4219
f 4214 	4220 	4215
f 4214 	4218 	4220
f 4221 	4216 	4167
f 4209 	4210 	4222
f 4219 	4217 	67
f 4219 	4223 	4217
f 4218 	4260 	4224
f 1153 	4217 	4223
f 2087 	3659 	3658
f 4223 	1159 	1153
f 4218 	4224 	4220
f 3834 	4220 	4224
f 2597 	2895 	2434
f 4223 	4219 	4226
f 4223 	1187 	1159
f 2100 	3665 	2098
f 4260 	997 	4224
f 4209 	1772 	4210
f 4227 	4209 	4222
f 4228 	4227 	4222
f 4223 	4226 	1187
f 2106 	3669 	2105
f 4222 	130 	4228
f 132 	4230 	130
f 4230 	4228 	130
f 4226 	4229 	1192
f 4231 	4232 	4233
f 4229 	4267 	1192
f 4224 	997 	186
f 4226 	1192 	1187
f 186 	3834 	4224
f 4231 	1791 	4232
f 2611 	4206 	4234
f 4231 	4233 	4236
f 4237 	4236 	4233
f 4183 	4202 	4235
f 4234 	4206 	3080
f 4206 	2610 	3080
f 2608 	2434 	2895
f 4238 	2611 	4234
f 84 	4241 	4219
f 152 	4240 	4242
f 3545 	3544 	1850
f 4243 	4240 	152
f 4241 	4226 	4219
f 4246 	152 	4244
f 4243 	152 	4246
f 4205 	4239 	4245
f 4241 	4229 	4226
f 4245 	4218 	4235
f 4252 	4250 	152
f 4244 	152 	4249
f 4249 	152 	4248
f 3547 	1852 	3548
f 4221 	4174 	4225
f 4248 	152 	4250
f 4247 	4229 	4241
f 905 	906 	2168
f 4252 	152 	4251
f 4253 	4251 	152
f 4176 	4254 	4175
f 4235 	4218 	4214
f 152 	4222 	4253
f 2608 	2612 	2434
f 4175 	4254 	4225
f 4210 	4253 	4222
f 3128 	2696 	2610
f 2609 	3128 	2610
f 4255 	4239 	4313
f 4247 	4264 	4229
f 2611 	4702 	2612
f 4254 	4324 	4225
f 4702 	2434 	2612
f 2696 	3078 	2610
f 3078 	3080 	2610
f 3538 	3554 	1826
f 4176 	4258 	4254
f 1826 	1829 	3538
f 4245 	4239 	4255
f 4259 	4256 	152
f 3540 	1829 	1831
f 4255 	4260 	4245
f 4259 	152 	4257
f 4262 	4257 	152
f 1831 	1832 	3540
f 4258 	4325 	4254
f 4245 	4260 	4218
f 4261 	4262 	152
f 4313 	6 	4255
f 4255 	10 	4260
f 2272 	2176 	920
f 6 	10 	4255
f 4268 	4195 	4069
f 4069 	4186 	4268
f 3902 	3901 	653
f 4269 	4189 	4033
f 869 	871 	2176
f 4269 	4270 	4189
f 4271 	4186 	4187
f 4187 	4280 	4271
f 4272 	4274 	4269
f 4268 	4186 	4271
f 4269 	4274 	4270
f 4263 	4261 	152
f 4264 	4267 	4229
f 4265 	4263 	152
f 4271 	4334 	4268
f 4266 	4265 	152
f 2331 	1862 	2149
f 1872 	3557 	1871
f 4242 	4266 	152
f 4272 	4269 	4100
f 893 	2154 	2151
f 893 	892 	2154
f 4100 	4102 	4272
f 2158 	2157 	894
f 3560 	3559 	1877
f 4237 	4233 	4256
f 152 	4256 	4233
f 4264 	4275 	4267
f 896 	2157 	2155
f 1878 	3561 	1877
f 152 	156 	4222
f 894 	897 	2158
f 4264 	4273 	4275
f 916 	917 	2164
f 1199 	4267 	4275
f 905 	2168 	2166
f 920 	921 	2272
f 923 	928 	2277
f 4278 	4743 	4282
f 4279 	4743 	4278
f 4276 	4743 	4279
f 4281 	4282 	4743
f 4199 	4270 	4285
f 4274 	4285 	4270
f 4336 	4271 	4280
f 1924 	2183 	2239
f 3910 	3909 	663
f 4135 	4211 	4280
f 4280 	4338 	4336
f 2183 	2396 	2186
f 4283 	4287 	4273
f 2186 	2398 	2189
f 4338 	4280 	4211
f 1899 	1818 	3555
f 4299 	4300 	4272
f 1902 	3570 	1818
f 2281 	2371 	2191
f 4284 	4281 	4743
f 4275 	4273 	4287
f 3571 	3570 	1903
f 2194 	2193 	2370
f 2371 	2370 	2193
f 4289 	4286 	4743
f 4238 	4234 	3080
f 2378 	2376 	2196
f 1903 	1905 	3571
f 4286 	4284 	4743
f 4287 	1275 	4275
f 4274 	4291 	4285
f 2370 	2378 	2194
f 4289 	4743 	4288
f 4290 	4238 	3080
f 4293 	4743 	4292
f 4292 	4743 	4232
f 1907 	3574 	3573
f 4285 	4310 	4204
f 4238 	4290 	2611
f 4294 	2611 	4290
f 4275 	1275 	1199
f 3575 	3574 	1908
f 2388 	2203 	2200
f 2388 	2391 	2203
f 2206 	2203 	2391
f 2391 	2390 	2206
f 2346 	2345 	2208
f 4386 	4383 	3880
f 3578 	1913 	3579
f 4296 	4338 	4211
f 4107 	4112 	4297
f 4295 	4346 	4283
f 4211 	4213 	4296
f 1915 	3580 	1914
f 2346 	2208 	2207
f 4213 	4216 	4298
f 4297 	4102 	4107
f 4299 	4102 	4297
f 4112 	4326 	4297
f 4213 	4298 	4296
f 1919 	3582 	3581
f 2220 	1373 	2221
f 4287 	1276 	1275
f 4299 	4272 	4102
f 4221 	4315 	4216
f 3584 	3583 	1921
f 4272 	4300 	4274
f 1921 	3585 	3584
f 1376 	2223 	1372
f 4300 	4291 	4274
f 4315 	4298 	4216
f 4288 	4743 	4293
f 4277 	4743 	4276
f 1377 	2231 	2229
f 4335 	4348 	4295
f 4297 	4301 	4299
f 4297 	4326 	4301
f 3916 	1072 	3917
f 4321 	4221 	4225
f 4301 	4303 	4299
f 4302 	4484 	4277
f 171 	263 	4304
f 3920 	4408 	3919
f 171 	4304 	84
f 4299 	4303 	4300
f 4304 	4241 	84
f 4303 	4305 	4300
f 3593 	3592 	1944
f 4306 	4304 	263
f 3593 	1944 	3594
f 263 	276 	4306
f 3594 	1947 	3595
f 1951 	3596 	3595
f 4306 	4247 	4304
f 4300 	4305 	4291
f 3896 	1091 	3897
f 4305 	4312 	4291
f 4247 	4306 	4308
f 4304 	4247 	4241
f 3899 	650 	3900
f 4808 	4303 	4301
f 4258 	4203 	4327
f 4307 	4306 	276
f 4808 	4301 	4807
f 4808 	37 	4303
f 4307 	4308 	4306
f 4308 	4264 	4247
f 4303 	37 	4305
f 3907 	3908 	4362
f 4307 	4309 	4308
f 4285 	4291 	4310
f 4316 	4309 	4307
f 4239 	4204 	4310
f 4294 	4290 	3080
f 2250 	685 	2251
f 2611 	4294 	4311
f 4312 	4305 	39
f 688 	2219 	2251
f 4291 	4312 	4310
f 3589 	1935 	1938
f 3080 	4314 	4311
f 4311 	4294 	3080
f 4239 	4310 	4313
f 4314 	2611 	4311
f 4312 	4313 	4310
f 4308 	4273 	4264
f 1943 	3592 	3591
f 39 	33 	4312
f 4313 	4312 	33
f 33 	6 	4313
f 4298 	1937 	4296
f 276 	277 	4307
f 1953 	1954 	3597
f 37 	39 	4305
f 277 	280 	4316
f 4051 	4056 	4317
f 4221 	4321 	4315
f 1957 	3599 	1954
f 2437 	3899 	2600
f 4317 	4052 	4051
f 2075 	3660 	1957
f 277 	4316 	4307
f 4277 	1776 	4302
f 4276 	1776 	4277
f 3902 	3903 	4356
f 4317 	4056 	3218
f 4788 	4323 	4318
f 4298 	4315 	1795
f 3218 	3689 	4317
f 3604 	1960 	1961
f 4052 	4317 	4319
f 4316 	280 	4318
f 4321 	1805 	4315
f 4318 	4329 	4316
f 4319 	4108 	4052
f 1795 	4315 	1805
f 1937 	4298 	1795
f 4108 	4320 	4110
f 3913 	1072 	3914
f 4319 	4320 	4108
f 4320 	4322 	4110
f 4320 	3693 	4322
f 4788 	4789 	4323
f 4324 	4321 	4225
f 2621 	3195 	2615
f 4322 	4326 	4112
f 4317 	3689 	4319
f 4378 	3895 	4381
f 1848 	3543 	1989
f 4319 	3691 	4320
f 4789 	4790 	4323
f 4236 	1791 	4231
f 3883 	4387 	3882
f 4320 	3691 	3693
f 4321 	1811 	1805
f 3614 	1998 	1999
f 4321 	4324 	1811
f 1788 	4292 	1791
f 3894 	1086 	3895
f 4392 	3863 	4372
f 4325 	4324 	4254
f 4256 	1747 	4237
f 4325 	1827 	4324
f 3905 	4360 	3904
f 2224 	1375 	2229
f 4362 	4363 	3905
f 3620 	2011 	3603
f 4324 	1827 	1811
f 2235 	1371 	2236
f 1958 	1960 	3603
f 4253 	4210 	1772
f 4227 	1772 	4209
f 232 	78 	62
f 4325 	4258 	4327
f 1925 	2238 	1370
f 169 	232 	62
f 4325 	4327 	1838
f 4228 	1773 	4227
f 4230 	1773 	4228
f 3608 	1968 	3609
f 2076 	1838 	4327
f 4325 	1838 	1827
f 3611 	3610 	1973
f 2249 	686 	2250
f 4308 	4309 	4273
f 4162 	4163 	4479
f 2679 	4328 	2780
f 3898 	3880 	4383
f 4329 	4309 	4316
f 3602 	3601 	1989
f 688 	2251 	685
f 4331 	4314 	3080
f 4268 	4334 	4330
f 4273 	4309 	4283
f 4331 	2611 	4314
f 4283 	4309 	4329
f 4197 	4195 	4330
f 4328 	4341 	2780
f 1998 	3613 	1996
f 3080 	4333 	4331
f 4333 	4344 	2611
f 4295 	4283 	4329
f 4332 	4295 	4329
f 4332 	4323 	4339
f 4339 	4335 	4332
f 4330 	4334 	1879
f 4336 	4334 	4271
f 730 	2261 	728
f 4332 	4335 	4295
f 3894 	3893 	1086
f 3883 	3885 	4390
f 731 	706 	2266
f 3896 	3895 	1086
f 2244 	2266 	722
f 2600 	3900 	4355
f 4354 	4355 	3900
f 4356 	4357 	3900
f 4337 	4351 	4335
f 2436 	2717 	2437
f 4342 	2776 	2780
f 4402 	4403 	3914
f 3914 	3915 	4402
f 4323 	4332 	4318
f 3630 	2033 	2034
f 4197 	4330 	1870
f 4318 	4332 	4329
f 3918 	3919 	4408
f 4330 	1879 	1870
f 2038 	3633 	3632
f 4197 	1870 	1790
f 188 	4341 	4328
f 4790 	4339 	4323
f 3633 	2039 	3634
f 4374 	2615 	3195
f 3613 	2042 	1996
f 182 	188 	4328
f 1879 	4334 	1892
f 4334 	4336 	1892
f 4349 	2787 	4350
f 4380 	3896 	3897
f 2787 	2776 	4350
f 4340 	4337 	4339
f 4336 	4338 	1918
f 2776 	4342 	4350
f 1922 	4338 	4296
f 3639 	3638 	2050
f 1922 	4296 	1937
f 2780 	4341 	4342
f 4339 	4337 	4335
f 4338 	1922 	1918
f 2055 	3642 	2054
f 4367 	4340 	4343
f 2060 	3644 	3643
f 4376 	4416 	2611
f 2072 	3635 	2070
f 3647 	2070 	3635
f 4362 	3908 	3909
f 2072 	1816 	3635
f 4344 	4333 	3080
f 4398 	3914 	4403
f 4283 	4346 	4287
f 1276 	4287 	4346
f 4411 	4412 	3920
f 4411 	3920 	4377
f 4346 	4295 	4348
f 4348 	1279 	4346
f 1279 	4348 	1281
f 4346 	1279 	1276
f 2287 	761 	2292
f 2101 	4345 	4347
f 4383 	4384 	3897
f 4348 	4335 	4351
f 4443 	2109 	4347
f 746 	2294 	750
f 2109 	2101 	4347
f 2081 	3653 	2080
f 4388 	3880 	4387
f 4327 	4203 	4353
f 4425 	4353 	4203
f 4351 	1281 	4348
f 4425 	4345 	4353
f 4349 	4350 	4397
f 4352 	1284 	4351
f 1083 	1082 	3892
f 4410 	4342 	4341
f 4341 	197 	4410
f 4354 	3900 	4357
f 4341 	188 	197
f 4356 	3904 	4359
f 4358 	4359 	3904
f 2379 	2375 	849
f 4351 	1284 	1281
f 845 	838 	2375
f 3904 	4360 	4358
f 4367 	4361 	4352
f 4360 	3905 	4363
f 849 	850 	2379
f 4364 	4365 	3909
f 4362 	3909 	4365
f 4398 	4400 	3909
f 4327 	4353 	2076
f 3891 	3920 	1078
f 3503 	3502 	2395
f 4345 	2090 	4353
f 4396 	4134 	4071
f 2090 	2076 	4353
f 3887 	3886 	1053
f 2395 	2393 	3503
f 4405 	4406 	3916
f 2101 	2090 	4345
f 3667 	2103 	3668
f 2399 	2397 	3506
f 4408 	4409 	3916
f 2400 	2399 	3505
f 4340 	4367 	4337
f 4349 	4396 	4071
f 4408 	3920 	4412
f 3505 	3507 	2400
f 3508 	2409 	2408
f 4352 	4337 	4367
f 2075 	1802 	3660
f 3901 	3900 	650
f 4357 	2792 	4354
f 3649 	1802 	2078
f 4337 	4352 	4351
f 3375 	3381 	4368
f 4363 	1572 	4360
f 3652 	3651 	2080
f 4343 	4369 	4367
f 4397 	4396 	4349
f 2081 	2082 	3653
f 4369 	4361 	4367
f 3414 	1946 	3411
f 4373 	3877 	4375
f 4369 	4394 	4361
f 4344 	4376 	2611
f 4393 	4392 	1634
f 3658 	3657 	2087
f 4371 	4373 	1634
f 1638 	1636 	4375
f 4372 	4371 	1634
f 2087 	2088 	3659
f 4416 	4418 	2611
f 4368 	3381 	3250
f 2088 	2093 	3659
f 390 	2339 	2338
f 4352 	4361 	4382
f 2096 	3663 	2093
f 3875 	1030 	3877
f 4368 	4427 	4370
f 4382 	1284 	4352
f 4380 	3897 	4384
f 3663 	2096 	2098
f 4382 	1290 	1284
f 3897 	3898 	4383
f 4385 	4386 	3880
f 4385 	3880 	4388
f 3882 	4387 	3880
f 4382 	1303 	1290
f 4387 	3883 	4391
f 4391 	3883 	4390
f 4392 	4393 	3886
f 4390 	3886 	4393
f 3256 	3257 	4389
f 3668 	2105 	3669
f 2106 	2107 	3669
f 4389 	3257 	4395
f 663 	3909 	3908
f 3407 	1940 	1939
f 3190 	3196 	4399
f 4364 	3909 	4400
f 4382 	4361 	4401
f 3413 	3411 	1945
f 4401 	4361 	4394
f 4402 	3916 	4406
f 4382 	4401 	1303
f 3190 	4399 	4395
f 4405 	3916 	4409
f 4394 	4407 	4401
f 4401 	4407 	1306
f 4399 	3196 	4413
f 3196 	3204 	4413
f 4089 	4088 	1874
f 4401 	1306 	1303
f 4407 	4436 	4414
f 4404 	4397 	4350
f 4350 	4342 	4404
f 3204 	4415 	4413
f 4090 	4092 	1875
f 4410 	4404 	4342
f 4379 	1653 	4377
f 4377 	1653 	4411
f 4412 	4411 	1653
f 4407 	4414 	1309
f 4415 	4064 	4413
f 2335 	382 	2338
f 4407 	1309 	1306
f 4376 	4344 	3080
f 4415 	4067 	4064
f 4418 	4432 	2611
f 4415 	3205 	2447
f 3080 	4418 	4416
f 4416 	4376 	3080
f 4331 	4333 	2611
f 4414 	4417 	1312
f 4372 	1634 	4392
f 4415 	2447 	4067
f 4397 	4426 	4396
f 4414 	1312 	1309
f 2503 	2625 	2624
f 2503 	2624 	2502
f 4397 	4404 	4429
f 4417 	1434 	1312
f 3544 	1849 	1850
f 4397 	4429 	4426
f 3225 	3229 	2036
f 4421 	4442 	4419
f 4389 	4422 	4421
f 2504 	2626 	2625
f 2504 	2625 	2503
f 2505 	2627 	2626
f 2505 	2626 	2504
f 4395 	4422 	4389
f 3233 	3232 	2043
f 2044 	2043 	3232
f 2508 	2628 	2627
f 2508 	2627 	2505
f 2456 	451 	2438
f 2043 	2041 	3233
f 2628 	2508 	2655
f 2532 	2655 	2508
f 4399 	4423 	4395
f 2629 	2509 	2511
f 2629 	2511 	2630
f 3232 	3235 	2044
f 2630 	2511 	2512
f 2630 	2512 	2631
f 4395 	4423 	4422
f 2631 	2512 	2513
f 2631 	2513 	2632
f 2048 	2047 	3340
f 2632 	2513 	2514
f 2632 	2514 	2633
f 3340 	3343 	2048
f 2633 	2514 	2515
f 2633 	2515 	2635
f 2516 	2637 	2635
f 2516 	2635 	2515
f 4399 	4424 	4423
f 1434 	4417 	4420
f 4428 	4404 	4410
f 2517 	2639 	2637
f 2517 	2637 	2516
f 4413 	4424 	4399
f 2518 	2640 	2639
f 2518 	2639 	2517
f 2519 	2642 	2640
f 2519 	2640 	2518
f 205 	4410 	197
f 2520 	2643 	2642
f 2520 	2642 	2519
f 3547 	1851 	1852
f 2521 	2644 	2643
f 2521 	2643 	2520
f 4134 	4396 	4425
f 1854 	3548 	1852
f 2644 	2521 	2624
f 2502 	2624 	2521
f 4396 	4426 	4425
f 2690 	2523 	2646
f 3548 	1854 	1856
f 3892 	3891 	1078
f 2646 	2523 	2524
f 2646 	2524 	2648
f 2525 	2649 	2648
f 2525 	2648 	2524
f 2527 	2650 	2649
f 2527 	2649 	2525
f 2528 	2651 	2650
f 2528 	2650 	2527
f 4203 	4134 	4425
f 2529 	2652 	2651
f 2529 	2651 	2528
f 3458 	2450 	3459
f 2652 	2529 	2629
f 2509 	2629 	2529
f 4413 	4064 	4424
f 2531 	2656 	2655
f 2531 	2655 	2532
f 2534 	2657 	2656
f 2534 	2656 	2531
f 2450 	3458 	2452
f 2535 	2658 	2657
f 2535 	2657 	2534
f 2536 	2660 	2658
f 2536 	2658 	2535
f 2537 	2661 	2660
f 2537 	2660 	2536
f 4368 	3250 	4427
f 1443 	1434 	4420
f 4404 	4428 	4429
f 2539 	2664 	2661
f 2539 	2661 	2537
f 2067 	3402 	3401
f 2541 	2665 	2664
f 2541 	2664 	2539
f 2542 	2667 	2665
f 2542 	2665 	2541
f 2543 	2668 	2667
f 2543 	2667 	2542
f 2544 	2670 	2668
f 2544 	2668 	2543
f 2545 	2672 	2670
f 2545 	2670 	2544
f 2672 	2545 	2546
f 2672 	2546 	2674
f 2547 	2675 	2674
f 2547 	2674 	2546
f 2675 	2547 	2676
f 2549 	2676 	2547
f 506 	2442 	2441
f 2551 	2677 	2676
f 2551 	2676 	2549
f 3080 	4432 	4418
f 2440 	498 	2441
f 2552 	2678 	2677
f 2552 	2677 	2551
f 4432 	4440 	2611
f 4431 	3250 	3254
f 4427 	4431 	4433
f 2442 	505 	2443
f 2553 	2680 	2678
f 2553 	2678 	2552
f 509 	2444 	510
f 3862 	3888 	1053
f 2680 	2553 	2682
f 2554 	2682 	2553
f 2682 	2554 	2556
f 2682 	2556 	2683
f 2683 	2556 	2558
f 2683 	2558 	2684
f 4431 	3254 	4434
f 2684 	2558 	2559
f 2684 	2559 	2685
f 3254 	3256 	4434
f 2560 	2687 	2685
f 2560 	2685 	2559
f 1930 	3367 	3366
f 205 	210 	4428
f 2561 	2689 	2687
f 2561 	2687 	2560
f 4431 	4419 	4433
f 4428 	4410 	205
f 2562 	2690 	2689
f 2562 	2689 	2561
f 2488 	3491 	2489
f 3490 	2489 	3491
f 4434 	4419 	4431
f 2523 	2690 	2562
f 4345 	4425 	4426
f 1089 	1088 	3896
f 2489 	3490 	2491
f 3494 	2491 	3490
f 4433 	4419 	4441
f 3550 	1856 	1858
f 4434 	3256 	4389
f 2491 	3494 	2492
f 3492 	2492 	3494
f 3551 	3550 	1863
f 2492 	3492 	2493
f 3451 	2493 	3492
f 1927 	1909 	3352
f 4389 	4421 	4434
f 2494 	3457 	2448
f 4434 	4421 	4419
f 3450 	2494 	2493
f 2448 	3456 	2449
f 3459 	2449 	3456
f 3459 	2450 	2449
f 472 	2452 	3458
f 4394 	4436 	4407
f 3541 	3540 	1832
f 1834 	3542 	1832
f 3541 	1832 	3542
f 2455 	453 	2456
f 4439 	4437 	4366
f 1849 	3544 	1848
f 4443 	4428 	210
f 4467 	4469 	4420
f 2900 	2897 	2896
f 2895 	2597 	2896
f 4420 	4417 	4467
f 4370 	4439 	4366
f 4439 	4438 	4437
f 3331 	2064 	2063
f 4439 	4454 	4438
f 4426 	4347 	4345
f 4437 	4438 	4435
f 1072 	1071 	3917
f 2066 	2065 	3283
f 1858 	1863 	3550
f 4426 	4429 	4347
f 3551 	1863 	1864
f 3283 	3286 	2066
f 4700 	1523 	4440
f 1865 	3553 	1864
f 4439 	4455 	4454
f 1867 	3554 	1865
f 3553 	1865 	3554
f 3080 	1521 	4440
f 4440 	4432 	3080
f 2073 	2069 	3372
f 1826 	3554 	1867
f 3542 	1834 	1871
f 1534 	1533 	2117
f 3875 	3864 	1027
f 1546 	1535 	2116
f 2122 	2121 	1537
f 1533 	1538 	2118
f 2126 	2123 	1555
f 3560 	1877 	3561
f 4419 	4442 	4441
f 3561 	1878 	1882
f 1882 	1885 	3563
f 3564 	3563 	1887
f 1885 	1887 	3563
f 3564 	1887 	3565
f 1888 	3565 	1887
f 4429 	4428 	4443
f 1888 	1891 	3565
f 3566 	3565 	1891
f 3566 	1891 	3567
f 1894 	3567 	1891
f 4443 	4347 	4429
f 3567 	1894 	3555
f 1899 	3555 	1894
f 4442 	4421 	4444
f 2109 	4443 	675
f 4421 	4422 	4444
f 3569 	3555 	1818
f 4445 	4394 	4369
f 4443 	210 	675
f 1905 	1906 	3573
f 1906 	1907 	3573
f 4422 	4446 	4444
f 1555 	1557 	2126
f 4436 	4394 	4445
f 4422 	4423 	4446
f 4447 	4436 	4445
f 3576 	1908 	1910
f 4448 	4446 	4423
f 3577 	3576 	1911
f 1910 	1911 	3576
f 3578 	3577 	1913
f 4449 	4465 	4447
f 1433 	1435 	2133
f 3579 	1914 	3580
f 1436 	1439 	2134
f 1915 	1916 	3581
f 1915 	3581 	3580
f 2136 	2135 	1438
f 4424 	4448 	4423
f 1916 	1919 	3581
f 219 	4452 	4449
f 4448 	4063 	4191
f 4063 	4448 	4424
f 1923 	1926 	3585
f 3586 	1926 	1929
f 3588 	1929 	1933
f 4370 	4427 	4455
f 4700 	4440 	1521
f 1933 	1935 	3588
f 3589 	3588 	1935
f 4370 	4455 	4439
f 1895 	1890 	4123
f 3154 	3877 	1030
f 1547 	1546 	2115
f 1997 	4722 	4450
f 2118 	2117 	1533
f 4451 	1932 	4450
f 1942 	1932 	4451
f 4454 	4456 	4677
f 1535 	1534 	2116
f 4427 	4433 	4455
f 1538 	1537 	2121
f 1086 	1085 	3896
f 4449 	4467 	4465
f 4433 	4456 	4455
f 2121 	2118 	1538
f 4433 	4441 	4456
f 4465 	4436 	4447
f 4453 	2 	163
f 3597 	3596 	1953
f 4455 	4456 	4454
f 2123 	2122 	1539
f 3598 	3597 	1954
f 2129 	2127 	1556
f 2130 	1559 	1558
f 92 	93 	4758
f 1556 	1559 	2129
f 4452 	230 	4457
f 2074 	2073 	3371
f 3372 	3371 	2073
f 2133 	2131 	1433
f 100 	4460 	97
f 3585 	1921 	1923
f 1909 	2077 	3373
f 3586 	3585 	1926
f 3371 	3374 	2074
f 3373 	3352 	1909
f 1928 	1927 	3351
f 3352 	3351 	1927
f 3351 	3367 	1928
f 1930 	1928 	3367
f 1938 	1941 	3591
f 3364 	4462 	4458
f 1941 	1943 	3591
f 1537 	1539 	2122
f 4458 	4462 	4461
f 1539 	1540 	2123
f 1947 	3594 	1944
f 1947 	1948 	3595
f 1939 	3408 	3407
f 4464 	4462 	3364
f 1948 	1951 	3595
f 1939 	1936 	3408
f 3364 	3369 	4464
f 2130 	2129 	1559
f 4465 	4414 	4436
f 1946 	1945 	3411
f 4449 	4452 	4467
f 3416 	3415 	1950
f 4417 	4465 	4467
f 3369 	3375 	4468
f 2135 	2134 	1439
f 4464 	3369 	4468
f 4465 	4417 	4414
f 2611 	4440 	1523
f 4366 	4464 	4468
f 2611 	1523 	4702
f 4468 	3375 	4368
f 3607 	3606 	1967
f 1956 	4085 	4089
f 1967 	1968 	3607
f 2138 	1440 	1442
f 4452 	4469 	4467
f 4368 	4370 	4468
f 1881 	1875 	4092
f 4468 	4370 	4366
f 2347 	2143 	1450
f 4430 	4420 	4469
f 2350 	2347 	1458
f 2134 	2133 	1436
f 1984 	1822 	3612
f 1936 	1934 	3406
f 2137 	2136 	1441
f 4485 	4463 	4482
f 4461 	4473 	4471
f 1945 	1940 	3413
f 1441 	1440 	2137
f 4462 	4473 	4461
f 2140 	2138 	1442
f 4482 	4463 	4472
f 4462 	4464 	4474
f 655 	656 	3906
f 2141 	2140 	1444
f 1442 	1444 	2140
f 4485 	4476 	4466
f 660 	659 	3908
f 1444 	1446 	2141
f 1451 	2141 	1446
f 1952 	1950 	3415
f 4462 	4474 	4473
f 1950 	1949 	3416
f 4463 	4485 	4466
f 1450 	1458 	2347
f 2008 	3620 	3619
f 1956 	1955 	4085
f 4469 	4475 	4430
f 3604 	3603 	1960
f 4366 	4474 	4464
f 3606 	1961 	1964
f 1964 	1967 	3606
f 1886 	1884 	4118
f 282 	4477 	4475
f 4366 	4437 	4474
f 3608 	3607 	1968
f 4476 	4485 	129
f 4119 	1883 	4093
f 4437 	4513 	4474
f 1968 	1969 	3609
f 129 	115 	4476
f 1969 	1970 	3609
f 4118 	4121 	1886
f 1438 	1441 	2136
f 4476 	115 	21
f 2723 	647 	3899
f 3612 	1973 	1984
f 2143 	2141 	1451
f 4493 	2618 	2598
f 1451 	1450 	2143
f 3915 	3914 	1072
f 4478 	4472 	1
f 4480 	4493 	2598
f 4164 	4162 	4479
f 4481 	4483 	4479
f 4483 	4166 	4479
f 4482 	4472 	4478
f 4480 	3418 	4458
f 2354 	2352 	1460
f 1461 	1460 	2352
f 4482 	121 	4485
f 2352 	2350 	1461
f 1458 	1461 	2350
f 3418 	3423 	4458
f 1460 	1474 	2354
f 2357 	2354 	1474
f 4458 	4461 	4480
f 4479 	4489 	4487
f 4487 	4486 	4479
f 2357 	1474 	1473
f 4488 	4489 	4479
f 4480 	4461 	4493
f 4475 	4477 	4679
f 4491 	4488 	4479
f 3619 	2007 	2008
f 1476 	1475 	2360
f 3423 	3364 	4458
f 2011 	3620 	2008
f 1958 	3603 	2011
f 4490 	4479 	4492
f 896 	894 	2157
f 13 	4466 	4476
f 897 	916 	2158
f 3624 	2017 	2020
f 2166 	2164 	917
f 4470 	2620 	2618
f 3624 	2020 	3625
f 2023 	3625 	2020
f 4484 	4492 	4479
f 4490 	4491 	4479
f 4486 	4481 	4479
f 905 	2166 	917
f 4476 	21 	13
f 2025 	3625 	2023
f 2172 	2168 	906
f 4470 	2618 	4493
f 100 	4478 	4460
f 4479 	1333 	4484
f 906 	880 	2172
f 3627 	2025 	2029
f 4470 	4494 	2620
f 869 	2176 	2175
f 4478 	1 	4460
f 2031 	3628 	2029
f 3899 	2437 	2717
f 119 	121 	4482
f 2032 	3629 	2031
f 2274 	2272 	921
f 4493 	4471 	4470
f 4478 	119 	4482
f 2032 	2033 	3629
f 3630 	3629 	2033
f 4493 	4461 	4471
f 921 	923 	2274
f 2277 	2274 	923
f 3906 	3905 	653
f 4485 	121 	129
f 3908 	3907 	660
f 2038 	3632 	2034
f 722 	708 	2244
f 2039 	3633 	2038
f 4495 	720 	718
f 708 	2247 	2244
f 718 	724 	4495
f 2042 	3634 	2039
f 4496 	4494 	4470
f 720 	4495 	4498
f 4505 	4495 	724
f 4492 	4484 	4497
f 4499 	4497 	4484
f 4495 	4509 	4498
f 4470 	4471 	4496
f 4505 	4509 	4495
f 4498 	2892 	720
f 4501 	4502 	4484
f 4502 	4499 	4484
f 4504 	4501 	4484
f 724 	732 	4505
f 725 	2258 	2255
f 732 	54 	4505
f 2046 	2049 	3638
f 4503 	4504 	4484
f 2049 	2050 	3638
f 4496 	4471 	4511
f 2259 	728 	2261
f 3640 	2050 	2051
f 4506 	4503 	4484
f 4507 	4506 	4484
f 4510 	4507 	4484
f 731 	2264 	730
f 4508 	4510 	4484
f 2051 	2054 	3640
f 4509 	2874 	4498
f 4473 	4511 	4471
f 4511 	4522 	4496
f 2716 	3899 	2717
f 2055 	2057 	3643
f 54 	57 	4505
f 4484 	4512 	4508
f 2057 	2060 	3643
f 4505 	57 	4509
f 653 	652 	3906
f 57 	36 	4509
f 4473 	4474 	4513
f 4509 	36 	2874
f 4513 	4511 	4473
f 1330 	4479 	2839
f 2070 	3647 	3646
f 2844 	1330 	2839
f 3636 	3635 	1816
f 1330 	1333 	4479
f 2284 	759 	2286
f 4437 	4435 	4513
f 1333 	1359 	4484
f 2292 	750 	2294
f 747 	2296 	746
f 2294 	746 	2296
f 2296 	747 	2255
f 2844 	1335 	1330
f 4500 	4523 	4528
f 4516 	4519 	4517
f 1086 	3892 	1082
f 4516 	4521 	4519
f 4518 	4730 	4520
f 3662 	3659 	2093
f 4494 	4496 	4521
f 4521 	4516 	4494
f 3666 	2103 	3667
f 4726 	4519 	4521
f 2105 	3668 	2103
f 4726 	4729 	4519
f 3599 	1957 	3660
f 4522 	4521 	4496
f 3649 	3660 	1802
f 726 	2255 	747
f 2078 	2079 	3651
f 2079 	2080 	3651
f 2258 	727 	2259
f 3652 	2080 	3653
f 3654 	3653 	2082
f 2082 	2083 	3654
f 4525 	4522 	4511
f 1808 	1807 	4497
f 2083 	2084 	3656
f 380 	2329 	381
f 4511 	4513 	4525
f 2326 	377 	2328
f 3656 	2084 	3657
f 2085 	3657 	2084
f 3657 	2085 	2087
f 4513 	4435 	4525
f 2700 	2620 	4494
f 3662 	2093 	3663
f 4494 	4516 	2700
f 4524 	4528 	4523
f 4516 	4517 	2728
f 4512 	1825 	4508
f 2301 	771 	2302
f 2700 	4516 	2728
f 3666 	2100 	2102
f 2102 	2103 	3666
f 778 	2304 	770
f 1048 	1047 	3882
f 753 	2310 	2307
f 1053 	3886 	3885
f 4525 	4529 	4732
f 4525 	4435 	4529
f 4533 	4596 	4532
f 4534 	4595 	4533
f 4532 	4596 	4531
f 4529 	4535 	4732
f 2314 	760 	2284
f 3898 	3897 	1091
f 1091 	1044 	3882
f 4536 	4529 	4435
f 4590 	4575 	4472
f 4539 	4610 	4538
f 4540 	4609 	4539
f 4541 	4608 	4540
f 4542 	4607 	4541
f 4543 	4606 	4542
f 4544 	4605 	4543
f 4545 	4605 	4544
f 4546 	4605 	4545
f 4547 	4605 	4546
f 4548 	4603 	4547
f 4531 	4601 	4530
f 4530 	4603 	4548
f 4472 	4463 	4590
f 4435 	4438 	4536
f 2723 	3899 	2720
f 4536 	4549 	4529
f 4452 	4457 	4469
f 2443 	510 	2444
f 4466 	4592 	4463
f 4457 	4475 	4469
f 4537 	4613 	4551
f 4631 	4632 	4665
f 4553 	4554 	4624
f 4555 	4622 	4554
f 4556 	4621 	4555
f 4557 	4620 	4556
f 4558 	4619 	4557
f 4559 	4618 	4558
f 4560 	4617 	4559
f 4561 	4617 	4560
f 4550 	4617 	4561
f 4529 	4549 	4535
f 4466 	44 	4592
f 513 	2445 	509
f 4466 	13 	44
f 4549 	4689 	4535
f 282 	4475 	4457
f 4564 	4565 	4576
f 4563 	4564 	4576
f 4565 	4566 	4576
f 4562 	4576 	4566
f 4562 	4566 	4567
f 4562 	4567 	4568
f 4562 	4568 	4569
f 4562 	4569 	4570
f 4562 	4570 	4571
f 4572 	4573 	4571
f 4562 	4571 	4573
f 4562 	4573 	4574
f 4575 	1 	4472
f 282 	284 	4477
f 4441 	4589 	4456
f 4579 	4534 	4578
f 4577 	4578 	4534
f 4580 	4534 	4579
f 4581 	4534 	4580
f 4582 	4534 	4581
f 4583 	4534 	4582
f 4584 	4534 	4583
f 4585 	4534 	4584
f 4586 	4534 	4585
f 4587 	4534 	4586
f 4588 	4534 	4587
f 4593 	4534 	4588
f 4576 	4577 	4534
f 4534 	4563 	4576
f 284 	4500 	4477
f 1050 	1049 	3885
f 4593 	4594 	4534
f 4613 	4537 	4611
f 4538 	4610 	4537
f 4665 	4666 	4631
f 4551 	4614 	4550
f 4441 	4442 	4591
f 1804 	1803 	4488
f 4590 	4526 	4575
f 1801 	4487 	4489
f 4595 	4534 	4594
f 4596 	4533 	4595
f 4597 	4531 	4596
f 4598 	4531 	4597
f 4592 	4590 	4463
f 4591 	4589 	4441
f 1804 	4488 	4491
f 4591 	4599 	4589
f 4527 	4590 	4592
f 4600 	4531 	4598
f 4601 	4531 	4600
f 4602 	4530 	4601
f 4603 	4530 	4602
f 4604 	4547 	4603
f 4605 	4547 	4604
f 4606 	4543 	4605
f 4607 	4542 	4606
f 4608 	4541 	4607
f 4609 	4540 	4608
f 4610 	4539 	4609
f 4611 	4537 	4610
f 4492 	4497 	1807
f 4442 	4444 	4612
f 3903 	3902 	653
f 319 	4627 	284
f 4627 	4500 	284
f 4591 	4442 	4612
f 4615 	4550 	4614
f 4616 	4550 	4615
f 4617 	4550 	4616
f 4614 	4551 	4613
f 4618 	4559 	4617
f 4619 	4558 	4618
f 4620 	4557 	4619
f 4621 	4556 	4620
f 4622 	4555 	4621
f 4623 	4554 	4622
f 4624 	4554 	4623
f 4612 	4625 	4591
f 4627 	4636 	4500
f 1 	4575 	4626
f 4633 	4634 	4665
f 4632 	4633 	4665
f 4634 	4635 	4665
f 4664 	4665 	4635
f 4624 	4664 	4635
f 4635 	4552 	4624
f 4552 	4553 	4624
f 4591 	4625 	4599
f 2365 	2362 	841
f 4142 	1861 	1860
f 4625 	4690 	4599
f 319 	336 	4627
f 4444 	4446 	4646
f 4645 	4647 	4670
f 4647 	4648 	4670
f 4648 	4649 	4670
f 4649 	4650 	4670
f 4650 	4628 	4670
f 4628 	4629 	4670
f 4669 	4670 	4629
f 4629 	4630 	4669
f 4630 	4631 	4669
f 4668 	4669 	4631
f 4667 	4668 	4631
f 4666 	4667 	4631
f 4644 	4645 	4670
f 336 	4636 	4627
f 4636 	4523 	4500
f 4612 	4444 	4646
f 4716 	4626 	4575
f 849 	2375 	838
f 336 	379 	4524
f 4643 	4644 	4670
f 4642 	4643 	4670
f 4641 	4642 	4670
f 4651 	4653 	4654
f 4651 	4654 	4655
f 4651 	4655 	4656
f 4651 	4656 	4657
f 4651 	4657 	4658
f 4651 	4658 	4659
f 4651 	4659 	4660
f 4651 	4660 	4661
f 4651 	4661 	4662
f 4651 	4662 	4663
f 4716 	4575 	4526
f 1841 	4161 	4160
f 4523 	4636 	4524
f 1030 	3875 	1031
f 4638 	4639 	4670
f 4637 	4638 	4670
f 4652 	4637 	4670
f 4670 	4671 	4652
f 4639 	4640 	4670
f 4651 	4652 	4671
f 4653 	4651 	4671
f 4640 	4641 	4670
f 2389 	2382 	3500
f 4446 	4448 	4672
f 4592 	44 	32
f 2392 	2389 	3499
f 3885 	3883 	1047
f 4527 	4592 	32
f 4590 	4527 	4526
f 336 	4524 	4636
f 4672 	4646 	4446
f 4524 	379 	4673
f 379 	402 	4673
f 4448 	4191 	4672
f 4698 	2975 	2969
f 4765 	4673 	402
f 4699 	4672 	4191
f 2341 	425 	2342
f 4191 	4194 	4699
f 770 	2302 	771
f 4676 	4674 	4515
f 4438 	4675 	4536
f 4438 	4454 	4675
f 771 	2301 	768
f 4676 	4678 	4674
f 2342 	768 	2301
f 4675 	4683 	4536
f 4454 	4677 	4675
f 4502 	4501 	1813
f 4430 	1443 	4420
f 4678 	2987 	4674
f 4430 	1477 	1443
f 4499 	4502 	1810
f 4678 	1809 	2987
f 4430 	4475 	4679
f 4589 	4677 	4456
f 759 	2284 	760
f 4430 	4679 	1477
f 4680 	4681 	4676
f 2286 	762 	2287
f 4683 	4549 	4536
f 1482 	1477 	4679
f 4676 	4681 	4678
f 4682 	1482 	4679
f 751 	2292 	761
f 4684 	4683 	4675
f 1486 	1482 	4682
f 4675 	4677 	4684
f 2318 	516 	2321
f 4170 	4159 	1837
f 4682 	4679 	4477
f 4722 	1991 	4681
f 4500 	4691 	4682
f 558 	378 	2326
f 4677 	4589 	4685
f 2436 	4702 	2717
f 381 	2328 	377
f 4677 	4685 	4684
f 4477 	4500 	4682
f 4599 	4685 	4589
f 4698 	34 	4686
f 1027 	1026 	3875
f 391 	2339 	390
f 4599 	4720 	4685
f 391 	2341 	2339
f 1050 	3885 	1047
f 1875 	1874 	4088
f 1881 	4092 	4091
f 4514 	4688 	4687
f 2302 	770 	2304
f 4775 	4767 	4689
f 2304 	778 	2307
f 778 	754 	2307
f 4710 	4712 	4689
f 4515 	4674 	4514
f 451 	2456 	453
f 4674 	4688 	4514
f 4720 	4599 	4690
f 4688 	4674 	2987
f 2439 	499 	2440
f 4123 	4122 	1895
f 4612 	4692 	4625
f 4147 	1897 	4117
f 4515 	4518 	4676
f 4646 	4692 	4612
f 2442 	506 	505
f 4518 	4520 	4680
f 3919 	3918 	1078
f 1897 	1896 	4124
f 506 	2441 	498
f 4693 	4690 	4625
f 4691 	1486 	4682
f 3882 	3880 	1091
f 1900 	1898 	4143
f 4680 	4676 	4518
f 4520 	4713 	4680
f 4625 	4692 	4693
f 1490 	1486 	4691
f 38 	3024 	36
f 4711 	4721 	4691
f 4709 	4711 	4691
f 4693 	2595 	4690
f 45 	3040 	38
f 1078 	1077 	3892
f 513 	2318 	2445
f 2595 	4693 	2602
f 38 	3040 	3024
f 2636 	4690 	2595
f 558 	2324 	556
f 4672 	4695 	4646
f 4694 	3040 	45
f 2328 	381 	2329
f 1896 	1895 	4122
f 4646 	4695 	4692
f 4696 	4694 	30
f 4695 	4697 	4692
f 4124 	4117 	1897
f 382 	2335 	384
f 2333 	384 	2335
f 30 	34 	4696
f 4122 	4124 	1896
f 384 	2333 	380
f 2329 	380 	2333
f 4696 	2968 	4694
f 4692 	4697 	4693
f 3456 	2448 	3457
f 4143 	4144 	1900
f 2494 	3450 	3457
f 4697 	2602 	4693
f 4696 	34 	4698
f 4695 	4672 	4699
f 4701 	4705 	4691
f 1855 	4146 	4137
f 4700 	4719 	1523
f 4705 	4706 	4691
f 4699 	4703 	4695
f 2453 	446 	2454
f 1053 	1051 	3862
f 1029 	3875 	1026
f 4695 	4703 	4697
f 4709 	4691 	4706
f 453 	2455 	445
f 2454 	445 	2455
f 4703 	2603 	4697
f 4698 	4686 	4704
f 2438 	451 	454
f 2604 	2603 	4703
f 4687 	4704 	4686
f 4704 	2975 	4698
f 498 	2440 	499
f 2438 	454 	2439
f 4699 	4708 	4703
f 4687 	4688 	4704
f 4699 	4194 	4708
f 4704 	2981 	2975
f 510 	2443 	505
f 4706 	4705 	4707
f 4688 	2981 	4704
f 4708 	2604 	4703
f 1807 	1806 	4490
f 4688 	2987 	2981
f 663 	3908 	659
f 4194 	1790 	4708
f 4701 	4707 	4705
f 1790 	2607 	4708
f 4708 	2607 	2604
f 4497 	4499 	1808
f 1490 	4691 	4721
f 1078 	3917 	1075
f 4549 	4710 	4689
f 2321 	556 	2324
f 2324 	558 	2326
f 4549 	4683 	4710
f 1475 	841 	2362
f 1053 	3885 	1049
f 844 	843 	2367
f 2368 	2367 	843
f 4715 	4717 	4710
f 4706 	4707 	4709
f 841 	844 	2365
f 2367 	2365 	844
f 4710 	4717 	4712
f 843 	846 	2368
f 4707 	4711 	4709
f 2374 	846 	845
f 4520 	4626 	4713
f 1089 	3896 	1085
f 4626 	4716 	4713
f 1091 	3896 	1088
f 4683 	4684 	4715
f 4715 	4710 	4683
f 2720 	3899 	2716
f 4721 	1496 	1490
f 650 	3899 	647
f 653 	3901 	649
f 660 	3906 	656
f 4164 	4166 	1847
f 3499 	3501 	2392
f 4166 	4483 	1830
f 2778 	4712 	2781
f 663 	662 	3913
f 4712 	4717 	2781
f 667 	665 	3913
f 1072 	3913 	665
f 1076 	3917 	1071
f 4684 	4685 	4718
f 4527 	4453 	4526
f 1079 	3892 	1077
f 4718 	4715 	4684
f 4719 	4700 	1521
f 4719 	1522 	1523
f 4527 	2 	4453
f 2616 	4717 	4715
f 4527 	32 	2
f 4490 	4492 	1807
f 1521 	1522 	4719
f 4718 	2616 	4715
f 2616 	2653 	4717
f 4713 	4722 	4680
f 4717 	2653 	2781
f 1810 	1808 	4499
f 2375 	2374 	845
f 4713 	4450 	4722
f 4713 	4716 	4450
f 1813 	1810 	4502
f 4526 	4451 	4716
f 4685 	4720 	4718
f 4526 	4453 	4451
f 4718 	2623 	2616
f 4716 	4451 	4450
f 4720 	2623 	4718
f 1821 	1820 	4506
f 4720 	2636 	2623
f 4680 	4722 	4681
f 4506 	4507 	1821
f 4690 	2636 	4720
f 3501 	2393 	2392
f 1497 	4707 	4714
f 4722 	1997 	1991
f 2397 	2395 	3502
f 4723 	2729 	4517
f 2393 	3501 	3503
f 3502 	3506 	2397
f 4517 	4519 	4725
f 1801 	1800 	4487
f 4714 	1500 	1497
f 2399 	3506 	3505
f 4725 	4723 	4517
f 2411 	2410 	3509
f 4721 	4707 	1497
f 4711 	4707 	4721
f 1496 	4721 	1497
f 2410 	2409 	3510
f 4726 	4521 	4522
f 3511 	2417 	2416
f 1500 	4714 	4728
f 3517 	2419 	2418
f 4519 	4729 	4725
f 2382 	2381 	3498
f 1847 	1844 	4164
f 4728 	1663 	1500
f 3498 	3500 	2382
f 4736 	1672 	1663
f 3500 	3499 	2389
f 4486 	1833 	4481
f 4522 	4525 	4732
f 1901 	1900 	4144
f 1901 	4144 	4145
f 4732 	4726 	4522
f 4731 	4520 	4730
f 1855 	1853 	4146
f 4751 	4750 	1738
f 4169 	1861 	4141
f 4460 	1 	4731
f 4626 	4520 	4731
f 1840 	1837 	4159
f 4725 	4733 	4723
f 4735 	4686 	4734
f 4729 	4737 	4725
f 4736 	1663 	4728
f 1860 	1859 	4139
f 4142 	1860 	4139
f 4734 	4686 	34
f 4736 	4742 	1672
f 4733 	4725 	4737
f 4751 	1738 	1699
f 4726 	4739 	4729
f 4732 	4739 	4726
f 4738 	4687 	4735
f 4729 	4740 	4737
f 4159 	4161 	1840
f 1841 	1840 	4161
f 4738 	4514 	4687
f 4739 	4740 	4729
f 4735 	4687 	4686
f 4740 	4766 	4737
f 1844 	1843 	4162
f 4757 	1764 	1767
f 4514 	4738 	4724
f 4162 	4164 	1844
f 4739 	4732 	4535
f 1830 	1847 	4166
f 4514 	4724 	4515
f 4767 	4739 	4535
f 4724 	4727 	4515
f 4518 	4515 	4727
f 4233 	4232 	4743
f 4727 	4730 	4518
f 4739 	4767 	4740
f 4742 	4741 	1696
f 4512 	4484 	4747
f 4742 	1696 	1672
f 4748 	4746 	4484
f 794 	4749 	4745
f 4746 	4747 	4484
f 4744 	4748 	4484
f 4302 	4744 	4484
f 4743 	4277 	4484
f 794 	795 	4749
f 4743 	251 	4233
f 4743 	1453 	251
f 4757 	1767 	4750
f 1359 	1453 	4743
f 2763 	4752 	2774
f 1699 	1696 	4741
f 4752 	2763 	4723
f 251 	152 	4233
f 4741 	4751 	1699
f 4752 	4754 	2774
f 4753 	4749 	795
f 4484 	1359 	4743
f 2198 	2199 	4563
f 4761 	4754 	4752
f 4753 	4724 	4749
f 2779 	2774 	4754
f 4758 	4753 	92
f 2205 	4568 	4567
f 4778 	2779 	4754
f 4758 	4727 	4753
f 1739 	1764 	4756
f 4753 	4727 	4724
f 4778 	2785 	2779
f 2214 	4572 	4571
f 4755 	1739 	4756
f 4459 	4758 	93
f 1782 	4755 	4759
f 4723 	4733 	4752
f 4757 	4756 	1764
f 4733 	4761 	4752
f 4459 	4730 	4758
f 4459 	4731 	4730
f 4758 	4730 	4727
f 4731 	4459 	4460
f 4755 	1782 	1739
f 4763 	4761 	4733
f 2230 	4582 	4581
f 4760 	29 	22
f 4762 	29 	4760
f 4733 	4737 	4763
f 1782 	4759 	1456
f 4759 	1586 	1456
f 4691 	4500 	4701
f 4528 	4701 	4500
f 4764 	4734 	4762
f 4528 	4524 	4701
f 4524 	4673 	4707
f 4764 	4735 	4734
f 4673 	4714 	4707
f 4762 	4734 	29
f 4673 	4765 	4714
f 4737 	4766 	4763
f 4701 	4524 	4707
f 4764 	792 	4745
f 402 	411 	4765
f 4735 	4764 	4745
f 4765 	411 	4768
f 411 	432 	4768
f 4765 	4728 	4714
f 4279 	1777 	4276
f 4765 	4768 	4728
f 4749 	4738 	4745
f 432 	4773 	4768
f 4740 	4771 	4766
f 4724 	4738 	4749
f 4768 	4736 	4728
f 4735 	4745 	4738
f 4736 	4768 	4773
f 4767 	4535 	4689
f 4776 	4751 	4741
f 4626 	4731 	1
f 4763 	4769 	4761
f 4736 	4773 	4742
f 4292 	1788 	4293
f 4763 	4770 	4769
f 4763 	4766 	4770
f 4767 	4771 	4740
f 1762 	4246 	1763
f 4766 	4772 	4770
f 1761 	4243 	1762
f 4766 	4771 	4772
f 4773 	530 	4774
f 4772 	2734 	4770
f 4774 	4776 	4741
f 4774 	4741 	4742
f 4770 	2734 	2747
f 4773 	4774 	4742
f 4775 	4771 	4767
f 1773 	4230 	1702
f 1748 	4259 	1749
f 4775 	2736 	4771
f 4262 	1751 	4257
f 432 	530 	4773
f 1754 	4263 	1755
f 4266 	1757 	4265
f 548 	4776 	4774
f 4771 	2736 	4772
f 4772 	2738 	2734
f 2736 	2738 	4772
f 1752 	4261 	1754
f 4777 	578 	4779
f 571 	4776 	548
f 4776 	571 	4777
f 4777 	4750 	4751
f 4751 	4776 	4777
f 695 	698 	4782
f 4781 	695 	4782
f 1765 	4249 	1766
f 4250 	1768 	4248
f 1769 	4250 	4252
f 4251 	1770 	4252
f 1769 	4252 	1770
f 4785 	4786 	2786
f 4253 	1771 	4251
f 4302 	1775 	4744
f 4278 	1778 	4279
f 4754 	4761 	4783
f 1776 	4276 	1777
f 4754 	4783 	4778
f 4782 	4755 	4781
f 4783 	4787 	4778
f 4289 	4288 	1785
f 2293 	4621 	4620
f 4293 	1787 	4288
f 4779 	4780 	4757
f 4784 	713 	1596
f 713 	719 	1596
f 2786 	2785 	4785
f 1828 	1825 	4747
f 4782 	698 	4784
f 1828 	4747 	4746
f 4744 	1774 	4748
f 4784 	1596 	1586
f 4778 	4785 	2785
f 4236 	4237 	1747
f 4756 	4757 	4780
f 4781 	4755 	4756
f 4263 	1754 	4261
f 4781 	4756 	4780
f 4755 	4782 	4759
f 4265 	1755 	4263
f 4784 	4759 	4782
f 1751 	4262 	1752
f 4784 	1586 	4759
f 4787 	4785 	4778
f 4777 	4779 	4750
f 4779 	4757 	4750
f 4785 	2741 	4786
f 4788 	280 	1493
f 1760 	4266 	4242
f 1493 	1494 	4788
f 1760 	4240 	1761
f 4788 	4318 	280
f 1494 	1495 	4789
f 4787 	2741 	4785
f 4789 	4788 	1494
f 2741 	3219 	4786
f 4793 	4789 	1495
f 4786 	3219 	3216
f 4769 	4783 	4761
f 4783 	4791 	4787
f 4240 	1760 	4242
f 4243 	1761 	4240
f 4244 	1763 	4246
f 4783 	4769 	4791
f 1762 	4243 	4246
f 1765 	4244 	4249
f 4791 	2744 	4787
f 4248 	1766 	4249
f 2744 	4791 	2750
f 1495 	1498 	4793
f 4793 	4790 	4789
f 4787 	2744 	2741
f 1498 	1548 	4794
f 4770 	2747 	4769
f 1772 	4227 	1773
f 132 	1702 	4230
f 4793 	1498 	4794
f 4793 	4792 	4790
f 4791 	4769 	2747
f 4794 	4792 	4793
f 4794 	1548 	4795
f 2747 	2750 	4791
f 4795 	1548 	1550
f 4712 	4775 	4689
f 4712 	2778 	4775
f 4282 	1779 	4278
f 4281 	1780 	4282
f 4340 	4339 	4790
f 4792 	4340 	4790
f 4797 	4794 	4795
f 4794 	4797 	4792
f 4343 	4340 	4792
f 4797 	4343 	4792
f 1785 	4288 	1787
f 3523 	3679 	4796
f 4797 	4795 	4798
f 4798 	4799 	4797
f 1652 	3527 	3523
f 4798 	4802 	4799
f 4797 	4799 	4343
f 1652 	3523 	4796
f 4369 	4343 	4799
f 4799 	4445 	4369
f 4795 	1550 	4800
f 4800 	4798 	4795
f 70 	4804 	69
f 4800 	1554 	20
f 3797 	1966 	3798
f 1965 	3798 	1966
f 4800 	4801 	4798
f 20 	4801 	4800
f 70 	1662 	4796
f 1965 	3795 	3798
f 3795 	1965 	1963
f 70 	1685 	1662
f 4801 	4802 	4798
f 4796 	1662 	1652
f 3800 	1971 	3797
f 4802 	4445 	4799
f 20 	23 	4803
f 23 	72 	4803
f 20 	4803 	4801
f 3776 	1975 	3777
f 4803 	4805 	4801
f 1974 	3799 	3790
f 94 	3678 	3825
f 3788 	1977 	3779
f 3779 	1977 	3776
f 3825 	175 	94
f 1977 	3788 	1978
f 72 	230 	219
f 3678 	94 	4804
f 3789 	1979 	3787
f 4803 	72 	219
f 72 	74 	230
f 3783 	1980 	3781
f 3782 	3784 	1983
f 4804 	3679 	3678
f 3786 	1985 	3784
f 1983 	3784 	1985
f 4805 	4802 	4801
f 3785 	1986 	3786
f 4802 	4447 	4445
f 3679 	4804 	4796
f 4447 	4802 	4805
f 1986 	3785 	1987
f 4803 	219 	4805
f 4804 	70 	4796
f 1992 	3722 	3724
f 219 	4449 	4805
f 4805 	4449 	4447
f 1993 	3726 	1994
f 3704 	1995 	3725
f 3793 	1869 	3794
f 1868 	3794 	1869
f 3796 	1962 	3793
f 1962 	3796 	1963
f 4322 	3693 	4806
f 4322 	4806 	4326
f 4806 	4807 	4326
f 3834 	186 	192
f 4301 	4326 	4807
f 4053 	2786 	4786
f 3693 	3780 	4811
f 3216 	4055 	4053
f 4806 	4809 	4807
f 4809 	4810 	4807
f 4786 	3216 	4053
f 4807 	4810 	4808
f 3216 	3217 	4055
f 4808 	42 	37
f 42 	4808 	4810
f 3217 	4056 	4055
f 4809 	25 	46
f 4809 	46 	4810
f 4056 	3217 	3218
f 46 	49 	4810
f 3693 	4811 	4806
f 4811 	4809 	4806
f 4260 	10 	997
f 4812 	4813 	11
f 4814 	11 	4813
f 4815 	4812 	11
f 10 	1007 	997
f 3800 	11 	3799
f 3780 	3799 	11
f 3795 	3796 	11
f 4816 	11 	3791
f 4815 	11 	4816
f 4814 	16 	11
f 17 	15 	11
f 4811 	25 	4809
f 11 	25 	4811
f 111 	113 	4
f 5 	4 	113
f 7 	5 	113
f 9 	7 	113
f 2124 	4550 	4561
f 2124 	2195 	4550
f 4566 	2204 	4567
f 4570 	2213 	4571
f 2225 	2226 	4578
f 2226 	4580 	4579
f 2234 	4583 	4582
f 2234 	2237 	4583
f 2265 	4603 	4602
f 2273 	4608 	2271
f 2283 	4616 	4615
f 2306 	4631 	4630
f 2306 	2308 	4631
f 4632 	2308 	4633
f 2312 	4634 	2309
f 2327 	4645 	4644
f 2334 	4648 	4647
f 4648 	2334 	4649
f 2336 	4649 	2334
f 2336 	4650 	4649
f 2377 	4667 	2372
f 2377 	2380 	4667
f 4668 	2380 	4669
f 2383 	4670 	4669
f 2198 	4563 	4534
f 2195 	4537 	4551
f 2159 	4541 	4540
f 2159 	4542 	4541
f 2171 	4547 	4546
f 2171 	4548 	4547
f 2313 	4552 	4635
f 2180 	4554 	4553
f 4555 	4554 	2181
f 2181 	4556 	4555
f 2185 	4558 	4557
f 4559 	4558 	2188
f 4564 	4563 	2199
f 2199 	4565 	4564
f 4565 	2204 	4566
f 2205 	4567 	2204
f 2205 	2209 	4568
f 2209 	2212 	4568
f 4569 	4568 	2212
f 4570 	4569 	2213
f 2212 	2213 	4569
f 2214 	4571 	2213
f 2214 	2215 	4572
f 4573 	4572 	2216
f 2215 	2216 	4572
f 4574 	4573 	2217
f 2216 	2217 	4573
f 2217 	2218 	4562
f 2217 	4562 	4574
f 2218 	2120 	4562
f 2120 	4576 	4562
f 4576 	2120 	4577
f 2222 	4577 	2120
f 2222 	2225 	4578
f 2222 	4578 	4577
f 4579 	4578 	2226
f 2230 	4581 	4580
f 2230 	2232 	4582
f 2232 	2234 	4582
f 4584 	4583 	2237
f 2237 	4585 	4584
f 4585 	2241 	4586
f 4587 	4586 	2242
f 2241 	2242 	4586
f 4587 	2242 	4588
f 2243 	4588 	2242
f 2243 	2245 	4588
f 4593 	4588 	2245
f 2245 	2252 	4594
f 2245 	4594 	4593
f 4595 	4594 	2253
f 2252 	2253 	4594
f 4595 	2253 	4596
f 2254 	4596 	2253
f 2254 	2256 	4596
f 4597 	4596 	2256
f 2256 	2257 	4598
f 2256 	4598 	4597
f 2257 	2260 	4598
f 4600 	4598 	2260
f 2260 	4601 	4600
f 4603 	2265 	4604
f 2267 	4605 	4604
f 4607 	4606 	2271
f 4607 	2271 	4608
f 2273 	2275 	4608
f 4614 	2110 	4615
f 2288 	4617 	4616
f 2293 	4620 	4619
f 2263 	2265 	4602
f 2267 	4604 	2265
f 4605 	2267 	2269
f 4605 	2269 	4606
f 2270 	4606 	2269
f 2270 	2271 	4606
f 4609 	4608 	2275
f 4610 	4609 	2276
f 2275 	2276 	4609
f 2276 	2278 	4611
f 2276 	4611 	4610
f 2278 	4613 	4611
f 2278 	2280 	4613
f 4614 	4613 	2110
f 2280 	2110 	4613
f 2283 	4615 	2110
f 2283 	2285 	4616
f 2285 	2288 	4616
f 2288 	2289 	4618
f 2288 	4618 	4617
f 4619 	4618 	2291
f 2289 	2291 	4618
f 2291 	2293 	4619
f 2293 	2295 	4621
f 4621 	2295 	4622
f 2297 	4622 	2295
f 4623 	4622 	2298
f 2297 	2298 	4622
f 2298 	2299 	4623
f 4624 	4623 	2299
f 4628 	2300 	4629
f 2303 	4629 	2300
f 4629 	2303 	4630
f 2305 	4630 	2303
f 2306 	4630 	2305
f 4632 	4631 	2308
f 2309 	4633 	2308
f 4633 	2309 	4634
f 2313 	4635 	4634
f 2313 	4634 	2312
f 2177 	4552 	2313
f 2108 	2315 	4652
f 2316 	4638 	4637
f 2316 	2317 	4638
f 4639 	4638 	2317
f 4639 	2317 	4640
f 2319 	4640 	2317
f 2319 	2322 	4640
f 4641 	4640 	2322
f 4642 	4641 	2322
f 4643 	4642 	2325
f 4642 	2323 	2325
f 4643 	2325 	4644
f 4644 	2325 	2327
f 2330 	4645 	2327
f 2330 	2332 	4645
f 4647 	2332 	2334
f 2300 	4628 	4650
f 4671 	2387 	4653
f 4653 	2340 	4654
f 2343 	4654 	2340
f 2343 	4655 	4654
f 2348 	4656 	4655
f 2348 	2349 	4656
f 4657 	4656 	2349
f 4657 	2349 	4658
f 2353 	4658 	2349
f 4658 	2353 	4659
f 2355 	4659 	2353
f 2356 	4660 	4659
f 2356 	4659 	2355
f 2356 	4661 	4660
f 2361 	4662 	4661
f 2361 	4663 	4662
f 2108 	4652 	2364
f 4651 	2364 	4652
f 4624 	2299 	4664
f 2366 	4664 	2299
f 2366 	4665 	4664
f 4665 	2369 	2372
f 4666 	4665 	2372
f 4666 	2372 	4667
f 4668 	4667 	2380
f 2383 	4669 	2380
f 2387 	4671 	4670
f 2340 	4653 	2387
f 4530 	4548 	2139
f 4530 	2139 	4531
f 2144 	4531 	2139
f 2144 	2145 	4531
f 4532 	4531 	2145
f 2145 	2146 	4532
f 4533 	2146 	4534
f 2148 	2198 	4534
f 2173 	4548 	2171
f 2173 	2139 	4548
f 2177 	2178 	4552
f 4553 	2178 	2180
f 2180 	2181 	4554
f 2182 	4556 	2181
f 2182 	2184 	4556
f 4557 	2184 	2185
f 2185 	2188 	4558
f 4559 	2188 	4560
f 2190 	4560 	2188
f 4560 	2190 	4561
f 2192 	4561 	2190
f 2192 	2124 	4561
f 4551 	4550 	2195
f 4537 	2195 	2150
f 2150 	2152 	4537
f 2153 	4539 	4538
f 2153 	2156 	4540
f 2153 	4540 	4539
f 2156 	2159 	4540
f 4542 	2159 	2161
f 4543 	4542 	2163
f 2161 	2163 	4542
f 4543 	2163 	4544
f 2165 	4544 	2163
f 4545 	4544 	2167
f 2165 	2167 	4544
f 4545 	2167 	4546
f 2169 	4546 	2167
f 2169 	2171 	4546
# 9652 faces

 #end of obj_0

o obj_1
v 27.564 		34.3649 		0.588
v 27.614 		34.2942 		0.655
v 27.5797 		34.341 		0.609
v 23.915 		71.648 		0
v 27.6234 		34.28 		0.669
v 24.105 		71.616 		0
v 24.296 		71.648 		0
v 23.732 		71.741 		0
v 23.563 		71.894 		0
v 23.415 		72.098 		0
v 23.294 		72.347 		0
v 23.203 		72.632 		0
v 25.007 		72.632 		0
v 24.917 		72.347 		0
v 24.796 		72.098 		0
v 24.648 		71.894 		0
v 24.479 		71.741 		0
v 23.148 		72.941 		0
v 23.129 		73.262 		0
v 23.148 		73.583 		0
v 25.063 		73.583 		0
v 25.081 		73.262 		0
v 25.063 		72.941 		0
v 23.203 		73.891 		0
v 23.294 		74.176 		0
v 23.415 		74.425 		0
v 23.563 		74.63 		0
v 23.732 		74.782 		0
v 23.915 		74.875 		0
v 24.105 		74.907 		0
v 24.296 		74.875 		0
v 24.479 		74.782 		0
v 24.648 		74.63 		0
v 24.796 		74.425 		0
v 24.917 		74.176 		0
v 25.007 		73.891 		0
v -24.26 		39.766 		2.5
v -24.26 		39.766 		1.998
v -36.29 		39.766 		1.998
v -36.29 		39.766 		2.5
v 26.516 		78.2276 		0
v 12.747 		52.929 		0.998
v 12.735 		53.123 		0.998
v 12.782 		52.739 		0.998
v 12.841 		52.555 		0.998
v 12.921 		52.38 		0.998
v 13.022 		52.219 		0.998
v 13.142 		52.072 		0.998
v 13.279 		51.944 		0.998
v 23.915 		38.791 		2.5
v 24.105 		38.759 		2.5
v 26.516 		72.704 		0
v 13.43 		51.836 		0.998
v 23.732 		38.885 		2.5
v 13.593 		51.75 		0.998
v 24.479 		38.885 		2.5
v 24.296 		38.791 		2.5
v 13.765 		51.688 		0.998
v 23.563 		39.037 		2.5
v 13.944 		51.65 		0.998
v 23.415 		39.241 		2.5
v 23.294 		39.491 		2.5
v 14.125 		51.637 		0.998
v 24.917 		39.491 		2.5
v 14.306 		51.65 		0.998
v 24.796 		39.241 		2.5
v 24.648 		39.037 		2.5
v 14.485 		51.688 		0.998
v 14.657 		51.75 		0.998
v 14.82 		51.836 		0.998
v 14.971 		51.944 		0.998
v 26.516 		59.392 		0
v 15.108 		52.072 		0.998
v 15.228 		52.219 		0.998
v 15.329 		52.38 		0.998
v 15.409 		52.555 		0.998
v 15.468 		52.739 		0.998
v 15.503 		52.929 		0.998
v 15.515 		53.123 		0.998
v 27.952 		33.8335 		1.536
v 27.9523 		33.833 		1.5388
v 14.306 		54.597 		0.998
v 14.125 		54.61 		0.998
v 27.961 		33.833 		1.624
v 13.944 		54.597 		0.998
v 27.967 		33.833 		1.712
v 13.765 		54.559 		0.998
v 13.593 		54.497 		0.998
v 13.43 		54.411 		0.998
v 13.279 		54.303 		0.998
v 13.142 		54.174 		0.998
v 13.022 		54.028 		0.998
v 12.921 		53.867 		0.998
v 27.969 		33.833 		1.801
v 12.841 		53.692 		0.998
v 28 		33.833 		1.801
v 12.782 		53.508 		0.998
v 12.747 		53.317 		0.998
v 19.456 		78.2276 		0
v 15.503 		53.317 		0.998
v 15.468 		53.508 		0.998
v 15.409 		53.692 		0.998
v 15.329 		53.867 		0.998
v 23.915 		38.791 		0
v 24.105 		38.759 		0
v 23.732 		38.885 		0
v 15.228 		54.028 		0.998
v 15.108 		54.174 		0.998
v 24.479 		38.885 		0
v 24.296 		38.791 		0
v 14.971 		54.303 		0.998
v 14.82 		54.411 		0.998
v 14.657 		54.497 		0.998
v 14.485 		54.559 		0.998
v 23.563 		39.037 		0
v 23.415 		39.241 		0
v 23.294 		39.491 		0
v 23.203 		39.775 		0
v 25.007 		39.775 		0
v 24.917 		39.491 		0
v 24.796 		39.241 		0
v 24.648 		39.037 		0
v 23.148 		40.084 		0
v 23.129 		40.405 		0
v 23.148 		40.726 		0
v 25.063 		40.726 		0
v 25.081 		40.405 		0
v 25.063 		40.084 		0
v 23.203 		41.034 		0
v 23.294 		41.319 		0
v 23.415 		41.568 		0
v 23.563 		41.773 		0
v -42.296 		38.791 		2.5
v -42.105 		38.759 		2.5
v 23.732 		41.925 		0
v -42.479 		38.885 		2.5
v 23.915 		42.018 		0
v 24.105 		42.05 		0
v 24.296 		42.018 		0
v -41.732 		38.885 		2.5
v 24.479 		41.925 		0
v -41.915 		38.791 		2.5
v 24.648 		41.773 		0
v 24.796 		41.568 		0
v 24.917 		41.319 		0
v 25.007 		41.034 		0
v -42.648 		39.037 		2.5
v -42.796 		39.241 		2.5
v -42.917 		39.491 		2.5
v -32.28 		44.961 		0.998
v -41.294 		39.491 		2.5
v -32.112 		44.692 		0.998
v -41.415 		39.241 		2.5
v -41.563 		39.037 		2.5
v -31.912 		44.448 		0.998
v -31.684 		44.235 		0.998
v -31.433 		44.055 		0.998
v -31.161 		43.912 		0.998
v -30.874 		43.808 		0.998
v -30.577 		43.744 		0.998
v -30.275 		43.723 		0.998
v -29.973 		43.744 		0.998
v -29.676 		43.808 		0.998
v -29.389 		43.912 		0.998
v -29.118 		44.055 		0.998
v -28.866 		44.235 		0.998
v -28.638 		44.448 		0.998
v -28.438 		44.692 		0.998
v -28.27 		44.961 		0.998
v -32.57 		45.876 		0.998
v -32.59 		46.199 		0.998
v -32.511 		45.558 		0.998
v -32.414 		45.251 		0.998
v -30.874 		48.59 		0.998
v -31.161 		48.486 		0.998
v -31.433 		48.343 		0.998
v -31.684 		48.163 		0.998
v -31.912 		47.949 		0.998
v -32.112 		47.706 		0.998
v -32.28 		47.437 		0.998
v -32.414 		47.146 		0.998
v -32.511 		46.84 		0.998
v -32.57 		46.522 		0.998
v -28.866 		48.163 		0.998
v -29.118 		48.343 		0.998
v -29.389 		48.486 		0.998
v -29.676 		48.59 		0.998
v -29.973 		48.653 		0.998
v -30.275 		48.674 		0.998
v -30.577 		48.653 		0.998
v -45.0332 		35.269 		0.147
v -28.136 		45.251 		0.998
v -28.039 		45.558 		0.998
v -45.0059 		35.357 		0.133
v -27.98 		45.876 		0.998
v -27.96 		46.199 		0.998
v -45.004 		35.3658 		0.132
v -44.9834 		35.445 		0.123
v -27.98 		46.522 		0.998
v -44.9696 		35.534 		0.117
v -44.9651 		35.623 		0.115
v -32.59 		35.954 		0
v -42.296 		71.648 		0
v -42.105 		71.616 		0
v -41.915 		71.648 		0
v -28.039 		46.84 		0.998
v -28.136 		47.146 		0.998
v -42.479 		71.741 		0
v -45.244 		34.848 		0.277
v -28.27 		47.437 		0.998
v -42.648 		71.894 		0
v -42.796 		72.098 		0
v -42.917 		72.347 		0
v -28.438 		47.706 		0.998
v -43.007 		72.632 		0
v -28.638 		47.949 		0.998
v -41.203 		72.632 		0
v -41.294 		72.347 		0
v -41.415 		72.098 		0
v -41.563 		71.894 		0
v -41.732 		71.741 		0
v -43.063 		72.941 		0
v -43.081 		73.262 		0
v -43.063 		73.583 		0
v -41.148 		73.583 		0
v -41.129 		73.262 		0
v -41.148 		72.941 		0
v -43.007 		73.891 		0
v -42.917 		74.176 		0
v -42.796 		74.425 		0
v -42.648 		74.63 		0
v -42.479 		74.782 		0
v -42.296 		74.875 		0
v -42.105 		74.907 		0
v -41.915 		74.875 		0
v -41.732 		74.782 		0
v -41.563 		74.63 		0
v -41.415 		74.425 		0
v -41.294 		74.176 		0
v -41.203 		73.891 		0
v -45.21 		34.9076 		0.252
v -45.1963 		34.929 		0.243
v -45.1521 		35.012 		0.214
v -45.143 		35.0316 		0.208
v -45.1085 		35.097 		0.188
v -45.074 		35.1743 		0.168
v -45.0701 		35.182 		0.166
v -45.9523 		33.833 		1.5388
v -45.952 		33.8335 		1.536
v -45.961 		33.833 		1.624
v -45.967 		33.833 		1.712
v -42.296 		38.791 		0
v -45.969 		33.833 		1.801
v -42.105 		38.759 		0
v -42.479 		38.885 		0
v -46 		33.833 		1.801
v -41.732 		38.885 		0
v -41.915 		38.791 		0
v -42.648 		39.037 		0
v -42.796 		39.241 		0
v -42.917 		39.491 		0
v -43.007 		39.775 		0
v -41.203 		39.775 		0
v -41.294 		39.491 		0
v -41.415 		39.241 		0
v -41.563 		39.037 		0
v -43.063 		40.084 		0
v -43.081 		40.405 		0
v -43.063 		40.726 		0
v -36.29 		52.631 		2.5
v -36.29 		52.631 		1.998
v -24.26 		52.631 		1.998
v -24.26 		52.631 		2.5
v -41.148 		40.726 		0
v -41.129 		40.405 		0
v -41.148 		40.084 		0
v -43.007 		41.034 		0
v -42.917 		41.319 		0
v -42.796 		41.568 		0
v -42.648 		41.773 		0
v -42.479 		41.925 		0
v -42.296 		42.018 		0
v -42.105 		42.05 		0
v -41.915 		42.018 		0
v -41.732 		41.925 		0
v -41.563 		41.773 		0
v -41.415 		41.568 		0
v -41.294 		41.319 		0
v -41.203 		41.034 		0
v -44.516 		78.2276 		0
v -44.443 		55.296 		0
v -44.516 		33.833 		0
v 17.372 		52.929 		2.5
v 26.516 		33.833 		0
v 17.36 		53.123 		2.5
v 17.407 		52.739 		2.5
v 20.093 		52.739 		2.5
v 20.128 		52.929 		2.5
v -45.4876 		34.473 		0.498
v 20.14 		53.123 		2.5
v -45.456 		34.521 		0.463
v -45.4397 		34.543 		0.447
v -45.397 		34.6069 		0.405
v -45.3905 		34.616 		0.399
v 18.39 		54.559 		2.5
v -45.3425 		34.691 		0.355
v 18.218 		54.497 		2.5
v 18.055 		54.411 		2.5
v 17.904 		54.303 		2.5
v -45.337 		34.7004 		0.35
v -45.2925 		34.768 		0.314
v 17.767 		54.174 		2.5
v 17.647 		54.028 		2.5
v -45.274 		34.8004 		0.299
v 17.546 		53.867 		2.5
v 17.466 		53.692 		2.5
v 17.407 		53.508 		2.5
v 17.372 		53.317 		2.5
v 28 		33.833 		2.5
v 20.128 		53.317 		2.5
v 28 		79.833 		1.801
v 28 		79.833 		2.5
v 28 		71.616 		2.5
v 20.093 		53.508 		2.5
v 20.034 		53.692 		2.5
v 19.954 		53.867 		2.5
v -46 		33.833 		2.5
v 19.853 		54.028 		2.5
v 19.733 		54.174 		2.5
v -46 		79.833 		2.5
v -46 		79.833 		1.801
v 19.596 		54.303 		2.5
v 19.445 		54.411 		2.5
v 19.282 		54.497 		2.5
v 19.11 		54.559 		2.5
v 18.931 		54.597 		2.5
v 18.75 		54.61 		2.5
v 18.569 		54.597 		2.5
v 23.129 		33.833 		2.5
v -44.873 		35.623 		0.078
v 26.873 		35.623 		0.078
v -44.933 		35.623 		0.101
v 26.933 		35.623 		0.101
v 26.9651 		35.623 		0.115
v 23.915 		71.648 		2.5
v 24.105 		71.616 		2.5
v 24.296 		71.648 		2.5
v 23.732 		71.741 		2.5
v 23.563 		71.894 		2.5
v 23.415 		72.098 		2.5
v 23.294 		72.347 		2.5
v 23.203 		72.632 		2.5
v 25.007 		72.632 		2.5
v 24.917 		72.347 		2.5
v 24.796 		72.098 		2.5
v 24.648 		71.894 		2.5
v 24.479 		71.741 		2.5
v 17.466 		52.555 		2.5
v 23.148 		72.941 		2.5
v 17.546 		52.38 		2.5
v 17.647 		52.219 		2.5
v 23.129 		73.262 		2.5
v 17.767 		52.072 		2.5
v -44.873 		33.833 		0.078
v -44.86 		33.833 		0.073
v -44.786 		33.833 		0.049
v -44.711 		33.833 		0.03
v 23.148 		73.583 		2.5
v -44.636 		33.833 		0.015
v -44.56 		33.833 		0.004
v 17.904 		51.944 		2.5
v 18.055 		51.836 		2.5
v 18.218 		51.75 		2.5
v 26.636 		33.833 		0.015
v 26.711 		33.833 		0.03
v 26.786 		33.833 		0.049
v 26.86 		33.833 		0.073
v 25.063 		73.583 		2.5
v 18.39 		51.688 		2.5
v 25.081 		73.262 		2.5
v 25.063 		72.941 		2.5
v 18.569 		51.65 		2.5
v 18.75 		51.637 		2.5
v 18.931 		51.65 		2.5
v 19.11 		51.688 		2.5
v 23.203 		73.891 		2.5
v 19.282 		51.75 		2.5
v 19.445 		51.836 		2.5
v 23.294 		74.176 		2.5
v 23.415 		74.425 		2.5
v 19.596 		51.944 		2.5
v 19.733 		52.072 		2.5
v 23.563 		74.63 		2.5
v 19.853 		52.219 		2.5
v 23.732 		74.782 		2.5
v 19.954 		52.38 		2.5
v 20.034 		52.555 		2.5
v 23.915 		74.875 		2.5
v 24.105 		74.907 		2.5
v 24.296 		74.875 		2.5
v 24.479 		74.782 		2.5
v 23.129 		52.631 		2.5
v 24.648 		74.63 		2.5
v 23.203 		39.775 		2.5
v 24.796 		74.425 		2.5
v 25.007 		39.775 		2.5
v 24.917 		74.176 		2.5
v 25.007 		73.891 		2.5
v 23.148 		40.084 		2.5
v 23.129 		40.405 		2.5
v 23.148 		40.726 		2.5
v 26.873 		33.833 		0.078
v 26.56 		33.833 		0.004
v 27.9421 		33.845 		1.474
v 27.9278 		33.865 		1.393
v 27.938 		33.8514 		1.448
v 27.91 		33.888 		1.313
v 27.922 		33.8739 		1.362
v 27.889 		33.916 		1.234
v 27.901 		33.9011 		1.276
v 25.063 		40.726 		2.5
v 27.952 		79.784 		1.536
v 25.081 		40.405 		2.5
v 27.8655 		33.948 		1.157
v 27.877 		33.9335 		1.192
v 25.063 		40.084 		2.5
v 27.961 		79.794 		1.624
v 27.967 		79.8 		1.712
v 27.8389 		33.984 		1.081
v 27.85 		33.9703 		1.11
v 27.969 		79.802 		1.801
v 23.203 		41.034 		2.5
v 27.819 		34.0121 		1.029
v 23.294 		41.319 		2.5
v 23.415 		41.568 		2.5
v 23.563 		41.773 		2.5
v 23.732 		41.925 		2.5
v 23.915 		42.018 		2.5
v 24.105 		42.05 		2.5
v 24.296 		42.018 		2.5
v 24.479 		41.925 		2.5
v 24.648 		41.773 		2.5
v 24.796 		41.568 		2.5
v 24.917 		41.319 		2.5
v 25.007 		41.034 		2.5
v 27.8094 		34.024 		1.007
v 27.7771 		34.068 		0.935
v 27.784 		34.0594 		0.949
v -44.56 		78.275 		0.004
v 13.022 		52.219 		2.5
v 13.142 		52.072 		2.5
v 13.279 		51.944 		2.5
v 13.43 		51.836 		2.5
v 13.593 		51.75 		2.5
v 13.765 		51.688 		2.5
v 13.944 		51.65 		2.5
v 14.125 		51.637 		2.5
v 14.306 		51.65 		2.5
v 12.841 		52.555 		2.5
v 12.921 		52.38 		2.5
v 14.485 		51.688 		2.5
v 14.657 		51.75 		2.5
v 14.82 		51.836 		2.5
v 14.971 		51.944 		2.5
v 15.108 		52.072 		2.5
v 15.228 		52.219 		2.5
v 15.329 		52.38 		2.5
v 15.409 		52.555 		2.5
v -43.007 		39.775 		2.5
v -41.203 		39.775 		2.5
v -43.063 		40.084 		2.5
v -43.081 		40.405 		2.5
v -43.063 		40.726 		2.5
v -41.148 		40.726 		2.5
v -41.129 		40.405 		2.5
v -41.148 		40.084 		2.5
v -43.007 		41.034 		2.5
v -42.917 		41.319 		2.5
v -42.796 		41.568 		2.5
v -42.648 		41.773 		2.5
v -42.479 		41.925 		2.5
v -42.296 		42.018 		2.5
v -42.105 		42.05 		2.5
v -41.915 		42.018 		2.5
v -41.732 		41.925 		2.5
v -41.563 		41.773 		2.5
v -41.415 		41.568 		2.5
v -41.294 		41.319 		2.5
v -41.203 		41.034 		2.5
v -45.746 		34.1112 		0.872
v -45.7422 		34.116 		0.865
v -45.705 		34.167 		0.797
v -45.6653 		34.222 		0.732
v -45.661 		34.2284 		0.725
v -45.6234 		34.28 		0.669
v -45.614 		34.2942 		0.655
v -45.5797 		34.341 		0.609
v -45.564 		34.3649 		0.588
v -45.5342 		34.406 		0.552
v -45.511 		34.4407 		0.524
v -44.636 		78.357 		0.015
v -44.711 		78.439 		0.03
v -44.786 		78.52 		0.049
v -44.86 		78.6 		0.073
v -44.933 		78.679 		0.101
v -45.004 		78.757 		0.132
v 27.244 		34.848 		0.277
v 27.1963 		34.929 		0.243
v 27.21 		34.9076 		0.252
v 12.747 		52.929 		2.5
v -45.819 		79.64 		1.029
v 12.735 		53.123 		2.5
v 12.782 		52.739 		2.5
v 27.1521 		35.012 		0.214
v -45.85 		79.673 		1.11
v 27.1085 		35.097 		0.188
v 27.143 		35.0316 		0.208
v 15.468 		52.739 		2.5
v 27.0701 		35.182 		0.166
v 27.074 		35.1743 		0.168
v 15.503 		52.929 		2.5
v 27.0332 		35.269 		0.147
v 15.515 		53.123 		2.5
v 27.0059 		35.357 		0.133
v -45.877 		79.703 		1.192
v 14.306 		54.597 		2.5
v -45.901 		79.729 		1.276
v 26.9834 		35.445 		0.123
v 14.125 		54.61 		2.5
v 27.004 		35.3658 		0.132
v 13.944 		54.597 		2.5
v 13.765 		54.559 		2.5
v 26.9696 		35.534 		0.117
v 13.593 		54.497 		2.5
v 13.43 		54.411 		2.5
v 13.279 		54.303 		2.5
v 13.142 		54.174 		2.5
v 13.022 		54.028 		2.5
v 12.921 		53.867 		2.5
v -45.922 		79.752 		1.362
v 12.841 		53.692 		2.5
v -45.938 		79.77 		1.448
v 12.782 		53.508 		2.5
v 12.747 		53.317 		2.5
v 15.503 		53.317 		2.5
v 15.468 		53.508 		2.5
v 15.409 		53.692 		2.5
v 15.329 		53.867 		2.5
v 15.228 		54.028 		2.5
v -45.511 		79.306 		0.524
v 15.108 		54.174 		2.5
v 14.971 		54.303 		2.5
v -45.564 		79.364 		0.588
v 14.82 		54.411 		2.5
v -45.614 		79.418 		0.655
v 14.657 		54.497 		2.5
v -45.661 		79.469 		0.725
v 14.485 		54.559 		2.5
v -45.705 		79.517 		0.797
v -45.746 		79.561 		0.872
v -45.784 		79.602 		0.949
v -45.143 		78.907 		0.208
v -45.21 		78.979 		0.252
v -45.274 		79.05 		0.299
v -45.337 		79.118 		0.35
v -45.397 		79.183 		0.405
v -45.456 		79.246 		0.463
v -45.074 		78.833 		0.168
v 12.735 		79.833 		2.5
v -42.105 		71.616 		2.5
v -42.296 		71.648 		2.5
v -41.915 		71.648 		2.5
v 27.4876 		34.473 		0.498
v -42.479 		71.741 		2.5
v -42.648 		71.894 		2.5
v 27.4397 		34.543 		0.447
v 27.456 		34.521 		0.463
v -42.796 		72.098 		2.5
v 27.3905 		34.616 		0.399
v 27.397 		34.6069 		0.405
v -42.917 		72.347 		2.5
v 27.819 		79.64 		1.029
v -43.007 		72.632 		2.5
v 27.3425 		34.691 		0.355
v 27.85 		79.673 		1.11
v -41.203 		72.632 		2.5
v 27.2925 		34.768 		0.314
v 27.337 		34.7004 		0.35
v 27.877 		79.703 		1.192
v -41.294 		72.347 		2.5
v -41.415 		72.098 		2.5
v 27.901 		79.729 		1.276
v -41.563 		71.894 		2.5
v 27.274 		34.8004 		0.299
v -41.732 		71.741 		2.5
v 27.922 		79.752 		1.362
v 27.938 		79.77 		1.448
v -43.063 		72.941 		2.5
v -43.081 		73.262 		2.5
v -43.063 		73.583 		2.5
v -41.148 		73.583 		2.5
v -41.129 		73.262 		2.5
v -41.148 		72.941 		2.5
v -43.007 		73.891 		2.5
v -42.917 		74.176 		2.5
v -42.796 		74.425 		2.5
v -42.648 		74.63 		2.5
v -42.479 		74.782 		2.5
v -42.296 		74.875 		2.5
v -42.105 		74.907 		2.5
v -41.915 		74.875 		2.5
v 27.661 		79.469 		0.725
v -41.732 		74.782 		2.5
v -41.563 		74.63 		2.5
v 27.705 		79.517 		0.797
v -41.415 		74.425 		2.5
v 27.746 		79.561 		0.872
v -41.294 		74.176 		2.5
v -41.203 		73.891 		2.5
v 27.784 		79.602 		0.949
v 27.143 		78.907 		0.208
v 27.21 		78.979 		0.252
v 27.274 		79.05 		0.299
v 27.337 		79.118 		0.35
v 27.397 		79.183 		0.405
v 27.456 		79.246 		0.463
v 27.511 		79.306 		0.524
v 27.564 		79.364 		0.588
v 27.614 		79.418 		0.655
v 26.636 		78.357 		0.015
v 26.711 		78.439 		0.03
v 26.786 		78.52 		0.049
v 26.86 		78.6 		0.073
v 26.933 		78.679 		0.101
v 27.004 		78.757 		0.132
v 27.074 		78.833 		0.168
v -44.56 		70.656 		0.004
v -45.952 		79.784 		1.536
v -45.961 		79.794 		1.624
v -45.967 		79.8 		1.712
v -45.969 		79.802 		1.801
v 17.372 		52.929 		0.998
v 17.36 		53.123 		0.998
v 17.407 		52.739 		0.998
v 17.466 		52.555 		0.998
v 17.546 		52.38 		0.998
v 17.647 		52.219 		0.998
v 17.767 		52.072 		0.998
v 17.904 		51.944 		0.998
v 18.055 		51.836 		0.998
v 18.218 		51.75 		0.998
v 18.39 		51.688 		0.998
v 18.569 		51.65 		0.998
v 18.75 		51.637 		0.998
v 18.931 		51.65 		0.998
v 19.11 		51.688 		0.998
v 19.282 		51.75 		0.998
v 19.445 		51.836 		0.998
v 19.596 		51.944 		0.998
v 19.733 		52.072 		0.998
v 19.853 		52.219 		0.998
v 19.954 		52.38 		0.998
v 20.034 		52.555 		0.998
v 20.093 		52.739 		0.998
v 20.128 		52.929 		0.998
v 20.14 		53.123 		0.998
v -32.28 		44.961 		1.998
v -32.112 		44.692 		1.998
v -31.912 		44.448 		1.998
v 18.39 		54.559 		0.998
v -31.684 		44.235 		1.998
v 18.218 		54.497 		0.998
v -31.433 		44.055 		1.998
v 18.055 		54.411 		0.998
v -31.161 		43.912 		1.998
v -30.874 		43.808 		1.998
v 17.904 		54.303 		0.998
v -30.577 		43.744 		1.998
v 17.767 		54.174 		0.998
v -30.275 		43.723 		1.998
v 17.647 		54.028 		0.998
v -29.973 		43.744 		1.998
v 17.546 		53.867 		0.998
v -29.676 		43.808 		1.998
v -29.389 		43.912 		1.998
v 17.466 		53.692 		0.998
v -29.118 		44.055 		1.998
v 17.407 		53.508 		0.998
v -28.866 		44.235 		1.998
v 17.372 		53.317 		0.998
v -28.638 		44.448 		1.998
v 20.128 		53.317 		0.998
v -28.438 		44.692 		1.998
v -28.27 		44.961 		1.998
v 20.093 		53.508 		0.998
v 20.034 		53.692 		0.998
v 19.954 		53.867 		0.998
v -32.57 		45.876 		1.998
v -32.59 		46.199 		1.998
v 19.853 		54.028 		0.998
v -32.511 		45.558 		1.998
v 19.733 		54.174 		0.998
v -32.414 		45.251 		1.998
v 19.596 		54.303 		0.998
v 19.445 		54.411 		0.998
v -30.874 		48.59 		1.998
v 19.282 		54.497 		0.998
v -31.161 		48.486 		1.998
v 19.11 		54.559 		0.998
v -31.433 		48.343 		1.998
v 18.931 		54.597 		0.998
v -31.684 		48.163 		1.998
v 18.75 		54.61 		0.998
v -31.912 		47.949 		1.998
v -32.112 		47.706 		1.998
v 18.569 		54.597 		0.998
v -32.28 		47.437 		1.998
v -32.414 		47.146 		1.998
v -32.511 		46.84 		1.998
v -32.57 		46.522 		1.998
v -28.866 		48.163 		1.998
v -29.118 		48.343 		1.998
v -29.389 		48.486 		1.998
v -29.676 		48.59 		1.998
v -29.973 		48.653 		1.998
v -30.275 		48.674 		1.998
v -30.577 		48.653 		1.998
v -28.136 		45.251 		1.998
v -28.039 		45.558 		1.998
v -27.98 		45.876 		1.998
v -27.96 		46.199 		1.998
v -27.98 		46.522 		1.998
v -28.039 		46.84 		1.998
v -28.136 		47.146 		1.998
v -28.27 		47.437 		1.998
v -28.438 		47.706 		1.998
v -28.638 		47.949 		1.998
v -45.9421 		33.845 		1.474
v -45.938 		33.8514 		1.448
v -45.9278 		33.865 		1.393
v -45.922 		33.8739 		1.362
v -45.91 		33.888 		1.313
v -45.901 		33.9011 		1.276
v -45.889 		33.916 		1.234
v -45.877 		33.9335 		1.192
v -45.8655 		33.948 		1.157
v -45.85 		33.9703 		1.11
v -45.8389 		33.984 		1.081
v -45.819 		34.0121 		1.029
v -45.8094 		34.024 		1.007
v -45.784 		34.0594 		0.949
v -45.7771 		34.068 		0.935
v 26.56 		78.275 		0.004
v 27.7422 		34.116 		0.865
v 27.746 		34.1112 		0.872
v 27.705 		34.167 		0.797
v 27.6653 		34.222 		0.732
v 27.661 		34.2284 		0.725
v 27.5342 		34.406 		0.552
v 27.511 		34.4407 		0.524
# 760 vertices

g group_1_15277357

usemtl color_15277357
s 0

f 5097 	5297 	5096
f 5098 	5297 	5097
f 4823 	4833 	4888
f 4826 	4825 	5018
f 4825 	4824 	5018
f 4827 	4826 	5018
f 4829 	4868 	4830
f 4830 	4868 	4831
f 4832 	4831 	4888
f 4833 	4832 	4888
f 4839 	4868 	4829
f 4841 	4915 	4842
f 4843 	4842 	4915
f 4850 	4849 	4857
f 4851 	4850 	4857
f 4852 	4851 	4857
f 5147 	5457 	5072
f 4853 	4854 	4855
f 4853 	4855 	4856
f 4848 	4847 	4857
f 4849 	4848 	4857
f 4847 	4846 	4857
f 4845 	4915 	4846
f 4857 	4846 	4915
f 4937 	4882 	4880
f 4937 	4883 	4882
f 4888 	4831 	4868
f 4838 	4837 	4868
f 4838 	4868 	4839
f 4837 	4852 	4868
f 4857 	4868 	4852
f 4888 	5018 	4820
f 4896 	5238 	4897
f 5352 	5353 	4906
f 5357 	5359 	4911
f 4822 	4888 	4820
f 4824 	4820 	5018
f 4822 	4823 	4888
f 4845 	4844 	4915
f 4844 	4843 	4915
f 4841 	4840 	4915
f 4836 	4915 	4840
f 4835 	5018 	4836
f 4834 	5018 	4835
f 4827 	5018 	4828
f 4828 	5018 	4834
f 4920 	5110 	4922
f 4925 	4938 	5110
f 4926 	4925 	5110
f 4922 	5018 	4931
f 4932 	4931 	5018
f 5018 	4934 	4933
f 4933 	4932 	5018
f 4860 	4861 	4858
f 4859 	4858 	4861
f 4859 	4861 	4862
f 4859 	4862 	4863
f 4859 	4863 	4864
f 4859 	4864 	4865
f 4859 	4865 	4869
f 4859 	4869 	4871
f 4859 	4871 	4874
f 4859 	4874 	4876
f 4859 	4876 	4879
f 4884 	4885 	4859
f 4879 	4881 	4859
f 4944 	5110 	4935
f 4936 	4935 	5110
f 4937 	4936 	5110
f 4938 	4937 	5110
f 4939 	4934 	5018
f 4940 	5018 	4941
f 4886 	4887 	4859
f 4885 	4886 	4859
f 4887 	4889 	4859
f 4889 	4890 	4859
f 4890 	4891 	4859
f 4891 	4892 	4859
f 4893 	4894 	4859
f 4894 	4895 	4859
f 4914 	4859 	4895
f 4895 	4916 	4914
f 4913 	4914 	4916
f 4892 	4893 	4859
f 4899 	4911 	4898
f 4901 	4911 	4899
f 4903 	4911 	4901
f 4904 	4911 	4903
f 4905 	4911 	4904
f 4906 	4911 	4905
f 4907 	4911 	4906
f 4908 	4911 	4907
f 4909 	4911 	4908
f 4913 	4918 	4911
f 4881 	4884 	4859
f 5070 	4949 	4950
f 4918 	4913 	4917
f 4919 	4911 	4918
f 4923 	4911 	4919
f 4924 	4911 	4923
f 4927 	4911 	4924
f 4928 	4911 	4927
f 4929 	4911 	4928
f 4930 	4911 	4929
f 4898 	4911 	4930
f 4916 	4917 	4913
f 4951 	4888 	4953
f 4956 	5074 	4958
f 4959 	4957 	4888
f 4961 	4960 	4888
f 4959 	4888 	4960
f 4957 	4955 	4888
f 4888 	4955 	4954
f 4954 	4953 	4888
f 5018 	4888 	4948
f 5070 	4950 	5074
f 4958 	5074 	4950
f 5118 	5389 	5117
f 4964 	4963 	5075
f 4942 	4962 	4888
f 4944 	4943 	5110
f 4888 	5110 	4942
f 4943 	4942 	5110
f 4962 	4961 	4888
f 4921 	5110 	4920
f 5110 	4921 	4926
f 4947 	5018 	4948
f 4946 	5018 	4947
f 4941 	5018 	4945
f 4946 	4945 	5018
f 4940 	4939 	5018
f 4951 	4948 	4888
f 4915 	4836 	5018
f 5090 	5105 	5018
f 5519 	4989 	4988
f 4997 	5535 	4998
f 4998 	5535 	4999
f 5001 	5539 	5002
f 5002 	5539 	5003
f 4868 	4857 	5569
f 5014 	5013 	5017
f 5322 	5017 	5013
f 5063 	5384 	5007
f 5062 	5384 	5063
f 5403 	5404 	5127
f 5100 	5107 	5101
f 5552 	5030 	5026
f 5029 	5028 	5107
f 5028 	5027 	5107
f 5032 	5030 	5552
f 5033 	4915 	5034
f 5034 	4915 	5035
f 5035 	5018 	5036
f 5102 	5107 	5103
f 5031 	5107 	5038
f 4971 	4972 	4968
f 4972 	4973 	4968
f 4973 	4974 	4968
f 4974 	4975 	4968
f 4975 	4976 	4968
f 4976 	4977 	4968
f 4977 	4978 	4968
f 4983 	4984 	4968
f 4966 	4968 	4984
f 4996 	4997 	4984
f 4995 	4996 	4984
f 4994 	4995 	4984
f 4993 	4994 	4984
f 4981 	4982 	4968
f 4992 	4993 	4984
f 5042 	4915 	5043
f 5043 	4915 	5033
f 5045 	5044 	5106
f 4991 	4992 	4984
f 4997 	4998 	4984
f 4998 	4999 	4984
f 4999 	4987 	4984
f 4987 	4986 	4984
f 4986 	4988 	4984
f 4988 	4989 	4984
f 4989 	4966 	4984
f 4982 	4983 	4968
f 4980 	4981 	4968
f 4979 	4980 	4968
f 4978 	4979 	4968
f 5046 	5045 	5106
f 5106 	5047 	5046
f 4984 	5000 	5001
f 4984 	5001 	5002
f 4984 	5002 	5003
f 4984 	5003 	5004
f 5005 	5006 	4984
f 5006 	4990 	4984
f 4990 	4991 	4984
f 5004 	5005 	4984
f 5050 	5106 	5051
f 4985 	5008 	5009
f 5011 	4984 	5009
f 5012 	4984 	5011
f 5015 	4984 	5012
f 5022 	4984 	5015
f 5023 	4984 	5022
f 5026 	4984 	5023
f 5030 	4984 	5026
f 5032 	4984 	5030
f 5000 	4984 	5032
f 4985 	5009 	4984
f 5054 	5053 	4915
f 5053 	5052 	4915
f 5052 	5051 	4915
f 5106 	4915 	5051
f 5049 	5106 	5050
f 5041 	4915 	5042
f 5018 	5035 	4915
f 5056 	4915 	5041
f 5104 	5103 	5018
f 5056 	5055 	4915
f 5055 	5054 	4915
f 5068 	5108 	5071
f 5074 	5073 	5018
f 5018 	5108 	5074
f 5071 	5108 	5075
f 5076 	5075 	5108
f 5077 	5076 	5108
f 5308 	5375 	5309
f 5080 	5079 	5018
f 5081 	5080 	5018
f 5082 	5081 	5018
f 5082 	5018 	5073
f 5086 	5087 	5088
f 5086 	5088 	5089
f 5091 	5018 	5092
f 5079 	5092 	5018
f 5097 	5107 	5098
f 5019 	5020 	5107
f 5021 	5037 	5107
f 5036 	5018 	5037
f 5101 	5107 	5102
f 5107 	5037 	5018
f 5107 	5027 	5024
f 5099 	5107 	5100
f 5020 	5021 	5107
f 5024 	5019 	5107
f 5099 	5098 	5107
f 5105 	5104 	5018
f 5103 	5107 	5018
f 5018 	5091 	5090
f 5070 	5074 	5108
f 5068 	5070 	5108
f 5108 	5106 	5107
f 5502 	5133 	5504
f 5504 	5133 	5506
f 5106 	5265 	4915
f 5057 	5379 	5058
f 5317 	5446 	5569
f 5152 	5153 	5529
f 5529 	5153 	5154
f 5048 	5106 	5049
f 5047 	5106 	5048
f 5106 	5044 	5040
f 5039 	5106 	5040
f 5107 	5106 	5038
f 5031 	5029 	5107
f 5097 	5096 	5107
f 5096 	5095 	5107
f 5095 	5094 	5107
f 5094 	5093 	5107
f 5084 	5083 	5108
f 5085 	5084 	5108
f 5093 	5085 	5107
f 5108 	5107 	5085
f 5039 	5038 	5106
f 5112 	5460 	5109
f 5114 	5481 	5113
f 5481 	5114 	5116
f 5110 	5108 	5018
f 5121 	5123 	5488
f 5083 	5078 	5108
f 5078 	5077 	5108
f 5488 	5123 	5124
f 5018 	4922 	5110
f 5129 	5497 	5128
f 5497 	5129 	5131
f 5132 	5502 	5131
f 5502 	5132 	5133
f 5135 	4912 	5139
f 5134 	5506 	5133
f 5137 	5139 	4912
f 5137 	5138 	5139
f 5072 	5143 	5147
f 5144 	5516 	5142
f 5146 	5147 	5143
f 5516 	5144 	5145
f 4900 	4902 	5155
f 4910 	5155 	4902
f 5150 	5523 	5149
f 5523 	5150 	5151
f 5135 	5155 	4910
f 5119 	5382 	5120
f 5120 	5382 	5122
f 5155 	4897 	4900
f 5135 	4910 	4912
f 5569 	4915 	5265
f 5388 	5021 	5020
f 5181 	5156 	5320
f 5314 	5369 	5315
f 5388 	5411 	5021
f 5228 	5193 	5157
f 5156 	5160 	5158
f 5157 	5159 	5156
f 5027 	5391 	5024
f 5028 	5391 	5027
f 5035 	5407 	5034
f 5409 	5407 	5036
f 5035 	5036 	5407
f 5037 	5411 	5036
f 5118 	5383 	5119
f 5418 	5417 	5042
f 5423 	5422 	5047
f 5423 	5047 	5048
f 5156 	5159 	5160
f 5017 	5158 	5160
f 5054 	5432 	5053
f 5432 	5054 	5055
f 5069 	5067 	5155
f 5143 	5069 	5155
f 5010 	5384 	5013
f 5067 	5066 	5155
f 4897 	5155 	5064
f 5066 	5064 	5155
f 5320 	5319 	5181
f 5156 	5158 	5320
f 5072 	5069 	5143
f 5322 	5321 	5017
f 5016 	5014 	5017
f 5126 	5122 	5382
f 5181 	5182 	5228
f 5182 	5183 	5228
f 5183 	5185 	5228
f 5186 	5228 	5185
f 5108 	5228 	5186
f 5284 	5283 	5176
f 5278 	5277 	5248
f 5187 	5281 	5188
f 5279 	5278 	5248
f 5567 	5377 	5568
f 5060 	5378 	5061
f 5250 	5251 	5195
f 5126 	5381 	5127
f 5251 	5252 	5199
f 5199 	5198 	5251
f 5252 	5253 	5200
f 5200 	5199 	5252
f 5117 	5383 	5118
f 4846 	4847 	5215
f 4949 	5070 	5068
f 5312 	5371 	5313
f 5071 	4952 	5068
f 4949 	5068 	4952
f 4970 	5073 	4956
f 4956 	5073 	5074
f 5192 	5193 	5191
f 5193 	5228 	5191
f 5190 	5191 	5228
f 5075 	4952 	5071
f 5229 	5190 	5228
f 5110 	5229 	5228
f 5180 	5181 	5228
f 5110 	5228 	5108
f 4965 	4964 	5077
f 5007 	5384 	5010
f 5058 	5379 	5059
f 4969 	4967 	5081
f 5082 	4970 	5081
f 5239 	5135 	5237
f 5085 	5289 	5084
f 5210 	5208 	5254
f 5208 	5207 	5254
f 5254 	5218 	5212
f 5213 	5212 	5218
f 5254 	5255 	5218
f 5075 	4963 	4952
f 5255 	5256 	5218
f 5212 	5210 	5254
f 4964 	5075 	5076
f 5076 	5077 	4964
f 5080 	5081 	4967
f 4969 	5081 	4970
f 5139 	5218 	5259
f 5082 	5073 	4970
f 5261 	5237 	5139
f 5259 	5260 	5139
f 5256 	5257 	5218
f 5257 	5258 	5218
f 5258 	5259 	5218
f 5113 	5213 	5218
f 5135 	5139 	5237
f 5260 	5261 	5139
f 5242 	5135 	5239
f 5316 	5389 	5315
f 5302 	5301 	5102
f 5304 	5103 	5104
f 5105 	5305 	5104
f 5304 	5104 	5305
f 5305 	5105 	5090
f 5314 	5575 	5313
f 5262 	5566 	5264
f 5253 	5254 	5203
f 5204 	5203 	5254
f 5207 	5204 	5254
f 5203 	5201 	5253
f 5201 	5200 	5253
f 5198 	5195 	5251
f 5195 	5189 	5250
f 5248 	5250 	5189
f 5188 	5281 	5248
f 5281 	5280 	5248
f 5280 	5279 	5248
f 5189 	5188 	5248
f 5311 	5312 	4819
f 5267 	4853 	5268
f 5269 	4853 	5270
f 5155 	4878 	5271
f 5220 	5225 	5271
f 4853 	5267 	5266
f 5266 	5276 	4853
f 5276 	5275 	4853
f 5274 	5273 	5248
f 5277 	5274 	5248
f 5177 	5176 	5283
f 5179 	5281 	5187
f 5283 	5282 	5177
f 5176 	5174 	5284
f 5282 	5281 	5177
f 5179 	5177 	5281
f 5227 	5248 	5273
f 5273 	5272 	5227
f 5226 	5227 	5272
f 5272 	5271 	5226
f 4878 	5220 	5271
f 5271 	5270 	5155
f 5268 	4853 	5269
f 5155 	5270 	4853
f 5450 	5159 	5449
f 5288 	5143 	5287
f 5311 	4821 	5310
f 5159 	5450 	5160
f 5344 	5160 	5346
f 5575 	4817 	5313
f 5291 	4856 	5290
f 5335 	5338 	5452
f 5294 	5146 	5293
f 5330 	5438 	5324
f 5295 	5397 	5294
f 5289 	5293 	5146
f 5299 	5086 	5298
f 5301 	5086 	5300
f 5303 	5086 	5302
f 5305 	4856 	5304
f 5290 	4856 	5305
f 4856 	5086 	5304
f 5299 	5300 	5086
f 5302 	5086 	5301
f 5086 	5387 	5298
f 5303 	5304 	5086
f 4856 	5291 	5292
f 4856 	5292 	5286
f 5146 	5143 	5289
f 5297 	5298 	5390
f 5296 	5394 	5295
f 5288 	5289 	5143
f 5155 	5135 	4873
f 4872 	4873 	5135
f 4867 	5155 	4873
f 4877 	5155 	4875
f 4878 	5155 	4877
f 4870 	4875 	5155
f 5225 	5226 	5271
f 4883 	4872 	5135
f 4883 	5135 	4882
f 4880 	5135 	5222
f 5242 	5222 	5135
f 4880 	4882 	5135
f 4866 	5155 	4867
f 4866 	4870 	5155
f 4963 	5143 	4952
f 4950 	4949 	5143
f 4958 	4950 	5143
f 4965 	5143 	4964
f 4963 	4964 	5143
f 5137 	4912 	5247
f 5285 	5143 	4965
f 4970 	4956 	4856
f 4958 	5143 	4956
f 4969 	4970 	4856
f 5313 	4819 	5312
f 4967 	4969 	4856
f 4856 	4956 	5143
f 5286 	4967 	4856
f 5155 	4853 	5143
f 4853 	4856 	5143
f 4949 	4952 	5143
f 5285 	5287 	5143
f 5570 	5571 	5307
f 5112 	5284 	5174
f 4858 	4859 	5326
f 5328 	5326 	4859
f 5114 	5113 	5218
f 5329 	4860 	5326
f 4858 	5326 	4860
f 4914 	5360 	4859
f 5124 	5123 	5385
f 5128 	5125 	5385
f 5385 	5368 	5128
f 5128 	5367 	5129
f 4894 	5337 	4895
f 5131 	5129 	5364
f 5365 	5364 	5129
f 5315 	5575 	5314
f 5133 	5132 	5362
f 5339 	5361 	4895
f 5231 	5556 	5234
f 4930 	5342 	4898
f 4898 	5342 	4899
f 4901 	5348 	4903
f 5145 	5162 	5148
f 5144 	5162 	5145
f 5148 	5162 	5149
f 5350 	4904 	5348
f 4903 	5348 	4904
f 5149 	5162 	5150
f 5150 	5161 	5151
f 5151 	5161 	5152
f 4904 	5350 	4905
f 5352 	4906 	4905
f 5154 	5165 	5121
f 4907 	4906 	5353
f 5125 	5124 	5385
f 5121 	5165 	5123
f 5153 	5164 	5154
f 5152 	5164 	5153
f 5354 	4908 	5353
f 4907 	5353 	4908
f 4908 	5354 	4909
f 5228 	5156 	5180
f 5165 	5154 	5164
f 5357 	4911 	4909
f 5162 	5218 	5163
f 4913 	4911 	5359
f 5157 	5156 	5228
f 4914 	4913 	5360
f 5359 	5360 	4913
f 5166 	5123 	5165
f 5167 	5123 	5166
f 5328 	4859 	5360
f 5123 	5167 	5385
f 5362 	4917 	4916
f 5156 	5181 	5180
f 5171 	5139 	5170
f 5362 	5363 	4917
f 4918 	4917 	5363
f 4918 	5363 	4919
f 5364 	4919 	5363
f 4919 	5364 	4923
f 5169 	5170 	5139
f 5218 	5139 	5173
f 5367 	4924 	4923
f 4927 	4924 	5368
f 5367 	5368 	4924
f 5178 	5385 	5175
f 5370 	4928 	5368
f 4927 	5368 	4928
f 4928 	5370 	4929
f 5196 	5139 	5194
f 4929 	5372 	4930
f 5197 	5169 	5139
f 5374 	5342 	4930
f 5209 	5211 	5385
f 5205 	5385 	5202
f 5211 	5214 	5385
f 5215 	5138 	5214
f 5334 	5337 	4893
f 4894 	4893 	5337
f 5339 	4895 	5337
f 5219 	5138 	5217
f 5217 	5138 	5216
f 5342 	5345 	4899
f 5221 	5138 	5219
f 5345 	5347 	4899
f 4901 	4899 	5347
f 5224 	5138 	5223
f 4901 	5347 	5348
f 5194 	5139 	5224
f 5351 	4905 	5350
f 5216 	5138 	5215
f 5223 	5138 	5221
f 5352 	4905 	5351
f 5385 	5214 	5138
f 5197 	5139 	5196
f 5172 	5173 	5139
f 5138 	5224 	5139
f 5163 	5218 	5173
f 5161 	5150 	5162
f 5164 	5152 	5161
f 5171 	5172 	5139
f 5355 	4909 	5354
f 5357 	4909 	5355
f 5175 	5385 	5168
f 5168 	5385 	5167
f 5184 	5385 	5178
f 5184 	5202 	5385
f 5205 	5206 	5385
f 5206 	5209 	5385
f 5218 	5162 	5142
f 5141 	5218 	5142
f 5144 	5142 	5162
f 5141 	5140 	5218
f 5218 	5140 	5136
f 5218 	5136 	5116
f 5116 	5114 	5218
f 4916 	4895 	5361
f 5362 	4916 	5361
f 5233 	5558 	5236
f 5365 	4923 	5364
f 5367 	4923 	5365
f 5372 	4929 	5370
f 5374 	4930 	5372
f 5572 	5573 	5431
f 5349 	5160 	5344
f 5451 	5346 	5160
f 5340 	5346 	5452
f 5338 	5340 	5452
f 5451 	5452 	5346
f 5328 	5089 	5326
f 5089 	4853 	5326
f 5329 	5326 	4853
f 5275 	5329 	4853
f 5337 	5334 	5112
f 5284 	5112 	5334
f 5350 	5348 	5385
f 5019 	5387 	5020
f 5352 	5385 	5353
f 5354 	5353 	5089
f 5355 	5354 	5089
f 5357 	5355 	5089
f 5359 	5357 	5089
f 5020 	5386 	5388
f 5401 	5405 	5246
f 5233 	5234 	5556
f 5028 	5394 	5391
f 5029 	5394 	5028
f 5399 	5397 	5031
f 5038 	5414 	5031
f 5363 	5132 	5364
f 5132 	5131 	5364
f 5365 	5129 	5367
f 5367 	5128 	5368
f 5370 	5368 	5385
f 5374 	5385 	5342
f 5370 	5385 	5372
f 5372 	5385 	5374
f 5409 	5036 	5411
f 5385 	5089 	5353
f 5351 	5350 	5385
f 5347 	5345 	5385
f 5348 	5347 	5385
f 5342 	5385 	5345
f 5352 	5351 	5385
f 5134 	5133 	5362
f 5362 	5361 	5134
f 5361 	5339 	5134
f 5111 	5134 	5339
f 5362 	5132 	5363
f 5109 	5111 	5339
f 5339 	5337 	5109
f 5112 	5109 	5337
f 5391 	5296 	5390
f 5296 	5297 	5390
f 5415 	5414 	5039
f 5415 	5039 	5416
f 5040 	5416 	5039
f 5386 	5086 	5388
f 5394 	5296 	5391
f 5041 	5042 	5417
f 5397 	5295 	5394
f 5042 	5043 	5418
f 5399 	5294 	5397
f 5409 	5411 	5089
f 5086 	5089 	5411
f 5407 	5089 	5406
f 5388 	5086 	5411
f 5046 	5422 	5045
f 5414 	5146 	5399
f 5415 	5146 	5414
f 5046 	5047 	5422
f 5048 	5424 	5423
f 5049 	5424 	5048
f 5426 	5425 	5050
f 5406 	5385 	5402
f 5419 	5402 	5385
f 5426 	5050 	5427
f 5051 	5427 	5050
f 5427 	5051 	5052
f 5422 	5146 	5421
f 5423 	5146 	5422
f 5430 	5052 	5053
f 5424 	5146 	5423
f 5420 	5421 	5146
f 5426 	5146 	5425
f 5435 	5434 	5056
f 5432 	5385 	5430
f 5041 	5417 	5056
f 5386 	5020 	5387
f 5417 	5385 	5435
f 5387 	5019 	5390
f 5024 	5390 	5019
f 5427 	5146 	5426
f 5429 	5385 	5427
f 5430 	5385 	5429
f 5434 	5385 	5432
f 5424 	5425 	5146
f 5435 	5385 	5434
f 5418 	5385 	5417
f 5418 	5419 	5385
f 5146 	5427 	5385
f 5391 	5390 	5024
f 5328 	5360 	5089
f 5360 	5359 	5089
f 5407 	5409 	5089
f 5387 	5086 	5386
f 5390 	5298 	5387
f 5385 	5406 	5089
f 5029 	5397 	5394
f 5029 	5031 	5397
f 5294 	5399 	5146
f 5416 	5146 	5415
f 5416 	5420 	5146
f 5399 	5031 	5414
f 5138 	5137 	5385
f 5402 	5419 	5033
f 5034 	5406 	5033
f 5402 	5033 	5406
f 5406 	5034 	5407
f 5147 	5385 	5137
f 5385 	5147 	5146
f 5037 	5021 	5411
f 5089 	5088 	4854
f 5089 	4854 	4853
f 5038 	5039 	5414
f 5460 	5112 	5461
f 5461 	5174 	5176
f 5040 	5044 	5416
f 5043 	5419 	5418
f 5043 	5033 	5419
f 5420 	5416 	5044
f 5420 	5044 	5421
f 5045 	5421 	5044
f 5422 	5421 	5045
f 5049 	5425 	5424
f 5049 	5050 	5425
f 5052 	5429 	5427
f 5429 	5052 	5430
f 5053 	5432 	5430
f 5432 	5055 	5434
f 5055 	5056 	5434
f 5336 	5452 	5437
f 5056 	5417 	5435
f 5375 	5431 	5373
f 5245 	5566 	5249
f 5113 	5480 	5479
f 5174 	5461 	5112
f 5177 	5463 	5176
f 5463 	5177 	5179
f 4888 	4868 	5569
f 5189 	5467 	5188
f 5467 	5189 	5195
f 5574 	4821 	5428
f 5454 	5455 	5238
f 5199 	5470 	5198
f 5199 	5200 	5470
f 5471 	5470 	5200
f 5471 	5200 	5201
f 5204 	5474 	5203
f 5474 	5204 	5475
f 5207 	5475 	5204
f 5208 	5475 	5207
f 5210 	5477 	5208
f 5212 	5478 	5477
f 5212 	5477 	5210
f 5213 	5479 	5212
f 5113 	5479 	5213
f 5428 	5431 	5574
f 5564 	5565 	5245
f 5244 	5456 	5247
f 5265 	5453 	5317
f 5106 	5186 	5453
f 5453 	5265 	5106
f 5186 	5317 	5453
f 5065 	5554 	4897
f 5235 	5562 	5241
f 4935 	5222 	5242
f 5243 	5238 	5455
f 5222 	4935 	4880
f 5225 	4940 	5226
f 5227 	5226 	4940
f 5240 	5564 	5246
f 5243 	5455 	5244
f 5250 	4946 	5251
f 5252 	5251 	4947
f 4955 	5256 	5255
f 4955 	4957 	5256
f 4960 	5259 	5258
f 5259 	4960 	5260
f 5396 	5395 	5441
f 5569 	5229 	4888
f 5569 	5190 	5229
f 5137 	5247 	5147
f 5392 	5120 	5396
f 5404 	5441 	5400
f 5066 	5067 	5455
f 5284 	5334 	4892
f 5276 	5266 	4863
f 4863 	5266 	5267
f 4863 	5267 	4864
f 4864 	5267 	5268
f 5444 	5445 	4817
f 5275 	4861 	5329
f 4861 	5275 	5276
f 5278 	4884 	5277
f 4886 	5278 	5279
f 4886 	5279 	4887
f 5280 	4887 	5279
f 4887 	5280 	5281
f 5282 	4890 	5281
f 4890 	5282 	4891
f 5283 	4891 	5282
f 4891 	5283 	4892
f 5284 	4892 	5283
f 5066 	5455 	5454
f 5334 	4893 	4892
f 5456 	5455 	5067
f 4856 	4855 	5087
f 4856 	5087 	5086
f 4965 	5077 	5078
f 5340 	5014 	5346
f 5231 	5232 	5556
f 5457 	5456 	5069
f 5106 	5108 	5186
f 5067 	5069 	5456
f 4866 	4867 	4920
f 4921 	4920 	4867
f 4922 	4870 	4920
f 4866 	4920 	4870
f 5555 	5554 	5454
f 5065 	5064 	5454
f 5066 	5454 	5064
f 5095 	5096 	5295
f 5332 	5061 	5336
f 4870 	4922 	4931
f 4872 	4883 	4925
f 4926 	4873 	4925
f 4872 	4925 	4873
f 5299 	5298 	5099
f 4921 	4867 	4926
f 4873 	4926 	4867
f 5099 	5100 	5299
f 5300 	5299 	5100
f 5244 	5455 	5456
f 5457 	5247 	5456
f 5300 	5100 	5301
f 5101 	5301 	5100
f 5245 	5246 	5564
f 5101 	5102 	5301
f 5069 	5072 	5457
f 5302 	5102 	5103
f 5566 	5263 	5264
f 5247 	5457 	5147
f 5459 	5111 	5458
f 5109 	5458 	5111
f 5090 	5290 	5305
f 5460 	5458 	5109
f 5078 	5285 	4965
f 5092 	5286 	5292
f 5092 	5292 	5291
f 4875 	4870 	4931
f 4931 	4932 	4875
f 4877 	4875 	4932
f 4933 	4878 	4877
f 4933 	4877 	4932
f 5094 	5294 	5293
f 5295 	5294 	5094
f 5096 	5296 	5295
f 5297 	5296 	5096
f 5098 	5298 	5297
f 4880 	4935 	4936
f 5308 	5376 	5375
f 5098 	5099 	5298
f 4880 	4936 	4937
f 4938 	4883 	4937
f 4938 	4925 	4883
f 5302 	5103 	5303
f 5303 	5103 	5304
f 5558 	5559 	5235
f 5227 	4940 	4941
f 5560 	5561 	5235
f 5113 	5481 	5480
f 5116 	5482 	5481
f 5265 	5317 	5569
f 5136 	5482 	5116
f 5121 	5486 	5154
f 5485 	5484 	4855
f 5484 	5483 	4855
f 5486 	5121 	5488
f 5124 	5490 	5488
f 5487 	5485 	4855
f 5490 	5124 	5125
f 5490 	5125 	5493
f 5489 	4855 	5491
f 5128 	5495 	5125
f 5493 	5125 	5495
f 5235 	5236 	5558
f 5492 	4855 	5494
f 5495 	5128 	5497
f 5131 	5499 	5497
f 5499 	5131 	5502
f 5503 	4854 	5505
f 5134 	5111 	5506
f 5111 	5459 	5506
f 5508 	5482 	5136
f 5509 	5507 	4854
f 5508 	5136 	5511
f 5140 	5511 	5136
f 5141 	5512 	5511
f 5141 	5511 	5140
f 5510 	5509 	4854
f 5512 	5141 	5513
f 5142 	5513 	5141
f 5556 	5557 	5233
f 5516 	5513 	5142
f 5145 	5518 	5516
f 5518 	5145 	5148
f 5518 	5148 	5520
f 5149 	5521 	5148
f 5520 	5148 	5521
f 4855 	5483 	5519
f 5262 	5249 	5566
f 5521 	5149 	5523
f 5151 	5525 	5523
f 5525 	5151 	5152
f 5525 	5152 	5527
f 5307 	5571 	5263
f 5522 	5087 	5524
f 5526 	5524 	5087
f 5527 	5152 	5529
f 5529 	5154 	5532
f 5526 	5087 	5528
f 5556 	5232 	5230
f 5532 	5154 	5486
f 5530 	5087 	5531
f 5161 	5162 	4822
f 5533 	5087 	5534
f 5535 	5534 	5087
f 5535 	5087 	5536
f 5163 	4833 	4823
f 5537 	5088 	5538
f 4822 	5162 	4823
f 5163 	4823 	5162
f 5539 	5538 	5088
f 5541 	5540 	5088
f 5164 	4824 	4825
f 5260 	4960 	4961
f 5088 	5087 	5542
f 4962 	5261 	4961
f 5510 	4854 	5544
f 4942 	5237 	4962
f 5545 	5544 	4854
f 5546 	5545 	4854
f 5552 	5551 	5088
f 5549 	5088 	5550
f 5540 	5539 	5088
f 5553 	5088 	5537
f 5552 	5088 	5553
f 5568 	5306 	5263
f 5533 	5531 	5087
f 5530 	5528 	5087
f 5522 	5543 	5087
f 5543 	5542 	5087
f 5542 	5541 	5088
f 5554 	5555 	5230
f 5551 	5550 	5088
f 5088 	5549 	5548
f 5088 	5548 	5547
f 5547 	5546 	4854
f 5088 	5547 	4854
f 5194 	5224 	4837
f 4896 	4897 	5554
f 5507 	5505 	4854
f 5503 	5501 	4854
f 5500 	4854 	5501
f 4854 	5500 	5498
f 4854 	5498 	5496
f 5494 	4855 	5496
f 4854 	5496 	4855
f 5164 	4825 	5165
f 5165 	4825 	5166
f 4826 	5166 	4825
f 5492 	5491 	4855
f 5489 	5487 	4855
f 4855 	5519 	5517
f 4855 	5517 	5514
f 4855 	5514 	5515
f 5536 	5087 	5515
f 4855 	5515 	5087
f 5166 	4826 	5167
f 4827 	5167 	4826
f 4827 	4828 	5167
f 5168 	5167 	4828
f 5176 	5462 	5461
f 5463 	5462 	5176
f 5175 	5168 	4834
f 5179 	5464 	5463
f 5566 	5567 	5263
f 5197 	4839 	5169
f 5187 	5465 	5464
f 5187 	5464 	5179
f 4830 	5170 	4829
f 5169 	4829 	5170
f 5187 	5188 	5465
f 5466 	5465 	5188
f 5230 	4896 	5554
f 5467 	5466 	5188
f 5171 	5170 	4831
f 4830 	4831 	5170
f 5195 	5468 	5467
f 5172 	5171 	4832
f 4831 	4832 	5171
f 5198 	5469 	5195
f 4833 	5173 	4832
f 5172 	4832 	5173
f 5014 	5349 	5344
f 5173 	4833 	5163
f 5468 	5195 	5469
f 4834 	5168 	4828
f 5469 	5198 	5470
f 4834 	5178 	5175
f 4836 	5184 	5178
f 5201 	5472 	5471
f 5202 	5184 	4840
f 4840 	5184 	4836
f 5203 	5473 	5472
f 5203 	5472 	5201
f 5568 	5263 	5567
f 5473 	5203 	5474
f 5194 	4837 	4838
f 5194 	4838 	5196
f 5208 	5476 	5475
f 5197 	5196 	4839
f 4838 	4839 	5196
f 5477 	5476 	5208
f 4829 	5169 	4839
f 5212 	5479 	5478
f 4840 	4841 	5202
f 5205 	5202 	4841
f 5205 	4841 	5206
f 4842 	5206 	4841
f 4842 	4843 	5206
f 5209 	5206 	4843
f 4900 	5243 	4902
f 5209 	4843 	5211
f 4844 	5211 	4843
f 4844 	5214 	5211
f 4846 	5215 	5214
f 4878 	4933 	4934
f 5220 	4878 	4934
f 5216 	5215 	4847
f 5220 	4934 	5225
f 5216 	4847 	5217
f 5217 	4848 	5219
f 4849 	4850 	5219
f 5221 	5219 	4850
f 5221 	4850 	5223
f 4851 	5223 	4850
f 5224 	5223 	4851
f 5403 	5127 	5410
f 4944 	4935 	5242
f 5225 	4934 	4939
f 5225 	4939 	4940
f 5398 	5401 	5249
f 4817 	5445 	4819
f 4818 	5428 	4821
f 5249 	5262 	5398
f 5261 	4962 	5237
f 5237 	4942 	5239
f 4943 	5239 	4942
f 4944 	5242 	4943
f 5239 	4943 	5242
f 5227 	4941 	5248
f 4945 	5248 	4941
f 4946 	5250 	5248
f 4946 	5248 	4945
f 4947 	5251 	4946
f 4948 	5252 	4947
f 4948 	4951 	5252
f 5253 	5252 	4951
f 5253 	4951 	5254
f 4953 	5254 	4951
f 5255 	5254 	4954
f 4953 	4954 	5254
f 5234 	5233 	5412
f 5562 	5563 	5240
f 4955 	5255 	4954
f 5257 	5256 	4957
f 5257 	4957 	5258
f 4959 	5258 	4957
f 5258 	4959 	4960
f 5064 	5065 	4897
f 5260 	4961 	5261
f 5246 	5245 	5401
f 5240 	5241 	5562
f 5118 	5119 	5392
f 5575 	5315 	5576
f 5244 	4902 	5243
f 5333 	5332 	5437
f 5243 	4900 	5238
f 4900 	4897 	5238
f 5247 	4910 	5244
f 5061 	5062 	5335
f 5232 	5231 	5413
f 5555 	5454 	5358
f 5238 	5232 	5413
f 4902 	5244 	4910
f 5373 	5310 	5375
f 4910 	5247 	4912
f 5329 	4861 	4860
f 5276 	4862 	4861
f 4863 	4862 	5276
f 5268 	4865 	4864
f 4865 	5268 	4869
f 5269 	4869 	5268
f 5270 	4871 	4869
f 5270 	4869 	5269
f 5270 	5271 	4871
f 4874 	4871 	5271
f 5412 	5413 	5234
f 4896 	5230 	5238
f 4874 	5271 	4876
f 5272 	4876 	5271
f 4879 	4876 	5273
f 5272 	5273 	4876
f 5273 	5274 	4879
f 4881 	4879 	5274
f 5562 	5235 	5561
f 5277 	4881 	5274
f 4881 	5277 	4884
f 5278 	4885 	4884
f 4885 	5278 	4886
f 5281 	4889 	4887
f 4890 	4889 	5281
f 5330 	5324 	5059
f 4966 	4989 	5519
f 4966 	5483 	5484
f 4966 	5484 	4968
f 5485 	4971 	5484
f 4968 	5484 	4971
f 5487 	4972 	4971
f 5487 	4971 	5485
f 4972 	5487 	4973
f 5489 	4973 	5487
f 5491 	4974 	4973
f 5491 	4973 	5489
f 4974 	5491 	4975
f 5492 	4975 	5491
f 5120 	5400 	5395
f 5494 	4976 	4975
f 5494 	4975 	5492
f 5496 	4977 	5494
f 4976 	5494 	4977
f 4977 	5496 	4978
f 5498 	4978 	5496
f 5560 	5235 	5559
f 5500 	4979 	4978
f 5500 	4978 	5498
f 4979 	5500 	4980
f 5501 	4980 	5500
f 5503 	4981 	4980
f 5503 	4980 	5501
f 4981 	5503 	4982
f 5505 	4982 	5503
f 5507 	4982 	5505
f 4982 	5507 	4983
f 5509 	4984 	4983
f 5509 	4983 	5507
f 4984 	5509 	4985
f 5510 	4985 	5509
f 5241 	5240 	5405
f 5330 	5061 	5333
f 5236 	5235 	5408
f 5233 	5236 	5412
f 5395 	5396 	5120
f 5460 	5461 	5458
f 5459 	5458 	5461
f 5459 	5461 	5462
f 5459 	5462 	5463
f 5459 	5463 	5464
f 5459 	5464 	5465
f 5468 	5474 	5467
f 5467 	5474 	5466
f 5544 	5008 	5510
f 5249 	5401 	5245
f 5514 	4986 	4987
f 5514 	4987 	5515
f 5240 	5246 	5405
f 5566 	5245 	5565
f 4986 	5514 	4988
f 5517 	4988 	5514
f 5470 	5471 	5469
f 5468 	5469 	5471
f 5468 	5471 	5472
f 5468 	5472 	5473
f 5468 	5473 	5474
f 5475 	5466 	5474
f 5476 	5465 	5475
f 5477 	5465 	5476
f 5478 	5465 	5477
f 5479 	5465 	5478
f 5480 	5465 	5479
f 5481 	5465 	5480
f 5482 	5465 	5481
f 5466 	5475 	5465
f 5519 	4988 	5517
f 5483 	4966 	5519
f 5465 	5486 	5488
f 5465 	5488 	5490
f 5465 	5490 	5493
f 5465 	5493 	5495
f 5465 	5495 	5497
f 5465 	5497 	5499
f 5465 	5499 	5502
f 5465 	5502 	5504
f 5465 	5504 	5506
f 5465 	5506 	5459
f 5006 	5522 	4990
f 4990 	5522 	5524
f 4990 	5524 	4991
f 5526 	4992 	5524
f 4991 	5524 	4992
f 5512 	5465 	5511
f 5508 	5511 	5465
f 5513 	5465 	5512
f 5516 	5465 	5513
f 5518 	5465 	5516
f 5520 	5465 	5518
f 5521 	5465 	5520
f 5523 	5465 	5521
f 5525 	5465 	5523
f 5527 	5465 	5525
f 5529 	5465 	5527
f 5532 	5465 	5529
f 5486 	5465 	5532
f 5482 	5508 	5465
f 4822 	4820 	5161
f 4992 	5526 	5528
f 4992 	5528 	4993
f 4824 	5164 	4820
f 5530 	4994 	5528
f 4993 	5528 	4994
f 4994 	5530 	5531
f 4994 	5531 	4995
f 5533 	4996 	5531
f 4995 	5531 	4996
f 5161 	4820 	5164
f 4996 	5533 	5534
f 4996 	5534 	4997
f 5379 	5057 	5380
f 4997 	5534 	5535
f 5535 	5536 	4999
f 5515 	4987 	5536
f 4999 	5536 	4987
f 5032 	5553 	5000
f 5000 	5537 	5538
f 5000 	5538 	5001
f 5001 	5538 	5539
f 5539 	5540 	5003
f 5541 	5004 	5540
f 5003 	5540 	5004
f 5004 	5541 	5542
f 5004 	5542 	5005
f 5543 	5006 	5542
f 5005 	5542 	5006
f 5006 	5543 	5522
f 4835 	5178 	4834
f 4985 	5510 	5008
f 4836 	5178 	4835
f 5545 	5009 	5008
f 5545 	5008 	5544
f 5437 	5438 	5333
f 5009 	5545 	5011
f 5546 	5011 	5545
f 5011 	5546 	5547
f 5011 	5547 	5012
f 5323 	5058 	5325
f 5012 	5547 	5015
f 5548 	5015 	5547
f 5564 	5240 	5563
f 5549 	5022 	5015
f 5549 	5015 	5548
f 5381 	5440 	5380
f 5022 	5549 	5023
f 5550 	5023 	5549
f 5551 	5026 	5023
f 5551 	5023 	5550
f 5026 	5551 	5552
f 5307 	5263 	5306
f 5553 	5032 	5552
f 5537 	5000 	5553
f 4845 	5214 	4844
f 5214 	4845 	4846
f 5285 	5078 	5083
f 4848 	5217 	4847
f 4967 	5286 	5080
f 5079 	5080 	5286
f 5575 	5576 	5444
f 4849 	5219 	4848
f 5083 	5287 	5285
f 4851 	4852 	5224
f 5084 	5288 	5083
f 5287 	5083 	5288
f 4837 	5224 	4852
f 5084 	5289 	5288
f 5085 	5093 	5289
f 5091 	5291 	5090
f 5290 	5090 	5291
f 5091 	5092 	5291
f 5079 	5286 	5092
f 5093 	5293 	5289
f 5094 	5293 	5093
f 5095 	5295 	5094
f 5335 	5336 	5061
f 5556 	5230 	5555
f 5063 	5007 	5335
f 5558 	5233 	5557
f 5341 	5561 	5343
f 5559 	5356 	5343
f 5366 	5316 	5369
f 5565 	5564 	5331
f 5405 	5408 	5241
f 5561 	5341 	5562
f 5559 	5558 	5356
f 5557 	5356 	5558
f 5232 	5238 	5230
f 5555 	5358 	5556
f 5556 	5358 	5557
f 5572 	5431 	5433
f 5264 	5263 	5436
f 5262 	5264 	5398
f 4857 	4915 	5569
f 5115 	5366 	5117
f 5439 	5438 	5380
f 5190 	5446 	5191
f 5448 	5192 	5447
f 5445 	5428 	4818
f 5344 	5346 	5014
f 5310 	5309 	5375
f 5449 	5157 	5193
f 4817 	5575 	5444
f 4818 	4819 	5445
f 5190 	5569 	5446
f 5447 	5191 	5446
f 5241 	5408 	5235
f 5234 	5413 	5231
f 5576 	5389 	5443
f 5336 	5335 	5452
f 5319 	5318 	5182
f 5325 	5324 	5438
f 5574 	5309 	4821
f 5410 	5323 	5439
f 5438 	5439 	5325
f 5404 	5403 	5440
f 5439 	5440 	5410
f 5440 	5441 	5404
f 5331 	5401 	5398
f 5263 	5571 	5436
f 5332 	5333 	5061
f 5191 	5447 	5192
f 5454 	5238 	5413
f 5570 	5307 	5572
f 5308 	5572 	5307
f 5182 	5181 	5319
f 5309 	5573 	5308
f 5572 	5308 	5573
f 5573 	5309 	5574
f 5309 	5310 	4821
f 4821 	5311 	4818
f 5311 	4819 	4818
f 5439 	5380 	5440
f 5377 	5567 	5327
f 4819 	5313 	4817
f 5327 	5565 	5331
f 5392 	5393 	5118
f 5325 	5439 	5323
f 5356 	5557 	5358
f 5445 	5371 	5428
f 5405 	5331 	5341
f 5343 	5408 	5341
f 5405 	5341 	5408
f 5343 	5356 	5408
f 5358 	5413 	5356
f 5358 	5454 	5413
f 5444 	5369 	5371
f 5338 	5335 	5007
f 5340 	5338 	5007
f 5383 	5117 	5366
f 5322 	5384 	5452
f 5452 	5384 	5378
f 5442 	5382 	5383
f 5444 	5443 	5369
f 5436 	5376 	5377
f 5377 	5327 	5436
f 5398 	5436 	5327
f 5381 	5382 	5440
f 5130 	5381 	5380
f 5382 	5119 	5383
f 5410 	5440 	5403
f 5318 	5448 	5447
f 5376 	5436 	5433
f 5447 	5446 	5318
f 5450 	5321 	5451
f 5322 	5452 	5451
f 5398 	5327 	5331
f 5356 	5412 	5408
f 5062 	5061 	5378
f 5059 	5379 	5060
f 5378 	5437 	5452
f 5118 	5393 	5389
f 5442 	5366 	5443
f 5366 	5369 	5443
f 5311 	5373 	5312
f 5373 	5428 	5371
f 5389 	5576 	5315
f 5428 	5373 	5431
f 5115 	5117 	5389
f 5376 	5306 	5377
f 5319 	5320 	5448
f 5450 	5449 	5321
f 5401 	5331 	5405
f 5058 	5059 	5324
f 5412 	5356 	5413
f 5449 	5193 	5448
f 5059 	5060 	5330
f 5442 	5383 	5366
f 5336 	5437 	5332
f 5376 	5433 	5431
f 5446 	5317 	5318
f 5448 	5318 	5319
f 5449 	5448 	5320
f 5320 	5321 	5449
f 5400 	5127 	5404
f 5322 	5451 	5321
f 5115 	5389 	5316
f 5438 	5437 	5379
f 5378 	5379 	5437
f 5379 	5380 	5438
f 5441 	5440 	5382
f 5441 	5382 	5442
f 5567 	5566 	5327
f 5371 	5445 	5444
f 5563 	5331 	5564
f 5331 	5563 	5341
f 5431 	5375 	5376
f 5324 	5325 	5058
f 5065 	5454 	5554
f 5568 	5377 	5306
f 5396 	5441 	5442
f 5057 	5025 	5380
f 4888 	5229 	5110
f 5323 	5410 	5127
f 5316 	5366 	5115
f 5306 	5376 	5307
f 5308 	5307 	5376
f 5565 	5327 	5566
f 5574 	5431 	5573
f 5384 	5062 	5378
f 5378 	5060 	5379
f 5130 	5380 	5025
f 5130 	5127 	5381
f 5126 	5382 	5381
f 5017 	5160 	5349
f 5122 	5126 	5400
f 5127 	5130 	5323
f 5322 	5013 	5384
f 5317 	5186 	5185
f 5120 	5392 	5119
f 5185 	5183 	5317
f 5318 	5317 	5183
f 5318 	5183 	5182
f 5321 	5320 	5158
f 5158 	5017 	5321
f 5400 	5441 	5395
f 5025 	5323 	5130
f 5393 	5392 	5442
f 5025 	5057 	5323
f 5058 	5323 	5057
f 5061 	5330 	5060
f 5562 	5341 	5563
f 5063 	5335 	5062
f 5561 	5560 	5343
f 5559 	5343 	5560
f 5436 	5398 	5264
f 5010 	5340 	5007
f 5340 	5013 	5014
f 5010 	5013 	5340
f 5016 	5349 	5014
f 5408 	5412 	5236
f 5016 	5017 	5349
f 5316 	5315 	5369
f 5369 	5314 	5371
f 5313 	5371 	5314
f 5371 	5312 	5373
f 5310 	5373 	5311
f 5126 	5127 	5400
f 5192 	5448 	5193
f 5157 	5449 	5159
f 5451 	5160 	5450
f 5400 	5120 	5122
f 5333 	5438 	5330
f 5396 	5442 	5392
f 5389 	5393 	5443
f 5570 	5572 	5433
f 5571 	5570 	5433
f 5433 	5436 	5571
f 5442 	5443 	5393
f 5443 	5444 	5576
# 1532 faces

 #end of obj_1

