0
SECTION
2
TABLES
0
TABLE
2
LAYER
70
7
0
LAYER
2
ASSI
70
0
62
1
6
CONTINUOUS
0
LAYER
2
CONTORNO
70
0
62
7
6
CONTINUOUS
0
LAYER
2
CORNICE
70
0
62
7
6
CONTINUOUS
0
LAYER
2
NASCOSTO
70
0
62
8
6
CONTINUOUS
0
LAYER
2
QUOTE
70
0
62
5
6
CONTINUOUS
0
LAYER
2
RIFERIMENTO
70
0
62
30
6
CONTINUOUS
0
LAYER
2
SEZIONE
70
0
62
9
6
CONTINUOUS
0
ENDTAB
0
ENDSEC
0
SECTION
2
ENTITIES
0
LINE
8
CORNICE
10
10.000000
20
10.000000
11
410.000000
21
10.000000
0
LINE
8
CORNICE
10
410.000000
20
10.000000
11
410.000000
21
287.000000
0
LINE
8
CORNICE
10
410.000000
20
287.000000
11
10.000000
21
287.000000
0
LINE
8
CORNICE
10
10.000000
20
287.000000
11
10.000000
21
10.000000
0
LINE
8
CORNICE
10
15.000000
20
15.000000
11
185.000000
21
15.000000
0
LINE
8
CORNICE
10
185.000000
20
15.000000
11
185.000000
21
74.000000
0
LINE
8
CORNICE
10
185.000000
20
74.000000
11
15.000000
21
74.000000
0
LINE
8
CORNICE
10
15.000000
20
74.000000
11
15.000000
21
15.000000
0
LINE
8
CORNICE
10
15.000000
20
29.000000
11
185.000000
21
29.000000
0
LINE
8
CORNICE
10
15.000000
20
62.000000
11
185.000000
21
62.000000
0
LINE
8
CORNICE
10
15.000000
20
40.000000
11
185.000000
21
40.000000
0
LINE
8
CORNICE
10
15.000000
20
51.000000
11
185.000000
21
51.000000
0
LINE
8
CORNICE
10
115.000000
20
29.000000
11
115.000000
21
62.000000
0
TEXT
8
CONTORNO
10
18.000000
20
66.000000
40
4.500000
1
CONTENITORE TAISER
50
0.000000
72
0.000000
11
18.000000
21
66.000000
0
TEXT
8
CONTORNO
10
18.000000
20
58.000000
40
2.000000
1
OGGETTO
50
0.000000
72
0.000000
11
18.000000
21
58.000000
0
TEXT
8
CONTORNO
10
18.000000
20
53.500000
40
2.800000
1
Scatola - viste ortogonali
50
0.000000
72
0.000000
11
18.000000
21
53.500000
0
TEXT
8
CONTORNO
10
18.000000
20
47.000000
40
2.000000
1
SCALA
50
0.000000
72
0.000000
11
18.000000
21
47.000000
0
TEXT
8
CONTORNO
10
18.000000
20
42.500000
40
2.800000
1
2:1     UNITA: mm
50
0.000000
72
0.000000
11
18.000000
21
42.500000
0
TEXT
8
CONTORNO
10
18.000000
20
36.000000
40
2.000000
1
PROIEZIONE
50
0.000000
72
0.000000
11
18.000000
21
36.000000
0
TEXT
8
CONTORNO
10
18.000000
20
31.500000
40
2.800000
1
europea (1o diedro)
50
0.000000
72
0.000000
11
18.000000
21
31.500000
0
TEXT
8
CONTORNO
10
118.000000
20
58.000000
40
2.000000
1
FOGLIO
50
0.000000
72
0.000000
11
118.000000
21
58.000000
0
TEXT
8
CONTORNO
10
118.000000
20
53.500000
40
2.800000
1
1 di 4
50
0.000000
72
0.000000
11
118.000000
21
53.500000
0
TEXT
8
CONTORNO
10
118.000000
20
47.000000
40
2.000000
1
FORMATO
50
0.000000
72
0.000000
11
118.000000
21
47.000000
0
TEXT
8
CONTORNO
10
118.000000
20
42.500000
40
2.800000
1
A3   420 x 297
50
0.000000
72
0.000000
11
118.000000
21
42.500000
0
TEXT
8
CONTORNO
10
118.000000
20
36.000000
40
2.000000
1
ORIGINE
50
0.000000
72
0.000000
11
118.000000
21
36.000000
0
TEXT
8
CONTORNO
10
118.000000
20
31.500000
40
2.800000
1
modello parametrico FreeCAD
50
0.000000
72
0.000000
11
118.000000
21
31.500000
0
TEXT
8
CONTORNO
10
18.000000
20
25.000000
40
2.200000
1
Modello parametrico ricostruito dalla mesh OBJ Tinkercad; la tavola TinkerCAD
50
0.000000
72
0.000000
11
18.000000
21
25.000000
0
TEXT
8
CONTORNO
10
18.000000
20
21.700000
40
2.200000
1
di partenza riportava solo i 3 ingombri esterni (80 x 46 x 27).
50
0.000000
72
0.000000
11
18.000000
21
21.700000
0
TEXT
8
CONTORNO
10
18.000000
20
18.400000
40
2.200000
1
Tratteggio fine = spigoli nascosti.  Linea mista rossa = assi e piani di sezione.
50
0.000000
72
0.000000
11
18.000000
21
18.400000
0
CIRCLE
8
CORNICE
10
376.000000
20
18.000000
40
4.000000
0
CIRCLE
8
CORNICE
10
376.000000
20
18.000000
40
2.400000
0
LINE
8
CORNICE
10
385.000000
20
14.000000
11
398.000000
21
15.600000
0
LINE
8
CORNICE
10
398.000000
20
15.600000
11
398.000000
21
20.400000
0
LINE
8
CORNICE
10
398.000000
20
20.400000
11
385.000000
21
22.000000
0
LINE
8
CORNICE
10
385.000000
20
22.000000
11
385.000000
21
14.000000
0
TEXT
8
CONTORNO
10
105.000000
20
158.000000
40
3.400000
1
VISTA LATERALE DESTRA
50
0.000000
72
1.000000
11
105.000000
21
158.000000
0
LINE
8
NASCOSTO
10
63.400000
20
188.200000
11
63.400000
21
213.397926
0
LINE
8
NASCOSTO
10
63.400000
20
213.397926
11
80.904000
21
222.368477
0
LINE
8
NASCOSTO
10
80.904000
20
222.368477
11
80.904000
21
239.000000
0
LINE
8
NASCOSTO
10
80.904000
20
239.000000
11
129.096000
21
239.000000
0
LINE
8
NASCOSTO
10
129.096000
20
222.368477
11
129.096000
21
239.000000
0
LINE
8
NASCOSTO
10
129.096000
20
222.368477
11
146.600000
21
213.397926
0
LINE
8
NASCOSTO
10
146.600000
20
188.200000
11
146.600000
21
213.397926
0
LINE
8
NASCOSTO
10
63.400000
20
188.200000
11
146.600000
21
188.200000
0
LINE
8
NASCOSTO
10
125.814312
20
207.359000
11
125.601329
21
206.491865
0
LINE
8
NASCOSTO
10
125.601329
20
206.491865
11
125.189869
21
205.941841
0
LINE
8
NASCOSTO
10
125.189869
20
205.941841
11
124.691987
21
205.574935
0
LINE
8
NASCOSTO
10
124.691987
20
205.574935
11
124.328715
21
205.409393
0
LINE
8
NASCOSTO
10
124.328715
20
205.409393
11
123.396412
21
205.246000
0
LINE
8
NASCOSTO
10
123.396412
20
205.246000
11
122.464108
21
205.409393
0
LINE
8
NASCOSTO
10
122.464108
20
205.409393
11
122.100836
21
205.574935
0
LINE
8
NASCOSTO
10
122.100836
20
205.574935
11
121.602954
21
205.941841
0
LINE
8
NASCOSTO
10
121.602954
20
205.941841
11
121.256011
21
206.376136
0
LINE
8
NASCOSTO
10
121.256011
20
206.376136
11
121.111344
21
206.668286
0
LINE
8
NASCOSTO
10
121.111344
20
206.668286
11
120.978512
21
207.359000
0
LINE
8
NASCOSTO
10
120.978512
20
207.359000
11
121.111344
21
208.049714
0
LINE
8
NASCOSTO
10
121.111344
20
208.049714
11
121.256011
21
208.341864
0
LINE
8
NASCOSTO
10
121.256011
20
208.341864
11
121.602954
21
208.776159
0
LINE
8
NASCOSTO
10
121.602954
20
208.776159
11
122.100836
21
209.143065
0
LINE
8
NASCOSTO
10
122.100836
20
209.143065
11
122.464108
21
209.308607
0
LINE
8
NASCOSTO
10
122.464108
20
209.308607
11
123.396412
21
209.472000
0
LINE
8
NASCOSTO
10
123.396412
20
209.472000
11
124.328715
21
209.308607
0
LINE
8
NASCOSTO
10
124.328715
20
209.308607
11
124.691987
21
209.143065
0
LINE
8
NASCOSTO
10
124.691987
20
209.143065
11
125.189869
21
208.776159
0
LINE
8
NASCOSTO
10
125.189869
20
208.776159
11
125.713947
21
207.961463
0
LINE
8
NASCOSTO
10
125.713947
20
207.961463
11
125.814312
21
207.359000
0
CIRCLE
8
NASCOSTO
10
68.800000
20
193.500000
40
3.002000
0
LINE
8
NASCOSTO
10
88.220088
20
207.133285
11
87.904124
21
206.292435
0
LINE
8
NASCOSTO
10
87.904124
20
206.292435
11
87.609268
21
205.940171
0
LINE
8
NASCOSTO
10
87.609268
20
205.940171
11
87.111325
21
205.573091
0
LINE
8
NASCOSTO
10
87.111325
20
205.573091
11
86.748008
21
205.407470
0
LINE
8
NASCOSTO
10
86.748008
20
205.407470
11
85.815588
21
205.244000
0
LINE
8
NASCOSTO
10
85.815588
20
205.244000
11
84.883169
21
205.407470
0
LINE
8
NASCOSTO
10
84.883169
20
205.407470
11
84.519852
21
205.573091
0
LINE
8
NASCOSTO
10
84.519852
20
205.573091
11
84.021908
21
205.940171
0
LINE
8
NASCOSTO
10
84.021908
20
205.940171
11
83.674922
21
206.374671
0
LINE
8
NASCOSTO
10
83.674922
20
206.374671
11
83.530237
21
206.666959
0
LINE
8
NASCOSTO
10
83.530237
20
206.666959
11
83.397388
21
207.358000
0
LINE
8
NASCOSTO
10
83.397388
20
207.358000
11
83.530237
21
208.049041
0
LINE
8
NASCOSTO
10
83.530237
20
208.049041
11
83.674922
21
208.341329
0
LINE
8
NASCOSTO
10
83.674922
20
208.341329
11
84.021908
21
208.775829
0
LINE
8
NASCOSTO
10
84.021908
20
208.775829
11
84.519852
21
209.142909
0
LINE
8
NASCOSTO
10
84.519852
20
209.142909
11
84.883169
21
209.308530
0
LINE
8
NASCOSTO
10
84.883169
20
209.308530
11
85.815588
21
209.472000
0
LINE
8
NASCOSTO
10
85.815588
20
209.472000
11
86.748008
21
209.308530
0
LINE
8
NASCOSTO
10
86.748008
20
209.308530
11
87.111325
21
209.142909
0
LINE
8
NASCOSTO
10
87.111325
20
209.142909
11
87.609268
21
208.775829
0
LINE
8
NASCOSTO
10
87.609268
20
208.775829
11
88.003915
21
208.257588
0
LINE
8
NASCOSTO
10
88.003915
20
208.257588
11
88.210543
21
207.650414
0
LINE
8
NASCOSTO
10
146.600000
20
213.397926
11
146.600000
21
222.370058
0
LINE
8
NASCOSTO
10
146.600000
20
239.000000
11
146.600000
21
222.370058
0
LINE
8
NASCOSTO
10
146.600000
20
239.000000
11
146.600000
21
222.370058
0
LINE
8
NASCOSTO
10
146.600000
20
222.370058
11
146.600000
21
213.397926
0
LINE
8
NASCOSTO
10
146.600000
20
188.200000
11
146.600000
21
213.397926
0
LINE
8
NASCOSTO
10
63.400000
20
188.200000
11
63.400000
21
233.004000
0
LINE
8
NASCOSTO
10
83.560000
20
233.004000
11
63.400000
21
233.004000
0
LINE
8
NASCOSTO
10
83.560000
20
233.004000
11
83.560000
21
239.000000
0
LINE
8
NASCOSTO
10
83.560000
20
239.000000
11
129.096000
21
239.000000
0
LINE
8
NASCOSTO
10
129.096000
20
222.368477
11
129.096000
21
239.000000
0
LINE
8
NASCOSTO
10
129.096000
20
222.368477
11
146.600000
21
213.397926
0
LINE
8
NASCOSTO
10
63.400000
20
188.200000
11
146.600000
21
188.200000
0
LINE
8
NASCOSTO
10
63.400000
20
213.397926
11
63.400000
21
222.370058
0
LINE
8
NASCOSTO
10
63.400000
20
239.000000
11
63.400000
21
222.370058
0
LINE
8
NASCOSTO
10
63.400000
20
239.000000
11
63.400000
21
233.004000
0
LINE
8
NASCOSTO
10
63.400000
20
234.395534
11
63.400000
21
231.788466
0
LINE
8
NASCOSTO
10
63.400000
20
234.395534
11
63.400000
21
231.788466
0
LINE
8
NASCOSTO
10
63.400000
20
236.504000
11
63.400000
21
228.494000
0
LINE
8
NASCOSTO
10
63.400000
20
236.504000
11
63.400000
21
228.494000
0
LINE
8
NASCOSTO
10
63.400000
20
234.395534
11
63.400000
21
231.788466
0
LINE
8
NASCOSTO
10
63.400000
20
234.395534
11
63.400000
21
231.788466
0
LINE
8
NASCOSTO
10
59.000000
20
188.000000
11
59.000000
21
239.000000
0
LINE
8
NASCOSTO
10
59.000000
20
239.000000
11
151.000000
21
239.000000
0
LINE
8
NASCOSTO
10
151.000000
20
188.000000
11
151.000000
21
239.000000
0
LINE
8
NASCOSTO
10
103.026000
20
210.994000
11
63.446000
21
210.994000
0
LINE
8
NASCOSTO
10
103.026000
20
210.994000
11
103.026000
21
233.004000
0
LINE
8
NASCOSTO
10
103.026000
20
233.004000
11
63.446000
21
233.004000
0
LINE
8
NASCOSTO
10
63.446000
20
210.994000
11
63.446000
21
233.004000
0
LINE
8
NASCOSTO
10
59.000000
20
236.504000
11
59.000000
21
228.494000
0
LINE
8
NASCOSTO
10
59.000000
20
236.504000
11
59.000000
21
228.494000
0
LINE
8
NASCOSTO
10
62.000000
20
185.000000
11
148.000000
21
185.000000
0
LINE
8
NASCOSTO
10
63.446000
20
210.994000
11
103.026000
21
210.994000
0
LINE
8
NASCOSTO
10
103.026000
20
210.994000
11
103.026000
21
233.004000
0
LINE
8
NASCOSTO
10
63.446000
20
233.004000
11
103.026000
21
233.004000
0
LINE
8
NASCOSTO
10
63.446000
20
210.994000
11
63.446000
21
233.004000
0
LINE
8
NASCOSTO
10
59.000000
20
236.504000
11
63.400000
21
236.504000
0
LINE
8
NASCOSTO
10
59.000000
20
236.504000
11
63.400000
21
236.504000
0
LINE
8
NASCOSTO
10
59.000000
20
228.494000
11
63.400000
21
228.494000
0
LINE
8
NASCOSTO
10
59.000000
20
228.494000
11
63.400000
21
228.494000
0
ARC
8
NASCOSTO
10
79.221700
20
229.447800
40
3.005000
50
0.000000
51
180.000000
0
LINE
8
NASCOSTO
10
79.221700
20
226.442800
11
92.131900
21
226.442800
0
ARC
8
NASCOSTO
10
92.131900
20
229.447800
40
3.005000
50
180.000000
51
360.000000
0
LINE
8
NASCOSTO
10
79.221700
20
232.452800
11
92.131900
21
232.452800
0
LINE
8
NASCOSTO
10
63.400000
20
222.370058
11
80.904000
21
231.340610
0
LINE
8
NASCOSTO
10
80.904000
20
222.368477
11
80.904000
21
231.340610
0
LINE
8
NASCOSTO
10
71.025000
20
220.380651
11
71.024067
21
220.380173
0
LINE
8
NASCOSTO
10
71.024067
20
220.380173
11
71.023133
21
220.379696
0
LINE
8
NASCOSTO
10
71.023133
20
220.379696
11
71.022200
21
220.379218
0
LINE
8
NASCOSTO
10
71.022200
20
220.379218
11
71.021266
21
220.378742
0
LINE
8
NASCOSTO
10
71.021266
20
220.378742
11
71.020333
21
220.378265
0
LINE
8
NASCOSTO
10
71.020333
20
220.378265
11
71.019400
21
220.377790
0
LINE
8
NASCOSTO
10
71.019400
20
220.377790
11
71.018466
21
220.377314
0
LINE
8
NASCOSTO
10
71.018466
20
220.377314
11
71.017533
21
220.376839
0
LINE
8
NASCOSTO
10
71.017533
20
220.376839
11
71.016599
21
220.376365
0
LINE
8
NASCOSTO
10
71.016599
20
220.376365
11
71.015666
21
220.375891
0
LINE
8
NASCOSTO
10
71.015666
20
220.375891
11
71.014733
21
220.375418
0
LINE
8
NASCOSTO
10
71.014733
20
220.375418
11
71.013799
21
220.374945
0
LINE
8
NASCOSTO
10
71.013799
20
220.374945
11
71.012866
21
220.374472
0
LINE
8
NASCOSTO
10
71.012866
20
220.374472
11
71.011932
21
220.374000
0
LINE
8
NASCOSTO
10
69.607051
20
220.374000
11
71.011932
21
220.374000
0
LINE
8
NASCOSTO
10
69.607051
20
220.374000
11
69.579066
21
220.404876
0
LINE
8
NASCOSTO
10
69.579066
20
220.404876
11
69.553001
21
220.437590
0
LINE
8
NASCOSTO
10
69.553001
20
220.437590
11
69.528892
21
220.472099
0
LINE
8
NASCOSTO
10
69.528892
20
220.472099
11
69.506771
21
220.508356
0
LINE
8
NASCOSTO
10
69.506771
20
220.508356
11
69.486667
21
220.546314
0
LINE
8
NASCOSTO
10
69.486667
20
220.546314
11
69.468607
21
220.585921
0
LINE
8
NASCOSTO
10
69.468607
20
220.585921
11
69.452615
21
220.627127
0
LINE
8
NASCOSTO
10
69.452615
20
220.627127
11
69.438711
21
220.669874
0
LINE
8
NASCOSTO
10
69.438711
20
220.669874
11
69.426916
21
220.714108
0
LINE
8
NASCOSTO
10
69.426916
20
220.714108
11
69.417243
21
220.759769
0
LINE
8
NASCOSTO
10
69.417243
20
220.759769
11
69.409707
21
220.806796
0
LINE
8
NASCOSTO
10
69.409707
20
220.806796
11
69.404317
21
220.855127
0
LINE
8
NASCOSTO
10
69.404317
20
220.855127
11
69.401079
21
220.904697
0
LINE
8
NASCOSTO
10
69.401079
20
220.904697
11
69.400000
21
220.955442
0
LINE
8
NASCOSTO
10
69.400000
20
220.955442
11
69.410218
21
221.118278
0
LINE
8
NASCOSTO
10
69.410218
20
221.118278
11
69.440742
21
221.289538
0
LINE
8
NASCOSTO
10
69.440742
20
221.289538
11
69.491190
21
221.467070
0
LINE
8
NASCOSTO
10
69.491190
20
221.467070
11
69.560926
21
221.648640
0
LINE
8
NASCOSTO
10
69.560926
20
221.648640
11
69.649073
21
221.831966
0
LINE
8
NASCOSTO
10
69.649073
20
221.831966
11
69.754524
21
222.014742
0
LINE
8
NASCOSTO
10
69.754524
20
222.014742
11
69.875951
21
222.194670
0
LINE
8
NASCOSTO
10
69.875951
20
222.194670
11
70.011829
21
222.369486
0
LINE
8
NASCOSTO
10
70.011829
20
222.369486
11
70.160448
21
222.536993
0
LINE
8
NASCOSTO
10
70.160448
20
222.536993
11
70.319939
21
222.695084
0
LINE
8
NASCOSTO
10
70.319939
20
222.695084
11
70.488297
21
222.841770
0
LINE
8
NASCOSTO
10
70.488297
20
222.841770
11
70.663403
21
222.975208
0
LINE
8
NASCOSTO
10
70.663403
20
222.975208
11
70.843058
21
223.093718
0
LINE
8
NASCOSTO
10
70.843058
20
223.093718
11
71.025000
21
223.195812
0
LINE
8
NASCOSTO
10
73.261000
20
224.341730
11
71.025000
21
223.195812
0
LINE
8
NASCOSTO
10
73.261000
20
224.341730
11
73.442942
21
224.426122
0
LINE
8
NASCOSTO
10
73.442942
20
224.426122
11
73.622597
21
224.491752
0
LINE
8
NASCOSTO
10
73.622597
20
224.491752
11
73.797703
21
224.537794
0
LINE
8
NASCOSTO
10
73.797703
20
224.537794
11
73.966061
21
224.563670
0
LINE
8
NASCOSTO
10
73.966061
20
224.563670
11
74.125552
21
224.569053
0
LINE
8
NASCOSTO
10
74.125552
20
224.569053
11
74.274171
21
224.553876
0
LINE
8
NASCOSTO
10
74.274171
20
224.553876
11
74.410049
21
224.518330
0
LINE
8
NASCOSTO
10
74.410049
20
224.518330
11
74.531476
21
224.462863
0
LINE
8
NASCOSTO
10
74.531476
20
224.462863
11
74.636927
21
224.388171
0
LINE
8
NASCOSTO
10
74.636927
20
224.388171
11
74.725074
21
224.295193
0
LINE
8
NASCOSTO
10
74.725074
20
224.295193
11
74.794810
21
224.185100
0
LINE
8
NASCOSTO
10
74.794810
20
224.185100
11
74.845258
21
224.059276
0
LINE
8
NASCOSTO
10
74.845258
20
224.059276
11
74.875782
21
223.919302
0
LINE
8
NASCOSTO
10
74.875782
20
223.919302
11
74.886000
21
223.766939
0
LINE
8
NASCOSTO
10
74.886000
20
223.766939
11
74.875782
21
223.604104
0
LINE
8
NASCOSTO
10
74.875782
20
223.604104
11
74.845258
21
223.432843
0
LINE
8
NASCOSTO
10
74.845258
20
223.432843
11
74.794810
21
223.255312
0
LINE
8
NASCOSTO
10
74.794810
20
223.255312
11
74.725074
21
223.073741
0
LINE
8
NASCOSTO
10
74.725074
20
223.073741
11
74.636927
21
222.890415
0
LINE
8
NASCOSTO
10
74.636927
20
222.890415
11
74.531476
21
222.707639
0
LINE
8
NASCOSTO
10
74.531476
20
222.707639
11
74.410049
21
222.527711
0
LINE
8
NASCOSTO
10
74.410049
20
222.527711
11
74.274171
21
222.352895
0
LINE
8
NASCOSTO
10
74.274171
20
222.352895
11
74.125552
21
222.185388
0
LINE
8
NASCOSTO
10
74.125552
20
222.185388
11
73.966061
21
222.027298
0
LINE
8
NASCOSTO
10
73.966061
20
222.027298
11
73.797703
21
221.880611
0
LINE
8
NASCOSTO
10
73.797703
20
221.880611
11
73.622597
21
221.747174
0
LINE
8
NASCOSTO
10
73.622597
20
221.747174
11
73.442942
21
221.628663
0
LINE
8
NASCOSTO
10
73.442942
20
221.628663
11
73.261000
21
221.526570
0
LINE
8
NASCOSTO
10
73.261000
20
221.526570
11
71.025000
21
220.380651
0
LINE
8
NASCOSTO
10
80.904000
20
231.340610
11
80.904000
21
239.000000
0
LINE
8
NASCOSTO
10
129.096000
20
231.340610
11
129.096000
21
239.000000
0
LINE
8
NASCOSTO
10
129.096000
20
222.368477
11
129.096000
21
231.340610
0
LINE
8
NASCOSTO
10
129.096000
20
231.340610
11
146.600000
21
222.370058
0
LINE
8
NASCOSTO
10
136.739000
20
221.526570
11
136.557058
21
221.628663
0
LINE
8
NASCOSTO
10
136.557058
20
221.628663
11
136.377403
21
221.747174
0
LINE
8
NASCOSTO
10
136.377403
20
221.747174
11
136.202297
21
221.880611
0
LINE
8
NASCOSTO
10
136.202297
20
221.880611
11
136.033939
21
222.027298
0
LINE
8
NASCOSTO
10
136.033939
20
222.027298
11
135.874448
21
222.185388
0
LINE
8
NASCOSTO
10
135.874448
20
222.185388
11
135.725829
21
222.352895
0
LINE
8
NASCOSTO
10
135.725829
20
222.352895
11
135.589951
21
222.527711
0
LINE
8
NASCOSTO
10
135.589951
20
222.527711
11
135.468524
21
222.707639
0
LINE
8
NASCOSTO
10
135.468524
20
222.707639
11
135.363073
21
222.890415
0
LINE
8
NASCOSTO
10
135.363073
20
222.890415
11
135.274926
21
223.073741
0
LINE
8
NASCOSTO
10
135.274926
20
223.073741
11
135.205190
21
223.255312
0
LINE
8
NASCOSTO
10
135.205190
20
223.255312
11
135.154742
21
223.432843
0
LINE
8
NASCOSTO
10
135.154742
20
223.432843
11
135.124218
21
223.604104
0
LINE
8
NASCOSTO
10
135.124218
20
223.604104
11
135.114000
21
223.766939
0
LINE
8
NASCOSTO
10
135.114000
20
223.766939
11
135.124218
21
223.919302
0
LINE
8
NASCOSTO
10
135.124218
20
223.919302
11
135.154742
21
224.059276
0
LINE
8
NASCOSTO
10
135.154742
20
224.059276
11
135.205190
21
224.185100
0
LINE
8
NASCOSTO
10
135.205190
20
224.185100
11
135.274926
21
224.295193
0
LINE
8
NASCOSTO
10
135.274926
20
224.295193
11
135.363073
21
224.388171
0
LINE
8
NASCOSTO
10
135.363073
20
224.388171
11
135.468524
21
224.462863
0
LINE
8
NASCOSTO
10
135.468524
20
224.462863
11
135.589951
21
224.518330
0
LINE
8
NASCOSTO
10
135.589951
20
224.518330
11
135.725829
21
224.553876
0
LINE
8
NASCOSTO
10
135.725829
20
224.553876
11
135.874448
21
224.569053
0
LINE
8
NASCOSTO
10
135.874448
20
224.569053
11
136.033939
21
224.563670
0
LINE
8
NASCOSTO
10
136.033939
20
224.563670
11
136.202297
21
224.537794
0
LINE
8
NASCOSTO
10
136.202297
20
224.537794
11
136.377403
21
224.491752
0
LINE
8
NASCOSTO
10
136.377403
20
224.491752
11
136.557058
21
224.426122
0
LINE
8
NASCOSTO
10
136.557058
20
224.426122
11
136.739000
21
224.341730
0
LINE
8
NASCOSTO
10
138.975000
20
223.195812
11
136.739000
21
224.341730
0
LINE
8
NASCOSTO
10
138.975000
20
223.195812
11
139.156942
21
223.093718
0
LINE
8
NASCOSTO
10
139.156942
20
223.093718
11
139.336597
21
222.975208
0
LINE
8
NASCOSTO
10
139.336597
20
222.975208
11
139.511703
21
222.841770
0
LINE
8
NASCOSTO
10
139.511703
20
222.841770
11
139.680061
21
222.695084
0
LINE
8
NASCOSTO
10
139.680061
20
222.695084
11
139.839552
21
222.536993
0
LINE
8
NASCOSTO
10
139.839552
20
222.536993
11
139.988171
21
222.369486
0
LINE
8
NASCOSTO
10
139.988171
20
222.369486
11
140.124049
21
222.194670
0
LINE
8
NASCOSTO
10
140.124049
20
222.194670
11
140.245476
21
222.014742
0
LINE
8
NASCOSTO
10
140.245476
20
222.014742
11
140.350927
21
221.831966
0
LINE
8
NASCOSTO
10
140.350927
20
221.831966
11
140.439074
21
221.648640
0
LINE
8
NASCOSTO
10
140.439074
20
221.648640
11
140.508810
21
221.467070
0
LINE
8
NASCOSTO
10
140.508810
20
221.467070
11
140.559258
21
221.289538
0
LINE
8
NASCOSTO
10
140.559258
20
221.289538
11
140.589782
21
221.118278
0
LINE
8
NASCOSTO
10
140.589782
20
221.118278
11
140.600000
21
220.955442
0
LINE
8
NASCOSTO
10
140.600000
20
220.955442
11
140.598921
21
220.904697
0
LINE
8
NASCOSTO
10
140.598921
20
220.904697
11
140.595683
21
220.855127
0
LINE
8
NASCOSTO
10
140.595683
20
220.855127
11
140.590293
21
220.806796
0
LINE
8
NASCOSTO
10
140.590293
20
220.806796
11
140.582757
21
220.759769
0
LINE
8
NASCOSTO
10
140.582757
20
220.759769
11
140.573084
21
220.714108
0
LINE
8
NASCOSTO
10
140.573084
20
220.714108
11
140.561289
21
220.669874
0
LINE
8
NASCOSTO
10
140.561289
20
220.669874
11
140.547385
21
220.627127
0
LINE
8
NASCOSTO
10
140.547385
20
220.627127
11
140.531393
21
220.585921
0
LINE
8
NASCOSTO
10
140.531393
20
220.585921
11
140.513333
21
220.546314
0
LINE
8
NASCOSTO
10
140.513333
20
220.546314
11
140.493229
21
220.508356
0
LINE
8
NASCOSTO
10
140.493229
20
220.508356
11
140.471108
21
220.472099
0
LINE
8
NASCOSTO
10
140.471108
20
220.472099
11
140.446999
21
220.437590
0
LINE
8
NASCOSTO
10
140.446999
20
220.437590
11
140.420934
21
220.404876
0
LINE
8
NASCOSTO
10
140.420934
20
220.404876
11
140.392949
21
220.374000
0
LINE
8
NASCOSTO
10
138.988068
20
220.374000
11
140.392949
21
220.374000
0
LINE
8
NASCOSTO
10
138.988068
20
220.374000
11
138.987134
21
220.374472
0
LINE
8
NASCOSTO
10
138.987134
20
220.374472
11
138.986201
21
220.374945
0
LINE
8
NASCOSTO
10
138.986201
20
220.374945
11
138.985267
21
220.375418
0
LINE
8
NASCOSTO
10
138.985267
20
220.375418
11
138.984334
21
220.375891
0
LINE
8
NASCOSTO
10
138.984334
20
220.375891
11
138.983401
21
220.376365
0
LINE
8
NASCOSTO
10
138.983401
20
220.376365
11
138.982467
21
220.376839
0
LINE
8
NASCOSTO
10
138.982467
20
220.376839
11
138.981534
21
220.377314
0
LINE
8
NASCOSTO
10
138.981534
20
220.377314
11
138.980600
21
220.377790
0
LINE
8
NASCOSTO
10
138.980600
20
220.377790
11
138.979667
21
220.378265
0
LINE
8
NASCOSTO
10
138.979667
20
220.378265
11
138.978734
21
220.378742
0
LINE
8
NASCOSTO
10
138.978734
20
220.378742
11
138.977800
21
220.379218
0
LINE
8
NASCOSTO
10
138.977800
20
220.379218
11
138.976867
21
220.379696
0
LINE
8
NASCOSTO
10
138.976867
20
220.379696
11
138.975933
21
220.380173
0
LINE
8
NASCOSTO
10
138.975933
20
220.380173
11
138.975000
21
220.380651
0
LINE
8
NASCOSTO
10
138.975000
20
220.380651
11
136.739000
21
221.526570
0
LINE
8
NASCOSTO
10
129.096000
20
239.000000
11
146.600000
21
239.000000
0
LINE
8
NASCOSTO
10
129.096000
20
231.340610
11
129.096000
21
239.000000
0
LINE
8
NASCOSTO
10
129.096000
20
239.000000
11
146.600000
21
239.000000
0
LINE
8
NASCOSTO
10
129.096000
20
231.340610
11
146.600000
21
222.370058
0
LINE
8
NASCOSTO
10
129.096000
20
231.340610
11
129.096000
21
222.368477
0
LINE
8
NASCOSTO
10
136.739000
20
224.341730
11
136.557058
21
224.426122
0
LINE
8
NASCOSTO
10
136.557058
20
224.426122
11
136.377403
21
224.491752
0
LINE
8
NASCOSTO
10
136.377403
20
224.491752
11
136.202297
21
224.537794
0
LINE
8
NASCOSTO
10
136.202297
20
224.537794
11
136.033939
21
224.563670
0
LINE
8
NASCOSTO
10
136.033939
20
224.563670
11
135.874448
21
224.569053
0
LINE
8
NASCOSTO
10
135.874448
20
224.569053
11
135.725829
21
224.553876
0
LINE
8
NASCOSTO
10
135.725829
20
224.553876
11
135.589951
21
224.518330
0
LINE
8
NASCOSTO
10
135.589951
20
224.518330
11
135.468524
21
224.462863
0
LINE
8
NASCOSTO
10
135.468524
20
224.462863
11
135.363073
21
224.388171
0
LINE
8
NASCOSTO
10
135.363073
20
224.388171
11
135.274926
21
224.295193
0
LINE
8
NASCOSTO
10
135.274926
20
224.295193
11
135.205190
21
224.185100
0
LINE
8
NASCOSTO
10
135.205190
20
224.185100
11
135.154742
21
224.059276
0
LINE
8
NASCOSTO
10
135.154742
20
224.059276
11
135.124218
21
223.919302
0
LINE
8
NASCOSTO
10
135.124218
20
223.919302
11
135.114000
21
223.766939
0
LINE
8
NASCOSTO
10
135.114000
20
223.766939
11
135.124218
21
223.604104
0
LINE
8
NASCOSTO
10
135.124218
20
223.604104
11
135.154742
21
223.432843
0
LINE
8
NASCOSTO
10
135.154742
20
223.432843
11
135.205190
21
223.255312
0
LINE
8
NASCOSTO
10
135.205190
20
223.255312
11
135.274926
21
223.073741
0
LINE
8
NASCOSTO
10
135.274926
20
223.073741
11
135.363073
21
222.890415
0
LINE
8
NASCOSTO
10
135.363073
20
222.890415
11
135.468524
21
222.707639
0
LINE
8
NASCOSTO
10
135.468524
20
222.707639
11
135.589951
21
222.527711
0
LINE
8
NASCOSTO
10
135.589951
20
222.527711
11
135.725829
21
222.352895
0
LINE
8
NASCOSTO
10
135.725829
20
222.352895
11
135.874448
21
222.185388
0
LINE
8
NASCOSTO
10
135.874448
20
222.185388
11
136.033939
21
222.027298
0
LINE
8
NASCOSTO
10
136.033939
20
222.027298
11
136.202297
21
221.880611
0
LINE
8
NASCOSTO
10
136.202297
20
221.880611
11
136.377403
21
221.747174
0
LINE
8
NASCOSTO
10
136.377403
20
221.747174
11
136.557058
21
221.628663
0
LINE
8
NASCOSTO
10
136.557058
20
221.628663
11
136.739000
21
221.526570
0
LINE
8
NASCOSTO
10
138.975000
20
220.380651
11
136.739000
21
221.526570
0
LINE
8
NASCOSTO
10
138.975000
20
220.380651
11
138.975933
21
220.380173
0
LINE
8
NASCOSTO
10
138.975933
20
220.380173
11
138.976867
21
220.379696
0
LINE
8
NASCOSTO
10
138.976867
20
220.379696
11
138.977800
21
220.379218
0
LINE
8
NASCOSTO
10
138.977800
20
220.379218
11
138.978734
21
220.378742
0
LINE
8
NASCOSTO
10
138.978734
20
220.378742
11
138.979667
21
220.378265
0
LINE
8
NASCOSTO
10
138.979667
20
220.378265
11
138.980600
21
220.377790
0
LINE
8
NASCOSTO
10
138.980600
20
220.377790
11
138.981534
21
220.377314
0
LINE
8
NASCOSTO
10
138.981534
20
220.377314
11
138.982467
21
220.376839
0
LINE
8
NASCOSTO
10
138.982467
20
220.376839
11
138.983401
21
220.376365
0
LINE
8
NASCOSTO
10
138.983401
20
220.376365
11
138.984334
21
220.375891
0
LINE
8
NASCOSTO
10
138.984334
20
220.375891
11
138.985267
21
220.375418
0
LINE
8
NASCOSTO
10
138.985267
20
220.375418
11
138.986201
21
220.374945
0
LINE
8
NASCOSTO
10
138.986201
20
220.374945
11
138.987134
21
220.374472
0
LINE
8
NASCOSTO
10
138.987134
20
220.374472
11
138.988068
21
220.374000
0
LINE
8
NASCOSTO
10
140.392949
20
220.374000
11
138.988068
21
220.374000
0
LINE
8
NASCOSTO
10
140.392949
20
220.374000
11
140.420934
21
220.404876
0
LINE
8
NASCOSTO
10
140.420934
20
220.404876
11
140.446999
21
220.437590
0
LINE
8
NASCOSTO
10
140.446999
20
220.437590
11
140.471108
21
220.472099
0
LINE
8
NASCOSTO
10
140.471108
20
220.472099
11
140.493229
21
220.508356
0
LINE
8
NASCOSTO
10
140.493229
20
220.508356
11
140.513333
21
220.546314
0
LINE
8
NASCOSTO
10
140.513333
20
220.546314
11
140.531393
21
220.585921
0
LINE
8
NASCOSTO
10
140.531393
20
220.585921
11
140.547385
21
220.627127
0
LINE
8
NASCOSTO
10
140.547385
20
220.627127
11
140.561289
21
220.669874
0
LINE
8
NASCOSTO
10
140.561289
20
220.669874
11
140.573084
21
220.714108
0
LINE
8
NASCOSTO
10
140.573084
20
220.714108
11
140.582757
21
220.759769
0
LINE
8
NASCOSTO
10
140.582757
20
220.759769
11
140.590293
21
220.806796
0
LINE
8
NASCOSTO
10
140.590293
20
220.806796
11
140.595683
21
220.855127
0
LINE
8
NASCOSTO
10
140.595683
20
220.855127
11
140.598921
21
220.904697
0
LINE
8
NASCOSTO
10
140.598921
20
220.904697
11
140.600000
21
220.955442
0
LINE
8
NASCOSTO
10
140.600000
20
220.955442
11
140.589782
21
221.118278
0
LINE
8
NASCOSTO
10
140.589782
20
221.118278
11
140.559258
21
221.289538
0
LINE
8
NASCOSTO
10
140.559258
20
221.289538
11
140.508810
21
221.467070
0
LINE
8
NASCOSTO
10
140.508810
20
221.467070
11
140.439074
21
221.648640
0
LINE
8
NASCOSTO
10
140.439074
20
221.648640
11
140.350927
21
221.831966
0
LINE
8
NASCOSTO
10
140.350927
20
221.831966
11
140.245476
21
222.014742
0
LINE
8
NASCOSTO
10
140.245476
20
222.014742
11
140.124049
21
222.194670
0
LINE
8
NASCOSTO
10
140.124049
20
222.194670
11
139.988171
21
222.369486
0
LINE
8
NASCOSTO
10
139.988171
20
222.369486
11
139.839552
21
222.536993
0
LINE
8
NASCOSTO
10
139.839552
20
222.536993
11
139.680061
21
222.695084
0
LINE
8
NASCOSTO
10
139.680061
20
222.695084
11
139.511703
21
222.841770
0
LINE
8
NASCOSTO
10
139.511703
20
222.841770
11
139.336597
21
222.975208
0
LINE
8
NASCOSTO
10
139.336597
20
222.975208
11
139.156942
21
223.093718
0
LINE
8
NASCOSTO
10
139.156942
20
223.093718
11
138.975000
21
223.195812
0
LINE
8
NASCOSTO
10
138.975000
20
223.195812
11
136.739000
21
224.341730
0
LINE
8
NASCOSTO
10
63.400000
20
233.004000
11
83.560000
21
233.004000
0
LINE
8
NASCOSTO
10
71.937000
20
233.004000
11
71.755058
21
233.004000
0
LINE
8
NASCOSTO
10
71.755058
20
233.004000
11
71.575403
21
233.004000
0
LINE
8
NASCOSTO
10
71.575403
20
233.004000
11
71.400297
21
233.004000
0
LINE
8
NASCOSTO
10
71.400297
20
233.004000
11
71.231939
21
233.004000
0
LINE
8
NASCOSTO
10
71.231939
20
233.004000
11
71.072448
21
233.004000
0
LINE
8
NASCOSTO
10
71.072448
20
233.004000
11
70.923829
21
233.004000
0
LINE
8
NASCOSTO
10
70.923829
20
233.004000
11
70.787951
21
233.004000
0
LINE
8
NASCOSTO
10
70.787951
20
233.004000
11
70.666524
21
233.004000
0
LINE
8
NASCOSTO
10
70.666524
20
233.004000
11
70.561073
21
233.004000
0
LINE
8
NASCOSTO
10
70.561073
20
233.004000
11
70.472926
21
233.004000
0
LINE
8
NASCOSTO
10
70.472926
20
233.004000
11
70.403190
21
233.004000
0
LINE
8
NASCOSTO
10
70.403190
20
233.004000
11
70.352742
21
233.004000
0
LINE
8
NASCOSTO
10
70.352742
20
233.004000
11
70.322218
21
233.004000
0
LINE
8
NASCOSTO
10
70.322218
20
233.004000
11
70.312000
21
233.004000
0
LINE
8
NASCOSTO
10
70.312000
20
233.004000
11
70.322218
21
233.004000
0
LINE
8
NASCOSTO
10
70.322218
20
233.004000
11
70.352742
21
233.004000
0
LINE
8
NASCOSTO
10
70.352742
20
233.004000
11
70.403190
21
233.004000
0
LINE
8
NASCOSTO
10
70.403190
20
233.004000
11
70.472926
21
233.004000
0
LINE
8
NASCOSTO
10
70.472926
20
233.004000
11
70.561073
21
233.004000
0
LINE
8
NASCOSTO
10
70.561073
20
233.004000
11
70.666524
21
233.004000
0
LINE
8
NASCOSTO
10
70.666524
20
233.004000
11
70.787951
21
233.004000
0
LINE
8
NASCOSTO
10
70.787951
20
233.004000
11
70.923829
21
233.004000
0
LINE
8
NASCOSTO
10
70.923829
20
233.004000
11
71.072448
21
233.004000
0
LINE
8
NASCOSTO
10
71.072448
20
233.004000
11
71.231939
21
233.004000
0
LINE
8
NASCOSTO
10
71.231939
20
233.004000
11
71.400297
21
233.004000
0
LINE
8
NASCOSTO
10
71.400297
20
233.004000
11
71.575403
21
233.004000
0
LINE
8
NASCOSTO
10
71.575403
20
233.004000
11
71.755058
21
233.004000
0
LINE
8
NASCOSTO
10
71.755058
20
233.004000
11
71.937000
21
233.004000
0
LINE
8
NASCOSTO
10
71.937000
20
233.004000
11
75.003000
21
233.004000
0
LINE
8
NASCOSTO
10
75.003000
20
233.004000
11
75.184942
21
233.004000
0
LINE
8
NASCOSTO
10
75.184942
20
233.004000
11
75.364597
21
233.004000
0
LINE
8
NASCOSTO
10
75.364597
20
233.004000
11
75.539703
21
233.004000
0
LINE
8
NASCOSTO
10
75.539703
20
233.004000
11
75.708061
21
233.004000
0
LINE
8
NASCOSTO
10
75.708061
20
233.004000
11
75.867552
21
233.004000
0
LINE
8
NASCOSTO
10
75.867552
20
233.004000
11
76.016171
21
233.004000
0
LINE
8
NASCOSTO
10
76.016171
20
233.004000
11
76.152049
21
233.004000
0
LINE
8
NASCOSTO
10
76.152049
20
233.004000
11
76.273476
21
233.004000
0
LINE
8
NASCOSTO
10
76.273476
20
233.004000
11
76.378927
21
233.004000
0
LINE
8
NASCOSTO
10
76.378927
20
233.004000
11
76.467074
21
233.004000
0
LINE
8
NASCOSTO
10
76.467074
20
233.004000
11
76.536810
21
233.004000
0
LINE
8
NASCOSTO
10
76.536810
20
233.004000
11
76.587258
21
233.004000
0
LINE
8
NASCOSTO
10
76.587258
20
233.004000
11
76.617782
21
233.004000
0
LINE
8
NASCOSTO
10
76.617782
20
233.004000
11
76.628000
21
233.004000
0
LINE
8
NASCOSTO
10
76.628000
20
233.004000
11
76.617782
21
233.004000
0
LINE
8
NASCOSTO
10
76.617782
20
233.004000
11
76.587258
21
233.004000
0
LINE
8
NASCOSTO
10
76.587258
20
233.004000
11
76.536810
21
233.004000
0
LINE
8
NASCOSTO
10
76.536810
20
233.004000
11
76.467074
21
233.004000
0
LINE
8
NASCOSTO
10
76.467074
20
233.004000
11
76.378927
21
233.004000
0
LINE
8
NASCOSTO
10
76.378927
20
233.004000
11
76.273476
21
233.004000
0
LINE
8
NASCOSTO
10
76.273476
20
233.004000
11
76.152049
21
233.004000
0
LINE
8
NASCOSTO
10
76.152049
20
233.004000
11
76.016171
21
233.004000
0
LINE
8
NASCOSTO
10
76.016171
20
233.004000
11
75.867552
21
233.004000
0
LINE
8
NASCOSTO
10
75.867552
20
233.004000
11
75.708061
21
233.004000
0
LINE
8
NASCOSTO
10
75.708061
20
233.004000
11
75.539703
21
233.004000
0
LINE
8
NASCOSTO
10
75.539703
20
233.004000
11
75.364597
21
233.004000
0
LINE
8
NASCOSTO
10
75.364597
20
233.004000
11
75.184942
21
233.004000
0
LINE
8
NASCOSTO
10
75.184942
20
233.004000
11
75.003000
21
233.004000
0
LINE
8
NASCOSTO
10
71.937000
20
233.004000
11
75.003000
21
233.004000
0
LINE
8
NASCOSTO
10
83.560000
20
233.004000
11
83.560000
21
239.000000
0
LINE
8
NASCOSTO
10
63.400000
20
239.000000
11
80.904000
21
239.000000
0
LINE
8
NASCOSTO
10
63.400000
20
239.000000
11
83.560000
21
239.000000
0
ARC
8
NASCOSTO
10
69.228000
20
233.092000
40
5.972000
50
73.581429
51
77.392310
0
ARC
8
NASCOSTO
10
69.228000
20
233.092000
40
5.972000
50
73.581429
51
77.392310
0
ARC
8
NASCOSTO
10
69.228000
20
233.092000
40
5.972000
50
281.601116
51
286.418571
0
LINE
8
NASCOSTO
10
75.078000
20
231.891049
11
75.078000
21
234.292951
0
ARC
8
NASCOSTO
10
69.228000
20
233.092000
40
5.972000
50
253.581429
51
258.398884
0
LINE
8
NASCOSTO
10
74.956476
20
231.404000
11
63.499524
21
231.404000
0
ARC
8
NASCOSTO
10
69.228000
20
233.092000
40
5.972000
50
102.607690
51
106.418571
0
LINE
8
NASCOSTO
10
74.956476
20
234.780000
11
63.499524
21
234.780000
0
ARC
8
NASCOSTO
10
69.228000
20
233.092000
40
5.972000
50
102.607690
51
106.418571
0
ARC
8
NASCOSTO
10
69.228000
20
233.092000
40
5.972000
50
281.601116
51
286.418571
0
LINE
8
NASCOSTO
10
75.078000
20
231.891049
11
75.078000
21
234.292951
0
ARC
8
NASCOSTO
10
69.228000
20
233.092000
40
5.972000
50
253.581429
51
258.398884
0
LINE
8
NASCOSTO
10
74.956476
20
231.404000
11
63.499524
21
231.404000
0
LINE
8
NASCOSTO
10
74.956476
20
234.780000
11
63.499524
21
234.780000
0
ARC
8
NASCOSTO
10
69.228000
20
233.092000
40
5.972000
50
73.581429
51
77.392310
0
ARC
8
NASCOSTO
10
69.228000
20
233.092000
40
5.972000
50
73.581429
51
77.392310
0
ARC
8
NASCOSTO
10
69.228000
20
233.092000
40
5.972000
50
281.601116
51
286.418571
0
LINE
8
NASCOSTO
10
75.078000
20
231.891049
11
75.078000
21
234.292951
0
ARC
8
NASCOSTO
10
69.228000
20
233.092000
40
5.972000
50
253.581429
51
258.398884
0
LINE
8
NASCOSTO
10
74.956476
20
231.404000
11
63.499524
21
231.404000
0
ARC
8
NASCOSTO
10
69.228000
20
233.092000
40
5.972000
50
102.607690
51
106.418571
0
LINE
8
NASCOSTO
10
74.956476
20
234.780000
11
63.499524
21
234.780000
0
ARC
8
NASCOSTO
10
69.228000
20
233.092000
40
5.972000
50
281.601116
51
286.418571
0
LINE
8
NASCOSTO
10
75.078000
20
231.891049
11
75.078000
21
234.292951
0
ARC
8
NASCOSTO
10
69.228000
20
233.092000
40
5.972000
50
253.581429
51
258.398884
0
LINE
8
NASCOSTO
10
74.956476
20
231.404000
11
63.499524
21
231.404000
0
ARC
8
NASCOSTO
10
69.228000
20
233.092000
40
5.972000
50
102.607690
51
106.418571
0
LINE
8
NASCOSTO
10
74.956476
20
234.780000
11
63.499524
21
234.780000
0
ARC
8
NASCOSTO
10
79.221700
20
229.447800
40
3.005000
50
0.000000
51
180.000000
0
LINE
8
NASCOSTO
10
79.221700
20
226.442800
11
92.131900
21
226.442800
0
ARC
8
NASCOSTO
10
92.131900
20
229.447800
40
3.005000
50
180.000000
51
360.000000
0
LINE
8
NASCOSTO
10
79.221700
20
232.452800
11
92.131900
21
232.452800
0
LINE
8
NASCOSTO
10
71.025000
20
223.195812
11
71.025000
21
239.000000
0
LINE
8
NASCOSTO
10
71.025000
20
239.000000
11
70.843058
21
239.000000
0
LINE
8
NASCOSTO
10
70.843058
20
239.000000
11
70.663403
21
239.000000
0
LINE
8
NASCOSTO
10
70.663403
20
239.000000
11
70.488297
21
239.000000
0
LINE
8
NASCOSTO
10
70.488297
20
239.000000
11
70.319939
21
239.000000
0
LINE
8
NASCOSTO
10
70.319939
20
239.000000
11
70.160448
21
239.000000
0
LINE
8
NASCOSTO
10
70.160448
20
239.000000
11
70.011829
21
239.000000
0
LINE
8
NASCOSTO
10
70.011829
20
239.000000
11
69.875951
21
239.000000
0
LINE
8
NASCOSTO
10
69.875951
20
239.000000
11
69.754524
21
239.000000
0
LINE
8
NASCOSTO
10
69.754524
20
239.000000
11
69.649073
21
239.000000
0
LINE
8
NASCOSTO
10
69.649073
20
239.000000
11
69.560926
21
239.000000
0
LINE
8
NASCOSTO
10
69.560926
20
239.000000
11
69.491190
21
239.000000
0
LINE
8
NASCOSTO
10
69.491190
20
239.000000
11
69.440742
21
239.000000
0
LINE
8
NASCOSTO
10
69.440742
20
239.000000
11
69.410218
21
239.000000
0
LINE
8
NASCOSTO
10
69.410218
20
239.000000
11
69.400000
21
239.000000
0
LINE
8
NASCOSTO
10
69.400000
20
239.000000
11
69.410218
21
239.000000
0
LINE
8
NASCOSTO
10
69.410218
20
239.000000
11
69.440742
21
239.000000
0
LINE
8
NASCOSTO
10
69.440742
20
239.000000
11
69.491190
21
239.000000
0
LINE
8
NASCOSTO
10
69.491190
20
239.000000
11
69.560926
21
239.000000
0
LINE
8
NASCOSTO
10
69.560926
20
239.000000
11
69.649073
21
239.000000
0
LINE
8
NASCOSTO
10
69.649073
20
239.000000
11
69.754524
21
239.000000
0
LINE
8
NASCOSTO
10
69.754524
20
239.000000
11
69.875951
21
239.000000
0
LINE
8
NASCOSTO
10
69.875951
20
239.000000
11
70.011829
21
239.000000
0
LINE
8
NASCOSTO
10
70.011829
20
239.000000
11
70.160448
21
239.000000
0
LINE
8
NASCOSTO
10
70.160448
20
239.000000
11
70.319939
21
239.000000
0
LINE
8
NASCOSTO
10
70.319939
20
239.000000
11
70.488297
21
239.000000
0
LINE
8
NASCOSTO
10
70.488297
20
239.000000
11
70.663403
21
239.000000
0
LINE
8
NASCOSTO
10
70.663403
20
239.000000
11
70.843058
21
239.000000
0
LINE
8
NASCOSTO
10
70.843058
20
239.000000
11
71.025000
21
239.000000
0
LINE
8
NASCOSTO
10
71.025000
20
220.380651
11
71.025000
21
239.000000
0
LINE
8
NASCOSTO
10
69.607051
20
220.374000
11
69.670669
21
220.374000
0
LINE
8
NASCOSTO
10
69.670669
20
220.374000
11
69.741936
21
220.374000
0
LINE
8
NASCOSTO
10
69.741936
20
220.374000
11
69.820451
21
220.374000
0
LINE
8
NASCOSTO
10
69.820451
20
220.374000
11
69.905769
21
220.374000
0
LINE
8
NASCOSTO
10
69.905769
20
220.374000
11
69.997409
21
220.374000
0
LINE
8
NASCOSTO
10
69.997409
20
220.374000
11
70.094853
21
220.374000
0
LINE
8
NASCOSTO
10
70.094853
20
220.374000
11
70.197551
21
220.374000
0
LINE
8
NASCOSTO
10
70.197551
20
220.374000
11
70.304923
21
220.374000
0
LINE
8
NASCOSTO
10
70.304923
20
220.374000
11
70.416362
21
220.374000
0
LINE
8
NASCOSTO
10
70.416362
20
220.374000
11
70.531238
21
220.374000
0
LINE
8
NASCOSTO
10
70.531238
20
220.374000
11
70.648904
21
220.374000
0
LINE
8
NASCOSTO
10
70.648904
20
220.374000
11
70.768694
21
220.374000
0
LINE
8
NASCOSTO
10
70.768694
20
220.374000
11
70.889932
21
220.374000
0
LINE
8
NASCOSTO
10
70.889932
20
220.374000
11
71.011932
21
220.374000
0
LINE
8
NASCOSTO
10
71.025000
20
239.000000
11
73.261000
21
239.000000
0
LINE
8
NASCOSTO
10
73.261000
20
224.341730
11
73.261000
21
239.000000
0
LINE
8
NASCOSTO
10
73.261000
20
239.000000
11
73.442942
21
239.000000
0
LINE
8
NASCOSTO
10
73.442942
20
239.000000
11
73.622597
21
239.000000
0
LINE
8
NASCOSTO
10
73.622597
20
239.000000
11
73.797703
21
239.000000
0
LINE
8
NASCOSTO
10
73.797703
20
239.000000
11
73.966061
21
239.000000
0
LINE
8
NASCOSTO
10
73.966061
20
239.000000
11
74.125552
21
239.000000
0
LINE
8
NASCOSTO
10
74.125552
20
239.000000
11
74.274171
21
239.000000
0
LINE
8
NASCOSTO
10
74.274171
20
239.000000
11
74.410049
21
239.000000
0
LINE
8
NASCOSTO
10
74.410049
20
239.000000
11
74.531476
21
239.000000
0
LINE
8
NASCOSTO
10
74.531476
20
239.000000
11
74.636927
21
239.000000
0
LINE
8
NASCOSTO
10
74.636927
20
239.000000
11
74.725074
21
239.000000
0
LINE
8
NASCOSTO
10
74.725074
20
239.000000
11
74.794810
21
239.000000
0
LINE
8
NASCOSTO
10
74.794810
20
239.000000
11
74.845258
21
239.000000
0
LINE
8
NASCOSTO
10
74.845258
20
239.000000
11
74.875782
21
239.000000
0
LINE
8
NASCOSTO
10
74.875782
20
239.000000
11
74.886000
21
239.000000
0
LINE
8
NASCOSTO
10
74.886000
20
239.000000
11
74.875782
21
239.000000
0
LINE
8
NASCOSTO
10
74.875782
20
239.000000
11
74.845258
21
239.000000
0
LINE
8
NASCOSTO
10
74.845258
20
239.000000
11
74.794810
21
239.000000
0
LINE
8
NASCOSTO
10
74.794810
20
239.000000
11
74.725074
21
239.000000
0
LINE
8
NASCOSTO
10
74.725074
20
239.000000
11
74.636927
21
239.000000
0
LINE
8
NASCOSTO
10
74.636927
20
239.000000
11
74.531476
21
239.000000
0
LINE
8
NASCOSTO
10
74.531476
20
239.000000
11
74.410049
21
239.000000
0
LINE
8
NASCOSTO
10
74.410049
20
239.000000
11
74.274171
21
239.000000
0
LINE
8
NASCOSTO
10
74.274171
20
239.000000
11
74.125552
21
239.000000
0
LINE
8
NASCOSTO
10
74.125552
20
239.000000
11
73.966061
21
239.000000
0
LINE
8
NASCOSTO
10
73.966061
20
239.000000
11
73.797703
21
239.000000
0
LINE
8
NASCOSTO
10
73.797703
20
239.000000
11
73.622597
21
239.000000
0
LINE
8
NASCOSTO
10
73.622597
20
239.000000
11
73.442942
21
239.000000
0
LINE
8
NASCOSTO
10
73.442942
20
239.000000
11
73.261000
21
239.000000
0
LINE
8
NASCOSTO
10
73.261000
20
221.526570
11
73.261000
21
239.000000
0
LINE
8
NASCOSTO
10
71.025000
20
239.000000
11
73.261000
21
239.000000
0
LINE
8
NASCOSTO
10
136.739000
20
224.341730
11
136.739000
21
239.000000
0
LINE
8
NASCOSTO
10
136.739000
20
239.000000
11
136.557058
21
239.000000
0
LINE
8
NASCOSTO
10
136.557058
20
239.000000
11
136.377403
21
239.000000
0
LINE
8
NASCOSTO
10
136.377403
20
239.000000
11
136.202297
21
239.000000
0
LINE
8
NASCOSTO
10
136.202297
20
239.000000
11
136.033939
21
239.000000
0
LINE
8
NASCOSTO
10
136.033939
20
239.000000
11
135.874448
21
239.000000
0
LINE
8
NASCOSTO
10
135.874448
20
239.000000
11
135.725829
21
239.000000
0
LINE
8
NASCOSTO
10
135.725829
20
239.000000
11
135.589951
21
239.000000
0
LINE
8
NASCOSTO
10
135.589951
20
239.000000
11
135.468524
21
239.000000
0
LINE
8
NASCOSTO
10
135.468524
20
239.000000
11
135.363073
21
239.000000
0
LINE
8
NASCOSTO
10
135.363073
20
239.000000
11
135.274926
21
239.000000
0
LINE
8
NASCOSTO
10
135.274926
20
239.000000
11
135.205190
21
239.000000
0
LINE
8
NASCOSTO
10
135.205190
20
239.000000
11
135.154742
21
239.000000
0
LINE
8
NASCOSTO
10
135.154742
20
239.000000
11
135.124218
21
239.000000
0
LINE
8
NASCOSTO
10
135.124218
20
239.000000
11
135.114000
21
239.000000
0
LINE
8
NASCOSTO
10
135.114000
20
239.000000
11
135.124218
21
239.000000
0
LINE
8
NASCOSTO
10
135.124218
20
239.000000
11
135.154742
21
239.000000
0
LINE
8
NASCOSTO
10
135.154742
20
239.000000
11
135.205190
21
239.000000
0
LINE
8
NASCOSTO
10
135.205190
20
239.000000
11
135.274926
21
239.000000
0
LINE
8
NASCOSTO
10
135.274926
20
239.000000
11
135.363073
21
239.000000
0
LINE
8
NASCOSTO
10
135.363073
20
239.000000
11
135.468524
21
239.000000
0
LINE
8
NASCOSTO
10
135.468524
20
239.000000
11
135.589951
21
239.000000
0
LINE
8
NASCOSTO
10
135.589951
20
239.000000
11
135.725829
21
239.000000
0
LINE
8
NASCOSTO
10
135.725829
20
239.000000
11
135.874448
21
239.000000
0
LINE
8
NASCOSTO
10
135.874448
20
239.000000
11
136.033939
21
239.000000
0
LINE
8
NASCOSTO
10
136.033939
20
239.000000
11
136.202297
21
239.000000
0
LINE
8
NASCOSTO
10
136.202297
20
239.000000
11
136.377403
21
239.000000
0
LINE
8
NASCOSTO
10
136.377403
20
239.000000
11
136.557058
21
239.000000
0
LINE
8
NASCOSTO
10
136.557058
20
239.000000
11
136.739000
21
239.000000
0
LINE
8
NASCOSTO
10
136.739000
20
221.526570
11
136.739000
21
239.000000
0
LINE
8
NASCOSTO
10
136.739000
20
239.000000
11
138.975000
21
239.000000
0
LINE
8
NASCOSTO
10
138.975000
20
223.195812
11
138.975000
21
239.000000
0
LINE
8
NASCOSTO
10
138.975000
20
239.000000
11
139.156942
21
239.000000
0
LINE
8
NASCOSTO
10
139.156942
20
239.000000
11
139.336597
21
239.000000
0
LINE
8
NASCOSTO
10
139.336597
20
239.000000
11
139.511703
21
239.000000
0
LINE
8
NASCOSTO
10
139.511703
20
239.000000
11
139.680061
21
239.000000
0
LINE
8
NASCOSTO
10
139.680061
20
239.000000
11
139.839552
21
239.000000
0
LINE
8
NASCOSTO
10
139.839552
20
239.000000
11
139.988171
21
239.000000
0
LINE
8
NASCOSTO
10
139.988171
20
239.000000
11
140.124049
21
239.000000
0
LINE
8
NASCOSTO
10
140.124049
20
239.000000
11
140.245476
21
239.000000
0
LINE
8
NASCOSTO
10
140.245476
20
239.000000
11
140.350927
21
239.000000
0
LINE
8
NASCOSTO
10
140.350927
20
239.000000
11
140.439074
21
239.000000
0
LINE
8
NASCOSTO
10
140.439074
20
239.000000
11
140.508810
21
239.000000
0
LINE
8
NASCOSTO
10
140.508810
20
239.000000
11
140.559258
21
239.000000
0
LINE
8
NASCOSTO
10
140.559258
20
239.000000
11
140.589782
21
239.000000
0
LINE
8
NASCOSTO
10
140.589782
20
239.000000
11
140.600000
21
239.000000
0
LINE
8
NASCOSTO
10
140.600000
20
239.000000
11
140.589782
21
239.000000
0
LINE
8
NASCOSTO
10
140.589782
20
239.000000
11
140.559258
21
239.000000
0
LINE
8
NASCOSTO
10
140.559258
20
239.000000
11
140.508810
21
239.000000
0
LINE
8
NASCOSTO
10
140.508810
20
239.000000
11
140.439074
21
239.000000
0
LINE
8
NASCOSTO
10
140.439074
20
239.000000
11
140.350927
21
239.000000
0
LINE
8
NASCOSTO
10
140.350927
20
239.000000
11
140.245476
21
239.000000
0
LINE
8
NASCOSTO
10
140.245476
20
239.000000
11
140.124049
21
239.000000
0
LINE
8
NASCOSTO
10
140.124049
20
239.000000
11
139.988171
21
239.000000
0
LINE
8
NASCOSTO
10
139.988171
20
239.000000
11
139.839552
21
239.000000
0
LINE
8
NASCOSTO
10
139.839552
20
239.000000
11
139.680061
21
239.000000
0
LINE
8
NASCOSTO
10
139.680061
20
239.000000
11
139.511703
21
239.000000
0
LINE
8
NASCOSTO
10
139.511703
20
239.000000
11
139.336597
21
239.000000
0
LINE
8
NASCOSTO
10
139.336597
20
239.000000
11
139.156942
21
239.000000
0
LINE
8
NASCOSTO
10
139.156942
20
239.000000
11
138.975000
21
239.000000
0
LINE
8
NASCOSTO
10
138.988068
20
220.374000
11
139.110068
21
220.374000
0
LINE
8
NASCOSTO
10
139.110068
20
220.374000
11
139.231306
21
220.374000
0
LINE
8
NASCOSTO
10
139.231306
20
220.374000
11
139.351096
21
220.374000
0
LINE
8
NASCOSTO
10
139.351096
20
220.374000
11
139.468762
21
220.374000
0
LINE
8
NASCOSTO
10
139.468762
20
220.374000
11
139.583638
21
220.374000
0
LINE
8
NASCOSTO
10
139.583638
20
220.374000
11
139.695077
21
220.374000
0
LINE
8
NASCOSTO
10
139.695077
20
220.374000
11
139.802449
21
220.374000
0
LINE
8
NASCOSTO
10
139.802449
20
220.374000
11
139.905147
21
220.374000
0
LINE
8
NASCOSTO
10
139.905147
20
220.374000
11
140.002591
21
220.374000
0
LINE
8
NASCOSTO
10
140.002591
20
220.374000
11
140.094231
21
220.374000
0
LINE
8
NASCOSTO
10
140.094231
20
220.374000
11
140.179549
21
220.374000
0
LINE
8
NASCOSTO
10
140.179549
20
220.374000
11
140.258064
21
220.374000
0
LINE
8
NASCOSTO
10
140.258064
20
220.374000
11
140.329331
21
220.374000
0
LINE
8
NASCOSTO
10
140.329331
20
220.374000
11
140.392949
21
220.374000
0
LINE
8
NASCOSTO
10
138.975000
20
220.380651
11
138.975000
21
239.000000
0
LINE
8
NASCOSTO
10
136.739000
20
239.000000
11
138.975000
21
239.000000
0
LINE
8
NASCOSTO
10
136.739000
20
221.526570
11
136.739000
21
239.000000
0
LINE
8
NASCOSTO
10
136.739000
20
239.000000
11
136.557058
21
239.000000
0
LINE
8
NASCOSTO
10
136.557058
20
239.000000
11
136.377403
21
239.000000
0
LINE
8
NASCOSTO
10
136.377403
20
239.000000
11
136.202297
21
239.000000
0
LINE
8
NASCOSTO
10
136.202297
20
239.000000
11
136.033939
21
239.000000
0
LINE
8
NASCOSTO
10
136.033939
20
239.000000
11
135.874448
21
239.000000
0
LINE
8
NASCOSTO
10
135.874448
20
239.000000
11
135.725829
21
239.000000
0
LINE
8
NASCOSTO
10
135.725829
20
239.000000
11
135.589951
21
239.000000
0
LINE
8
NASCOSTO
10
135.589951
20
239.000000
11
135.468524
21
239.000000
0
LINE
8
NASCOSTO
10
135.468524
20
239.000000
11
135.363073
21
239.000000
0
LINE
8
NASCOSTO
10
135.363073
20
239.000000
11
135.274926
21
239.000000
0
LINE
8
NASCOSTO
10
135.274926
20
239.000000
11
135.205190
21
239.000000
0
LINE
8
NASCOSTO
10
135.205190
20
239.000000
11
135.154742
21
239.000000
0
LINE
8
NASCOSTO
10
135.154742
20
239.000000
11
135.124218
21
239.000000
0
LINE
8
NASCOSTO
10
135.124218
20
239.000000
11
135.114000
21
239.000000
0
LINE
8
NASCOSTO
10
135.114000
20
239.000000
11
135.124218
21
239.000000
0
LINE
8
NASCOSTO
10
135.124218
20
239.000000
11
135.154742
21
239.000000
0
LINE
8
NASCOSTO
10
135.154742
20
239.000000
11
135.205190
21
239.000000
0
LINE
8
NASCOSTO
10
135.205190
20
239.000000
11
135.274926
21
239.000000
0
LINE
8
NASCOSTO
10
135.274926
20
239.000000
11
135.363073
21
239.000000
0
LINE
8
NASCOSTO
10
135.363073
20
239.000000
11
135.468524
21
239.000000
0
LINE
8
NASCOSTO
10
135.468524
20
239.000000
11
135.589951
21
239.000000
0
LINE
8
NASCOSTO
10
135.589951
20
239.000000
11
135.725829
21
239.000000
0
LINE
8
NASCOSTO
10
135.725829
20
239.000000
11
135.874448
21
239.000000
0
LINE
8
NASCOSTO
10
135.874448
20
239.000000
11
136.033939
21
239.000000
0
LINE
8
NASCOSTO
10
136.033939
20
239.000000
11
136.202297
21
239.000000
0
LINE
8
NASCOSTO
10
136.202297
20
239.000000
11
136.377403
21
239.000000
0
LINE
8
NASCOSTO
10
136.377403
20
239.000000
11
136.557058
21
239.000000
0
LINE
8
NASCOSTO
10
136.557058
20
239.000000
11
136.739000
21
239.000000
0
LINE
8
NASCOSTO
10
136.739000
20
224.341730
11
136.739000
21
239.000000
0
LINE
8
NASCOSTO
10
136.739000
20
239.000000
11
138.975000
21
239.000000
0
LINE
8
NASCOSTO
10
138.975000
20
220.380651
11
138.975000
21
239.000000
0
LINE
8
NASCOSTO
10
138.975000
20
239.000000
11
139.156942
21
239.000000
0
LINE
8
NASCOSTO
10
139.156942
20
239.000000
11
139.336597
21
239.000000
0
LINE
8
NASCOSTO
10
139.336597
20
239.000000
11
139.511703
21
239.000000
0
LINE
8
NASCOSTO
10
139.511703
20
239.000000
11
139.680061
21
239.000000
0
LINE
8
NASCOSTO
10
139.680061
20
239.000000
11
139.839552
21
239.000000
0
LINE
8
NASCOSTO
10
139.839552
20
239.000000
11
139.988171
21
239.000000
0
LINE
8
NASCOSTO
10
139.988171
20
239.000000
11
140.124049
21
239.000000
0
LINE
8
NASCOSTO
10
140.124049
20
239.000000
11
140.245476
21
239.000000
0
LINE
8
NASCOSTO
10
140.245476
20
239.000000
11
140.350927
21
239.000000
0
LINE
8
NASCOSTO
10
140.350927
20
239.000000
11
140.439074
21
239.000000
0
LINE
8
NASCOSTO
10
140.439074
20
239.000000
11
140.508810
21
239.000000
0
LINE
8
NASCOSTO
10
140.508810
20
239.000000
11
140.559258
21
239.000000
0
LINE
8
NASCOSTO
10
140.559258
20
239.000000
11
140.589782
21
239.000000
0
LINE
8
NASCOSTO
10
140.589782
20
239.000000
11
140.600000
21
239.000000
0
LINE
8
NASCOSTO
10
140.600000
20
239.000000
11
140.589782
21
239.000000
0
LINE
8
NASCOSTO
10
140.589782
20
239.000000
11
140.559258
21
239.000000
0
LINE
8
NASCOSTO
10
140.559258
20
239.000000
11
140.508810
21
239.000000
0
LINE
8
NASCOSTO
10
140.508810
20
239.000000
11
140.439074
21
239.000000
0
LINE
8
NASCOSTO
10
140.439074
20
239.000000
11
140.350927
21
239.000000
0
LINE
8
NASCOSTO
10
140.350927
20
239.000000
11
140.245476
21
239.000000
0
LINE
8
NASCOSTO
10
140.245476
20
239.000000
11
140.124049
21
239.000000
0
LINE
8
NASCOSTO
10
140.124049
20
239.000000
11
139.988171
21
239.000000
0
LINE
8
NASCOSTO
10
139.988171
20
239.000000
11
139.839552
21
239.000000
0
LINE
8
NASCOSTO
10
139.839552
20
239.000000
11
139.680061
21
239.000000
0
LINE
8
NASCOSTO
10
139.680061
20
239.000000
11
139.511703
21
239.000000
0
LINE
8
NASCOSTO
10
139.511703
20
239.000000
11
139.336597
21
239.000000
0
LINE
8
NASCOSTO
10
139.336597
20
239.000000
11
139.156942
21
239.000000
0
LINE
8
NASCOSTO
10
139.156942
20
239.000000
11
138.975000
21
239.000000
0
LINE
8
NASCOSTO
10
140.392949
20
220.374000
11
140.329331
21
220.374000
0
LINE
8
NASCOSTO
10
140.329331
20
220.374000
11
140.258064
21
220.374000
0
LINE
8
NASCOSTO
10
140.258064
20
220.374000
11
140.179549
21
220.374000
0
LINE
8
NASCOSTO
10
140.179549
20
220.374000
11
140.094231
21
220.374000
0
LINE
8
NASCOSTO
10
140.094231
20
220.374000
11
140.002591
21
220.374000
0
LINE
8
NASCOSTO
10
140.002591
20
220.374000
11
139.905147
21
220.374000
0
LINE
8
NASCOSTO
10
139.905147
20
220.374000
11
139.802449
21
220.374000
0
LINE
8
NASCOSTO
10
139.802449
20
220.374000
11
139.695077
21
220.374000
0
LINE
8
NASCOSTO
10
139.695077
20
220.374000
11
139.583638
21
220.374000
0
LINE
8
NASCOSTO
10
139.583638
20
220.374000
11
139.468762
21
220.374000
0
LINE
8
NASCOSTO
10
139.468762
20
220.374000
11
139.351096
21
220.374000
0
LINE
8
NASCOSTO
10
139.351096
20
220.374000
11
139.231306
21
220.374000
0
LINE
8
NASCOSTO
10
139.231306
20
220.374000
11
139.110068
21
220.374000
0
LINE
8
NASCOSTO
10
139.110068
20
220.374000
11
138.988068
21
220.374000
0
LINE
8
NASCOSTO
10
138.975000
20
223.195812
11
138.975000
21
239.000000
0
LINE
8
NASCOSTO
10
136.739000
20
239.000000
11
138.975000
21
239.000000
0
LINE
8
NASCOSTO
10
71.937000
20
233.004000
11
71.937000
21
239.000000
0
LINE
8
NASCOSTO
10
71.937000
20
239.000000
11
71.755058
21
239.000000
0
LINE
8
NASCOSTO
10
71.755058
20
239.000000
11
71.575403
21
239.000000
0
LINE
8
NASCOSTO
10
71.575403
20
239.000000
11
71.400297
21
239.000000
0
LINE
8
NASCOSTO
10
71.400297
20
239.000000
11
71.231939
21
239.000000
0
LINE
8
NASCOSTO
10
71.231939
20
239.000000
11
71.072448
21
239.000000
0
LINE
8
NASCOSTO
10
71.072448
20
239.000000
11
70.923829
21
239.000000
0
LINE
8
NASCOSTO
10
70.923829
20
239.000000
11
70.787951
21
239.000000
0
LINE
8
NASCOSTO
10
70.787951
20
239.000000
11
70.666524
21
239.000000
0
LINE
8
NASCOSTO
10
70.666524
20
239.000000
11
70.561073
21
239.000000
0
LINE
8
NASCOSTO
10
70.561073
20
239.000000
11
70.472926
21
239.000000
0
LINE
8
NASCOSTO
10
70.472926
20
239.000000
11
70.403190
21
239.000000
0
LINE
8
NASCOSTO
10
70.403190
20
239.000000
11
70.352742
21
239.000000
0
LINE
8
NASCOSTO
10
70.352742
20
239.000000
11
70.322218
21
239.000000
0
LINE
8
NASCOSTO
10
70.322218
20
239.000000
11
70.312000
21
239.000000
0
LINE
8
NASCOSTO
10
70.312000
20
239.000000
11
70.322218
21
239.000000
0
LINE
8
NASCOSTO
10
70.322218
20
239.000000
11
70.352742
21
239.000000
0
LINE
8
NASCOSTO
10
70.352742
20
239.000000
11
70.403190
21
239.000000
0
LINE
8
NASCOSTO
10
70.403190
20
239.000000
11
70.472926
21
239.000000
0
LINE
8
NASCOSTO
10
70.472926
20
239.000000
11
70.561073
21
239.000000
0
LINE
8
NASCOSTO
10
70.561073
20
239.000000
11
70.666524
21
239.000000
0
LINE
8
NASCOSTO
10
70.666524
20
239.000000
11
70.787951
21
239.000000
0
LINE
8
NASCOSTO
10
70.787951
20
239.000000
11
70.923829
21
239.000000
0
LINE
8
NASCOSTO
10
70.923829
20
239.000000
11
71.072448
21
239.000000
0
LINE
8
NASCOSTO
10
71.072448
20
239.000000
11
71.231939
21
239.000000
0
LINE
8
NASCOSTO
10
71.231939
20
239.000000
11
71.400297
21
239.000000
0
LINE
8
NASCOSTO
10
71.400297
20
239.000000
11
71.575403
21
239.000000
0
LINE
8
NASCOSTO
10
71.575403
20
239.000000
11
71.755058
21
239.000000
0
LINE
8
NASCOSTO
10
71.755058
20
239.000000
11
71.937000
21
239.000000
0
LINE
8
NASCOSTO
10
71.937000
20
233.004000
11
71.937000
21
239.000000
0
LINE
8
NASCOSTO
10
71.937000
20
239.000000
11
75.003000
21
239.000000
0
LINE
8
NASCOSTO
10
75.003000
20
233.004000
11
75.003000
21
239.000000
0
LINE
8
NASCOSTO
10
75.003000
20
239.000000
11
75.184942
21
239.000000
0
LINE
8
NASCOSTO
10
75.184942
20
239.000000
11
75.364597
21
239.000000
0
LINE
8
NASCOSTO
10
75.364597
20
239.000000
11
75.539703
21
239.000000
0
LINE
8
NASCOSTO
10
75.539703
20
239.000000
11
75.708061
21
239.000000
0
LINE
8
NASCOSTO
10
75.708061
20
239.000000
11
75.867552
21
239.000000
0
LINE
8
NASCOSTO
10
75.867552
20
239.000000
11
76.016171
21
239.000000
0
LINE
8
NASCOSTO
10
76.016171
20
239.000000
11
76.152049
21
239.000000
0
LINE
8
NASCOSTO
10
76.152049
20
239.000000
11
76.273476
21
239.000000
0
LINE
8
NASCOSTO
10
76.273476
20
239.000000
11
76.378927
21
239.000000
0
LINE
8
NASCOSTO
10
76.378927
20
239.000000
11
76.467074
21
239.000000
0
LINE
8
NASCOSTO
10
76.467074
20
239.000000
11
76.536810
21
239.000000
0
LINE
8
NASCOSTO
10
76.536810
20
239.000000
11
76.587258
21
239.000000
0
LINE
8
NASCOSTO
10
76.587258
20
239.000000
11
76.617782
21
239.000000
0
LINE
8
NASCOSTO
10
76.617782
20
239.000000
11
76.628000
21
239.000000
0
LINE
8
NASCOSTO
10
76.628000
20
239.000000
11
76.617782
21
239.000000
0
LINE
8
NASCOSTO
10
76.617782
20
239.000000
11
76.587258
21
239.000000
0
LINE
8
NASCOSTO
10
76.587258
20
239.000000
11
76.536810
21
239.000000
0
LINE
8
NASCOSTO
10
76.536810
20
239.000000
11
76.467074
21
239.000000
0
LINE
8
NASCOSTO
10
76.467074
20
239.000000
11
76.378927
21
239.000000
0
LINE
8
NASCOSTO
10
76.378927
20
239.000000
11
76.273476
21
239.000000
0
LINE
8
NASCOSTO
10
76.273476
20
239.000000
11
76.152049
21
239.000000
0
LINE
8
NASCOSTO
10
76.152049
20
239.000000
11
76.016171
21
239.000000
0
LINE
8
NASCOSTO
10
76.016171
20
239.000000
11
75.867552
21
239.000000
0
LINE
8
NASCOSTO
10
75.867552
20
239.000000
11
75.708061
21
239.000000
0
LINE
8
NASCOSTO
10
75.708061
20
239.000000
11
75.539703
21
239.000000
0
LINE
8
NASCOSTO
10
75.539703
20
239.000000
11
75.364597
21
239.000000
0
LINE
8
NASCOSTO
10
75.364597
20
239.000000
11
75.184942
21
239.000000
0
LINE
8
NASCOSTO
10
75.184942
20
239.000000
11
75.003000
21
239.000000
0
LINE
8
NASCOSTO
10
75.003000
20
233.004000
11
75.003000
21
239.000000
0
LINE
8
NASCOSTO
10
71.937000
20
239.000000
11
75.003000
21
239.000000
0
LINE
8
NASCOSTO
10
59.000000
20
188.000000
11
151.000000
21
188.000000
0
LINE
8
CONTORNO
10
88.233788
20
207.358000
11
88.220088
21
207.133285
0
LINE
8
CONTORNO
10
88.210543
20
207.650414
11
88.233788
21
207.358000
0
LINE
8
CONTORNO
10
59.000000
20
188.000000
11
59.000000
21
239.000000
0
LINE
8
CONTORNO
10
59.000000
20
188.000000
11
59.018863
21
187.664107
0
LINE
8
CONTORNO
10
59.018863
20
187.664107
11
59.075216
21
187.332437
0
LINE
8
CONTORNO
10
59.075216
20
187.332437
11
59.168350
21
187.009163
0
LINE
8
CONTORNO
10
59.168350
20
187.009163
11
59.297093
21
186.698349
0
LINE
8
CONTORNO
10
59.297093
20
186.698349
11
59.459827
21
186.403904
0
LINE
8
CONTORNO
10
59.459827
20
186.403904
11
59.654506
21
186.129531
0
LINE
8
CONTORNO
10
59.654506
20
186.129531
11
59.878680
21
185.878680
0
LINE
8
CONTORNO
10
59.878680
20
185.878680
11
60.129531
21
185.654506
0
LINE
8
CONTORNO
10
60.129531
20
185.654506
11
60.403904
21
185.459827
0
LINE
8
CONTORNO
10
60.403904
20
185.459827
11
60.698349
21
185.297093
0
LINE
8
CONTORNO
10
60.698349
20
185.297093
11
61.009163
21
185.168350
0
LINE
8
CONTORNO
10
61.009163
20
185.168350
11
61.332437
21
185.075216
0
LINE
8
CONTORNO
10
61.332437
20
185.075216
11
61.664107
21
185.018863
0
LINE
8
CONTORNO
10
61.664107
20
185.018863
11
62.000000
21
185.000000
0
LINE
8
CONTORNO
10
151.000000
20
188.000000
11
150.981137
21
187.664107
0
LINE
8
CONTORNO
10
150.981137
20
187.664107
11
150.924784
21
187.332437
0
LINE
8
CONTORNO
10
150.924784
20
187.332437
11
150.831650
21
187.009163
0
LINE
8
CONTORNO
10
150.831650
20
187.009163
11
150.702907
21
186.698349
0
LINE
8
CONTORNO
10
150.702907
20
186.698349
11
150.540173
21
186.403904
0
LINE
8
CONTORNO
10
150.540173
20
186.403904
11
150.345494
21
186.129531
0
LINE
8
CONTORNO
10
150.345494
20
186.129531
11
150.121320
21
185.878680
0
LINE
8
CONTORNO
10
150.121320
20
185.878680
11
149.870469
21
185.654506
0
LINE
8
CONTORNO
10
149.870469
20
185.654506
11
149.596096
21
185.459827
0
LINE
8
CONTORNO
10
149.596096
20
185.459827
11
149.301651
21
185.297093
0
LINE
8
CONTORNO
10
149.301651
20
185.297093
11
148.990837
21
185.168350
0
LINE
8
CONTORNO
10
148.990837
20
185.168350
11
148.667563
21
185.075216
0
LINE
8
CONTORNO
10
148.667563
20
185.075216
11
148.335893
21
185.018863
0
LINE
8
CONTORNO
10
148.335893
20
185.018863
11
148.000000
21
185.000000
0
LINE
8
CONTORNO
10
151.000000
20
188.000000
11
151.000000
21
239.000000
0
LINE
8
CONTORNO
10
59.000000
20
239.000000
11
151.000000
21
239.000000
0
CIRCLE
8
CONTORNO
10
68.800000
20
193.500000
40
3.002000
0
LINE
8
CONTORNO
10
105.000000
20
222.831000
11
99.096216
21
222.593100
0
LINE
8
CONTORNO
10
99.096216
20
222.593100
11
93.440270
21
221.899032
0
LINE
8
CONTORNO
10
93.440270
20
221.899032
11
88.240191
21
220.802007
0
LINE
8
CONTORNO
10
88.240191
20
220.802007
11
83.646030
21
219.376972
0
LINE
8
CONTORNO
10
83.646030
20
219.376972
11
79.748946
21
217.709800
0
LINE
8
CONTORNO
10
79.748946
20
217.709800
11
76.581963
21
215.886339
0
LINE
8
CONTORNO
10
76.581963
20
215.886339
11
74.128722
21
213.983011
0
LINE
8
CONTORNO
10
74.128722
20
213.983011
11
72.337489
21
212.059912
0
LINE
8
CONTORNO
10
72.337489
20
212.059912
11
71.137764
21
210.156741
0
LINE
8
CONTORNO
10
71.137764
20
210.156741
11
70.457358
21
208.291796
0
LINE
8
CONTORNO
10
70.457358
20
208.291796
11
70.238006
21
206.464559
0
LINE
8
CONTORNO
10
70.238006
20
206.464559
11
70.446914
21
204.662330
0
LINE
8
CONTORNO
10
70.446914
20
204.662330
11
71.081265
21
202.869890
0
LINE
8
CONTORNO
10
71.081265
20
202.869890
11
72.164428
21
201.079176
0
LINE
8
CONTORNO
10
72.164428
20
201.079176
11
73.735745
21
199.295949
0
LINE
8
CONTORNO
10
73.735745
20
199.295949
11
74.895225
21
198.267000
0
LINE
8
CONTORNO
10
74.895225
20
198.267000
11
77.531469
21
196.418740
0
LINE
8
CONTORNO
10
77.531469
20
196.418740
11
80.843739
21
194.678981
0
LINE
8
CONTORNO
10
80.843739
20
194.678981
11
84.828052
21
193.118192
0
LINE
8
CONTORNO
10
84.828052
20
193.118192
11
89.432393
21
191.812945
0
LINE
8
CONTORNO
10
89.432393
20
191.812945
11
94.552240
21
190.836133
0
LINE
8
CONTORNO
10
94.552240
20
190.836133
11
100.034470
21
190.246931
0
LINE
8
CONTORNO
10
100.034470
20
190.246931
11
105.689749
21
190.082224
0
LINE
8
CONTORNO
10
105.689749
20
190.082224
11
111.311518
21
190.351183
0
LINE
8
CONTORNO
10
111.311518
20
190.351183
11
116.698003
21
191.034091
0
LINE
8
CONTORNO
10
116.698003
20
191.034091
11
121.672925
21
192.085545
0
LINE
8
CONTORNO
10
121.672925
20
192.085545
11
126.101096
21
193.441165
0
LINE
8
CONTORNO
10
126.101096
20
193.441165
11
129.896617
21
195.026305
0
LINE
8
CONTORNO
10
129.896617
20
195.026305
11
133.023293
21
196.765077
0
LINE
8
CONTORNO
10
133.023293
20
196.765077
11
135.104775
21
198.267000
0
LINE
8
CONTORNO
10
135.104775
20
198.267000
11
137.147556
21
200.224300
0
LINE
8
CONTORNO
10
137.147556
20
200.224300
11
138.559989
21
202.185887
0
LINE
8
CONTORNO
10
138.559989
20
202.185887
11
139.408540
21
204.125655
0
LINE
8
CONTORNO
10
139.408540
20
204.125655
11
139.749714
21
206.019656
0
LINE
8
CONTORNO
10
139.749714
20
206.019656
11
139.629919
21
207.881194
0
LINE
8
CONTORNO
10
139.629919
20
207.881194
11
139.060191
21
209.728985
0
LINE
8
CONTORNO
10
139.060191
20
209.728985
11
138.018872
21
211.575605
0
LINE
8
CONTORNO
10
138.018872
20
211.575605
11
136.462262
21
213.418882
0
LINE
8
CONTORNO
10
136.462262
20
213.418882
11
134.339470
21
215.237903
0
LINE
8
CONTORNO
10
134.339470
20
215.237903
11
131.608154
21
216.993115
0
LINE
8
CONTORNO
10
131.608154
20
216.993115
11
128.249156
21
218.629472
0
LINE
8
CONTORNO
10
128.249156
20
218.629472
11
124.278491
21
220.081911
0
LINE
8
CONTORNO
10
124.278491
20
220.081911
11
119.755046
21
221.282602
0
LINE
8
CONTORNO
10
119.755046
20
221.282602
11
114.782373
21
222.169207
0
LINE
8
CONTORNO
10
114.782373
20
222.169207
11
109.503643
21
222.692984
0
LINE
8
CONTORNO
10
109.503643
20
222.692984
11
105.000000
21
222.831000
0
LINE
8
CONTORNO
10
59.000000
20
188.000000
11
59.018863
21
187.664107
0
LINE
8
CONTORNO
10
59.018863
20
187.664107
11
59.075216
21
187.332437
0
LINE
8
CONTORNO
10
59.075216
20
187.332437
11
59.168350
21
187.009163
0
LINE
8
CONTORNO
10
59.168350
20
187.009163
11
59.297093
21
186.698349
0
LINE
8
CONTORNO
10
59.297093
20
186.698349
11
59.459827
21
186.403904
0
LINE
8
CONTORNO
10
59.459827
20
186.403904
11
59.654506
21
186.129531
0
LINE
8
CONTORNO
10
59.654506
20
186.129531
11
59.878680
21
185.878680
0
LINE
8
CONTORNO
10
59.878680
20
185.878680
11
60.129531
21
185.654506
0
LINE
8
CONTORNO
10
60.129531
20
185.654506
11
60.403904
21
185.459827
0
LINE
8
CONTORNO
10
60.403904
20
185.459827
11
60.698349
21
185.297093
0
LINE
8
CONTORNO
10
60.698349
20
185.297093
11
61.009163
21
185.168350
0
LINE
8
CONTORNO
10
61.009163
20
185.168350
11
61.332437
21
185.075216
0
LINE
8
CONTORNO
10
61.332437
20
185.075216
11
61.664107
21
185.018863
0
LINE
8
CONTORNO
10
61.664107
20
185.018863
11
62.000000
21
185.000000
0
LINE
8
CONTORNO
10
62.000000
20
185.000000
11
148.000000
21
185.000000
0
LINE
8
CONTORNO
10
151.000000
20
188.000000
11
150.981137
21
187.664107
0
LINE
8
CONTORNO
10
150.981137
20
187.664107
11
150.924784
21
187.332437
0
LINE
8
CONTORNO
10
150.924784
20
187.332437
11
150.831650
21
187.009163
0
LINE
8
CONTORNO
10
150.831650
20
187.009163
11
150.702907
21
186.698349
0
LINE
8
CONTORNO
10
150.702907
20
186.698349
11
150.540173
21
186.403904
0
LINE
8
CONTORNO
10
150.540173
20
186.403904
11
150.345494
21
186.129531
0
LINE
8
CONTORNO
10
150.345494
20
186.129531
11
150.121320
21
185.878680
0
LINE
8
CONTORNO
10
150.121320
20
185.878680
11
149.870469
21
185.654506
0
LINE
8
CONTORNO
10
149.870469
20
185.654506
11
149.596096
21
185.459827
0
LINE
8
CONTORNO
10
149.596096
20
185.459827
11
149.301651
21
185.297093
0
LINE
8
CONTORNO
10
149.301651
20
185.297093
11
148.990837
21
185.168350
0
LINE
8
CONTORNO
10
148.990837
20
185.168350
11
148.667563
21
185.075216
0
LINE
8
CONTORNO
10
148.667563
20
185.075216
11
148.335893
21
185.018863
0
LINE
8
CONTORNO
10
148.335893
20
185.018863
11
148.000000
21
185.000000
0
LINE
8
CONTORNO
10
93.659296
20
207.358000
11
93.645811
21
207.087633
0
LINE
8
CONTORNO
10
93.645811
20
207.087633
11
93.451197
21
206.508951
0
LINE
8
CONTORNO
10
93.451197
20
206.508951
11
93.436517
21
206.482847
0
LINE
8
CONTORNO
10
93.436517
20
206.482847
11
93.197760
21
206.152994
0
LINE
8
CONTORNO
10
93.197760
20
206.152994
11
92.807703
21
205.805274
0
LINE
8
CONTORNO
10
92.807703
20
205.805274
11
92.449845
21
205.589713
0
LINE
8
CONTORNO
10
92.449845
20
205.589713
11
91.722782
21
205.330362
0
LINE
8
CONTORNO
10
91.722782
20
205.330362
11
90.948800
21
205.244000
0
LINE
8
CONTORNO
10
90.948800
20
205.244000
11
89.918063
21
205.401159
0
LINE
8
CONTORNO
10
89.918063
20
205.401159
11
89.378849
21
205.631003
0
LINE
8
CONTORNO
10
89.378849
20
205.631003
11
88.703798
21
206.160502
0
LINE
8
CONTORNO
10
88.703798
20
206.160502
11
88.315503
21
206.787579
0
LINE
8
CONTORNO
10
88.315503
20
206.787579
11
88.213049
21
207.178055
0
LINE
8
CONTORNO
10
88.213049
20
207.178055
11
88.286897
21
207.975235
0
LINE
8
CONTORNO
10
88.286897
20
207.975235
11
88.538109
21
208.459119
0
LINE
8
CONTORNO
10
88.538109
20
208.459119
11
88.691674
21
208.646918
0
LINE
8
CONTORNO
10
88.691674
20
208.646918
11
88.966520
21
208.897913
0
LINE
8
CONTORNO
10
88.966520
20
208.897913
11
89.527356
21
209.223890
0
LINE
8
CONTORNO
10
89.527356
20
209.223890
11
90.231555
21
209.426710
0
LINE
8
CONTORNO
10
90.231555
20
209.426710
11
90.790416
21
209.472000
0
LINE
8
CONTORNO
10
90.790416
20
209.472000
11
91.855777
21
209.309716
0
LINE
8
CONTORNO
10
91.855777
20
209.309716
11
92.872952
21
208.778291
0
LINE
8
CONTORNO
10
92.872952
20
208.778291
11
93.154387
21
208.514968
0
LINE
8
CONTORNO
10
93.154387
20
208.514968
11
93.440121
21
208.120506
0
LINE
8
CONTORNO
10
93.440121
20
208.120506
11
93.659296
21
207.358000
0
LINE
8
CONTORNO
10
120.893814
20
207.359000
11
120.656186
21
206.533405
0
LINE
8
CONTORNO
10
120.656186
20
206.533405
11
120.286029
21
206.051410
0
LINE
8
CONTORNO
10
120.286029
20
206.051410
11
119.613109
21
205.575813
0
LINE
8
CONTORNO
10
119.613109
20
205.575813
11
119.099863
21
205.376571
0
LINE
8
CONTORNO
10
119.099863
20
205.376571
11
118.164705
21
205.246000
0
LINE
8
CONTORNO
10
118.164705
20
205.246000
11
117.898521
21
205.256216
0
LINE
8
CONTORNO
10
117.898521
20
205.256216
11
116.686306
21
205.586256
0
LINE
8
CONTORNO
10
116.686306
20
205.586256
11
116.330028
21
205.800447
0
LINE
8
CONTORNO
10
116.330028
20
205.800447
11
115.940978
21
206.146612
0
LINE
8
CONTORNO
10
115.940978
20
206.146612
11
115.705173
21
206.470143
0
LINE
8
CONTORNO
10
115.705173
20
206.470143
11
115.607272
21
206.665012
0
LINE
8
CONTORNO
10
115.607272
20
206.665012
11
115.490769
21
207.079149
0
LINE
8
CONTORNO
10
115.490769
20
207.079149
11
115.488061
21
207.504646
0
LINE
8
CONTORNO
10
115.488061
20
207.504646
11
115.527389
21
207.707617
0
LINE
8
CONTORNO
10
115.527389
20
207.707617
11
115.665799
21
208.068992
0
LINE
8
CONTORNO
10
115.665799
20
208.068992
11
115.944222
21
208.478383
0
LINE
8
CONTORNO
10
115.944222
20
208.478383
11
116.221630
21
208.750157
0
LINE
8
CONTORNO
10
116.221630
20
208.750157
11
117.225141
21
209.296875
0
LINE
8
CONTORNO
10
117.225141
20
209.296875
11
118.321909
21
209.472000
0
LINE
8
CONTORNO
10
118.321909
20
209.472000
11
118.786811
21
209.440330
0
LINE
8
CONTORNO
10
118.786811
20
209.440330
11
119.488666
21
209.259269
0
LINE
8
CONTORNO
10
119.488666
20
209.259269
11
120.060827
21
208.950377
0
LINE
8
CONTORNO
10
120.060827
20
208.950377
11
120.349718
21
208.703523
0
LINE
8
CONTORNO
10
120.349718
20
208.703523
11
120.510103
21
208.520306
0
LINE
8
CONTORNO
10
120.510103
20
208.520306
11
120.786025
21
208.027716
0
LINE
8
CONTORNO
10
120.786025
20
208.027716
11
120.893814
21
207.359000
0
LINE
8
CONTORNO
10
59.000000
20
188.000000
11
151.000000
21
188.000000
0
LINE
8
CONTORNO
10
70.238000
20
206.455000
11
70.273003
21
205.720294
0
LINE
8
CONTORNO
10
70.273003
20
205.720294
11
70.377942
21
204.987067
0
LINE
8
CONTORNO
10
70.377942
20
204.987067
11
70.552604
21
204.256796
0
LINE
8
CONTORNO
10
70.552604
20
204.256796
11
70.796640
21
203.530952
0
LINE
8
CONTORNO
10
70.796640
20
203.530952
11
71.109556
21
202.810997
0
LINE
8
CONTORNO
10
71.109556
20
202.810997
11
71.490723
21
202.098381
0
LINE
8
CONTORNO
10
71.490723
20
202.098381
11
71.939373
21
201.394538
0
LINE
8
CONTORNO
10
71.939373
20
201.394538
11
72.454603
21
200.700886
0
LINE
8
CONTORNO
10
72.454603
20
200.700886
11
73.035376
21
200.018822
0
LINE
8
CONTORNO
10
73.035376
20
200.018822
11
73.680520
21
199.349720
0
LINE
8
CONTORNO
10
73.680520
20
199.349720
11
74.388738
21
198.694927
0
LINE
8
CONTORNO
10
74.388738
20
198.694927
11
75.158603
21
198.055761
0
LINE
8
CONTORNO
10
75.158603
20
198.055761
11
75.988565
21
197.433511
0
LINE
8
CONTORNO
10
75.988565
20
197.433511
11
76.876951
21
196.829429
0
LINE
8
CONTORNO
10
76.876951
20
196.829429
11
77.821974
21
196.244731
0
LINE
8
CONTORNO
10
77.821974
20
196.244731
11
78.821730
21
195.680595
0
LINE
8
CONTORNO
10
78.821730
20
195.680595
11
79.874205
21
195.138158
0
LINE
8
CONTORNO
10
79.874205
20
195.138158
11
80.977280
21
194.618511
0
LINE
8
CONTORNO
10
80.977280
20
194.618511
11
82.128734
21
194.122702
0
LINE
8
CONTORNO
10
82.128734
20
194.122702
11
83.326248
21
193.651728
0
LINE
8
CONTORNO
10
83.326248
20
193.651728
11
84.567409
21
193.206538
0
LINE
8
CONTORNO
10
84.567409
20
193.206538
11
85.849719
21
192.788028
0
LINE
8
CONTORNO
10
85.849719
20
192.788028
11
87.170595
21
192.397043
0
LINE
8
CONTORNO
10
87.170595
20
192.397043
11
88.527378
21
192.034368
0
LINE
8
CONTORNO
10
88.527378
20
192.034368
11
89.917333
21
191.700734
0
LINE
8
CONTORNO
10
89.917333
20
191.700734
11
91.337664
21
191.396813
0
LINE
8
CONTORNO
10
91.337664
20
191.396813
11
92.785508
21
191.123218
0
LINE
8
CONTORNO
10
92.785508
20
191.123218
11
94.257951
21
190.880498
0
LINE
8
CONTORNO
10
94.257951
20
190.880498
11
95.752027
21
190.669144
0
LINE
8
CONTORNO
10
95.752027
20
190.669144
11
97.264727
21
190.489581
0
LINE
8
CONTORNO
10
97.264727
20
190.489581
11
98.793005
21
190.342169
0
LINE
8
CONTORNO
10
98.793005
20
190.342169
11
100.333783
21
190.227207
0
LINE
8
CONTORNO
10
100.333783
20
190.227207
11
101.883958
21
190.144925
0
LINE
8
CONTORNO
10
101.883958
20
190.144925
11
103.440409
21
190.095490
0
LINE
8
CONTORNO
10
103.440409
20
190.095490
11
105.000000
21
190.079000
0
LINE
8
CONTORNO
10
105.000000
20
190.079000
11
106.559591
21
190.095490
0
LINE
8
CONTORNO
10
106.559591
20
190.095490
11
108.116042
21
190.144925
0
LINE
8
CONTORNO
10
108.116042
20
190.144925
11
109.666217
21
190.227207
0
LINE
8
CONTORNO
10
109.666217
20
190.227207
11
111.206995
21
190.342169
0
LINE
8
CONTORNO
10
111.206995
20
190.342169
11
112.735273
21
190.489581
0
LINE
8
CONTORNO
10
112.735273
20
190.489581
11
114.247973
21
190.669144
0
LINE
8
CONTORNO
10
114.247973
20
190.669144
11
115.742049
21
190.880498
0
LINE
8
CONTORNO
10
115.742049
20
190.880498
11
117.214492
21
191.123218
0
LINE
8
CONTORNO
10
117.214492
20
191.123218
11
118.662336
21
191.396813
0
LINE
8
CONTORNO
10
118.662336
20
191.396813
11
120.082667
21
191.700734
0
LINE
8
CONTORNO
10
120.082667
20
191.700734
11
121.472622
21
192.034368
0
LINE
8
CONTORNO
10
121.472622
20
192.034368
11
122.829405
21
192.397043
0
LINE
8
CONTORNO
10
122.829405
20
192.397043
11
124.150281
21
192.788028
0
LINE
8
CONTORNO
10
124.150281
20
192.788028
11
125.432591
21
193.206538
0
LINE
8
CONTORNO
10
125.432591
20
193.206538
11
126.673752
21
193.651728
0
LINE
8
CONTORNO
10
126.673752
20
193.651728
11
127.871266
21
194.122702
0
LINE
8
CONTORNO
10
127.871266
20
194.122702
11
129.022720
21
194.618511
0
LINE
8
CONTORNO
10
129.022720
20
194.618511
11
130.125795
21
195.138158
0
LINE
8
CONTORNO
10
130.125795
20
195.138158
11
131.178270
21
195.680595
0
LINE
8
CONTORNO
10
131.178270
20
195.680595
11
132.178026
21
196.244731
0
LINE
8
CONTORNO
10
132.178026
20
196.244731
11
133.123049
21
196.829429
0
LINE
8
CONTORNO
10
133.123049
20
196.829429
11
134.011435
21
197.433511
0
LINE
8
CONTORNO
10
134.011435
20
197.433511
11
134.841397
21
198.055761
0
LINE
8
CONTORNO
10
134.841397
20
198.055761
11
135.611262
21
198.694927
0
LINE
8
CONTORNO
10
135.611262
20
198.694927
11
136.319480
21
199.349720
0
LINE
8
CONTORNO
10
136.319480
20
199.349720
11
136.964624
21
200.018822
0
LINE
8
CONTORNO
10
136.964624
20
200.018822
11
137.545397
21
200.700886
0
LINE
8
CONTORNO
10
137.545397
20
200.700886
11
138.060627
21
201.394538
0
LINE
8
CONTORNO
10
138.060627
20
201.394538
11
138.509277
21
202.098381
0
LINE
8
CONTORNO
10
138.509277
20
202.098381
11
138.890444
21
202.810997
0
LINE
8
CONTORNO
10
138.890444
20
202.810997
11
139.203360
21
203.530952
0
LINE
8
CONTORNO
10
139.203360
20
203.530952
11
139.447396
21
204.256796
0
LINE
8
CONTORNO
10
139.447396
20
204.256796
11
139.622058
21
204.987067
0
LINE
8
CONTORNO
10
139.622058
20
204.987067
11
139.726997
21
205.720294
0
LINE
8
CONTORNO
10
139.726997
20
205.720294
11
139.762000
21
206.455000
0
LINE
8
CONTORNO
10
139.762000
20
206.455000
11
139.726997
21
207.189706
0
LINE
8
CONTORNO
10
139.726997
20
207.189706
11
139.622058
21
207.922933
0
LINE
8
CONTORNO
10
139.622058
20
207.922933
11
139.447396
21
208.653204
0
LINE
8
CONTORNO
10
139.447396
20
208.653204
11
139.203360
21
209.379048
0
LINE
8
CONTORNO
10
139.203360
20
209.379048
11
138.890444
21
210.099003
0
LINE
8
CONTORNO
10
138.890444
20
210.099003
11
138.509277
21
210.811619
0
LINE
8
CONTORNO
10
138.509277
20
210.811619
11
138.060627
21
211.515462
0
LINE
8
CONTORNO
10
138.060627
20
211.515462
11
137.545397
21
212.209114
0
LINE
8
CONTORNO
10
137.545397
20
212.209114
11
136.964624
21
212.891178
0
LINE
8
CONTORNO
10
136.964624
20
212.891178
11
136.319480
21
213.560280
0
LINE
8
CONTORNO
10
136.319480
20
213.560280
11
135.611262
21
214.215073
0
LINE
8
CONTORNO
10
135.611262
20
214.215073
11
134.841397
21
214.854239
0
LINE
8
CONTORNO
10
134.841397
20
214.854239
11
134.011435
21
215.476489
0
LINE
8
CONTORNO
10
134.011435
20
215.476489
11
133.123049
21
216.080571
0
LINE
8
CONTORNO
10
133.123049
20
216.080571
11
132.178026
21
216.665269
0
LINE
8
CONTORNO
10
132.178026
20
216.665269
11
131.178270
21
217.229405
0
LINE
8
CONTORNO
10
131.178270
20
217.229405
11
130.125795
21
217.771842
0
LINE
8
CONTORNO
10
130.125795
20
217.771842
11
129.022720
21
218.291489
0
LINE
8
CONTORNO
10
129.022720
20
218.291489
11
127.871266
21
218.787298
0
LINE
8
CONTORNO
10
127.871266
20
218.787298
11
126.673752
21
219.258272
0
LINE
8
CONTORNO
10
126.673752
20
219.258272
11
125.432591
21
219.703462
0
LINE
8
CONTORNO
10
125.432591
20
219.703462
11
124.150281
21
220.121972
0
LINE
8
CONTORNO
10
124.150281
20
220.121972
11
122.829405
21
220.512957
0
LINE
8
CONTORNO
10
122.829405
20
220.512957
11
121.472622
21
220.875632
0
LINE
8
CONTORNO
10
121.472622
20
220.875632
11
120.082667
21
221.209266
0
LINE
8
CONTORNO
10
120.082667
20
221.209266
11
118.662336
21
221.513187
0
LINE
8
CONTORNO
10
118.662336
20
221.513187
11
117.214492
21
221.786782
0
LINE
8
CONTORNO
10
117.214492
20
221.786782
11
115.742049
21
222.029502
0
LINE
8
CONTORNO
10
115.742049
20
222.029502
11
114.247973
21
222.240856
0
LINE
8
CONTORNO
10
114.247973
20
222.240856
11
112.735273
21
222.420419
0
LINE
8
CONTORNO
10
112.735273
20
222.420419
11
111.206995
21
222.567831
0
LINE
8
CONTORNO
10
111.206995
20
222.567831
11
109.666217
21
222.682793
0
LINE
8
CONTORNO
10
109.666217
20
222.682793
11
108.116042
21
222.765075
0
LINE
8
CONTORNO
10
108.116042
20
222.765075
11
106.559591
21
222.814510
0
LINE
8
CONTORNO
10
106.559591
20
222.814510
11
105.000000
21
222.831000
0
LINE
8
CONTORNO
10
105.000000
20
222.831000
11
103.440409
21
222.814510
0
LINE
8
CONTORNO
10
103.440409
20
222.814510
11
101.883958
21
222.765075
0
LINE
8
CONTORNO
10
101.883958
20
222.765075
11
100.333783
21
222.682793
0
LINE
8
CONTORNO
10
100.333783
20
222.682793
11
98.793005
21
222.567831
0
LINE
8
CONTORNO
10
98.793005
20
222.567831
11
97.264727
21
222.420419
0
LINE
8
CONTORNO
10
97.264727
20
222.420419
11
95.752027
21
222.240856
0
LINE
8
CONTORNO
10
95.752027
20
222.240856
11
94.257951
21
222.029502
0
LINE
8
CONTORNO
10
94.257951
20
222.029502
11
92.785508
21
221.786782
0
LINE
8
CONTORNO
10
92.785508
20
221.786782
11
91.337664
21
221.513187
0
LINE
8
CONTORNO
10
91.337664
20
221.513187
11
89.917333
21
221.209266
0
LINE
8
CONTORNO
10
89.917333
20
221.209266
11
88.527378
21
220.875632
0
LINE
8
CONTORNO
10
88.527378
20
220.875632
11
87.170595
21
220.512957
0
LINE
8
CONTORNO
10
87.170595
20
220.512957
11
85.849719
21
220.121972
0
LINE
8
CONTORNO
10
85.849719
20
220.121972
11
84.567409
21
219.703462
0
LINE
8
CONTORNO
10
84.567409
20
219.703462
11
83.326248
21
219.258272
0
LINE
8
CONTORNO
10
83.326248
20
219.258272
11
82.128734
21
218.787298
0
LINE
8
CONTORNO
10
82.128734
20
218.787298
11
80.977280
21
218.291489
0
LINE
8
CONTORNO
10
80.977280
20
218.291489
11
79.874205
21
217.771842
0
LINE
8
CONTORNO
10
79.874205
20
217.771842
11
78.821730
21
217.229405
0
LINE
8
CONTORNO
10
78.821730
20
217.229405
11
77.821974
21
216.665269
0
LINE
8
CONTORNO
10
77.821974
20
216.665269
11
76.876951
21
216.080571
0
LINE
8
CONTORNO
10
76.876951
20
216.080571
11
75.988565
21
215.476489
0
LINE
8
CONTORNO
10
75.988565
20
215.476489
11
75.158603
21
214.854239
0
LINE
8
CONTORNO
10
75.158603
20
214.854239
11
74.388738
21
214.215073
0
LINE
8
CONTORNO
10
74.388738
20
214.215073
11
73.680520
21
213.560280
0
LINE
8
CONTORNO
10
73.680520
20
213.560280
11
73.035376
21
212.891178
0
LINE
8
CONTORNO
10
73.035376
20
212.891178
11
72.454603
21
212.209114
0
LINE
8
CONTORNO
10
72.454603
20
212.209114
11
71.939373
21
211.515462
0
LINE
8
CONTORNO
10
71.939373
20
211.515462
11
71.490723
21
210.811619
0
LINE
8
CONTORNO
10
71.490723
20
210.811619
11
71.109556
21
210.099003
0
LINE
8
CONTORNO
10
71.109556
20
210.099003
11
70.796640
21
209.379048
0
LINE
8
CONTORNO
10
70.796640
20
209.379048
11
70.552604
21
208.653204
0
LINE
8
CONTORNO
10
70.552604
20
208.653204
11
70.377942
21
207.922933
0
LINE
8
CONTORNO
10
70.377942
20
207.922933
11
70.273003
21
207.189706
0
LINE
8
CONTORNO
10
70.273003
20
207.189706
11
70.238000
21
206.455000
0
LINE
8
QUOTE
10
59.000000
20
184.000000
11
59.000000
21
165.500000
0
LINE
8
QUOTE
10
151.000000
20
184.000000
11
151.000000
21
165.500000
0
LINE
8
QUOTE
10
59.000000
20
167.000000
11
151.000000
21
167.000000
0
LINE
8
QUOTE
10
59.000000
20
167.000000
11
62.000000
21
167.500000
0
LINE
8
QUOTE
10
62.000000
20
167.500000
11
62.000000
21
166.500000
0
LINE
8
QUOTE
10
62.000000
20
166.500000
11
59.000000
21
167.000000
0
LINE
8
QUOTE
10
151.000000
20
167.000000
11
148.000000
21
166.500000
0
LINE
8
QUOTE
10
148.000000
20
166.500000
11
148.000000
21
167.500000
0
LINE
8
QUOTE
10
148.000000
20
167.500000
11
151.000000
21
167.000000
0
TEXT
8
QUOTE
10
105.000000
20
167.900000
40
2.500000
1
46.00
50
0.000000
72
1.000000
11
105.000000
21
167.900000
0
LINE
8
QUOTE
10
58.000000
20
185.000000
11
43.500000
21
185.000000
0
LINE
8
QUOTE
10
58.000000
20
239.000000
11
43.500000
21
239.000000
0
LINE
8
QUOTE
10
45.000000
20
185.000000
11
45.000000
21
239.000000
0
LINE
8
QUOTE
10
45.000000
20
185.000000
11
44.500000
21
188.000000
0
LINE
8
QUOTE
10
44.500000
20
188.000000
11
45.500000
21
188.000000
0
LINE
8
QUOTE
10
45.500000
20
188.000000
11
45.000000
21
185.000000
0
LINE
8
QUOTE
10
45.000000
20
239.000000
11
45.500000
21
236.000000
0
LINE
8
QUOTE
10
45.500000
20
236.000000
11
44.500000
21
236.000000
0
LINE
8
QUOTE
10
44.500000
20
236.000000
11
45.000000
21
239.000000
0
TEXT
8
QUOTE
10
44.100000
20
212.000000
40
2.500000
1
27.00
50
90.000000
72
1.000000
11
44.100000
21
212.000000
0
LINE
8
QUOTE
10
70.238000
20
223.831000
11
70.238000
21
248.531000
0
LINE
8
QUOTE
10
139.762000
20
223.831000
11
139.762000
21
248.531000
0
LINE
8
QUOTE
10
70.238000
20
247.031000
11
139.762000
21
247.031000
0
LINE
8
QUOTE
10
70.238000
20
247.031000
11
73.238000
21
247.531000
0
LINE
8
QUOTE
10
73.238000
20
247.531000
11
73.238000
21
246.531000
0
LINE
8
QUOTE
10
73.238000
20
246.531000
11
70.238000
21
247.031000
0
LINE
8
QUOTE
10
139.762000
20
247.031000
11
136.762000
21
246.531000
0
LINE
8
QUOTE
10
136.762000
20
246.531000
11
136.762000
21
247.531000
0
LINE
8
QUOTE
10
136.762000
20
247.531000
11
139.762000
21
247.031000
0
TEXT
8
QUOTE
10
105.000000
20
247.931000
40
2.500000
1
34.76  (cupola)
50
0.000000
72
1.000000
11
105.000000
21
247.931000
0
TEXT
8
CONTORNO
10
272.000000
20
158.000000
40
3.400000
1
PROSPETTO FRONTALE
50
0.000000
72
1.000000
11
272.000000
21
158.000000
0
LINE
8
NASCOSTO
10
337.120000
20
188.200000
11
337.120000
21
213.397926
0
LINE
8
NASCOSTO
10
337.120000
20
213.397926
11
337.120000
21
222.368477
0
LINE
8
NASCOSTO
10
337.120000
20
222.368477
11
337.120000
21
239.000000
0
LINE
8
NASCOSTO
10
337.120000
20
222.368477
11
337.120000
21
239.000000
0
LINE
8
NASCOSTO
10
337.120000
20
222.368477
11
337.120000
21
213.397926
0
LINE
8
NASCOSTO
10
337.120000
20
188.200000
11
337.120000
21
213.397926
0
LINE
8
NASCOSTO
10
337.120000
20
207.359000
11
337.120000
21
205.941841
0
LINE
8
NASCOSTO
10
337.120000
20
205.941841
11
337.120000
21
205.574935
0
LINE
8
NASCOSTO
10
337.120000
20
205.574935
11
337.120000
21
205.409393
0
LINE
8
NASCOSTO
10
337.120000
20
205.409393
11
337.120000
21
205.246000
0
LINE
8
NASCOSTO
10
337.120000
20
205.246000
11
337.120000
21
205.409393
0
LINE
8
NASCOSTO
10
337.120000
20
205.409393
11
337.120000
21
205.574935
0
LINE
8
NASCOSTO
10
337.120000
20
205.574935
11
337.120000
21
205.941841
0
LINE
8
NASCOSTO
10
337.120000
20
205.941841
11
337.120000
21
206.376136
0
LINE
8
NASCOSTO
10
337.120000
20
206.376136
11
337.120000
21
206.668286
0
LINE
8
NASCOSTO
10
337.120000
20
206.668286
11
337.120000
21
207.359000
0
LINE
8
NASCOSTO
10
337.120000
20
207.359000
11
337.120000
21
208.049714
0
LINE
8
NASCOSTO
10
337.120000
20
208.049714
11
337.120000
21
208.341864
0
LINE
8
NASCOSTO
10
337.120000
20
208.341864
11
337.120000
21
208.776159
0
LINE
8
NASCOSTO
10
337.120000
20
208.776159
11
337.120000
21
209.143065
0
LINE
8
NASCOSTO
10
337.120000
20
209.143065
11
337.120000
21
209.308607
0
LINE
8
NASCOSTO
10
337.120000
20
209.308607
11
337.120000
21
209.472000
0
LINE
8
NASCOSTO
10
337.120000
20
209.472000
11
337.120000
21
209.308607
0
LINE
8
NASCOSTO
10
337.120000
20
209.308607
11
337.120000
21
209.143065
0
LINE
8
NASCOSTO
10
337.120000
20
209.143065
11
337.120000
21
208.776159
0
LINE
8
NASCOSTO
10
337.120000
20
208.776159
11
337.120000
21
207.359000
0
LINE
8
NASCOSTO
10
337.120000
20
196.502000
11
337.120000
21
196.426734
0
LINE
8
NASCOSTO
10
337.120000
20
196.426734
11
337.120000
21
196.204709
0
LINE
8
NASCOSTO
10
337.120000
20
196.204709
11
337.120000
21
195.847058
0
LINE
8
NASCOSTO
10
337.120000
20
195.847058
11
337.120000
21
195.371716
0
LINE
8
NASCOSTO
10
337.120000
20
195.371716
11
337.120000
21
194.802519
0
LINE
8
NASCOSTO
10
337.120000
20
194.802519
11
337.120000
21
194.168008
0
LINE
8
NASCOSTO
10
337.120000
20
194.168008
11
337.120000
21
193.500000
0
LINE
8
NASCOSTO
10
337.120000
20
193.500000
11
337.120000
21
192.831992
0
LINE
8
NASCOSTO
10
337.120000
20
192.831992
11
337.120000
21
192.197481
0
LINE
8
NASCOSTO
10
337.120000
20
192.197481
11
337.120000
21
191.628284
0
LINE
8
NASCOSTO
10
337.120000
20
191.628284
11
337.120000
21
191.152942
0
LINE
8
NASCOSTO
10
337.120000
20
191.152942
11
337.120000
21
190.795291
0
LINE
8
NASCOSTO
10
337.120000
20
190.795291
11
337.120000
21
190.573266
0
LINE
8
NASCOSTO
10
337.120000
20
190.573266
11
337.120000
21
190.498000
0
LINE
8
NASCOSTO
10
337.120000
20
190.498000
11
337.120000
21
190.573266
0
LINE
8
NASCOSTO
10
337.120000
20
190.573266
11
337.120000
21
190.795291
0
LINE
8
NASCOSTO
10
337.120000
20
190.795291
11
337.120000
21
191.152942
0
LINE
8
NASCOSTO
10
337.120000
20
191.152942
11
337.120000
21
191.628284
0
LINE
8
NASCOSTO
10
337.120000
20
191.628284
11
337.120000
21
192.197481
0
LINE
8
NASCOSTO
10
337.120000
20
192.197481
11
337.120000
21
192.831992
0
LINE
8
NASCOSTO
10
337.120000
20
192.831992
11
337.120000
21
193.500000
0
LINE
8
NASCOSTO
10
337.120000
20
193.500000
11
337.120000
21
194.168008
0
LINE
8
NASCOSTO
10
337.120000
20
194.168008
11
337.120000
21
194.802519
0
LINE
8
NASCOSTO
10
337.120000
20
194.802519
11
337.120000
21
195.371716
0
LINE
8
NASCOSTO
10
337.120000
20
195.371716
11
337.120000
21
195.847058
0
LINE
8
NASCOSTO
10
337.120000
20
195.847058
11
337.120000
21
196.204709
0
LINE
8
NASCOSTO
10
337.120000
20
196.204709
11
337.120000
21
196.426734
0
LINE
8
NASCOSTO
10
337.120000
20
196.426734
11
337.120000
21
196.502000
0
LINE
8
NASCOSTO
10
337.120000
20
207.358000
11
337.120000
21
205.940171
0
LINE
8
NASCOSTO
10
337.120000
20
205.940171
11
337.120000
21
205.573091
0
LINE
8
NASCOSTO
10
337.120000
20
205.573091
11
337.120000
21
205.407470
0
LINE
8
NASCOSTO
10
337.120000
20
205.407470
11
337.120000
21
205.244000
0
LINE
8
NASCOSTO
10
337.120000
20
205.244000
11
337.120000
21
205.407470
0
LINE
8
NASCOSTO
10
337.120000
20
205.407470
11
337.120000
21
205.573091
0
LINE
8
NASCOSTO
10
337.120000
20
205.573091
11
337.120000
21
205.940171
0
LINE
8
NASCOSTO
10
337.120000
20
205.940171
11
337.120000
21
206.374671
0
LINE
8
NASCOSTO
10
337.120000
20
206.374671
11
337.120000
21
206.666959
0
LINE
8
NASCOSTO
10
337.120000
20
206.666959
11
337.120000
21
207.358000
0
LINE
8
NASCOSTO
10
337.120000
20
207.358000
11
337.120000
21
208.049041
0
LINE
8
NASCOSTO
10
337.120000
20
208.049041
11
337.120000
21
208.341329
0
LINE
8
NASCOSTO
10
337.120000
20
208.341329
11
337.120000
21
208.775829
0
LINE
8
NASCOSTO
10
337.120000
20
208.775829
11
337.120000
21
209.142909
0
LINE
8
NASCOSTO
10
337.120000
20
209.142909
11
337.120000
21
209.308530
0
LINE
8
NASCOSTO
10
337.120000
20
209.308530
11
337.120000
21
209.472000
0
LINE
8
NASCOSTO
10
337.120000
20
209.472000
11
337.120000
21
209.308530
0
LINE
8
NASCOSTO
10
337.120000
20
209.308530
11
337.120000
21
209.142909
0
LINE
8
NASCOSTO
10
337.120000
20
209.142909
11
337.120000
21
208.775829
0
LINE
8
NASCOSTO
10
337.120000
20
208.775829
11
337.120000
21
207.358000
0
LINE
8
NASCOSTO
10
337.120000
20
213.397926
11
326.762000
21
222.370058
0
LINE
8
NASCOSTO
10
326.762000
20
239.000000
11
326.762000
21
222.370058
0
LINE
8
NASCOSTO
10
326.762000
20
239.000000
11
204.958000
21
239.000000
0
LINE
8
NASCOSTO
10
204.958000
20
239.000000
11
204.958000
21
222.370058
0
LINE
8
NASCOSTO
10
204.958000
20
222.370058
11
194.600000
21
213.397926
0
LINE
8
NASCOSTO
10
194.600000
20
188.200000
11
194.600000
21
213.397926
0
LINE
8
NASCOSTO
10
194.600000
20
188.200000
11
337.120000
21
188.200000
0
LINE
8
NASCOSTO
10
194.600000
20
188.200000
11
194.600000
21
233.004000
0
LINE
8
NASCOSTO
10
194.600000
20
233.004000
11
194.600000
21
239.000000
0
LINE
8
NASCOSTO
10
194.600000
20
222.368477
11
194.600000
21
239.000000
0
LINE
8
NASCOSTO
10
194.600000
20
222.368477
11
194.600000
21
213.397926
0
LINE
8
NASCOSTO
10
194.600000
20
188.200000
11
337.120000
21
188.200000
0
LINE
8
NASCOSTO
10
337.120000
20
213.397926
11
326.762000
21
222.370058
0
LINE
8
NASCOSTO
10
326.762000
20
239.000000
11
326.762000
21
222.370058
0
LINE
8
NASCOSTO
10
194.600000
20
233.004000
11
204.958000
21
233.004000
0
LINE
8
NASCOSTO
10
326.762000
20
239.000000
11
204.958000
21
239.000000
0
LINE
8
NASCOSTO
10
204.958000
20
239.000000
11
204.958000
21
233.004000
0
LINE
8
NASCOSTO
10
253.858000
20
234.395534
11
257.550000
21
234.395534
0
LINE
8
NASCOSTO
10
257.550000
20
234.395534
11
257.550000
21
231.788466
0
LINE
8
NASCOSTO
10
253.858000
20
231.788466
11
257.550000
21
231.788466
0
LINE
8
NASCOSTO
10
253.858000
20
234.395534
11
253.858000
21
231.788466
0
LINE
8
NASCOSTO
10
263.086000
20
236.504000
11
276.020000
21
236.504000
0
LINE
8
NASCOSTO
10
263.086000
20
236.504000
11
263.086000
21
228.494000
0
LINE
8
NASCOSTO
10
276.020000
20
236.504000
11
276.020000
21
228.494000
0
LINE
8
NASCOSTO
10
263.086000
20
228.494000
11
276.020000
21
228.494000
0
LINE
8
NASCOSTO
10
281.556000
20
234.395534
11
285.248000
21
234.395534
0
LINE
8
NASCOSTO
10
281.556000
20
234.395534
11
281.556000
21
231.788466
0
LINE
8
NASCOSTO
10
285.248000
20
234.395534
11
285.248000
21
231.788466
0
LINE
8
NASCOSTO
10
281.556000
20
231.788466
11
285.248000
21
231.788466
0
LINE
8
NASCOSTO
10
192.000000
20
188.000000
11
192.000000
21
239.000000
0
LINE
8
NASCOSTO
10
192.000000
20
210.994000
11
192.000000
21
233.004000
0
LINE
8
NASCOSTO
10
192.000000
20
210.994000
11
192.000000
21
233.004000
0
LINE
8
NASCOSTO
10
339.720000
20
188.000000
11
339.720000
21
239.000000
0
LINE
8
NASCOSTO
10
192.000000
20
239.000000
11
339.720000
21
239.000000
0
LINE
8
NASCOSTO
10
192.000000
20
210.994000
11
193.380000
21
210.994000
0
LINE
8
NASCOSTO
10
192.000000
20
210.994000
11
193.380000
21
210.994000
0
LINE
8
NASCOSTO
10
193.380000
20
210.994000
11
193.380000
21
233.004000
0
LINE
8
NASCOSTO
10
192.000000
20
233.004000
11
193.380000
21
233.004000
0
LINE
8
NASCOSTO
10
192.000000
20
233.004000
11
193.380000
21
233.004000
0
LINE
8
NASCOSTO
10
193.380000
20
210.994000
11
193.380000
21
233.004000
0
LINE
8
NASCOSTO
10
339.720000
20
196.502000
11
339.720000
21
196.426734
0
LINE
8
NASCOSTO
10
339.720000
20
196.426734
11
339.720000
21
196.204709
0
LINE
8
NASCOSTO
10
339.720000
20
196.204709
11
339.720000
21
195.847058
0
LINE
8
NASCOSTO
10
339.720000
20
195.847058
11
339.720000
21
195.371716
0
LINE
8
NASCOSTO
10
339.720000
20
195.371716
11
339.720000
21
194.802519
0
LINE
8
NASCOSTO
10
339.720000
20
194.802519
11
339.720000
21
194.168008
0
LINE
8
NASCOSTO
10
339.720000
20
194.168008
11
339.720000
21
193.500000
0
LINE
8
NASCOSTO
10
339.720000
20
193.500000
11
339.720000
21
192.831992
0
LINE
8
NASCOSTO
10
339.720000
20
192.831992
11
339.720000
21
192.197481
0
LINE
8
NASCOSTO
10
339.720000
20
192.197481
11
339.720000
21
191.628284
0
LINE
8
NASCOSTO
10
339.720000
20
191.628284
11
339.720000
21
191.152942
0
LINE
8
NASCOSTO
10
339.720000
20
191.152942
11
339.720000
21
190.795291
0
LINE
8
NASCOSTO
10
339.720000
20
190.795291
11
339.720000
21
190.573266
0
LINE
8
NASCOSTO
10
339.720000
20
190.573266
11
339.720000
21
190.498000
0
LINE
8
NASCOSTO
10
339.720000
20
190.498000
11
339.720000
21
190.573266
0
LINE
8
NASCOSTO
10
339.720000
20
190.573266
11
339.720000
21
190.795291
0
LINE
8
NASCOSTO
10
339.720000
20
190.795291
11
339.720000
21
191.152942
0
LINE
8
NASCOSTO
10
339.720000
20
191.152942
11
339.720000
21
191.628284
0
LINE
8
NASCOSTO
10
339.720000
20
191.628284
11
339.720000
21
192.197481
0
LINE
8
NASCOSTO
10
339.720000
20
192.197481
11
339.720000
21
192.831992
0
LINE
8
NASCOSTO
10
339.720000
20
192.831992
11
339.720000
21
193.500000
0
LINE
8
NASCOSTO
10
339.720000
20
193.500000
11
339.720000
21
194.168008
0
LINE
8
NASCOSTO
10
339.720000
20
194.168008
11
339.720000
21
194.802519
0
LINE
8
NASCOSTO
10
339.720000
20
194.802519
11
339.720000
21
195.371716
0
LINE
8
NASCOSTO
10
339.720000
20
195.371716
11
339.720000
21
195.847058
0
LINE
8
NASCOSTO
10
339.720000
20
195.847058
11
339.720000
21
196.204709
0
LINE
8
NASCOSTO
10
339.720000
20
196.204709
11
339.720000
21
196.426734
0
LINE
8
NASCOSTO
10
339.720000
20
196.426734
11
339.720000
21
196.502000
0
LINE
8
NASCOSTO
10
339.720000
20
222.831000
11
339.720000
21
198.267000
0
LINE
8
NASCOSTO
10
339.720000
20
198.267000
11
339.720000
21
190.079000
0
LINE
8
NASCOSTO
10
339.720000
20
190.079000
11
339.720000
21
198.267000
0
LINE
8
NASCOSTO
10
339.720000
20
198.267000
11
339.720000
21
222.831000
0
LINE
8
NASCOSTO
10
195.000000
20
185.000000
11
336.720000
21
185.000000
0
LINE
8
NASCOSTO
10
193.380000
20
232.452800
11
193.380000
21
232.377458
0
LINE
8
NASCOSTO
10
193.380000
20
232.377458
11
193.380000
21
232.155211
0
LINE
8
NASCOSTO
10
193.380000
20
232.155211
11
193.380000
21
231.797204
0
LINE
8
NASCOSTO
10
193.380000
20
231.797204
11
193.380000
21
231.321387
0
LINE
8
NASCOSTO
10
193.380000
20
231.321387
11
193.380000
21
230.751621
0
LINE
8
NASCOSTO
10
193.380000
20
230.751621
11
193.380000
21
230.116475
0
LINE
8
NASCOSTO
10
193.380000
20
230.116475
11
193.380000
21
229.447800
0
LINE
8
NASCOSTO
10
193.380000
20
229.447800
11
193.380000
21
228.779125
0
LINE
8
NASCOSTO
10
193.380000
20
228.779125
11
193.380000
21
228.143979
0
LINE
8
NASCOSTO
10
193.380000
20
228.143979
11
193.380000
21
227.574213
0
LINE
8
NASCOSTO
10
193.380000
20
227.574213
11
193.380000
21
227.098396
0
LINE
8
NASCOSTO
10
193.380000
20
227.098396
11
193.380000
21
226.740389
0
LINE
8
NASCOSTO
10
193.380000
20
226.740389
11
193.380000
21
226.518142
0
LINE
8
NASCOSTO
10
193.380000
20
226.518142
11
193.380000
21
226.442800
0
LINE
8
NASCOSTO
10
193.380000
20
226.442800
11
193.380000
21
226.518142
0
LINE
8
NASCOSTO
10
193.380000
20
226.518142
11
193.380000
21
226.740389
0
LINE
8
NASCOSTO
10
193.380000
20
226.740389
11
193.380000
21
227.098396
0
LINE
8
NASCOSTO
10
193.380000
20
227.098396
11
193.380000
21
227.574213
0
LINE
8
NASCOSTO
10
193.380000
20
227.574213
11
193.380000
21
228.143979
0
LINE
8
NASCOSTO
10
193.380000
20
228.143979
11
193.380000
21
228.779125
0
LINE
8
NASCOSTO
10
193.380000
20
228.779125
11
193.380000
21
229.447800
0
LINE
8
NASCOSTO
10
193.380000
20
229.447800
11
193.380000
21
230.116475
0
LINE
8
NASCOSTO
10
193.380000
20
230.116475
11
193.380000
21
230.751621
0
LINE
8
NASCOSTO
10
193.380000
20
230.751621
11
193.380000
21
231.321387
0
LINE
8
NASCOSTO
10
193.380000
20
231.321387
11
193.380000
21
231.797204
0
LINE
8
NASCOSTO
10
193.380000
20
231.797204
11
193.380000
21
232.155211
0
LINE
8
NASCOSTO
10
193.380000
20
232.155211
11
193.380000
21
232.377458
0
LINE
8
NASCOSTO
10
193.380000
20
232.377458
11
193.380000
21
232.452800
0
LINE
8
NASCOSTO
10
337.120000
20
196.502000
11
339.720000
21
196.502000
0
LINE
8
NASCOSTO
10
349.395465
20
207.359000
11
349.618008
21
206.051410
0
LINE
8
NASCOSTO
10
349.618008
20
206.051410
11
349.794533
21
205.575813
0
LINE
8
NASCOSTO
10
349.794533
20
205.575813
11
349.926432
21
205.376571
0
LINE
8
NASCOSTO
10
349.926432
20
205.376571
11
350.171858
21
205.246000
0
LINE
8
NASCOSTO
10
350.171858
20
205.246000
11
350.243486
21
205.256216
0
LINE
8
NASCOSTO
10
350.243486
20
205.256216
11
350.577588
21
205.586256
0
LINE
8
NASCOSTO
10
350.577588
20
205.586256
11
350.675861
21
205.800447
0
LINE
8
NASCOSTO
10
350.675861
20
205.800447
11
350.779176
21
206.146612
0
LINE
8
NASCOSTO
10
350.779176
20
206.146612
11
350.835391
21
206.470143
0
LINE
8
NASCOSTO
10
350.835391
20
206.470143
11
350.854586
21
206.665012
0
LINE
8
NASCOSTO
10
350.854586
20
206.665012
11
350.863745
21
207.079149
0
LINE
8
NASCOSTO
10
350.863745
20
207.079149
11
350.831710
21
207.504646
0
LINE
8
NASCOSTO
10
350.831710
20
207.504646
11
350.801913
21
207.707617
0
LINE
8
NASCOSTO
10
350.801913
20
207.707617
11
350.724668
21
208.068992
0
LINE
8
NASCOSTO
10
350.724668
20
208.068992
11
350.595336
21
208.478383
0
LINE
8
NASCOSTO
10
350.595336
20
208.478383
11
350.479105
21
208.750157
0
LINE
8
NASCOSTO
10
350.479105
20
208.750157
11
350.111392
21
209.296875
0
LINE
8
NASCOSTO
10
350.111392
20
209.296875
11
349.779671
21
209.472000
0
LINE
8
NASCOSTO
10
349.779671
20
209.472000
11
349.660302
21
209.440330
0
LINE
8
NASCOSTO
10
349.660302
20
209.440330
11
349.506632
21
209.259269
0
LINE
8
NASCOSTO
10
349.506632
20
209.259269
11
349.409779
21
208.950377
0
LINE
8
NASCOSTO
10
349.409779
20
208.950377
11
349.374125
21
208.703523
0
LINE
8
NASCOSTO
10
349.374125
20
208.703523
11
349.360019
21
208.520306
0
LINE
8
NASCOSTO
10
349.360019
20
208.520306
11
349.354326
21
208.027716
0
LINE
8
NASCOSTO
10
349.354326
20
208.027716
11
349.395465
21
207.359000
0
LINE
8
NASCOSTO
10
326.762000
20
222.370058
11
326.762000
21
231.340610
0
LINE
8
NASCOSTO
10
337.120000
20
222.368477
11
326.762000
21
231.340610
0
LINE
8
NASCOSTO
10
333.570000
20
220.380651
11
333.570000
21
220.380173
0
LINE
8
NASCOSTO
10
333.570000
20
220.380173
11
333.569999
21
220.379696
0
LINE
8
NASCOSTO
10
333.569999
20
220.379696
11
333.569998
21
220.379218
0
LINE
8
NASCOSTO
10
333.569998
20
220.379218
11
333.569996
21
220.378742
0
LINE
8
NASCOSTO
10
333.569996
20
220.378742
11
333.569993
21
220.378265
0
LINE
8
NASCOSTO
10
333.569993
20
220.378265
11
333.569990
21
220.377790
0
LINE
8
NASCOSTO
10
333.569990
20
220.377790
11
333.569987
21
220.377314
0
LINE
8
NASCOSTO
10
333.569987
20
220.377314
11
333.569983
21
220.376839
0
LINE
8
NASCOSTO
10
333.569983
20
220.376839
11
333.569978
21
220.376365
0
LINE
8
NASCOSTO
10
333.569978
20
220.376365
11
333.569973
21
220.375891
0
LINE
8
NASCOSTO
10
333.569973
20
220.375891
11
333.569968
21
220.375418
0
LINE
8
NASCOSTO
10
333.569968
20
220.375418
11
333.569961
21
220.374945
0
LINE
8
NASCOSTO
10
333.569961
20
220.374945
11
333.569955
21
220.374472
0
LINE
8
NASCOSTO
10
333.569955
20
220.374472
11
333.569947
21
220.374000
0
LINE
8
NASCOSTO
10
332.738755
20
220.374000
11
333.569947
21
220.374000
0
LINE
8
NASCOSTO
10
332.738755
20
220.374000
11
332.519996
21
220.511256
0
LINE
8
NASCOSTO
10
332.519996
20
220.511256
11
332.288554
21
220.676679
0
LINE
8
NASCOSTO
10
332.288554
20
220.676679
11
332.049535
21
220.866618
0
LINE
8
NASCOSTO
10
332.049535
20
220.866618
11
331.808210
21
221.076886
0
LINE
8
NASCOSTO
10
331.808210
20
221.076886
11
331.569902
21
221.302843
0
LINE
8
NASCOSTO
10
331.569902
20
221.302843
11
331.339868
21
221.539506
0
LINE
8
NASCOSTO
10
331.339868
20
221.539506
11
331.123181
21
221.781656
0
LINE
8
NASCOSTO
10
331.123181
20
221.781656
11
330.924620
21
222.023950
0
LINE
8
NASCOSTO
10
330.924620
20
222.023950
11
330.748566
21
222.261045
0
LINE
8
NASCOSTO
10
330.748566
20
222.261045
11
330.598901
21
222.487712
0
LINE
8
NASCOSTO
10
330.598901
20
222.487712
11
330.478927
21
222.698950
0
LINE
8
NASCOSTO
10
330.478927
20
222.698950
11
330.391289
21
222.890101
0
LINE
8
NASCOSTO
10
330.391289
20
222.890101
11
330.337921
21
223.056948
0
LINE
8
NASCOSTO
10
330.337921
20
223.056948
11
330.320000
21
223.195812
0
LINE
8
NASCOSTO
10
330.320000
20
224.341730
11
330.320000
21
223.195812
0
LINE
8
NASCOSTO
10
330.320000
20
224.341730
11
330.360742
21
224.491752
0
LINE
8
NASCOSTO
10
330.360742
20
224.491752
11
330.480926
21
224.563670
0
LINE
8
NASCOSTO
10
330.480926
20
224.563670
11
330.674524
21
224.553876
0
LINE
8
NASCOSTO
10
330.674524
20
224.553876
11
330.931829
21
224.462863
0
LINE
8
NASCOSTO
10
330.931829
20
224.462863
11
331.239939
21
224.295193
0
LINE
8
NASCOSTO
10
331.239939
20
224.295193
11
331.583403
21
224.059276
0
LINE
8
NASCOSTO
10
331.583403
20
224.059276
11
331.945000
21
223.766939
0
LINE
8
NASCOSTO
10
331.945000
20
223.766939
11
332.306597
21
223.432843
0
LINE
8
NASCOSTO
10
332.306597
20
223.432843
11
332.650061
21
223.073741
0
LINE
8
NASCOSTO
10
332.650061
20
223.073741
11
332.958171
21
222.707639
0
LINE
8
NASCOSTO
10
332.958171
20
222.707639
11
333.215476
21
222.352895
0
LINE
8
NASCOSTO
10
333.215476
20
222.352895
11
333.409074
21
222.027298
0
LINE
8
NASCOSTO
10
333.409074
20
222.027298
11
333.529258
21
221.747174
0
LINE
8
NASCOSTO
10
333.529258
20
221.747174
11
333.570000
21
221.526570
0
LINE
8
NASCOSTO
10
333.570000
20
221.526570
11
333.570000
21
220.380651
0
LINE
8
NASCOSTO
10
326.762000
20
239.000000
11
337.120000
21
239.000000
0
LINE
8
NASCOSTO
10
326.762000
20
231.340610
11
326.762000
21
239.000000
0
LINE
8
NASCOSTO
10
326.762000
20
239.000000
11
337.120000
21
239.000000
0
LINE
8
NASCOSTO
10
326.762000
20
231.340610
11
326.762000
21
239.000000
0
LINE
8
NASCOSTO
10
337.120000
20
222.368477
11
326.762000
21
231.340610
0
LINE
8
NASCOSTO
10
326.762000
20
231.340610
11
326.762000
21
222.370058
0
LINE
8
NASCOSTO
10
333.570000
20
221.526570
11
333.529258
21
221.747174
0
LINE
8
NASCOSTO
10
333.529258
20
221.747174
11
333.409074
21
222.027298
0
LINE
8
NASCOSTO
10
333.409074
20
222.027298
11
333.215476
21
222.352895
0
LINE
8
NASCOSTO
10
333.215476
20
222.352895
11
332.958171
21
222.707639
0
LINE
8
NASCOSTO
10
332.958171
20
222.707639
11
332.650061
21
223.073741
0
LINE
8
NASCOSTO
10
332.650061
20
223.073741
11
332.306597
21
223.432843
0
LINE
8
NASCOSTO
10
332.306597
20
223.432843
11
331.945000
21
223.766939
0
LINE
8
NASCOSTO
10
331.945000
20
223.766939
11
331.583403
21
224.059276
0
LINE
8
NASCOSTO
10
331.583403
20
224.059276
11
331.239939
21
224.295193
0
LINE
8
NASCOSTO
10
331.239939
20
224.295193
11
330.931829
21
224.462863
0
LINE
8
NASCOSTO
10
330.931829
20
224.462863
11
330.674524
21
224.553876
0
LINE
8
NASCOSTO
10
330.674524
20
224.553876
11
330.480926
21
224.563670
0
LINE
8
NASCOSTO
10
330.480926
20
224.563670
11
330.360742
21
224.491752
0
LINE
8
NASCOSTO
10
330.360742
20
224.491752
11
330.320000
21
224.341730
0
LINE
8
NASCOSTO
10
330.320000
20
223.195812
11
330.320000
21
224.341730
0
LINE
8
NASCOSTO
10
330.320000
20
223.195812
11
330.337921
21
223.056948
0
LINE
8
NASCOSTO
10
330.337921
20
223.056948
11
330.391289
21
222.890101
0
LINE
8
NASCOSTO
10
330.391289
20
222.890101
11
330.478927
21
222.698950
0
LINE
8
NASCOSTO
10
330.478927
20
222.698950
11
330.598901
21
222.487712
0
LINE
8
NASCOSTO
10
330.598901
20
222.487712
11
330.748566
21
222.261045
0
LINE
8
NASCOSTO
10
330.748566
20
222.261045
11
330.924620
21
222.023950
0
LINE
8
NASCOSTO
10
330.924620
20
222.023950
11
331.123181
21
221.781656
0
LINE
8
NASCOSTO
10
331.123181
20
221.781656
11
331.339868
21
221.539506
0
LINE
8
NASCOSTO
10
331.339868
20
221.539506
11
331.569902
21
221.302843
0
LINE
8
NASCOSTO
10
331.569902
20
221.302843
11
331.808210
21
221.076886
0
LINE
8
NASCOSTO
10
331.808210
20
221.076886
11
332.049535
21
220.866618
0
LINE
8
NASCOSTO
10
332.049535
20
220.866618
11
332.288554
21
220.676679
0
LINE
8
NASCOSTO
10
332.288554
20
220.676679
11
332.519996
21
220.511256
0
LINE
8
NASCOSTO
10
332.519996
20
220.511256
11
332.738755
21
220.374000
0
LINE
8
NASCOSTO
10
333.569947
20
220.374000
11
332.738755
21
220.374000
0
LINE
8
NASCOSTO
10
333.569947
20
220.374000
11
333.569955
21
220.374472
0
LINE
8
NASCOSTO
10
333.569955
20
220.374472
11
333.569961
21
220.374945
0
LINE
8
NASCOSTO
10
333.569961
20
220.374945
11
333.569968
21
220.375418
0
LINE
8
NASCOSTO
10
333.569968
20
220.375418
11
333.569973
21
220.375891
0
LINE
8
NASCOSTO
10
333.569973
20
220.375891
11
333.569978
21
220.376365
0
LINE
8
NASCOSTO
10
333.569978
20
220.376365
11
333.569983
21
220.376839
0
LINE
8
NASCOSTO
10
333.569983
20
220.376839
11
333.569987
21
220.377314
0
LINE
8
NASCOSTO
10
333.569987
20
220.377314
11
333.569990
21
220.377790
0
LINE
8
NASCOSTO
10
333.569990
20
220.377790
11
333.569993
21
220.378265
0
LINE
8
NASCOSTO
10
333.569993
20
220.378265
11
333.569996
21
220.378742
0
LINE
8
NASCOSTO
10
333.569996
20
220.378742
11
333.569998
21
220.379218
0
LINE
8
NASCOSTO
10
333.569998
20
220.379218
11
333.569999
21
220.379696
0
LINE
8
NASCOSTO
10
333.569999
20
220.379696
11
333.570000
21
220.380173
0
LINE
8
NASCOSTO
10
333.570000
20
220.380173
11
333.570000
21
220.380651
0
LINE
8
NASCOSTO
10
333.570000
20
220.380651
11
333.570000
21
221.526570
0
LINE
8
NASCOSTO
10
204.958000
20
231.340610
11
204.958000
21
239.000000
0
LINE
8
NASCOSTO
10
204.958000
20
231.340610
11
204.958000
21
222.370058
0
LINE
8
NASCOSTO
10
204.958000
20
231.340610
11
194.600000
21
222.368477
0
LINE
8
NASCOSTO
10
201.400000
20
224.341730
11
201.359258
21
224.491752
0
LINE
8
NASCOSTO
10
201.359258
20
224.491752
11
201.239074
21
224.563670
0
LINE
8
NASCOSTO
10
201.239074
20
224.563670
11
201.045476
21
224.553876
0
LINE
8
NASCOSTO
10
201.045476
20
224.553876
11
200.788171
21
224.462863
0
LINE
8
NASCOSTO
10
200.788171
20
224.462863
11
200.480061
21
224.295193
0
LINE
8
NASCOSTO
10
200.480061
20
224.295193
11
200.136597
21
224.059276
0
LINE
8
NASCOSTO
10
200.136597
20
224.059276
11
199.775000
21
223.766939
0
LINE
8
NASCOSTO
10
199.775000
20
223.766939
11
199.413403
21
223.432843
0
LINE
8
NASCOSTO
10
199.413403
20
223.432843
11
199.069939
21
223.073741
0
LINE
8
NASCOSTO
10
199.069939
20
223.073741
11
198.761829
21
222.707639
0
LINE
8
NASCOSTO
10
198.761829
20
222.707639
11
198.504524
21
222.352895
0
LINE
8
NASCOSTO
10
198.504524
20
222.352895
11
198.310926
21
222.027298
0
LINE
8
NASCOSTO
10
198.310926
20
222.027298
11
198.190742
21
221.747174
0
LINE
8
NASCOSTO
10
198.190742
20
221.747174
11
198.150000
21
221.526570
0
LINE
8
NASCOSTO
10
198.150000
20
220.380651
11
198.150000
21
221.526570
0
LINE
8
NASCOSTO
10
198.150000
20
220.380651
11
198.150000
21
220.380173
0
LINE
8
NASCOSTO
10
198.150000
20
220.380173
11
198.150001
21
220.379696
0
LINE
8
NASCOSTO
10
198.150001
20
220.379696
11
198.150002
21
220.379218
0
LINE
8
NASCOSTO
10
198.150002
20
220.379218
11
198.150004
21
220.378742
0
LINE
8
NASCOSTO
10
198.150004
20
220.378742
11
198.150007
21
220.378265
0
LINE
8
NASCOSTO
10
198.150007
20
220.378265
11
198.150010
21
220.377790
0
LINE
8
NASCOSTO
10
198.150010
20
220.377790
11
198.150013
21
220.377314
0
LINE
8
NASCOSTO
10
198.150013
20
220.377314
11
198.150017
21
220.376839
0
LINE
8
NASCOSTO
10
198.150017
20
220.376839
11
198.150022
21
220.376365
0
LINE
8
NASCOSTO
10
198.150022
20
220.376365
11
198.150027
21
220.375891
0
LINE
8
NASCOSTO
10
198.150027
20
220.375891
11
198.150032
21
220.375418
0
LINE
8
NASCOSTO
10
198.150032
20
220.375418
11
198.150039
21
220.374945
0
LINE
8
NASCOSTO
10
198.150039
20
220.374945
11
198.150045
21
220.374472
0
LINE
8
NASCOSTO
10
198.150045
20
220.374472
11
198.150053
21
220.374000
0
LINE
8
NASCOSTO
10
198.981245
20
220.374000
11
198.150053
21
220.374000
0
LINE
8
NASCOSTO
10
198.981245
20
220.374000
11
199.200004
21
220.511256
0
LINE
8
NASCOSTO
10
199.200004
20
220.511256
11
199.431446
21
220.676679
0
LINE
8
NASCOSTO
10
199.431446
20
220.676679
11
199.670465
21
220.866618
0
LINE
8
NASCOSTO
10
199.670465
20
220.866618
11
199.911790
21
221.076886
0
LINE
8
NASCOSTO
10
199.911790
20
221.076886
11
200.150098
21
221.302843
0
LINE
8
NASCOSTO
10
200.150098
20
221.302843
11
200.380132
21
221.539506
0
LINE
8
NASCOSTO
10
200.380132
20
221.539506
11
200.596819
21
221.781656
0
LINE
8
NASCOSTO
10
200.596819
20
221.781656
11
200.795380
21
222.023950
0
LINE
8
NASCOSTO
10
200.795380
20
222.023950
11
200.971434
21
222.261045
0
LINE
8
NASCOSTO
10
200.971434
20
222.261045
11
201.121099
21
222.487712
0
LINE
8
NASCOSTO
10
201.121099
20
222.487712
11
201.241073
21
222.698950
0
LINE
8
NASCOSTO
10
201.241073
20
222.698950
11
201.328711
21
222.890101
0
LINE
8
NASCOSTO
10
201.328711
20
222.890101
11
201.382079
21
223.056948
0
LINE
8
NASCOSTO
10
201.382079
20
223.056948
11
201.400000
21
223.195812
0
LINE
8
NASCOSTO
10
201.400000
20
223.195812
11
201.400000
21
224.341730
0
LINE
8
NASCOSTO
10
194.600000
20
233.004000
11
204.958000
21
233.004000
0
LINE
8
NASCOSTO
10
198.150000
20
233.004000
11
198.190742
21
233.004000
0
LINE
8
NASCOSTO
10
198.190742
20
233.004000
11
198.310926
21
233.004000
0
LINE
8
NASCOSTO
10
198.310926
20
233.004000
11
198.504524
21
233.004000
0
LINE
8
NASCOSTO
10
198.504524
20
233.004000
11
198.761829
21
233.004000
0
LINE
8
NASCOSTO
10
198.761829
20
233.004000
11
199.069939
21
233.004000
0
LINE
8
NASCOSTO
10
199.069939
20
233.004000
11
199.413403
21
233.004000
0
LINE
8
NASCOSTO
10
199.413403
20
233.004000
11
199.775000
21
233.004000
0
LINE
8
NASCOSTO
10
199.775000
20
233.004000
11
200.136597
21
233.004000
0
LINE
8
NASCOSTO
10
200.136597
20
233.004000
11
200.480061
21
233.004000
0
LINE
8
NASCOSTO
10
200.480061
20
233.004000
11
200.788171
21
233.004000
0
LINE
8
NASCOSTO
10
200.788171
20
233.004000
11
201.045476
21
233.004000
0
LINE
8
NASCOSTO
10
201.045476
20
233.004000
11
201.239074
21
233.004000
0
LINE
8
NASCOSTO
10
201.239074
20
233.004000
11
201.359258
21
233.004000
0
LINE
8
NASCOSTO
10
201.359258
20
233.004000
11
201.400000
21
233.004000
0
LINE
8
NASCOSTO
10
201.400000
20
233.004000
11
201.359258
21
233.004000
0
LINE
8
NASCOSTO
10
201.359258
20
233.004000
11
201.239074
21
233.004000
0
LINE
8
NASCOSTO
10
201.239074
20
233.004000
11
201.045476
21
233.004000
0
LINE
8
NASCOSTO
10
201.045476
20
233.004000
11
200.788171
21
233.004000
0
LINE
8
NASCOSTO
10
200.788171
20
233.004000
11
200.480061
21
233.004000
0
LINE
8
NASCOSTO
10
200.480061
20
233.004000
11
200.136597
21
233.004000
0
LINE
8
NASCOSTO
10
200.136597
20
233.004000
11
199.775000
21
233.004000
0
LINE
8
NASCOSTO
10
199.775000
20
233.004000
11
199.413403
21
233.004000
0
LINE
8
NASCOSTO
10
199.413403
20
233.004000
11
199.069939
21
233.004000
0
LINE
8
NASCOSTO
10
199.069939
20
233.004000
11
198.761829
21
233.004000
0
LINE
8
NASCOSTO
10
198.761829
20
233.004000
11
198.504524
21
233.004000
0
LINE
8
NASCOSTO
10
198.504524
20
233.004000
11
198.310926
21
233.004000
0
LINE
8
NASCOSTO
10
198.310926
20
233.004000
11
198.190742
21
233.004000
0
LINE
8
NASCOSTO
10
198.190742
20
233.004000
11
198.150000
21
233.004000
0
LINE
8
NASCOSTO
10
204.958000
20
233.004000
11
204.958000
21
239.000000
0
LINE
8
NASCOSTO
10
194.600000
20
239.000000
11
204.958000
21
239.000000
0
LINE
8
NASCOSTO
10
194.600000
20
239.000000
11
204.958000
21
239.000000
0
LINE
8
NASCOSTO
10
257.550000
20
234.780000
11
257.550000
21
234.752766
0
LINE
8
NASCOSTO
10
257.550000
20
234.752766
11
257.550000
21
234.725494
0
LINE
8
NASCOSTO
10
257.550000
20
234.725494
11
257.550000
21
234.698185
0
LINE
8
NASCOSTO
10
257.550000
20
234.698185
11
257.550000
21
234.670840
0
LINE
8
NASCOSTO
10
257.550000
20
234.670840
11
257.550000
21
234.643460
0
LINE
8
NASCOSTO
10
257.550000
20
234.643460
11
257.550000
21
234.616044
0
LINE
8
NASCOSTO
10
257.550000
20
234.616044
11
257.550000
21
234.588594
0
LINE
8
NASCOSTO
10
257.550000
20
234.588594
11
257.550000
21
234.561111
0
LINE
8
NASCOSTO
10
257.550000
20
234.561111
11
257.550000
21
234.533594
0
LINE
8
NASCOSTO
10
257.550000
20
234.533594
11
257.550000
21
234.506044
0
LINE
8
NASCOSTO
10
257.550000
20
234.506044
11
257.550000
21
234.478463
0
LINE
8
NASCOSTO
10
257.550000
20
234.478463
11
257.550000
21
234.450850
0
LINE
8
NASCOSTO
10
257.550000
20
234.450850
11
257.550000
21
234.423207
0
LINE
8
NASCOSTO
10
257.550000
20
234.423207
11
257.550000
21
234.395534
0
LINE
8
NASCOSTO
10
253.858000
20
234.780000
11
253.858000
21
234.752766
0
LINE
8
NASCOSTO
10
253.858000
20
234.752766
11
253.858000
21
234.725494
0
LINE
8
NASCOSTO
10
253.858000
20
234.725494
11
253.858000
21
234.698185
0
LINE
8
NASCOSTO
10
253.858000
20
234.698185
11
253.858000
21
234.670840
0
LINE
8
NASCOSTO
10
253.858000
20
234.670840
11
253.858000
21
234.643460
0
LINE
8
NASCOSTO
10
253.858000
20
234.643460
11
253.858000
21
234.616044
0
LINE
8
NASCOSTO
10
253.858000
20
234.616044
11
253.858000
21
234.588594
0
LINE
8
NASCOSTO
10
253.858000
20
234.588594
11
253.858000
21
234.561111
0
LINE
8
NASCOSTO
10
253.858000
20
234.561111
11
253.858000
21
234.533594
0
LINE
8
NASCOSTO
10
253.858000
20
234.533594
11
253.858000
21
234.506044
0
LINE
8
NASCOSTO
10
253.858000
20
234.506044
11
253.858000
21
234.478463
0
LINE
8
NASCOSTO
10
253.858000
20
234.478463
11
253.858000
21
234.450850
0
LINE
8
NASCOSTO
10
253.858000
20
234.450850
11
253.858000
21
234.423207
0
LINE
8
NASCOSTO
10
253.858000
20
234.423207
11
253.858000
21
234.395534
0
LINE
8
NASCOSTO
10
253.858000
20
234.780000
11
257.550000
21
234.780000
0
LINE
8
NASCOSTO
10
257.550000
20
234.292951
11
257.550000
21
234.328063
0
LINE
8
NASCOSTO
10
257.550000
20
234.328063
11
257.550000
21
234.363130
0
LINE
8
NASCOSTO
10
257.550000
20
234.363130
11
257.550000
21
234.398152
0
LINE
8
NASCOSTO
10
257.550000
20
234.398152
11
257.550000
21
234.433126
0
LINE
8
NASCOSTO
10
257.550000
20
234.433126
11
257.550000
21
234.468052
0
LINE
8
NASCOSTO
10
257.550000
20
234.468052
11
257.550000
21
234.502928
0
LINE
8
NASCOSTO
10
257.550000
20
234.502928
11
257.550000
21
234.537753
0
LINE
8
NASCOSTO
10
257.550000
20
234.537753
11
257.550000
21
234.572526
0
LINE
8
NASCOSTO
10
257.550000
20
234.572526
11
257.550000
21
234.607246
0
LINE
8
NASCOSTO
10
257.550000
20
234.607246
11
257.550000
21
234.641911
0
LINE
8
NASCOSTO
10
257.550000
20
234.641911
11
257.550000
21
234.676520
0
LINE
8
NASCOSTO
10
257.550000
20
234.676520
11
257.550000
21
234.711072
0
LINE
8
NASCOSTO
10
257.550000
20
234.711072
11
257.550000
21
234.745566
0
LINE
8
NASCOSTO
10
257.550000
20
234.745566
11
257.550000
21
234.780000
0
LINE
8
NASCOSTO
10
257.550000
20
231.891049
11
257.550000
21
234.292951
0
LINE
8
NASCOSTO
10
257.550000
20
231.404000
11
257.550000
21
231.438434
0
LINE
8
NASCOSTO
10
257.550000
20
231.438434
11
257.550000
21
231.472928
0
LINE
8
NASCOSTO
10
257.550000
20
231.472928
11
257.550000
21
231.507480
0
LINE
8
NASCOSTO
10
257.550000
20
231.507480
11
257.550000
21
231.542089
0
LINE
8
NASCOSTO
10
257.550000
20
231.542089
11
257.550000
21
231.576754
0
LINE
8
NASCOSTO
10
257.550000
20
231.576754
11
257.550000
21
231.611474
0
LINE
8
NASCOSTO
10
257.550000
20
231.611474
11
257.550000
21
231.646247
0
LINE
8
NASCOSTO
10
257.550000
20
231.646247
11
257.550000
21
231.681072
0
LINE
8
NASCOSTO
10
257.550000
20
231.681072
11
257.550000
21
231.715948
0
LINE
8
NASCOSTO
10
257.550000
20
231.715948
11
257.550000
21
231.750874
0
LINE
8
NASCOSTO
10
257.550000
20
231.750874
11
257.550000
21
231.785848
0
LINE
8
NASCOSTO
10
257.550000
20
231.785848
11
257.550000
21
231.820870
0
LINE
8
NASCOSTO
10
257.550000
20
231.820870
11
257.550000
21
231.855937
0
LINE
8
NASCOSTO
10
257.550000
20
231.855937
11
257.550000
21
231.891049
0
LINE
8
NASCOSTO
10
257.550000
20
231.788466
11
257.550000
21
231.760793
0
LINE
8
NASCOSTO
10
257.550000
20
231.760793
11
257.550000
21
231.733150
0
LINE
8
NASCOSTO
10
257.550000
20
231.733150
11
257.550000
21
231.705537
0
LINE
8
NASCOSTO
10
257.550000
20
231.705537
11
257.550000
21
231.677956
0
LINE
8
NASCOSTO
10
257.550000
20
231.677956
11
257.550000
21
231.650406
0
LINE
8
NASCOSTO
10
257.550000
20
231.650406
11
257.550000
21
231.622889
0
LINE
8
NASCOSTO
10
257.550000
20
231.622889
11
257.550000
21
231.595406
0
LINE
8
NASCOSTO
10
257.550000
20
231.595406
11
257.550000
21
231.567956
0
LINE
8
NASCOSTO
10
257.550000
20
231.567956
11
257.550000
21
231.540540
0
LINE
8
NASCOSTO
10
257.550000
20
231.540540
11
257.550000
21
231.513160
0
LINE
8
NASCOSTO
10
257.550000
20
231.513160
11
257.550000
21
231.485815
0
LINE
8
NASCOSTO
10
257.550000
20
231.485815
11
257.550000
21
231.458506
0
LINE
8
NASCOSTO
10
257.550000
20
231.458506
11
257.550000
21
231.431234
0
LINE
8
NASCOSTO
10
257.550000
20
231.431234
11
257.550000
21
231.404000
0
LINE
8
NASCOSTO
10
253.858000
20
231.404000
11
257.550000
21
231.404000
0
LINE
8
NASCOSTO
10
253.858000
20
231.788466
11
253.858000
21
231.760793
0
LINE
8
NASCOSTO
10
253.858000
20
231.760793
11
253.858000
21
231.733150
0
LINE
8
NASCOSTO
10
253.858000
20
231.733150
11
253.858000
21
231.705537
0
LINE
8
NASCOSTO
10
253.858000
20
231.705537
11
253.858000
21
231.677956
0
LINE
8
NASCOSTO
10
253.858000
20
231.677956
11
253.858000
21
231.650406
0
LINE
8
NASCOSTO
10
253.858000
20
231.650406
11
253.858000
21
231.622889
0
LINE
8
NASCOSTO
10
253.858000
20
231.622889
11
253.858000
21
231.595406
0
LINE
8
NASCOSTO
10
253.858000
20
231.595406
11
253.858000
21
231.567956
0
LINE
8
NASCOSTO
10
253.858000
20
231.567956
11
253.858000
21
231.540540
0
LINE
8
NASCOSTO
10
253.858000
20
231.540540
11
253.858000
21
231.513160
0
LINE
8
NASCOSTO
10
253.858000
20
231.513160
11
253.858000
21
231.485815
0
LINE
8
NASCOSTO
10
253.858000
20
231.485815
11
253.858000
21
231.458506
0
LINE
8
NASCOSTO
10
253.858000
20
231.458506
11
253.858000
21
231.431234
0
LINE
8
NASCOSTO
10
253.858000
20
231.431234
11
253.858000
21
231.404000
0
LINE
8
NASCOSTO
10
253.858000
20
234.292951
11
253.858000
21
234.328063
0
LINE
8
NASCOSTO
10
253.858000
20
234.328063
11
253.858000
21
234.363130
0
LINE
8
NASCOSTO
10
253.858000
20
234.363130
11
253.858000
21
234.398152
0
LINE
8
NASCOSTO
10
253.858000
20
234.398152
11
253.858000
21
234.433126
0
LINE
8
NASCOSTO
10
253.858000
20
234.433126
11
253.858000
21
234.468052
0
LINE
8
NASCOSTO
10
253.858000
20
234.468052
11
253.858000
21
234.502928
0
LINE
8
NASCOSTO
10
253.858000
20
234.502928
11
253.858000
21
234.537753
0
LINE
8
NASCOSTO
10
253.858000
20
234.537753
11
253.858000
21
234.572526
0
LINE
8
NASCOSTO
10
253.858000
20
234.572526
11
253.858000
21
234.607246
0
LINE
8
NASCOSTO
10
253.858000
20
234.607246
11
253.858000
21
234.641911
0
LINE
8
NASCOSTO
10
253.858000
20
234.641911
11
253.858000
21
234.676520
0
LINE
8
NASCOSTO
10
253.858000
20
234.676520
11
253.858000
21
234.711072
0
LINE
8
NASCOSTO
10
253.858000
20
234.711072
11
253.858000
21
234.745566
0
LINE
8
NASCOSTO
10
253.858000
20
234.745566
11
253.858000
21
234.780000
0
LINE
8
NASCOSTO
10
253.858000
20
231.891049
11
253.858000
21
234.292951
0
LINE
8
NASCOSTO
10
253.858000
20
231.404000
11
253.858000
21
231.438434
0
LINE
8
NASCOSTO
10
253.858000
20
231.438434
11
253.858000
21
231.472928
0
LINE
8
NASCOSTO
10
253.858000
20
231.472928
11
253.858000
21
231.507480
0
LINE
8
NASCOSTO
10
253.858000
20
231.507480
11
253.858000
21
231.542089
0
LINE
8
NASCOSTO
10
253.858000
20
231.542089
11
253.858000
21
231.576754
0
LINE
8
NASCOSTO
10
253.858000
20
231.576754
11
253.858000
21
231.611474
0
LINE
8
NASCOSTO
10
253.858000
20
231.611474
11
253.858000
21
231.646247
0
LINE
8
NASCOSTO
10
253.858000
20
231.646247
11
253.858000
21
231.681072
0
LINE
8
NASCOSTO
10
253.858000
20
231.681072
11
253.858000
21
231.715948
0
LINE
8
NASCOSTO
10
253.858000
20
231.715948
11
253.858000
21
231.750874
0
LINE
8
NASCOSTO
10
253.858000
20
231.750874
11
253.858000
21
231.785848
0
LINE
8
NASCOSTO
10
253.858000
20
231.785848
11
253.858000
21
231.820870
0
LINE
8
NASCOSTO
10
253.858000
20
231.820870
11
253.858000
21
231.855937
0
LINE
8
NASCOSTO
10
253.858000
20
231.855937
11
253.858000
21
231.891049
0
LINE
8
NASCOSTO
10
285.248000
20
234.780000
11
285.248000
21
234.752766
0
LINE
8
NASCOSTO
10
285.248000
20
234.752766
11
285.248000
21
234.725494
0
LINE
8
NASCOSTO
10
285.248000
20
234.725494
11
285.248000
21
234.698185
0
LINE
8
NASCOSTO
10
285.248000
20
234.698185
11
285.248000
21
234.670840
0
LINE
8
NASCOSTO
10
285.248000
20
234.670840
11
285.248000
21
234.643460
0
LINE
8
NASCOSTO
10
285.248000
20
234.643460
11
285.248000
21
234.616044
0
LINE
8
NASCOSTO
10
285.248000
20
234.616044
11
285.248000
21
234.588594
0
LINE
8
NASCOSTO
10
285.248000
20
234.588594
11
285.248000
21
234.561111
0
LINE
8
NASCOSTO
10
285.248000
20
234.561111
11
285.248000
21
234.533594
0
LINE
8
NASCOSTO
10
285.248000
20
234.533594
11
285.248000
21
234.506044
0
LINE
8
NASCOSTO
10
285.248000
20
234.506044
11
285.248000
21
234.478463
0
LINE
8
NASCOSTO
10
285.248000
20
234.478463
11
285.248000
21
234.450850
0
LINE
8
NASCOSTO
10
285.248000
20
234.450850
11
285.248000
21
234.423207
0
LINE
8
NASCOSTO
10
285.248000
20
234.423207
11
285.248000
21
234.395534
0
LINE
8
NASCOSTO
10
281.556000
20
234.780000
11
281.556000
21
234.752766
0
LINE
8
NASCOSTO
10
281.556000
20
234.752766
11
281.556000
21
234.725494
0
LINE
8
NASCOSTO
10
281.556000
20
234.725494
11
281.556000
21
234.698185
0
LINE
8
NASCOSTO
10
281.556000
20
234.698185
11
281.556000
21
234.670840
0
LINE
8
NASCOSTO
10
281.556000
20
234.670840
11
281.556000
21
234.643460
0
LINE
8
NASCOSTO
10
281.556000
20
234.643460
11
281.556000
21
234.616044
0
LINE
8
NASCOSTO
10
281.556000
20
234.616044
11
281.556000
21
234.588594
0
LINE
8
NASCOSTO
10
281.556000
20
234.588594
11
281.556000
21
234.561111
0
LINE
8
NASCOSTO
10
281.556000
20
234.561111
11
281.556000
21
234.533594
0
LINE
8
NASCOSTO
10
281.556000
20
234.533594
11
281.556000
21
234.506044
0
LINE
8
NASCOSTO
10
281.556000
20
234.506044
11
281.556000
21
234.478463
0
LINE
8
NASCOSTO
10
281.556000
20
234.478463
11
281.556000
21
234.450850
0
LINE
8
NASCOSTO
10
281.556000
20
234.450850
11
281.556000
21
234.423207
0
LINE
8
NASCOSTO
10
281.556000
20
234.423207
11
281.556000
21
234.395534
0
LINE
8
NASCOSTO
10
281.556000
20
234.780000
11
285.248000
21
234.780000
0
LINE
8
NASCOSTO
10
281.556000
20
234.292951
11
281.556000
21
234.328063
0
LINE
8
NASCOSTO
10
281.556000
20
234.328063
11
281.556000
21
234.363130
0
LINE
8
NASCOSTO
10
281.556000
20
234.363130
11
281.556000
21
234.398152
0
LINE
8
NASCOSTO
10
281.556000
20
234.398152
11
281.556000
21
234.433126
0
LINE
8
NASCOSTO
10
281.556000
20
234.433126
11
281.556000
21
234.468052
0
LINE
8
NASCOSTO
10
281.556000
20
234.468052
11
281.556000
21
234.502928
0
LINE
8
NASCOSTO
10
281.556000
20
234.502928
11
281.556000
21
234.537753
0
LINE
8
NASCOSTO
10
281.556000
20
234.537753
11
281.556000
21
234.572526
0
LINE
8
NASCOSTO
10
281.556000
20
234.572526
11
281.556000
21
234.607246
0
LINE
8
NASCOSTO
10
281.556000
20
234.607246
11
281.556000
21
234.641911
0
LINE
8
NASCOSTO
10
281.556000
20
234.641911
11
281.556000
21
234.676520
0
LINE
8
NASCOSTO
10
281.556000
20
234.676520
11
281.556000
21
234.711072
0
LINE
8
NASCOSTO
10
281.556000
20
234.711072
11
281.556000
21
234.745566
0
LINE
8
NASCOSTO
10
281.556000
20
234.745566
11
281.556000
21
234.780000
0
LINE
8
NASCOSTO
10
281.556000
20
231.891049
11
281.556000
21
234.292951
0
LINE
8
NASCOSTO
10
281.556000
20
231.404000
11
281.556000
21
231.438434
0
LINE
8
NASCOSTO
10
281.556000
20
231.438434
11
281.556000
21
231.472928
0
LINE
8
NASCOSTO
10
281.556000
20
231.472928
11
281.556000
21
231.507480
0
LINE
8
NASCOSTO
10
281.556000
20
231.507480
11
281.556000
21
231.542089
0
LINE
8
NASCOSTO
10
281.556000
20
231.542089
11
281.556000
21
231.576754
0
LINE
8
NASCOSTO
10
281.556000
20
231.576754
11
281.556000
21
231.611474
0
LINE
8
NASCOSTO
10
281.556000
20
231.611474
11
281.556000
21
231.646247
0
LINE
8
NASCOSTO
10
281.556000
20
231.646247
11
281.556000
21
231.681072
0
LINE
8
NASCOSTO
10
281.556000
20
231.681072
11
281.556000
21
231.715948
0
LINE
8
NASCOSTO
10
281.556000
20
231.715948
11
281.556000
21
231.750874
0
LINE
8
NASCOSTO
10
281.556000
20
231.750874
11
281.556000
21
231.785848
0
LINE
8
NASCOSTO
10
281.556000
20
231.785848
11
281.556000
21
231.820870
0
LINE
8
NASCOSTO
10
281.556000
20
231.820870
11
281.556000
21
231.855937
0
LINE
8
NASCOSTO
10
281.556000
20
231.855937
11
281.556000
21
231.891049
0
LINE
8
NASCOSTO
10
281.556000
20
231.788466
11
281.556000
21
231.760793
0
LINE
8
NASCOSTO
10
281.556000
20
231.760793
11
281.556000
21
231.733150
0
LINE
8
NASCOSTO
10
281.556000
20
231.733150
11
281.556000
21
231.705537
0
LINE
8
NASCOSTO
10
281.556000
20
231.705537
11
281.556000
21
231.677956
0
LINE
8
NASCOSTO
10
281.556000
20
231.677956
11
281.556000
21
231.650406
0
LINE
8
NASCOSTO
10
281.556000
20
231.650406
11
281.556000
21
231.622889
0
LINE
8
NASCOSTO
10
281.556000
20
231.622889
11
281.556000
21
231.595406
0
LINE
8
NASCOSTO
10
281.556000
20
231.595406
11
281.556000
21
231.567956
0
LINE
8
NASCOSTO
10
281.556000
20
231.567956
11
281.556000
21
231.540540
0
LINE
8
NASCOSTO
10
281.556000
20
231.540540
11
281.556000
21
231.513160
0
LINE
8
NASCOSTO
10
281.556000
20
231.513160
11
281.556000
21
231.485815
0
LINE
8
NASCOSTO
10
281.556000
20
231.485815
11
281.556000
21
231.458506
0
LINE
8
NASCOSTO
10
281.556000
20
231.458506
11
281.556000
21
231.431234
0
LINE
8
NASCOSTO
10
281.556000
20
231.431234
11
281.556000
21
231.404000
0
LINE
8
NASCOSTO
10
285.248000
20
234.292951
11
285.248000
21
234.328063
0
LINE
8
NASCOSTO
10
285.248000
20
234.328063
11
285.248000
21
234.363130
0
LINE
8
NASCOSTO
10
285.248000
20
234.363130
11
285.248000
21
234.398152
0
LINE
8
NASCOSTO
10
285.248000
20
234.398152
11
285.248000
21
234.433126
0
LINE
8
NASCOSTO
10
285.248000
20
234.433126
11
285.248000
21
234.468052
0
LINE
8
NASCOSTO
10
285.248000
20
234.468052
11
285.248000
21
234.502928
0
LINE
8
NASCOSTO
10
285.248000
20
234.502928
11
285.248000
21
234.537753
0
LINE
8
NASCOSTO
10
285.248000
20
234.537753
11
285.248000
21
234.572526
0
LINE
8
NASCOSTO
10
285.248000
20
234.572526
11
285.248000
21
234.607246
0
LINE
8
NASCOSTO
10
285.248000
20
234.607246
11
285.248000
21
234.641911
0
LINE
8
NASCOSTO
10
285.248000
20
234.641911
11
285.248000
21
234.676520
0
LINE
8
NASCOSTO
10
285.248000
20
234.676520
11
285.248000
21
234.711072
0
LINE
8
NASCOSTO
10
285.248000
20
234.711072
11
285.248000
21
234.745566
0
LINE
8
NASCOSTO
10
285.248000
20
234.745566
11
285.248000
21
234.780000
0
LINE
8
NASCOSTO
10
285.248000
20
231.891049
11
285.248000
21
234.292951
0
LINE
8
NASCOSTO
10
285.248000
20
231.404000
11
285.248000
21
231.438434
0
LINE
8
NASCOSTO
10
285.248000
20
231.438434
11
285.248000
21
231.472928
0
LINE
8
NASCOSTO
10
285.248000
20
231.472928
11
285.248000
21
231.507480
0
LINE
8
NASCOSTO
10
285.248000
20
231.507480
11
285.248000
21
231.542089
0
LINE
8
NASCOSTO
10
285.248000
20
231.542089
11
285.248000
21
231.576754
0
LINE
8
NASCOSTO
10
285.248000
20
231.576754
11
285.248000
21
231.611474
0
LINE
8
NASCOSTO
10
285.248000
20
231.611474
11
285.248000
21
231.646247
0
LINE
8
NASCOSTO
10
285.248000
20
231.646247
11
285.248000
21
231.681072
0
LINE
8
NASCOSTO
10
285.248000
20
231.681072
11
285.248000
21
231.715948
0
LINE
8
NASCOSTO
10
285.248000
20
231.715948
11
285.248000
21
231.750874
0
LINE
8
NASCOSTO
10
285.248000
20
231.750874
11
285.248000
21
231.785848
0
LINE
8
NASCOSTO
10
285.248000
20
231.785848
11
285.248000
21
231.820870
0
LINE
8
NASCOSTO
10
285.248000
20
231.820870
11
285.248000
21
231.855937
0
LINE
8
NASCOSTO
10
285.248000
20
231.855937
11
285.248000
21
231.891049
0
LINE
8
NASCOSTO
10
285.248000
20
231.788466
11
285.248000
21
231.760793
0
LINE
8
NASCOSTO
10
285.248000
20
231.760793
11
285.248000
21
231.733150
0
LINE
8
NASCOSTO
10
285.248000
20
231.733150
11
285.248000
21
231.705537
0
LINE
8
NASCOSTO
10
285.248000
20
231.705537
11
285.248000
21
231.677956
0
LINE
8
NASCOSTO
10
285.248000
20
231.677956
11
285.248000
21
231.650406
0
LINE
8
NASCOSTO
10
285.248000
20
231.650406
11
285.248000
21
231.622889
0
LINE
8
NASCOSTO
10
285.248000
20
231.622889
11
285.248000
21
231.595406
0
LINE
8
NASCOSTO
10
285.248000
20
231.595406
11
285.248000
21
231.567956
0
LINE
8
NASCOSTO
10
285.248000
20
231.567956
11
285.248000
21
231.540540
0
LINE
8
NASCOSTO
10
285.248000
20
231.540540
11
285.248000
21
231.513160
0
LINE
8
NASCOSTO
10
285.248000
20
231.513160
11
285.248000
21
231.485815
0
LINE
8
NASCOSTO
10
285.248000
20
231.485815
11
285.248000
21
231.458506
0
LINE
8
NASCOSTO
10
285.248000
20
231.458506
11
285.248000
21
231.431234
0
LINE
8
NASCOSTO
10
285.248000
20
231.431234
11
285.248000
21
231.404000
0
LINE
8
NASCOSTO
10
281.556000
20
231.404000
11
285.248000
21
231.404000
0
LINE
8
NASCOSTO
10
192.000000
20
226.442800
11
193.380000
21
226.442800
0
LINE
8
NASCOSTO
10
192.000000
20
232.452800
11
192.000000
21
232.377458
0
LINE
8
NASCOSTO
10
192.000000
20
232.377458
11
192.000000
21
232.155211
0
LINE
8
NASCOSTO
10
192.000000
20
232.155211
11
192.000000
21
231.797204
0
LINE
8
NASCOSTO
10
192.000000
20
231.797204
11
192.000000
21
231.321387
0
LINE
8
NASCOSTO
10
192.000000
20
231.321387
11
192.000000
21
230.751621
0
LINE
8
NASCOSTO
10
192.000000
20
230.751621
11
192.000000
21
230.116475
0
LINE
8
NASCOSTO
10
192.000000
20
230.116475
11
192.000000
21
229.447800
0
LINE
8
NASCOSTO
10
192.000000
20
229.447800
11
192.000000
21
228.779125
0
LINE
8
NASCOSTO
10
192.000000
20
228.779125
11
192.000000
21
228.143979
0
LINE
8
NASCOSTO
10
192.000000
20
228.143979
11
192.000000
21
227.574213
0
LINE
8
NASCOSTO
10
192.000000
20
227.574213
11
192.000000
21
227.098396
0
LINE
8
NASCOSTO
10
192.000000
20
227.098396
11
192.000000
21
226.740389
0
LINE
8
NASCOSTO
10
192.000000
20
226.740389
11
192.000000
21
226.518142
0
LINE
8
NASCOSTO
10
192.000000
20
226.518142
11
192.000000
21
226.442800
0
LINE
8
NASCOSTO
10
192.000000
20
232.452800
11
193.380000
21
232.452800
0
LINE
8
NASCOSTO
10
192.000000
20
226.442800
11
193.380000
21
226.442800
0
LINE
8
NASCOSTO
10
192.000000
20
232.452800
11
193.380000
21
232.452800
0
LINE
8
NASCOSTO
10
192.000000
20
226.442800
11
192.000000
21
226.518142
0
LINE
8
NASCOSTO
10
192.000000
20
226.518142
11
192.000000
21
226.740389
0
LINE
8
NASCOSTO
10
192.000000
20
226.740389
11
192.000000
21
227.098396
0
LINE
8
NASCOSTO
10
192.000000
20
227.098396
11
192.000000
21
227.574213
0
LINE
8
NASCOSTO
10
192.000000
20
227.574213
11
192.000000
21
228.143979
0
LINE
8
NASCOSTO
10
192.000000
20
228.143979
11
192.000000
21
228.779125
0
LINE
8
NASCOSTO
10
192.000000
20
228.779125
11
192.000000
21
229.447800
0
LINE
8
NASCOSTO
10
192.000000
20
229.447800
11
192.000000
21
230.116475
0
LINE
8
NASCOSTO
10
192.000000
20
230.116475
11
192.000000
21
230.751621
0
LINE
8
NASCOSTO
10
192.000000
20
230.751621
11
192.000000
21
231.321387
0
LINE
8
NASCOSTO
10
192.000000
20
231.321387
11
192.000000
21
231.797204
0
LINE
8
NASCOSTO
10
192.000000
20
231.797204
11
192.000000
21
232.155211
0
LINE
8
NASCOSTO
10
192.000000
20
232.155211
11
192.000000
21
232.377458
0
LINE
8
NASCOSTO
10
192.000000
20
232.377458
11
192.000000
21
232.452800
0
LINE
8
NASCOSTO
10
330.320000
20
223.195812
11
330.320000
21
239.000000
0
LINE
8
NASCOSTO
10
330.320000
20
239.000000
11
330.360742
21
239.000000
0
LINE
8
NASCOSTO
10
330.360742
20
239.000000
11
330.480926
21
239.000000
0
LINE
8
NASCOSTO
10
330.480926
20
239.000000
11
330.674524
21
239.000000
0
LINE
8
NASCOSTO
10
330.674524
20
239.000000
11
330.931829
21
239.000000
0
LINE
8
NASCOSTO
10
330.931829
20
239.000000
11
331.239939
21
239.000000
0
LINE
8
NASCOSTO
10
331.239939
20
239.000000
11
331.583403
21
239.000000
0
LINE
8
NASCOSTO
10
331.583403
20
239.000000
11
331.945000
21
239.000000
0
LINE
8
NASCOSTO
10
331.945000
20
239.000000
11
332.306597
21
239.000000
0
LINE
8
NASCOSTO
10
332.306597
20
239.000000
11
332.650061
21
239.000000
0
LINE
8
NASCOSTO
10
332.650061
20
239.000000
11
332.958171
21
239.000000
0
LINE
8
NASCOSTO
10
332.958171
20
239.000000
11
333.215476
21
239.000000
0
LINE
8
NASCOSTO
10
333.215476
20
239.000000
11
333.409074
21
239.000000
0
LINE
8
NASCOSTO
10
333.409074
20
239.000000
11
333.529258
21
239.000000
0
LINE
8
NASCOSTO
10
333.529258
20
239.000000
11
333.570000
21
239.000000
0
LINE
8
NASCOSTO
10
333.570000
20
220.380651
11
333.570000
21
239.000000
0
LINE
8
NASCOSTO
10
332.738755
20
220.374000
11
332.843005
21
220.374000
0
LINE
8
NASCOSTO
10
332.843005
20
220.374000
11
332.942182
21
220.374000
0
LINE
8
NASCOSTO
10
332.942182
20
220.374000
11
333.035727
21
220.374000
0
LINE
8
NASCOSTO
10
333.035727
20
220.374000
11
333.123111
21
220.374000
0
LINE
8
NASCOSTO
10
333.123111
20
220.374000
11
333.203841
21
220.374000
0
LINE
8
NASCOSTO
10
333.203841
20
220.374000
11
333.277461
21
220.374000
0
LINE
8
NASCOSTO
10
333.277461
20
220.374000
11
333.343554
21
220.374000
0
LINE
8
NASCOSTO
10
333.343554
20
220.374000
11
333.401748
21
220.374000
0
LINE
8
NASCOSTO
10
333.401748
20
220.374000
11
333.451713
21
220.374000
0
LINE
8
NASCOSTO
10
333.451713
20
220.374000
11
333.493168
21
220.374000
0
LINE
8
NASCOSTO
10
333.493168
20
220.374000
11
333.525878
21
220.374000
0
LINE
8
NASCOSTO
10
333.525878
20
220.374000
11
333.549660
21
220.374000
0
LINE
8
NASCOSTO
10
333.549660
20
220.374000
11
333.564377
21
220.374000
0
LINE
8
NASCOSTO
10
333.564377
20
220.374000
11
333.569947
21
220.374000
0
LINE
8
NASCOSTO
10
330.320000
20
224.341730
11
330.320000
21
239.000000
0
LINE
8
NASCOSTO
10
333.570000
20
239.000000
11
333.529258
21
239.000000
0
LINE
8
NASCOSTO
10
333.529258
20
239.000000
11
333.409074
21
239.000000
0
LINE
8
NASCOSTO
10
333.409074
20
239.000000
11
333.215476
21
239.000000
0
LINE
8
NASCOSTO
10
333.215476
20
239.000000
11
332.958171
21
239.000000
0
LINE
8
NASCOSTO
10
332.958171
20
239.000000
11
332.650061
21
239.000000
0
LINE
8
NASCOSTO
10
332.650061
20
239.000000
11
332.306597
21
239.000000
0
LINE
8
NASCOSTO
10
332.306597
20
239.000000
11
331.945000
21
239.000000
0
LINE
8
NASCOSTO
10
331.945000
20
239.000000
11
331.583403
21
239.000000
0
LINE
8
NASCOSTO
10
331.583403
20
239.000000
11
331.239939
21
239.000000
0
LINE
8
NASCOSTO
10
331.239939
20
239.000000
11
330.931829
21
239.000000
0
LINE
8
NASCOSTO
10
330.931829
20
239.000000
11
330.674524
21
239.000000
0
LINE
8
NASCOSTO
10
330.674524
20
239.000000
11
330.480926
21
239.000000
0
LINE
8
NASCOSTO
10
330.480926
20
239.000000
11
330.360742
21
239.000000
0
LINE
8
NASCOSTO
10
330.360742
20
239.000000
11
330.320000
21
239.000000
0
LINE
8
NASCOSTO
10
333.570000
20
221.526570
11
333.570000
21
239.000000
0
LINE
8
NASCOSTO
10
330.320000
20
224.341730
11
330.320000
21
239.000000
0
LINE
8
NASCOSTO
10
330.320000
20
239.000000
11
330.360742
21
239.000000
0
LINE
8
NASCOSTO
10
330.360742
20
239.000000
11
330.480926
21
239.000000
0
LINE
8
NASCOSTO
10
330.480926
20
239.000000
11
330.674524
21
239.000000
0
LINE
8
NASCOSTO
10
330.674524
20
239.000000
11
330.931829
21
239.000000
0
LINE
8
NASCOSTO
10
330.931829
20
239.000000
11
331.239939
21
239.000000
0
LINE
8
NASCOSTO
10
331.239939
20
239.000000
11
331.583403
21
239.000000
0
LINE
8
NASCOSTO
10
331.583403
20
239.000000
11
331.945000
21
239.000000
0
LINE
8
NASCOSTO
10
331.945000
20
239.000000
11
332.306597
21
239.000000
0
LINE
8
NASCOSTO
10
332.306597
20
239.000000
11
332.650061
21
239.000000
0
LINE
8
NASCOSTO
10
332.650061
20
239.000000
11
332.958171
21
239.000000
0
LINE
8
NASCOSTO
10
332.958171
20
239.000000
11
333.215476
21
239.000000
0
LINE
8
NASCOSTO
10
333.215476
20
239.000000
11
333.409074
21
239.000000
0
LINE
8
NASCOSTO
10
333.409074
20
239.000000
11
333.529258
21
239.000000
0
LINE
8
NASCOSTO
10
333.529258
20
239.000000
11
333.570000
21
239.000000
0
LINE
8
NASCOSTO
10
333.570000
20
221.526570
11
333.570000
21
239.000000
0
LINE
8
NASCOSTO
10
330.320000
20
223.195812
11
330.320000
21
239.000000
0
LINE
8
NASCOSTO
10
333.570000
20
239.000000
11
333.529258
21
239.000000
0
LINE
8
NASCOSTO
10
333.529258
20
239.000000
11
333.409074
21
239.000000
0
LINE
8
NASCOSTO
10
333.409074
20
239.000000
11
333.215476
21
239.000000
0
LINE
8
NASCOSTO
10
333.215476
20
239.000000
11
332.958171
21
239.000000
0
LINE
8
NASCOSTO
10
332.958171
20
239.000000
11
332.650061
21
239.000000
0
LINE
8
NASCOSTO
10
332.650061
20
239.000000
11
332.306597
21
239.000000
0
LINE
8
NASCOSTO
10
332.306597
20
239.000000
11
331.945000
21
239.000000
0
LINE
8
NASCOSTO
10
331.945000
20
239.000000
11
331.583403
21
239.000000
0
LINE
8
NASCOSTO
10
331.583403
20
239.000000
11
331.239939
21
239.000000
0
LINE
8
NASCOSTO
10
331.239939
20
239.000000
11
330.931829
21
239.000000
0
LINE
8
NASCOSTO
10
330.931829
20
239.000000
11
330.674524
21
239.000000
0
LINE
8
NASCOSTO
10
330.674524
20
239.000000
11
330.480926
21
239.000000
0
LINE
8
NASCOSTO
10
330.480926
20
239.000000
11
330.360742
21
239.000000
0
LINE
8
NASCOSTO
10
330.360742
20
239.000000
11
330.320000
21
239.000000
0
LINE
8
NASCOSTO
10
333.569947
20
220.374000
11
333.564377
21
220.374000
0
LINE
8
NASCOSTO
10
333.564377
20
220.374000
11
333.549660
21
220.374000
0
LINE
8
NASCOSTO
10
333.549660
20
220.374000
11
333.525878
21
220.374000
0
LINE
8
NASCOSTO
10
333.525878
20
220.374000
11
333.493168
21
220.374000
0
LINE
8
NASCOSTO
10
333.493168
20
220.374000
11
333.451713
21
220.374000
0
LINE
8
NASCOSTO
10
333.451713
20
220.374000
11
333.401748
21
220.374000
0
LINE
8
NASCOSTO
10
333.401748
20
220.374000
11
333.343554
21
220.374000
0
LINE
8
NASCOSTO
10
333.343554
20
220.374000
11
333.277461
21
220.374000
0
LINE
8
NASCOSTO
10
333.277461
20
220.374000
11
333.203841
21
220.374000
0
LINE
8
NASCOSTO
10
333.203841
20
220.374000
11
333.123111
21
220.374000
0
LINE
8
NASCOSTO
10
333.123111
20
220.374000
11
333.035727
21
220.374000
0
LINE
8
NASCOSTO
10
333.035727
20
220.374000
11
332.942182
21
220.374000
0
LINE
8
NASCOSTO
10
332.942182
20
220.374000
11
332.843005
21
220.374000
0
LINE
8
NASCOSTO
10
332.843005
20
220.374000
11
332.738755
21
220.374000
0
LINE
8
NASCOSTO
10
333.570000
20
220.380651
11
333.570000
21
239.000000
0
LINE
8
NASCOSTO
10
198.150000
20
221.526570
11
198.150000
21
239.000000
0
LINE
8
NASCOSTO
10
198.150000
20
239.000000
11
198.190742
21
239.000000
0
LINE
8
NASCOSTO
10
198.190742
20
239.000000
11
198.310926
21
239.000000
0
LINE
8
NASCOSTO
10
198.310926
20
239.000000
11
198.504524
21
239.000000
0
LINE
8
NASCOSTO
10
198.504524
20
239.000000
11
198.761829
21
239.000000
0
LINE
8
NASCOSTO
10
198.761829
20
239.000000
11
199.069939
21
239.000000
0
LINE
8
NASCOSTO
10
199.069939
20
239.000000
11
199.413403
21
239.000000
0
LINE
8
NASCOSTO
10
199.413403
20
239.000000
11
199.775000
21
239.000000
0
LINE
8
NASCOSTO
10
199.775000
20
239.000000
11
200.136597
21
239.000000
0
LINE
8
NASCOSTO
10
200.136597
20
239.000000
11
200.480061
21
239.000000
0
LINE
8
NASCOSTO
10
200.480061
20
239.000000
11
200.788171
21
239.000000
0
LINE
8
NASCOSTO
10
200.788171
20
239.000000
11
201.045476
21
239.000000
0
LINE
8
NASCOSTO
10
201.045476
20
239.000000
11
201.239074
21
239.000000
0
LINE
8
NASCOSTO
10
201.239074
20
239.000000
11
201.359258
21
239.000000
0
LINE
8
NASCOSTO
10
201.359258
20
239.000000
11
201.400000
21
239.000000
0
LINE
8
NASCOSTO
10
201.400000
20
224.341730
11
201.400000
21
239.000000
0
LINE
8
NASCOSTO
10
198.150000
20
220.380651
11
198.150000
21
239.000000
0
LINE
8
NASCOSTO
10
201.400000
20
239.000000
11
201.359258
21
239.000000
0
LINE
8
NASCOSTO
10
201.359258
20
239.000000
11
201.239074
21
239.000000
0
LINE
8
NASCOSTO
10
201.239074
20
239.000000
11
201.045476
21
239.000000
0
LINE
8
NASCOSTO
10
201.045476
20
239.000000
11
200.788171
21
239.000000
0
LINE
8
NASCOSTO
10
200.788171
20
239.000000
11
200.480061
21
239.000000
0
LINE
8
NASCOSTO
10
200.480061
20
239.000000
11
200.136597
21
239.000000
0
LINE
8
NASCOSTO
10
200.136597
20
239.000000
11
199.775000
21
239.000000
0
LINE
8
NASCOSTO
10
199.775000
20
239.000000
11
199.413403
21
239.000000
0
LINE
8
NASCOSTO
10
199.413403
20
239.000000
11
199.069939
21
239.000000
0
LINE
8
NASCOSTO
10
199.069939
20
239.000000
11
198.761829
21
239.000000
0
LINE
8
NASCOSTO
10
198.761829
20
239.000000
11
198.504524
21
239.000000
0
LINE
8
NASCOSTO
10
198.504524
20
239.000000
11
198.310926
21
239.000000
0
LINE
8
NASCOSTO
10
198.310926
20
239.000000
11
198.190742
21
239.000000
0
LINE
8
NASCOSTO
10
198.190742
20
239.000000
11
198.150000
21
239.000000
0
LINE
8
NASCOSTO
10
198.981245
20
220.374000
11
198.876995
21
220.374000
0
LINE
8
NASCOSTO
10
198.876995
20
220.374000
11
198.777818
21
220.374000
0
LINE
8
NASCOSTO
10
198.777818
20
220.374000
11
198.684273
21
220.374000
0
LINE
8
NASCOSTO
10
198.684273
20
220.374000
11
198.596889
21
220.374000
0
LINE
8
NASCOSTO
10
198.596889
20
220.374000
11
198.516159
21
220.374000
0
LINE
8
NASCOSTO
10
198.516159
20
220.374000
11
198.442539
21
220.374000
0
LINE
8
NASCOSTO
10
198.442539
20
220.374000
11
198.376446
21
220.374000
0
LINE
8
NASCOSTO
10
198.376446
20
220.374000
11
198.318252
21
220.374000
0
LINE
8
NASCOSTO
10
198.318252
20
220.374000
11
198.268287
21
220.374000
0
LINE
8
NASCOSTO
10
198.268287
20
220.374000
11
198.226832
21
220.374000
0
LINE
8
NASCOSTO
10
198.226832
20
220.374000
11
198.194122
21
220.374000
0
LINE
8
NASCOSTO
10
198.194122
20
220.374000
11
198.170340
21
220.374000
0
LINE
8
NASCOSTO
10
198.170340
20
220.374000
11
198.155623
21
220.374000
0
LINE
8
NASCOSTO
10
198.155623
20
220.374000
11
198.150053
21
220.374000
0
LINE
8
NASCOSTO
10
201.400000
20
223.195812
11
201.400000
21
239.000000
0
LINE
8
NASCOSTO
10
198.150000
20
233.004000
11
198.150000
21
239.000000
0
LINE
8
NASCOSTO
10
198.150000
20
239.000000
11
198.190742
21
239.000000
0
LINE
8
NASCOSTO
10
198.190742
20
239.000000
11
198.310926
21
239.000000
0
LINE
8
NASCOSTO
10
198.310926
20
239.000000
11
198.504524
21
239.000000
0
LINE
8
NASCOSTO
10
198.504524
20
239.000000
11
198.761829
21
239.000000
0
LINE
8
NASCOSTO
10
198.761829
20
239.000000
11
199.069939
21
239.000000
0
LINE
8
NASCOSTO
10
199.069939
20
239.000000
11
199.413403
21
239.000000
0
LINE
8
NASCOSTO
10
199.413403
20
239.000000
11
199.775000
21
239.000000
0
LINE
8
NASCOSTO
10
199.775000
20
239.000000
11
200.136597
21
239.000000
0
LINE
8
NASCOSTO
10
200.136597
20
239.000000
11
200.480061
21
239.000000
0
LINE
8
NASCOSTO
10
200.480061
20
239.000000
11
200.788171
21
239.000000
0
LINE
8
NASCOSTO
10
200.788171
20
239.000000
11
201.045476
21
239.000000
0
LINE
8
NASCOSTO
10
201.045476
20
239.000000
11
201.239074
21
239.000000
0
LINE
8
NASCOSTO
10
201.239074
20
239.000000
11
201.359258
21
239.000000
0
LINE
8
NASCOSTO
10
201.359258
20
239.000000
11
201.400000
21
239.000000
0
LINE
8
NASCOSTO
10
201.400000
20
233.004000
11
201.400000
21
239.000000
0
LINE
8
NASCOSTO
10
201.400000
20
233.004000
11
201.400000
21
239.000000
0
LINE
8
NASCOSTO
10
201.400000
20
239.000000
11
201.359258
21
239.000000
0
LINE
8
NASCOSTO
10
201.359258
20
239.000000
11
201.239074
21
239.000000
0
LINE
8
NASCOSTO
10
201.239074
20
239.000000
11
201.045476
21
239.000000
0
LINE
8
NASCOSTO
10
201.045476
20
239.000000
11
200.788171
21
239.000000
0
LINE
8
NASCOSTO
10
200.788171
20
239.000000
11
200.480061
21
239.000000
0
LINE
8
NASCOSTO
10
200.480061
20
239.000000
11
200.136597
21
239.000000
0
LINE
8
NASCOSTO
10
200.136597
20
239.000000
11
199.775000
21
239.000000
0
LINE
8
NASCOSTO
10
199.775000
20
239.000000
11
199.413403
21
239.000000
0
LINE
8
NASCOSTO
10
199.413403
20
239.000000
11
199.069939
21
239.000000
0
LINE
8
NASCOSTO
10
199.069939
20
239.000000
11
198.761829
21
239.000000
0
LINE
8
NASCOSTO
10
198.761829
20
239.000000
11
198.504524
21
239.000000
0
LINE
8
NASCOSTO
10
198.504524
20
239.000000
11
198.310926
21
239.000000
0
LINE
8
NASCOSTO
10
198.310926
20
239.000000
11
198.190742
21
239.000000
0
LINE
8
NASCOSTO
10
198.190742
20
239.000000
11
198.150000
21
239.000000
0
LINE
8
NASCOSTO
10
198.150000
20
233.004000
11
198.150000
21
239.000000
0
LINE
8
NASCOSTO
10
253.858000
20
234.780000
11
257.550000
21
234.780000
0
LINE
8
NASCOSTO
10
253.858000
20
234.292951
11
257.550000
21
234.292951
0
LINE
8
NASCOSTO
10
253.858000
20
231.891049
11
257.550000
21
231.891049
0
LINE
8
NASCOSTO
10
253.858000
20
231.404000
11
257.550000
21
231.404000
0
LINE
8
NASCOSTO
10
281.556000
20
234.780000
11
285.248000
21
234.780000
0
LINE
8
NASCOSTO
10
281.556000
20
234.292951
11
285.248000
21
234.292951
0
LINE
8
NASCOSTO
10
281.556000
20
231.891049
11
285.248000
21
231.891049
0
LINE
8
NASCOSTO
10
281.556000
20
231.404000
11
285.248000
21
231.404000
0
LINE
8
NASCOSTO
10
192.000000
20
188.000000
11
339.720000
21
188.000000
0
LINE
8
CONTORNO
10
192.000000
20
188.000000
11
192.000000
21
239.000000
0
LINE
8
CONTORNO
10
339.720000
20
188.000000
11
339.720000
21
239.000000
0
LINE
8
CONTORNO
10
192.000000
20
239.000000
11
339.720000
21
239.000000
0
LINE
8
CONTORNO
10
263.086000
20
236.504000
11
276.020000
21
236.504000
0
LINE
8
CONTORNO
10
276.020000
20
236.504000
11
276.020000
21
228.494000
0
LINE
8
CONTORNO
10
263.086000
20
228.494000
11
276.020000
21
228.494000
0
LINE
8
CONTORNO
10
263.086000
20
236.504000
11
263.086000
21
228.494000
0
LINE
8
CONTORNO
10
192.000000
20
188.000000
11
192.018863
21
187.664107
0
LINE
8
CONTORNO
10
192.018863
20
187.664107
11
192.075216
21
187.332437
0
LINE
8
CONTORNO
10
192.075216
20
187.332437
11
192.168350
21
187.009163
0
LINE
8
CONTORNO
10
192.168350
20
187.009163
11
192.297093
21
186.698349
0
LINE
8
CONTORNO
10
192.297093
20
186.698349
11
192.459827
21
186.403904
0
LINE
8
CONTORNO
10
192.459827
20
186.403904
11
192.654506
21
186.129531
0
LINE
8
CONTORNO
10
192.654506
20
186.129531
11
192.878680
21
185.878680
0
LINE
8
CONTORNO
10
192.878680
20
185.878680
11
193.129531
21
185.654506
0
LINE
8
CONTORNO
10
193.129531
20
185.654506
11
193.403904
21
185.459827
0
LINE
8
CONTORNO
10
193.403904
20
185.459827
11
193.698349
21
185.297093
0
LINE
8
CONTORNO
10
193.698349
20
185.297093
11
194.009163
21
185.168350
0
LINE
8
CONTORNO
10
194.009163
20
185.168350
11
194.332437
21
185.075216
0
LINE
8
CONTORNO
10
194.332437
20
185.075216
11
194.664107
21
185.018863
0
LINE
8
CONTORNO
10
194.664107
20
185.018863
11
195.000000
21
185.000000
0
LINE
8
CONTORNO
10
192.000000
20
188.000000
11
192.018863
21
187.664107
0
LINE
8
CONTORNO
10
192.018863
20
187.664107
11
192.075216
21
187.332437
0
LINE
8
CONTORNO
10
192.075216
20
187.332437
11
192.168350
21
187.009163
0
LINE
8
CONTORNO
10
192.168350
20
187.009163
11
192.297093
21
186.698349
0
LINE
8
CONTORNO
10
192.297093
20
186.698349
11
192.459827
21
186.403904
0
LINE
8
CONTORNO
10
192.459827
20
186.403904
11
192.654506
21
186.129531
0
LINE
8
CONTORNO
10
192.654506
20
186.129531
11
192.878680
21
185.878680
0
LINE
8
CONTORNO
10
192.878680
20
185.878680
11
193.129531
21
185.654506
0
LINE
8
CONTORNO
10
193.129531
20
185.654506
11
193.403904
21
185.459827
0
LINE
8
CONTORNO
10
193.403904
20
185.459827
11
193.698349
21
185.297093
0
LINE
8
CONTORNO
10
193.698349
20
185.297093
11
194.009163
21
185.168350
0
LINE
8
CONTORNO
10
194.009163
20
185.168350
11
194.332437
21
185.075216
0
LINE
8
CONTORNO
10
194.332437
20
185.075216
11
194.664107
21
185.018863
0
LINE
8
CONTORNO
10
194.664107
20
185.018863
11
195.000000
21
185.000000
0
LINE
8
CONTORNO
10
195.000000
20
185.000000
11
336.720000
21
185.000000
0
LINE
8
CONTORNO
10
339.720000
20
188.000000
11
339.701137
21
187.664107
0
LINE
8
CONTORNO
10
339.701137
20
187.664107
11
339.644784
21
187.332437
0
LINE
8
CONTORNO
10
339.644784
20
187.332437
11
339.551650
21
187.009163
0
LINE
8
CONTORNO
10
339.551650
20
187.009163
11
339.422907
21
186.698349
0
LINE
8
CONTORNO
10
339.422907
20
186.698349
11
339.260173
21
186.403904
0
LINE
8
CONTORNO
10
339.260173
20
186.403904
11
339.065494
21
186.129531
0
LINE
8
CONTORNO
10
339.065494
20
186.129531
11
338.841320
21
185.878680
0
LINE
8
CONTORNO
10
338.841320
20
185.878680
11
338.590469
21
185.654506
0
LINE
8
CONTORNO
10
338.590469
20
185.654506
11
338.316096
21
185.459827
0
LINE
8
CONTORNO
10
338.316096
20
185.459827
11
338.021651
21
185.297093
0
LINE
8
CONTORNO
10
338.021651
20
185.297093
11
337.710837
21
185.168350
0
LINE
8
CONTORNO
10
337.710837
20
185.168350
11
337.387563
21
185.075216
0
LINE
8
CONTORNO
10
337.387563
20
185.075216
11
337.055893
21
185.018863
0
LINE
8
CONTORNO
10
337.055893
20
185.018863
11
336.720000
21
185.000000
0
LINE
8
CONTORNO
10
339.720000
20
188.000000
11
339.701137
21
187.664107
0
LINE
8
CONTORNO
10
339.701137
20
187.664107
11
339.644784
21
187.332437
0
LINE
8
CONTORNO
10
339.644784
20
187.332437
11
339.551650
21
187.009163
0
LINE
8
CONTORNO
10
339.551650
20
187.009163
11
339.422907
21
186.698349
0
LINE
8
CONTORNO
10
339.422907
20
186.698349
11
339.260173
21
186.403904
0
LINE
8
CONTORNO
10
339.260173
20
186.403904
11
339.065494
21
186.129531
0
LINE
8
CONTORNO
10
339.065494
20
186.129531
11
338.841320
21
185.878680
0
LINE
8
CONTORNO
10
338.841320
20
185.878680
11
338.590469
21
185.654506
0
LINE
8
CONTORNO
10
338.590469
20
185.654506
11
338.316096
21
185.459827
0
LINE
8
CONTORNO
10
338.316096
20
185.459827
11
338.021651
21
185.297093
0
LINE
8
CONTORNO
10
338.021651
20
185.297093
11
337.710837
21
185.168350
0
LINE
8
CONTORNO
10
337.710837
20
185.168350
11
337.387563
21
185.075216
0
LINE
8
CONTORNO
10
337.387563
20
185.075216
11
337.055893
21
185.018863
0
LINE
8
CONTORNO
10
337.055893
20
185.018863
11
336.720000
21
185.000000
0
LINE
8
CONTORNO
10
339.720000
20
222.831000
11
343.740563
21
219.885243
0
LINE
8
CONTORNO
10
343.740563
20
219.885243
11
346.791396
21
217.120208
0
LINE
8
CONTORNO
10
346.791396
20
217.120208
11
349.024610
21
214.515846
0
LINE
8
CONTORNO
10
349.024610
20
214.515846
11
350.568795
21
212.045614
0
LINE
8
CONTORNO
10
350.568795
20
212.045614
11
351.524826
21
209.676329
0
LINE
8
CONTORNO
10
351.524826
20
209.676329
11
351.878677
21
208.082725
0
LINE
8
CONTORNO
10
351.878677
20
208.082725
11
352.000000
21
206.455000
0
LINE
8
CONTORNO
10
350.655681
20
207.358000
11
350.671583
21
207.087633
0
LINE
8
CONTORNO
10
350.671583
20
207.087633
11
350.641131
21
206.482847
0
LINE
8
CONTORNO
10
350.641131
20
206.482847
11
350.580298
21
206.152994
0
LINE
8
CONTORNO
10
350.580298
20
206.152994
11
350.470033
21
205.805274
0
LINE
8
CONTORNO
10
350.470033
20
205.805274
11
350.365099
21
205.589713
0
LINE
8
CONTORNO
10
350.365099
20
205.589713
11
350.150640
21
205.330362
0
LINE
8
CONTORNO
10
350.150640
20
205.330362
11
349.926454
21
205.244000
0
LINE
8
CONTORNO
10
349.926454
20
205.244000
11
349.637596
21
205.401159
0
LINE
8
CONTORNO
10
349.637596
20
205.401159
11
349.489119
21
205.631003
0
LINE
8
CONTORNO
10
349.489119
20
205.631003
11
349.297285
21
206.160502
0
LINE
8
CONTORNO
10
349.297285
20
206.160502
11
349.166052
21
206.787579
0
LINE
8
CONTORNO
10
349.166052
20
206.787579
11
349.112327
21
207.178055
0
LINE
8
CONTORNO
10
349.112327
20
207.178055
11
349.055579
21
207.975235
0
LINE
8
CONTORNO
10
349.055579
20
207.975235
11
349.062179
21
208.459119
0
LINE
8
CONTORNO
10
349.062179
20
208.459119
11
349.077235
21
208.646918
0
LINE
8
CONTORNO
10
349.077235
20
208.646918
11
349.114297
21
208.897913
0
LINE
8
CONTORNO
10
349.114297
20
208.897913
11
349.216065
21
209.223890
0
LINE
8
CONTORNO
10
349.216065
20
209.223890
11
349.379162
21
209.426710
0
LINE
8
CONTORNO
10
349.379162
20
209.426710
11
349.531316
21
209.472000
0
LINE
8
CONTORNO
10
349.531316
20
209.472000
11
349.871095
21
209.309716
0
LINE
8
CONTORNO
10
349.871095
20
209.309716
11
350.258323
21
208.778291
0
LINE
8
CONTORNO
10
350.258323
20
208.778291
11
350.379737
21
208.514968
0
LINE
8
CONTORNO
10
350.379737
20
208.514968
11
350.514993
21
208.120506
0
LINE
8
CONTORNO
10
350.514993
20
208.120506
11
350.655681
21
207.358000
0
LINE
8
CONTORNO
10
192.000000
20
188.000000
11
339.720000
21
188.000000
0
LINE
8
CONTORNO
10
339.720000
20
190.079000
11
340.068351
21
190.312943
0
LINE
8
CONTORNO
10
340.068351
20
190.312943
11
340.411690
21
190.546886
0
LINE
8
CONTORNO
10
340.411690
20
190.546886
11
340.750016
21
190.780829
0
LINE
8
CONTORNO
10
340.750016
20
190.780829
11
341.083331
21
191.014771
0
LINE
8
CONTORNO
10
341.083331
20
191.014771
11
341.411633
21
191.248714
0
LINE
8
CONTORNO
10
341.411633
20
191.248714
11
341.734922
21
191.482657
0
LINE
8
CONTORNO
10
341.734922
20
191.482657
11
342.053200
21
191.716600
0
LINE
8
CONTORNO
10
342.053200
20
191.716600
11
342.366465
21
191.950543
0
LINE
8
CONTORNO
10
342.366465
20
191.950543
11
342.674718
21
192.184486
0
LINE
8
CONTORNO
10
342.674718
20
192.184486
11
342.977959
21
192.418429
0
LINE
8
CONTORNO
10
342.977959
20
192.418429
11
343.276188
21
192.652371
0
LINE
8
CONTORNO
10
343.276188
20
192.652371
11
343.569404
21
192.886314
0
LINE
8
CONTORNO
10
343.569404
20
192.886314
11
343.857608
21
193.120257
0
LINE
8
CONTORNO
10
343.857608
20
193.120257
11
344.140800
21
193.354200
0
LINE
8
CONTORNO
10
344.140800
20
193.354200
11
344.418980
21
193.588143
0
LINE
8
CONTORNO
10
344.418980
20
193.588143
11
344.692147
21
193.822086
0
LINE
8
CONTORNO
10
344.692147
20
193.822086
11
344.960302
21
194.056029
0
LINE
8
CONTORNO
10
344.960302
20
194.056029
11
345.223445
21
194.289971
0
LINE
8
CONTORNO
10
345.223445
20
194.289971
11
345.481576
21
194.523914
0
LINE
8
CONTORNO
10
345.481576
20
194.523914
11
345.734694
21
194.757857
0
LINE
8
CONTORNO
10
345.734694
20
194.757857
11
345.982800
21
194.991800
0
LINE
8
CONTORNO
10
345.982800
20
194.991800
11
346.225894
21
195.225743
0
LINE
8
CONTORNO
10
346.225894
20
195.225743
11
346.463976
21
195.459686
0
LINE
8
CONTORNO
10
346.463976
20
195.459686
11
346.697045
21
195.693629
0
LINE
8
CONTORNO
10
346.697045
20
195.693629
11
346.925102
21
195.927571
0
LINE
8
CONTORNO
10
346.925102
20
195.927571
11
347.148147
21
196.161514
0
LINE
8
CONTORNO
10
347.148147
20
196.161514
11
347.366180
21
196.395457
0
LINE
8
CONTORNO
10
347.366180
20
196.395457
11
347.579200
21
196.629400
0
LINE
8
CONTORNO
10
347.579200
20
196.629400
11
347.787208
21
196.863343
0
LINE
8
CONTORNO
10
347.787208
20
196.863343
11
347.990204
21
197.097286
0
LINE
8
CONTORNO
10
347.990204
20
197.097286
11
348.188188
21
197.331229
0
LINE
8
CONTORNO
10
348.188188
20
197.331229
11
348.381159
21
197.565171
0
LINE
8
CONTORNO
10
348.381159
20
197.565171
11
348.569118
21
197.799114
0
LINE
8
CONTORNO
10
348.569118
20
197.799114
11
348.752065
21
198.033057
0
LINE
8
CONTORNO
10
348.752065
20
198.033057
11
348.930000
21
198.267000
0
LINE
8
CONTORNO
10
348.930000
20
198.267000
11
349.102922
21
198.500943
0
LINE
8
CONTORNO
10
349.102922
20
198.500943
11
349.270833
21
198.734886
0
LINE
8
CONTORNO
10
349.270833
20
198.734886
11
349.433731
21
198.968829
0
LINE
8
CONTORNO
10
349.433731
20
198.968829
11
349.591616
21
199.202771
0
LINE
8
CONTORNO
10
349.591616
20
199.202771
11
349.744490
21
199.436714
0
LINE
8
CONTORNO
10
349.744490
20
199.436714
11
349.892351
21
199.670657
0
LINE
8
CONTORNO
10
349.892351
20
199.670657
11
350.035200
21
199.904600
0
LINE
8
CONTORNO
10
350.035200
20
199.904600
11
350.173037
21
200.138543
0
LINE
8
CONTORNO
10
350.173037
20
200.138543
11
350.305861
21
200.372486
0
LINE
8
CONTORNO
10
350.305861
20
200.372486
11
350.433673
21
200.606429
0
LINE
8
CONTORNO
10
350.433673
20
200.606429
11
350.556473
21
200.840371
0
LINE
8
CONTORNO
10
350.556473
20
200.840371
11
350.674261
21
201.074314
0
LINE
8
CONTORNO
10
350.674261
20
201.074314
11
350.787037
21
201.308257
0
LINE
8
CONTORNO
10
350.787037
20
201.308257
11
350.894800
21
201.542200
0
LINE
8
CONTORNO
10
350.894800
20
201.542200
11
350.997551
21
201.776143
0
LINE
8
CONTORNO
10
350.997551
20
201.776143
11
351.095290
21
202.010086
0
LINE
8
CONTORNO
10
351.095290
20
202.010086
11
351.188016
21
202.244029
0
LINE
8
CONTORNO
10
351.188016
20
202.244029
11
351.275731
21
202.477971
0
LINE
8
CONTORNO
10
351.275731
20
202.477971
11
351.358433
21
202.711914
0
LINE
8
CONTORNO
10
351.358433
20
202.711914
11
351.436122
21
202.945857
0
LINE
8
CONTORNO
10
351.436122
20
202.945857
11
351.508800
21
203.179800
0
LINE
8
CONTORNO
10
351.508800
20
203.179800
11
351.576465
21
203.413743
0
LINE
8
CONTORNO
10
351.576465
20
203.413743
11
351.639118
21
203.647686
0
LINE
8
CONTORNO
10
351.639118
20
203.647686
11
351.696759
21
203.881629
0
LINE
8
CONTORNO
10
351.696759
20
203.881629
11
351.749388
21
204.115571
0
LINE
8
CONTORNO
10
351.749388
20
204.115571
11
351.797004
21
204.349514
0
LINE
8
CONTORNO
10
351.797004
20
204.349514
11
351.839608
21
204.583457
0
LINE
8
CONTORNO
10
351.839608
20
204.583457
11
351.877200
21
204.817400
0
LINE
8
CONTORNO
10
351.877200
20
204.817400
11
351.909780
21
205.051343
0
LINE
8
CONTORNO
10
351.909780
20
205.051343
11
351.937347
21
205.285286
0
LINE
8
CONTORNO
10
351.937347
20
205.285286
11
351.959902
21
205.519229
0
LINE
8
CONTORNO
10
351.959902
20
205.519229
11
351.977445
21
205.753171
0
LINE
8
CONTORNO
10
351.977445
20
205.753171
11
351.989976
21
205.987114
0
LINE
8
CONTORNO
10
351.989976
20
205.987114
11
351.997494
21
206.221057
0
LINE
8
CONTORNO
10
351.997494
20
206.221057
11
352.000000
21
206.455000
0
LINE
8
CONTORNO
10
352.000000
20
206.455000
11
351.997494
21
206.688943
0
LINE
8
CONTORNO
10
351.997494
20
206.688943
11
351.989976
21
206.922886
0
LINE
8
CONTORNO
10
351.989976
20
206.922886
11
351.977445
21
207.156829
0
LINE
8
CONTORNO
10
351.977445
20
207.156829
11
351.959902
21
207.390771
0
LINE
8
CONTORNO
10
351.959902
20
207.390771
11
351.937347
21
207.624714
0
LINE
8
CONTORNO
10
351.937347
20
207.624714
11
351.909780
21
207.858657
0
LINE
8
CONTORNO
10
351.909780
20
207.858657
11
351.877200
21
208.092600
0
LINE
8
CONTORNO
10
351.877200
20
208.092600
11
351.839608
21
208.326543
0
LINE
8
CONTORNO
10
351.839608
20
208.326543
11
351.797004
21
208.560486
0
LINE
8
CONTORNO
10
351.797004
20
208.560486
11
351.749388
21
208.794429
0
LINE
8
CONTORNO
10
351.749388
20
208.794429
11
351.696759
21
209.028371
0
LINE
8
CONTORNO
10
351.696759
20
209.028371
11
351.639118
21
209.262314
0
LINE
8
CONTORNO
10
351.639118
20
209.262314
11
351.576465
21
209.496257
0
LINE
8
CONTORNO
10
351.576465
20
209.496257
11
351.508800
21
209.730200
0
LINE
8
CONTORNO
10
351.508800
20
209.730200
11
351.436122
21
209.964143
0
LINE
8
CONTORNO
10
351.436122
20
209.964143
11
351.358433
21
210.198086
0
LINE
8
CONTORNO
10
351.358433
20
210.198086
11
351.275731
21
210.432029
0
LINE
8
CONTORNO
10
351.275731
20
210.432029
11
351.188016
21
210.665971
0
LINE
8
CONTORNO
10
351.188016
20
210.665971
11
351.095290
21
210.899914
0
LINE
8
CONTORNO
10
351.095290
20
210.899914
11
350.997551
21
211.133857
0
LINE
8
CONTORNO
10
350.997551
20
211.133857
11
350.894800
21
211.367800
0
LINE
8
CONTORNO
10
350.894800
20
211.367800
11
350.787037
21
211.601743
0
LINE
8
CONTORNO
10
350.787037
20
211.601743
11
350.674261
21
211.835686
0
LINE
8
CONTORNO
10
350.674261
20
211.835686
11
350.556473
21
212.069629
0
LINE
8
CONTORNO
10
350.556473
20
212.069629
11
350.433673
21
212.303571
0
LINE
8
CONTORNO
10
350.433673
20
212.303571
11
350.305861
21
212.537514
0
LINE
8
CONTORNO
10
350.305861
20
212.537514
11
350.173037
21
212.771457
0
LINE
8
CONTORNO
10
350.173037
20
212.771457
11
350.035200
21
213.005400
0
LINE
8
CONTORNO
10
350.035200
20
213.005400
11
349.892351
21
213.239343
0
LINE
8
CONTORNO
10
349.892351
20
213.239343
11
349.744490
21
213.473286
0
LINE
8
CONTORNO
10
349.744490
20
213.473286
11
349.591616
21
213.707229
0
LINE
8
CONTORNO
10
349.591616
20
213.707229
11
349.433731
21
213.941171
0
LINE
8
CONTORNO
10
349.433731
20
213.941171
11
349.270833
21
214.175114
0
LINE
8
CONTORNO
10
349.270833
20
214.175114
11
349.102922
21
214.409057
0
LINE
8
CONTORNO
10
349.102922
20
214.409057
11
348.930000
21
214.643000
0
LINE
8
CONTORNO
10
348.930000
20
214.643000
11
348.752065
21
214.876943
0
LINE
8
CONTORNO
10
348.752065
20
214.876943
11
348.569118
21
215.110886
0
LINE
8
CONTORNO
10
348.569118
20
215.110886
11
348.381159
21
215.344829
0
LINE
8
CONTORNO
10
348.381159
20
215.344829
11
348.188188
21
215.578771
0
LINE
8
CONTORNO
10
348.188188
20
215.578771
11
347.990204
21
215.812714
0
LINE
8
CONTORNO
10
347.990204
20
215.812714
11
347.787208
21
216.046657
0
LINE
8
CONTORNO
10
347.787208
20
216.046657
11
347.579200
21
216.280600
0
LINE
8
CONTORNO
10
347.579200
20
216.280600
11
347.366180
21
216.514543
0
LINE
8
CONTORNO
10
347.366180
20
216.514543
11
347.148147
21
216.748486
0
LINE
8
CONTORNO
10
347.148147
20
216.748486
11
346.925102
21
216.982429
0
LINE
8
CONTORNO
10
346.925102
20
216.982429
11
346.697045
21
217.216371
0
LINE
8
CONTORNO
10
346.697045
20
217.216371
11
346.463976
21
217.450314
0
LINE
8
CONTORNO
10
346.463976
20
217.450314
11
346.225894
21
217.684257
0
LINE
8
CONTORNO
10
346.225894
20
217.684257
11
345.982800
21
217.918200
0
LINE
8
CONTORNO
10
345.982800
20
217.918200
11
345.734694
21
218.152143
0
LINE
8
CONTORNO
10
345.734694
20
218.152143
11
345.481576
21
218.386086
0
LINE
8
CONTORNO
10
345.481576
20
218.386086
11
345.223445
21
218.620029
0
LINE
8
CONTORNO
10
345.223445
20
218.620029
11
344.960302
21
218.853971
0
LINE
8
CONTORNO
10
344.960302
20
218.853971
11
344.692147
21
219.087914
0
LINE
8
CONTORNO
10
344.692147
20
219.087914
11
344.418980
21
219.321857
0
LINE
8
CONTORNO
10
344.418980
20
219.321857
11
344.140800
21
219.555800
0
LINE
8
CONTORNO
10
344.140800
20
219.555800
11
343.857608
21
219.789743
0
LINE
8
CONTORNO
10
343.857608
20
219.789743
11
343.569404
21
220.023686
0
LINE
8
CONTORNO
10
343.569404
20
220.023686
11
343.276188
21
220.257629
0
LINE
8
CONTORNO
10
343.276188
20
220.257629
11
342.977959
21
220.491571
0
LINE
8
CONTORNO
10
342.977959
20
220.491571
11
342.674718
21
220.725514
0
LINE
8
CONTORNO
10
342.674718
20
220.725514
11
342.366465
21
220.959457
0
LINE
8
CONTORNO
10
342.366465
20
220.959457
11
342.053200
21
221.193400
0
LINE
8
CONTORNO
10
342.053200
20
221.193400
11
341.734922
21
221.427343
0
LINE
8
CONTORNO
10
341.734922
20
221.427343
11
341.411633
21
221.661286
0
LINE
8
CONTORNO
10
341.411633
20
221.661286
11
341.083331
21
221.895229
0
LINE
8
CONTORNO
10
341.083331
20
221.895229
11
340.750016
21
222.129171
0
LINE
8
CONTORNO
10
340.750016
20
222.129171
11
340.411690
21
222.363114
0
LINE
8
CONTORNO
10
340.411690
20
222.363114
11
340.068351
21
222.597057
0
LINE
8
CONTORNO
10
340.068351
20
222.597057
11
339.720000
21
222.831000
0
LINE
8
QUOTE
10
192.000000
20
240.000000
11
192.000000
21
248.500000
0
LINE
8
QUOTE
10
352.000000
20
240.000000
11
352.000000
21
248.500000
0
LINE
8
QUOTE
10
192.000000
20
247.000000
11
352.000000
21
247.000000
0
LINE
8
QUOTE
10
192.000000
20
247.000000
11
195.000000
21
247.500000
0
LINE
8
QUOTE
10
195.000000
20
247.500000
11
195.000000
21
246.500000
0
LINE
8
QUOTE
10
195.000000
20
246.500000
11
192.000000
21
247.000000
0
LINE
8
QUOTE
10
352.000000
20
247.000000
11
349.000000
21
246.500000
0
LINE
8
QUOTE
10
349.000000
20
246.500000
11
349.000000
21
247.500000
0
LINE
8
QUOTE
10
349.000000
20
247.500000
11
352.000000
21
247.000000
0
TEXT
8
QUOTE
10
272.000000
20
247.900000
40
2.500000
1
80.00
50
0.000000
72
1.000000
11
272.000000
21
247.900000
0
LINE
8
QUOTE
10
192.000000
20
240.000000
11
192.000000
21
258.500000
0
LINE
8
QUOTE
10
339.720000
20
240.000000
11
339.720000
21
258.500000
0
LINE
8
QUOTE
10
192.000000
20
257.000000
11
339.720000
21
257.000000
0
LINE
8
QUOTE
10
192.000000
20
257.000000
11
195.000000
21
257.500000
0
LINE
8
QUOTE
10
195.000000
20
257.500000
11
195.000000
21
256.500000
0
LINE
8
QUOTE
10
195.000000
20
256.500000
11
192.000000
21
257.000000
0
LINE
8
QUOTE
10
339.720000
20
257.000000
11
336.720000
21
256.500000
0
LINE
8
QUOTE
10
336.720000
20
256.500000
11
336.720000
21
257.500000
0
LINE
8
QUOTE
10
336.720000
20
257.500000
11
339.720000
21
257.000000
0
TEXT
8
QUOTE
10
265.860000
20
257.900000
40
2.500000
1
73.86
50
0.000000
72
1.000000
11
265.860000
21
257.900000
0
LINE
8
QUOTE
10
353.000000
20
185.000000
11
367.500000
21
185.000000
0
LINE
8
QUOTE
10
353.000000
20
239.000000
11
367.500000
21
239.000000
0
LINE
8
QUOTE
10
366.000000
20
185.000000
11
366.000000
21
239.000000
0
LINE
8
QUOTE
10
366.000000
20
185.000000
11
365.500000
21
188.000000
0
LINE
8
QUOTE
10
365.500000
20
188.000000
11
366.500000
21
188.000000
0
LINE
8
QUOTE
10
366.500000
20
188.000000
11
366.000000
21
185.000000
0
LINE
8
QUOTE
10
366.000000
20
239.000000
11
366.500000
21
236.000000
0
LINE
8
QUOTE
10
366.500000
20
236.000000
11
365.500000
21
236.000000
0
LINE
8
QUOTE
10
365.500000
20
236.000000
11
366.000000
21
239.000000
0
TEXT
8
QUOTE
10
365.100000
20
212.000000
40
2.500000
1
27.00
50
90.000000
72
1.000000
11
365.100000
21
212.000000
0
TEXT
8
CONTORNO
10
272.000000
20
22.000000
40
3.400000
1
PIANTA
50
0.000000
72
1.000000
11
272.000000
21
22.000000
0
LINE
8
NASCOSTO
10
337.120000
20
58.400000
11
337.120000
21
75.904000
0
LINE
8
NASCOSTO
10
337.120000
20
124.096000
11
337.120000
21
141.600000
0
LINE
8
NASCOSTO
10
337.120000
20
58.400000
11
337.120000
21
75.904000
0
LINE
8
NASCOSTO
10
337.120000
20
78.397388
11
337.120000
21
83.233788
0
LINE
8
NASCOSTO
10
337.120000
20
124.096000
11
337.120000
21
141.600000
0
LINE
8
NASCOSTO
10
337.120000
20
120.814312
11
337.120000
21
120.189869
0
LINE
8
NASCOSTO
10
337.120000
20
120.189869
11
337.120000
21
119.691987
0
LINE
8
NASCOSTO
10
337.120000
20
119.691987
11
337.120000
21
119.328715
0
LINE
8
NASCOSTO
10
337.120000
20
119.328715
11
337.120000
21
118.396412
0
LINE
8
NASCOSTO
10
337.120000
20
118.396412
11
337.120000
21
117.464108
0
LINE
8
NASCOSTO
10
337.120000
20
117.464108
11
337.120000
21
117.100836
0
LINE
8
NASCOSTO
10
337.120000
20
117.100836
11
337.120000
21
116.602954
0
LINE
8
NASCOSTO
10
337.120000
20
116.602954
11
337.120000
21
116.256011
0
LINE
8
NASCOSTO
10
337.120000
20
116.256011
11
337.120000
21
116.111344
0
LINE
8
NASCOSTO
10
337.120000
20
116.111344
11
337.120000
21
115.978512
0
LINE
8
NASCOSTO
10
337.120000
20
115.978512
11
337.120000
21
116.111344
0
LINE
8
NASCOSTO
10
337.120000
20
116.111344
11
337.120000
21
116.256011
0
LINE
8
NASCOSTO
10
337.120000
20
116.256011
11
337.120000
21
116.602954
0
LINE
8
NASCOSTO
10
337.120000
20
116.602954
11
337.120000
21
117.100836
0
LINE
8
NASCOSTO
10
337.120000
20
117.100836
11
337.120000
21
117.464108
0
LINE
8
NASCOSTO
10
337.120000
20
117.464108
11
337.120000
21
118.396412
0
LINE
8
NASCOSTO
10
337.120000
20
118.396412
11
337.120000
21
119.328715
0
LINE
8
NASCOSTO
10
337.120000
20
119.328715
11
337.120000
21
119.691987
0
LINE
8
NASCOSTO
10
337.120000
20
119.691987
11
337.120000
21
120.189869
0
LINE
8
NASCOSTO
10
337.120000
20
120.189869
11
337.120000
21
120.814312
0
LINE
8
NASCOSTO
10
337.120000
20
63.800000
11
337.120000
21
63.463883
0
LINE
8
NASCOSTO
10
337.120000
20
63.463883
11
337.120000
21
63.131992
0
LINE
8
NASCOSTO
10
337.120000
20
63.131992
11
337.120000
21
62.808502
0
LINE
8
NASCOSTO
10
337.120000
20
62.808502
11
337.120000
21
62.497481
0
LINE
8
NASCOSTO
10
337.120000
20
62.497481
11
337.120000
21
62.202840
0
LINE
8
NASCOSTO
10
337.120000
20
62.202840
11
337.120000
21
61.928284
0
LINE
8
NASCOSTO
10
337.120000
20
61.928284
11
337.120000
21
61.677265
0
LINE
8
NASCOSTO
10
337.120000
20
61.677265
11
337.120000
21
61.452942
0
LINE
8
NASCOSTO
10
337.120000
20
61.452942
11
337.120000
21
61.258134
0
LINE
8
NASCOSTO
10
337.120000
20
61.258134
11
337.120000
21
61.095291
0
LINE
8
NASCOSTO
10
337.120000
20
61.095291
11
337.120000
21
60.966462
0
LINE
8
NASCOSTO
10
337.120000
20
60.966462
11
337.120000
21
60.873266
0
LINE
8
NASCOSTO
10
337.120000
20
60.873266
11
337.120000
21
60.816876
0
LINE
8
NASCOSTO
10
337.120000
20
60.816876
11
337.120000
21
60.798000
0
LINE
8
NASCOSTO
10
337.120000
20
60.798000
11
337.120000
21
60.873266
0
LINE
8
NASCOSTO
10
337.120000
20
60.873266
11
337.120000
21
61.095291
0
LINE
8
NASCOSTO
10
337.120000
20
61.095291
11
337.120000
21
61.452942
0
LINE
8
NASCOSTO
10
337.120000
20
61.452942
11
337.120000
21
61.928284
0
LINE
8
NASCOSTO
10
337.120000
20
61.928284
11
337.120000
21
62.497481
0
LINE
8
NASCOSTO
10
337.120000
20
62.497481
11
337.120000
21
63.131992
0
LINE
8
NASCOSTO
10
337.120000
20
63.131992
11
337.120000
21
63.800000
0
LINE
8
NASCOSTO
10
337.120000
20
63.800000
11
337.120000
21
64.468008
0
LINE
8
NASCOSTO
10
337.120000
20
64.468008
11
337.120000
21
65.102519
0
LINE
8
NASCOSTO
10
337.120000
20
65.102519
11
337.120000
21
65.671716
0
LINE
8
NASCOSTO
10
337.120000
20
65.671716
11
337.120000
21
66.147058
0
LINE
8
NASCOSTO
10
337.120000
20
66.147058
11
337.120000
21
66.504709
0
LINE
8
NASCOSTO
10
337.120000
20
66.504709
11
337.120000
21
66.726734
0
LINE
8
NASCOSTO
10
337.120000
20
66.726734
11
337.120000
21
66.802000
0
LINE
8
NASCOSTO
10
337.120000
20
66.802000
11
337.120000
21
66.783124
0
LINE
8
NASCOSTO
10
337.120000
20
66.783124
11
337.120000
21
66.726734
0
LINE
8
NASCOSTO
10
337.120000
20
66.726734
11
337.120000
21
66.633538
0
LINE
8
NASCOSTO
10
337.120000
20
66.633538
11
337.120000
21
66.504709
0
LINE
8
NASCOSTO
10
337.120000
20
66.504709
11
337.120000
21
66.341866
0
LINE
8
NASCOSTO
10
337.120000
20
66.341866
11
337.120000
21
66.147058
0
LINE
8
NASCOSTO
10
337.120000
20
66.147058
11
337.120000
21
65.922735
0
LINE
8
NASCOSTO
10
337.120000
20
65.922735
11
337.120000
21
65.671716
0
LINE
8
NASCOSTO
10
337.120000
20
65.671716
11
337.120000
21
65.397160
0
LINE
8
NASCOSTO
10
337.120000
20
65.397160
11
337.120000
21
65.102519
0
LINE
8
NASCOSTO
10
337.120000
20
65.102519
11
337.120000
21
64.791498
0
LINE
8
NASCOSTO
10
337.120000
20
64.791498
11
337.120000
21
64.468008
0
LINE
8
NASCOSTO
10
337.120000
20
64.468008
11
337.120000
21
64.136117
0
LINE
8
NASCOSTO
10
337.120000
20
64.136117
11
337.120000
21
63.800000
0
LINE
8
NASCOSTO
10
337.120000
20
83.233788
11
337.120000
21
82.609268
0
LINE
8
NASCOSTO
10
337.120000
20
82.609268
11
337.120000
21
82.111325
0
LINE
8
NASCOSTO
10
337.120000
20
82.111325
11
337.120000
21
81.748008
0
LINE
8
NASCOSTO
10
337.120000
20
81.748008
11
337.120000
21
80.815588
0
LINE
8
NASCOSTO
10
337.120000
20
80.815588
11
337.120000
21
79.883169
0
LINE
8
NASCOSTO
10
337.120000
20
79.883169
11
337.120000
21
79.519852
0
LINE
8
NASCOSTO
10
337.120000
20
79.519852
11
337.120000
21
79.021908
0
LINE
8
NASCOSTO
10
337.120000
20
79.021908
11
337.120000
21
78.674922
0
LINE
8
NASCOSTO
10
337.120000
20
78.674922
11
337.120000
21
78.530237
0
LINE
8
NASCOSTO
10
337.120000
20
78.530237
11
337.120000
21
78.397388
0
LINE
8
NASCOSTO
10
337.120000
20
78.397388
11
337.120000
21
78.530237
0
LINE
8
NASCOSTO
10
337.120000
20
78.530237
11
337.120000
21
78.674922
0
LINE
8
NASCOSTO
10
337.120000
20
78.674922
11
337.120000
21
79.021908
0
LINE
8
NASCOSTO
10
337.120000
20
79.021908
11
337.120000
21
79.519852
0
LINE
8
NASCOSTO
10
337.120000
20
79.519852
11
337.120000
21
79.883169
0
LINE
8
NASCOSTO
10
337.120000
20
79.883169
11
337.120000
21
80.815588
0
LINE
8
NASCOSTO
10
337.120000
20
80.815588
11
337.120000
21
81.748008
0
LINE
8
NASCOSTO
10
337.120000
20
81.748008
11
337.120000
21
82.111325
0
LINE
8
NASCOSTO
10
337.120000
20
82.111325
11
337.120000
21
82.609268
0
LINE
8
NASCOSTO
10
337.120000
20
82.609268
11
337.120000
21
83.233788
0
LINE
8
NASCOSTO
10
337.120000
20
141.600000
11
326.762000
21
141.600000
0
LINE
8
NASCOSTO
10
204.958000
20
141.600000
11
194.600000
21
141.600000
0
LINE
8
NASCOSTO
10
194.600000
20
141.600000
11
204.958000
21
141.600000
0
LINE
8
NASCOSTO
10
326.762000
20
141.600000
11
337.120000
21
141.600000
0
LINE
8
NASCOSTO
10
194.600000
20
78.560000
11
194.600000
21
58.400000
0
LINE
8
NASCOSTO
10
194.600000
20
124.096000
11
194.600000
21
141.600000
0
LINE
8
NASCOSTO
10
194.600000
20
58.400000
11
194.600000
21
78.560000
0
LINE
8
NASCOSTO
10
194.600000
20
124.096000
11
194.600000
21
141.600000
0
LINE
8
NASCOSTO
10
194.600000
20
58.400000
11
204.958000
21
58.400000
0
LINE
8
NASCOSTO
10
253.858000
20
58.400000
11
257.550000
21
58.400000
0
LINE
8
NASCOSTO
10
263.086000
20
58.400000
11
276.020000
21
58.400000
0
LINE
8
NASCOSTO
10
281.556000
20
58.400000
11
285.248000
21
58.400000
0
LINE
8
NASCOSTO
10
326.762000
20
58.400000
11
337.120000
21
58.400000
0
LINE
8
NASCOSTO
10
337.120000
20
58.400000
11
326.762000
21
58.400000
0
LINE
8
NASCOSTO
10
194.600000
20
58.400000
11
204.958000
21
58.400000
0
LINE
8
NASCOSTO
10
253.858000
20
58.400000
11
257.550000
21
58.400000
0
LINE
8
NASCOSTO
10
253.858000
20
58.400000
11
257.550000
21
58.400000
0
LINE
8
NASCOSTO
10
263.086000
20
58.400000
11
276.020000
21
58.400000
0
LINE
8
NASCOSTO
10
263.086000
20
58.400000
11
276.020000
21
58.400000
0
LINE
8
NASCOSTO
10
281.556000
20
58.400000
11
285.248000
21
58.400000
0
LINE
8
NASCOSTO
10
281.556000
20
58.400000
11
285.248000
21
58.400000
0
LINE
8
NASCOSTO
10
192.000000
20
54.000000
11
192.000000
21
146.000000
0
LINE
8
NASCOSTO
10
192.000000
20
98.026000
11
192.000000
21
58.446000
0
LINE
8
NASCOSTO
10
192.000000
20
98.026000
11
192.000000
21
58.446000
0
LINE
8
NASCOSTO
10
192.000000
20
54.000000
11
339.720000
21
54.000000
0
LINE
8
NASCOSTO
10
263.086000
20
54.000000
11
276.020000
21
54.000000
0
LINE
8
NASCOSTO
10
263.086000
20
54.000000
11
276.020000
21
54.000000
0
LINE
8
NASCOSTO
10
192.000000
20
54.000000
11
192.018863
21
54.018863
0
LINE
8
NASCOSTO
10
192.018863
20
54.018863
11
192.075216
21
54.075216
0
LINE
8
NASCOSTO
10
192.075216
20
54.075216
11
192.168350
21
54.168350
0
LINE
8
NASCOSTO
10
192.168350
20
54.168350
11
192.297093
21
54.297093
0
LINE
8
NASCOSTO
10
192.297093
20
54.297093
11
192.459827
21
54.459827
0
LINE
8
NASCOSTO
10
192.459827
20
54.459827
11
192.654506
21
54.654506
0
LINE
8
NASCOSTO
10
192.654506
20
54.654506
11
192.878680
21
54.878680
0
LINE
8
NASCOSTO
10
192.878680
20
54.878680
11
193.129531
21
55.129531
0
LINE
8
NASCOSTO
10
193.129531
20
55.129531
11
193.403904
21
55.403904
0
LINE
8
NASCOSTO
10
193.403904
20
55.403904
11
193.698349
21
55.698349
0
LINE
8
NASCOSTO
10
193.698349
20
55.698349
11
194.009163
21
56.009163
0
LINE
8
NASCOSTO
10
194.009163
20
56.009163
11
194.332437
21
56.332437
0
LINE
8
NASCOSTO
10
194.332437
20
56.332437
11
194.664107
21
56.664107
0
LINE
8
NASCOSTO
10
194.664107
20
56.664107
11
195.000000
21
57.000000
0
LINE
8
NASCOSTO
10
192.000000
20
146.000000
11
192.018863
21
145.981137
0
LINE
8
NASCOSTO
10
192.018863
20
145.981137
11
192.075216
21
145.924784
0
LINE
8
NASCOSTO
10
192.075216
20
145.924784
11
192.168350
21
145.831650
0
LINE
8
NASCOSTO
10
192.168350
20
145.831650
11
192.297093
21
145.702907
0
LINE
8
NASCOSTO
10
192.297093
20
145.702907
11
192.459827
21
145.540173
0
LINE
8
NASCOSTO
10
192.459827
20
145.540173
11
192.654506
21
145.345494
0
LINE
8
NASCOSTO
10
192.654506
20
145.345494
11
192.878680
21
145.121320
0
LINE
8
NASCOSTO
10
192.878680
20
145.121320
11
193.129531
21
144.870469
0
LINE
8
NASCOSTO
10
193.129531
20
144.870469
11
193.403904
21
144.596096
0
LINE
8
NASCOSTO
10
193.403904
20
144.596096
11
193.698349
21
144.301651
0
LINE
8
NASCOSTO
10
193.698349
20
144.301651
11
194.009163
21
143.990837
0
LINE
8
NASCOSTO
10
194.009163
20
143.990837
11
194.332437
21
143.667563
0
LINE
8
NASCOSTO
10
194.332437
20
143.667563
11
194.664107
21
143.335893
0
LINE
8
NASCOSTO
10
194.664107
20
143.335893
11
195.000000
21
143.000000
0
LINE
8
NASCOSTO
10
192.000000
20
146.000000
11
339.720000
21
146.000000
0
LINE
8
NASCOSTO
10
192.000000
20
98.026000
11
193.380000
21
98.026000
0
LINE
8
NASCOSTO
10
193.380000
20
58.446000
11
193.380000
21
98.026000
0
LINE
8
NASCOSTO
10
192.000000
20
58.446000
11
193.380000
21
58.446000
0
LINE
8
NASCOSTO
10
192.000000
20
98.026000
11
193.380000
21
98.026000
0
LINE
8
NASCOSTO
10
193.380000
20
58.446000
11
193.380000
21
98.026000
0
LINE
8
NASCOSTO
10
192.000000
20
58.446000
11
193.380000
21
58.446000
0
LINE
8
NASCOSTO
10
339.720000
20
54.000000
11
339.720000
21
146.000000
0
LINE
8
NASCOSTO
10
339.720000
20
63.800000
11
339.720000
21
63.463883
0
LINE
8
NASCOSTO
10
339.720000
20
63.463883
11
339.720000
21
63.131992
0
LINE
8
NASCOSTO
10
339.720000
20
63.131992
11
339.720000
21
62.808502
0
LINE
8
NASCOSTO
10
339.720000
20
62.808502
11
339.720000
21
62.497481
0
LINE
8
NASCOSTO
10
339.720000
20
62.497481
11
339.720000
21
62.202840
0
LINE
8
NASCOSTO
10
339.720000
20
62.202840
11
339.720000
21
61.928284
0
LINE
8
NASCOSTO
10
339.720000
20
61.928284
11
339.720000
21
61.677265
0
LINE
8
NASCOSTO
10
339.720000
20
61.677265
11
339.720000
21
61.452942
0
LINE
8
NASCOSTO
10
339.720000
20
61.452942
11
339.720000
21
61.258134
0
LINE
8
NASCOSTO
10
339.720000
20
61.258134
11
339.720000
21
61.095291
0
LINE
8
NASCOSTO
10
339.720000
20
61.095291
11
339.720000
21
60.966462
0
LINE
8
NASCOSTO
10
339.720000
20
60.966462
11
339.720000
21
60.873266
0
LINE
8
NASCOSTO
10
339.720000
20
60.873266
11
339.720000
21
60.816876
0
LINE
8
NASCOSTO
10
339.720000
20
60.816876
11
339.720000
21
60.798000
0
LINE
8
NASCOSTO
10
339.720000
20
60.798000
11
339.720000
21
60.873266
0
LINE
8
NASCOSTO
10
339.720000
20
60.873266
11
339.720000
21
61.095291
0
LINE
8
NASCOSTO
10
339.720000
20
61.095291
11
339.720000
21
61.452942
0
LINE
8
NASCOSTO
10
339.720000
20
61.452942
11
339.720000
21
61.928284
0
LINE
8
NASCOSTO
10
339.720000
20
61.928284
11
339.720000
21
62.497481
0
LINE
8
NASCOSTO
10
339.720000
20
62.497481
11
339.720000
21
63.131992
0
LINE
8
NASCOSTO
10
339.720000
20
63.131992
11
339.720000
21
63.800000
0
LINE
8
NASCOSTO
10
339.720000
20
63.800000
11
339.720000
21
64.468008
0
LINE
8
NASCOSTO
10
339.720000
20
64.468008
11
339.720000
21
65.102519
0
LINE
8
NASCOSTO
10
339.720000
20
65.102519
11
339.720000
21
65.671716
0
LINE
8
NASCOSTO
10
339.720000
20
65.671716
11
339.720000
21
66.147058
0
LINE
8
NASCOSTO
10
339.720000
20
66.147058
11
339.720000
21
66.504709
0
LINE
8
NASCOSTO
10
339.720000
20
66.504709
11
339.720000
21
66.726734
0
LINE
8
NASCOSTO
10
339.720000
20
66.726734
11
339.720000
21
66.802000
0
LINE
8
NASCOSTO
10
339.720000
20
66.802000
11
339.720000
21
66.783124
0
LINE
8
NASCOSTO
10
339.720000
20
66.783124
11
339.720000
21
66.726734
0
LINE
8
NASCOSTO
10
339.720000
20
66.726734
11
339.720000
21
66.633538
0
LINE
8
NASCOSTO
10
339.720000
20
66.633538
11
339.720000
21
66.504709
0
LINE
8
NASCOSTO
10
339.720000
20
66.504709
11
339.720000
21
66.341866
0
LINE
8
NASCOSTO
10
339.720000
20
66.341866
11
339.720000
21
66.147058
0
LINE
8
NASCOSTO
10
339.720000
20
66.147058
11
339.720000
21
65.922735
0
LINE
8
NASCOSTO
10
339.720000
20
65.922735
11
339.720000
21
65.671716
0
LINE
8
NASCOSTO
10
339.720000
20
65.671716
11
339.720000
21
65.397160
0
LINE
8
NASCOSTO
10
339.720000
20
65.397160
11
339.720000
21
65.102519
0
LINE
8
NASCOSTO
10
339.720000
20
65.102519
11
339.720000
21
64.791498
0
LINE
8
NASCOSTO
10
339.720000
20
64.791498
11
339.720000
21
64.468008
0
LINE
8
NASCOSTO
10
339.720000
20
64.468008
11
339.720000
21
64.136117
0
LINE
8
NASCOSTO
10
339.720000
20
64.136117
11
339.720000
21
63.800000
0
LINE
8
NASCOSTO
10
339.720000
20
100.000000
11
339.720000
21
65.238000
0
LINE
8
NASCOSTO
10
339.720000
20
65.238000
11
339.720000
21
69.895225
0
LINE
8
NASCOSTO
10
339.720000
20
69.895225
11
339.720000
21
110.504015
0
LINE
8
NASCOSTO
10
339.720000
20
110.504015
11
339.720000
21
134.762000
0
LINE
8
NASCOSTO
10
339.720000
20
134.762000
11
339.720000
21
100.000000
0
LINE
8
NASCOSTO
10
339.720000
20
54.000000
11
339.701137
21
54.018863
0
LINE
8
NASCOSTO
10
339.701137
20
54.018863
11
339.644784
21
54.075216
0
LINE
8
NASCOSTO
10
339.644784
20
54.075216
11
339.551650
21
54.168350
0
LINE
8
NASCOSTO
10
339.551650
20
54.168350
11
339.422907
21
54.297093
0
LINE
8
NASCOSTO
10
339.422907
20
54.297093
11
339.260173
21
54.459827
0
LINE
8
NASCOSTO
10
339.260173
20
54.459827
11
339.065494
21
54.654506
0
LINE
8
NASCOSTO
10
339.065494
20
54.654506
11
338.841320
21
54.878680
0
LINE
8
NASCOSTO
10
338.841320
20
54.878680
11
338.590469
21
55.129531
0
LINE
8
NASCOSTO
10
338.590469
20
55.129531
11
338.316096
21
55.403904
0
LINE
8
NASCOSTO
10
338.316096
20
55.403904
11
338.021651
21
55.698349
0
LINE
8
NASCOSTO
10
338.021651
20
55.698349
11
337.710837
21
56.009163
0
LINE
8
NASCOSTO
10
337.710837
20
56.009163
11
337.387563
21
56.332437
0
LINE
8
NASCOSTO
10
337.387563
20
56.332437
11
337.055893
21
56.664107
0
LINE
8
NASCOSTO
10
337.055893
20
56.664107
11
336.720000
21
57.000000
0
LINE
8
NASCOSTO
10
263.086000
20
54.000000
11
263.086000
21
58.400000
0
LINE
8
NASCOSTO
10
276.020000
20
54.000000
11
276.020000
21
58.400000
0
LINE
8
NASCOSTO
10
276.020000
20
54.000000
11
276.020000
21
58.400000
0
LINE
8
NASCOSTO
10
263.086000
20
54.000000
11
263.086000
21
58.400000
0
LINE
8
NASCOSTO
10
339.720000
20
146.000000
11
339.701137
21
145.981137
0
LINE
8
NASCOSTO
10
339.701137
20
145.981137
11
339.644784
21
145.924784
0
LINE
8
NASCOSTO
10
339.644784
20
145.924784
11
339.551650
21
145.831650
0
LINE
8
NASCOSTO
10
339.551650
20
145.831650
11
339.422907
21
145.702907
0
LINE
8
NASCOSTO
10
339.422907
20
145.702907
11
339.260173
21
145.540173
0
LINE
8
NASCOSTO
10
339.260173
20
145.540173
11
339.065494
21
145.345494
0
LINE
8
NASCOSTO
10
339.065494
20
145.345494
11
338.841320
21
145.121320
0
LINE
8
NASCOSTO
10
338.841320
20
145.121320
11
338.590469
21
144.870469
0
LINE
8
NASCOSTO
10
338.590469
20
144.870469
11
338.316096
21
144.596096
0
LINE
8
NASCOSTO
10
338.316096
20
144.596096
11
338.021651
21
144.301651
0
LINE
8
NASCOSTO
10
338.021651
20
144.301651
11
337.710837
21
143.990837
0
LINE
8
NASCOSTO
10
337.710837
20
143.990837
11
337.387563
21
143.667563
0
LINE
8
NASCOSTO
10
337.387563
20
143.667563
11
337.055893
21
143.335893
0
LINE
8
NASCOSTO
10
337.055893
20
143.335893
11
336.720000
21
143.000000
0
LINE
8
NASCOSTO
10
193.380000
20
74.221700
11
193.380000
21
73.885247
0
LINE
8
NASCOSTO
10
193.380000
20
73.885247
11
193.380000
21
73.553025
0
LINE
8
NASCOSTO
10
193.380000
20
73.553025
11
193.380000
21
73.229211
0
LINE
8
NASCOSTO
10
193.380000
20
73.229211
11
193.380000
21
72.917879
0
LINE
8
NASCOSTO
10
193.380000
20
72.917879
11
193.380000
21
72.622944
0
LINE
8
NASCOSTO
10
193.380000
20
72.622944
11
193.380000
21
72.348113
0
LINE
8
NASCOSTO
10
193.380000
20
72.348113
11
193.380000
21
72.096844
0
LINE
8
NASCOSTO
10
193.380000
20
72.096844
11
193.380000
21
71.872296
0
LINE
8
NASCOSTO
10
193.380000
20
71.872296
11
193.380000
21
71.677294
0
LINE
8
NASCOSTO
10
193.380000
20
71.677294
11
193.380000
21
71.514289
0
LINE
8
NASCOSTO
10
193.380000
20
71.514289
11
193.380000
21
71.385331
0
LINE
8
NASCOSTO
10
193.380000
20
71.385331
11
193.380000
21
71.292042
0
LINE
8
NASCOSTO
10
193.380000
20
71.292042
11
193.380000
21
71.235595
0
LINE
8
NASCOSTO
10
193.380000
20
71.235595
11
193.380000
21
71.216700
0
LINE
8
NASCOSTO
10
193.380000
20
71.216700
11
193.380000
21
71.235595
0
LINE
8
NASCOSTO
10
193.380000
20
71.235595
11
193.380000
21
71.292042
0
LINE
8
NASCOSTO
10
193.380000
20
71.292042
11
193.380000
21
71.385331
0
LINE
8
NASCOSTO
10
193.380000
20
71.385331
11
193.380000
21
71.514289
0
LINE
8
NASCOSTO
10
193.380000
20
71.514289
11
193.380000
21
71.677294
0
LINE
8
NASCOSTO
10
193.380000
20
71.677294
11
193.380000
21
71.872296
0
LINE
8
NASCOSTO
10
193.380000
20
71.872296
11
193.380000
21
72.096844
0
LINE
8
NASCOSTO
10
193.380000
20
72.096844
11
193.380000
21
72.348113
0
LINE
8
NASCOSTO
10
193.380000
20
72.348113
11
193.380000
21
72.622944
0
LINE
8
NASCOSTO
10
193.380000
20
72.622944
11
193.380000
21
72.917879
0
LINE
8
NASCOSTO
10
193.380000
20
72.917879
11
193.380000
21
73.229211
0
LINE
8
NASCOSTO
10
193.380000
20
73.229211
11
193.380000
21
73.553025
0
LINE
8
NASCOSTO
10
193.380000
20
73.553025
11
193.380000
21
73.885247
0
LINE
8
NASCOSTO
10
193.380000
20
73.885247
11
193.380000
21
74.221700
0
LINE
8
NASCOSTO
10
193.380000
20
74.221700
11
193.380000
21
87.131900
0
LINE
8
NASCOSTO
10
193.380000
20
87.131900
11
193.380000
21
87.468353
0
LINE
8
NASCOSTO
10
193.380000
20
87.468353
11
193.380000
21
87.800575
0
LINE
8
NASCOSTO
10
193.380000
20
87.800575
11
193.380000
21
88.124389
0
LINE
8
NASCOSTO
10
193.380000
20
88.124389
11
193.380000
21
88.435721
0
LINE
8
NASCOSTO
10
193.380000
20
88.435721
11
193.380000
21
88.730656
0
LINE
8
NASCOSTO
10
193.380000
20
88.730656
11
193.380000
21
89.005487
0
LINE
8
NASCOSTO
10
193.380000
20
89.005487
11
193.380000
21
89.256756
0
LINE
8
NASCOSTO
10
193.380000
20
89.256756
11
193.380000
21
89.481304
0
LINE
8
NASCOSTO
10
193.380000
20
89.481304
11
193.380000
21
89.676306
0
LINE
8
NASCOSTO
10
193.380000
20
89.676306
11
193.380000
21
89.839311
0
LINE
8
NASCOSTO
10
193.380000
20
89.839311
11
193.380000
21
89.968269
0
LINE
8
NASCOSTO
10
193.380000
20
89.968269
11
193.380000
21
90.061558
0
LINE
8
NASCOSTO
10
193.380000
20
90.061558
11
193.380000
21
90.118005
0
LINE
8
NASCOSTO
10
193.380000
20
90.118005
11
193.380000
21
90.136900
0
LINE
8
NASCOSTO
10
193.380000
20
90.136900
11
193.380000
21
90.118005
0
LINE
8
NASCOSTO
10
193.380000
20
90.118005
11
193.380000
21
90.061558
0
LINE
8
NASCOSTO
10
193.380000
20
90.061558
11
193.380000
21
89.968269
0
LINE
8
NASCOSTO
10
193.380000
20
89.968269
11
193.380000
21
89.839311
0
LINE
8
NASCOSTO
10
193.380000
20
89.839311
11
193.380000
21
89.676306
0
LINE
8
NASCOSTO
10
193.380000
20
89.676306
11
193.380000
21
89.481304
0
LINE
8
NASCOSTO
10
193.380000
20
89.481304
11
193.380000
21
89.256756
0
LINE
8
NASCOSTO
10
193.380000
20
89.256756
11
193.380000
21
89.005487
0
LINE
8
NASCOSTO
10
193.380000
20
89.005487
11
193.380000
21
88.730656
0
LINE
8
NASCOSTO
10
193.380000
20
88.730656
11
193.380000
21
88.435721
0
LINE
8
NASCOSTO
10
193.380000
20
88.435721
11
193.380000
21
88.124389
0
LINE
8
NASCOSTO
10
193.380000
20
88.124389
11
193.380000
21
87.800575
0
LINE
8
NASCOSTO
10
193.380000
20
87.800575
11
193.380000
21
87.468353
0
LINE
8
NASCOSTO
10
193.380000
20
87.468353
11
193.380000
21
87.131900
0
LINE
8
NASCOSTO
10
193.380000
20
74.221700
11
193.380000
21
87.131900
0
LINE
8
NASCOSTO
10
326.762000
20
58.400000
11
326.762000
21
75.904000
0
LINE
8
NASCOSTO
10
337.120000
20
75.904000
11
326.762000
21
75.904000
0
LINE
8
NASCOSTO
10
333.570000
20
66.025000
11
333.570000
21
66.024067
0
LINE
8
NASCOSTO
10
333.570000
20
66.024067
11
333.569999
21
66.023133
0
LINE
8
NASCOSTO
10
333.569999
20
66.023133
11
333.569998
21
66.022200
0
LINE
8
NASCOSTO
10
333.569998
20
66.022200
11
333.569996
21
66.021266
0
LINE
8
NASCOSTO
10
333.569996
20
66.021266
11
333.569993
21
66.020333
0
LINE
8
NASCOSTO
10
333.569993
20
66.020333
11
333.569990
21
66.019400
0
LINE
8
NASCOSTO
10
333.569990
20
66.019400
11
333.569987
21
66.018466
0
LINE
8
NASCOSTO
10
333.569987
20
66.018466
11
333.569983
21
66.017533
0
LINE
8
NASCOSTO
10
333.569983
20
66.017533
11
333.569978
21
66.016599
0
LINE
8
NASCOSTO
10
333.569978
20
66.016599
11
333.569973
21
66.015666
0
LINE
8
NASCOSTO
10
333.569973
20
66.015666
11
333.569968
21
66.014733
0
LINE
8
NASCOSTO
10
333.569968
20
66.014733
11
333.569961
21
66.013799
0
LINE
8
NASCOSTO
10
333.569961
20
66.013799
11
333.569955
21
66.012866
0
LINE
8
NASCOSTO
10
333.569955
20
66.012866
11
333.569947
21
66.011932
0
LINE
8
NASCOSTO
10
332.738755
20
64.607051
11
332.519996
21
64.505130
0
LINE
8
NASCOSTO
10
332.519996
20
64.505130
11
332.288554
21
64.436732
0
LINE
8
NASCOSTO
10
332.288554
20
64.436732
11
332.049535
21
64.403366
0
LINE
8
NASCOSTO
10
332.049535
20
64.403366
11
331.808210
21
64.405768
0
LINE
8
NASCOSTO
10
331.808210
20
64.405768
11
331.569902
21
64.443884
0
LINE
8
NASCOSTO
10
331.569902
20
64.443884
11
331.339868
21
64.516875
0
LINE
8
NASCOSTO
10
331.339868
20
64.516875
11
331.123181
21
64.623130
0
LINE
8
NASCOSTO
10
331.123181
20
64.623130
11
330.924620
21
64.760306
0
LINE
8
NASCOSTO
10
330.924620
20
64.760306
11
330.748566
21
64.925377
0
LINE
8
NASCOSTO
10
330.748566
20
64.925377
11
330.598901
21
65.114702
0
LINE
8
NASCOSTO
10
330.598901
20
65.114702
11
330.478927
21
65.324105
0
LINE
8
NASCOSTO
10
330.478927
20
65.324105
11
330.391289
21
65.548967
0
LINE
8
NASCOSTO
10
330.391289
20
65.548967
11
330.337921
21
65.784329
0
LINE
8
NASCOSTO
10
330.337921
20
65.784329
11
330.320000
21
66.025000
0
LINE
8
NASCOSTO
10
330.320000
20
68.261000
11
330.320000
21
66.025000
0
LINE
8
NASCOSTO
10
330.320000
20
68.261000
11
330.360742
21
68.622597
0
LINE
8
NASCOSTO
10
330.360742
20
68.622597
11
330.480926
21
68.966061
0
LINE
8
NASCOSTO
10
330.480926
20
68.966061
11
330.674524
21
69.274171
0
LINE
8
NASCOSTO
10
330.674524
20
69.274171
11
330.931829
21
69.531476
0
LINE
8
NASCOSTO
10
330.931829
20
69.531476
11
331.239939
21
69.725074
0
LINE
8
NASCOSTO
10
331.239939
20
69.725074
11
331.583403
21
69.845258
0
LINE
8
NASCOSTO
10
331.583403
20
69.845258
11
331.945000
21
69.886000
0
LINE
8
NASCOSTO
10
331.945000
20
69.886000
11
332.306597
21
69.845258
0
LINE
8
NASCOSTO
10
332.306597
20
69.845258
11
332.650061
21
69.725074
0
LINE
8
NASCOSTO
10
332.650061
20
69.725074
11
332.958171
21
69.531476
0
LINE
8
NASCOSTO
10
332.958171
20
69.531476
11
333.215476
21
69.274171
0
LINE
8
NASCOSTO
10
333.215476
20
69.274171
11
333.409074
21
68.966061
0
LINE
8
NASCOSTO
10
333.409074
20
68.966061
11
333.529258
21
68.622597
0
LINE
8
NASCOSTO
10
333.529258
20
68.622597
11
333.570000
21
68.261000
0
LINE
8
NASCOSTO
10
333.570000
20
68.261000
11
333.570000
21
66.025000
0
LINE
8
NASCOSTO
10
337.120000
20
124.096000
11
326.762000
21
124.096000
0
LINE
8
NASCOSTO
10
326.762000
20
124.096000
11
326.762000
21
141.600000
0
LINE
8
NASCOSTO
10
333.570000
20
131.739000
11
333.529258
21
131.377403
0
LINE
8
NASCOSTO
10
333.529258
20
131.377403
11
333.409074
21
131.033939
0
LINE
8
NASCOSTO
10
333.409074
20
131.033939
11
333.215476
21
130.725829
0
LINE
8
NASCOSTO
10
333.215476
20
130.725829
11
332.958171
21
130.468524
0
LINE
8
NASCOSTO
10
332.958171
20
130.468524
11
332.650061
21
130.274926
0
LINE
8
NASCOSTO
10
332.650061
20
130.274926
11
332.306597
21
130.154742
0
LINE
8
NASCOSTO
10
332.306597
20
130.154742
11
331.945000
21
130.114000
0
LINE
8
NASCOSTO
10
331.945000
20
130.114000
11
331.583403
21
130.154742
0
LINE
8
NASCOSTO
10
331.583403
20
130.154742
11
331.239939
21
130.274926
0
LINE
8
NASCOSTO
10
331.239939
20
130.274926
11
330.931829
21
130.468524
0
LINE
8
NASCOSTO
10
330.931829
20
130.468524
11
330.674524
21
130.725829
0
LINE
8
NASCOSTO
10
330.674524
20
130.725829
11
330.480926
21
131.033939
0
LINE
8
NASCOSTO
10
330.480926
20
131.033939
11
330.360742
21
131.377403
0
LINE
8
NASCOSTO
10
330.360742
20
131.377403
11
330.320000
21
131.739000
0
LINE
8
NASCOSTO
10
330.320000
20
133.975000
11
330.320000
21
131.739000
0
LINE
8
NASCOSTO
10
330.320000
20
133.975000
11
330.337921
21
134.215671
0
LINE
8
NASCOSTO
10
330.337921
20
134.215671
11
330.391289
21
134.451033
0
LINE
8
NASCOSTO
10
330.391289
20
134.451033
11
330.478927
21
134.675895
0
LINE
8
NASCOSTO
10
330.478927
20
134.675895
11
330.598901
21
134.885298
0
LINE
8
NASCOSTO
10
330.598901
20
134.885298
11
330.748566
21
135.074623
0
LINE
8
NASCOSTO
10
330.748566
20
135.074623
11
330.924620
21
135.239694
0
LINE
8
NASCOSTO
10
330.924620
20
135.239694
11
331.123181
21
135.376870
0
LINE
8
NASCOSTO
10
331.123181
20
135.376870
11
331.339868
21
135.483125
0
LINE
8
NASCOSTO
10
331.339868
20
135.483125
11
331.569902
21
135.556116
0
LINE
8
NASCOSTO
10
331.569902
20
135.556116
11
331.808210
21
135.594232
0
LINE
8
NASCOSTO
10
331.808210
20
135.594232
11
332.049535
21
135.596634
0
LINE
8
NASCOSTO
10
332.049535
20
135.596634
11
332.288554
21
135.563268
0
LINE
8
NASCOSTO
10
332.288554
20
135.563268
11
332.519996
21
135.494870
0
LINE
8
NASCOSTO
10
332.519996
20
135.494870
11
332.738755
21
135.392949
0
LINE
8
NASCOSTO
10
333.569947
20
133.988068
11
333.569955
21
133.987134
0
LINE
8
NASCOSTO
10
333.569955
20
133.987134
11
333.569961
21
133.986201
0
LINE
8
NASCOSTO
10
333.569961
20
133.986201
11
333.569968
21
133.985267
0
LINE
8
NASCOSTO
10
333.569968
20
133.985267
11
333.569973
21
133.984334
0
LINE
8
NASCOSTO
10
333.569973
20
133.984334
11
333.569978
21
133.983401
0
LINE
8
NASCOSTO
10
333.569978
20
133.983401
11
333.569983
21
133.982467
0
LINE
8
NASCOSTO
10
333.569983
20
133.982467
11
333.569987
21
133.981534
0
LINE
8
NASCOSTO
10
333.569987
20
133.981534
11
333.569990
21
133.980600
0
LINE
8
NASCOSTO
10
333.569990
20
133.980600
11
333.569993
21
133.979667
0
LINE
8
NASCOSTO
10
333.569993
20
133.979667
11
333.569996
21
133.978734
0
LINE
8
NASCOSTO
10
333.569996
20
133.978734
11
333.569998
21
133.977800
0
LINE
8
NASCOSTO
10
333.569998
20
133.977800
11
333.569999
21
133.976867
0
LINE
8
NASCOSTO
10
333.569999
20
133.976867
11
333.570000
21
133.975933
0
LINE
8
NASCOSTO
10
333.570000
20
133.975933
11
333.570000
21
133.975000
0
LINE
8
NASCOSTO
10
333.570000
20
133.975000
11
333.570000
21
131.739000
0
LINE
8
NASCOSTO
10
337.120000
20
120.814312
11
349.395465
21
115.893814
0
LINE
8
NASCOSTO
10
337.120000
20
83.233788
11
350.655681
21
88.659296
0
LINE
8
NASCOSTO
10
204.958000
20
124.096000
11
204.958000
21
141.600000
0
LINE
8
NASCOSTO
10
204.958000
20
124.096000
11
194.600000
21
124.096000
0
LINE
8
NASCOSTO
10
201.400000
20
131.739000
11
201.359258
21
131.377403
0
LINE
8
NASCOSTO
10
201.359258
20
131.377403
11
201.239074
21
131.033939
0
LINE
8
NASCOSTO
10
201.239074
20
131.033939
11
201.045476
21
130.725829
0
LINE
8
NASCOSTO
10
201.045476
20
130.725829
11
200.788171
21
130.468524
0
LINE
8
NASCOSTO
10
200.788171
20
130.468524
11
200.480061
21
130.274926
0
LINE
8
NASCOSTO
10
200.480061
20
130.274926
11
200.136597
21
130.154742
0
LINE
8
NASCOSTO
10
200.136597
20
130.154742
11
199.775000
21
130.114000
0
LINE
8
NASCOSTO
10
199.775000
20
130.114000
11
199.413403
21
130.154742
0
LINE
8
NASCOSTO
10
199.413403
20
130.154742
11
199.069939
21
130.274926
0
LINE
8
NASCOSTO
10
199.069939
20
130.274926
11
198.761829
21
130.468524
0
LINE
8
NASCOSTO
10
198.761829
20
130.468524
11
198.504524
21
130.725829
0
LINE
8
NASCOSTO
10
198.504524
20
130.725829
11
198.310926
21
131.033939
0
LINE
8
NASCOSTO
10
198.310926
20
131.033939
11
198.190742
21
131.377403
0
LINE
8
NASCOSTO
10
198.190742
20
131.377403
11
198.150000
21
131.739000
0
LINE
8
NASCOSTO
10
198.150000
20
133.975000
11
198.150000
21
131.739000
0
LINE
8
NASCOSTO
10
198.150000
20
133.975000
11
198.150000
21
133.975933
0
LINE
8
NASCOSTO
10
198.150000
20
133.975933
11
198.150001
21
133.976867
0
LINE
8
NASCOSTO
10
198.150001
20
133.976867
11
198.150002
21
133.977800
0
LINE
8
NASCOSTO
10
198.150002
20
133.977800
11
198.150004
21
133.978734
0
LINE
8
NASCOSTO
10
198.150004
20
133.978734
11
198.150007
21
133.979667
0
LINE
8
NASCOSTO
10
198.150007
20
133.979667
11
198.150010
21
133.980600
0
LINE
8
NASCOSTO
10
198.150010
20
133.980600
11
198.150013
21
133.981534
0
LINE
8
NASCOSTO
10
198.150013
20
133.981534
11
198.150017
21
133.982467
0
LINE
8
NASCOSTO
10
198.150017
20
133.982467
11
198.150022
21
133.983401
0
LINE
8
NASCOSTO
10
198.150022
20
133.983401
11
198.150027
21
133.984334
0
LINE
8
NASCOSTO
10
198.150027
20
133.984334
11
198.150032
21
133.985267
0
LINE
8
NASCOSTO
10
198.150032
20
133.985267
11
198.150039
21
133.986201
0
LINE
8
NASCOSTO
10
198.150039
20
133.986201
11
198.150045
21
133.987134
0
LINE
8
NASCOSTO
10
198.150045
20
133.987134
11
198.150053
21
133.988068
0
LINE
8
NASCOSTO
10
198.981245
20
135.392949
11
199.200004
21
135.494870
0
LINE
8
NASCOSTO
10
199.200004
20
135.494870
11
199.431446
21
135.563268
0
LINE
8
NASCOSTO
10
199.431446
20
135.563268
11
199.670465
21
135.596634
0
LINE
8
NASCOSTO
10
199.670465
20
135.596634
11
199.911790
21
135.594232
0
LINE
8
NASCOSTO
10
199.911790
20
135.594232
11
200.150098
21
135.556116
0
LINE
8
NASCOSTO
10
200.150098
20
135.556116
11
200.380132
21
135.483125
0
LINE
8
NASCOSTO
10
200.380132
20
135.483125
11
200.596819
21
135.376870
0
LINE
8
NASCOSTO
10
200.596819
20
135.376870
11
200.795380
21
135.239694
0
LINE
8
NASCOSTO
10
200.795380
20
135.239694
11
200.971434
21
135.074623
0
LINE
8
NASCOSTO
10
200.971434
20
135.074623
11
201.121099
21
134.885298
0
LINE
8
NASCOSTO
10
201.121099
20
134.885298
11
201.241073
21
134.675895
0
LINE
8
NASCOSTO
10
201.241073
20
134.675895
11
201.328711
21
134.451033
0
LINE
8
NASCOSTO
10
201.328711
20
134.451033
11
201.382079
21
134.215671
0
LINE
8
NASCOSTO
10
201.382079
20
134.215671
11
201.400000
21
133.975000
0
LINE
8
NASCOSTO
10
201.400000
20
133.975000
11
201.400000
21
131.739000
0
LINE
8
NASCOSTO
10
194.600000
20
78.560000
11
204.958000
21
78.560000
0
LINE
8
NASCOSTO
10
204.958000
20
58.400000
11
204.958000
21
78.560000
0
ARC
8
NASCOSTO
10
199.775000
20
66.937000
40
1.625000
50
180.000000
51
360.000000
0
LINE
8
NASCOSTO
10
201.400000
20
66.937000
11
201.400000
21
70.003000
0
ARC
8
NASCOSTO
10
199.775000
20
70.003000
40
1.625000
50
0.000000
51
180.000000
0
LINE
8
NASCOSTO
10
198.150000
20
66.937000
11
198.150000
21
70.003000
0
LINE
8
NASCOSTO
10
257.550000
20
69.956476
11
257.550000
21
69.966511
0
LINE
8
NASCOSTO
10
257.550000
20
69.966511
11
257.550000
21
69.976338
0
LINE
8
NASCOSTO
10
257.550000
20
69.976338
11
257.550000
21
69.985958
0
LINE
8
NASCOSTO
10
257.550000
20
69.985958
11
257.550000
21
69.995370
0
LINE
8
NASCOSTO
10
257.550000
20
69.995370
11
257.550000
21
70.004575
0
LINE
8
NASCOSTO
10
257.550000
20
70.004575
11
257.550000
21
70.013571
0
LINE
8
NASCOSTO
10
257.550000
20
70.013571
11
257.550000
21
70.022358
0
LINE
8
NASCOSTO
10
257.550000
20
70.022358
11
257.550000
21
70.030936
0
LINE
8
NASCOSTO
10
257.550000
20
70.030936
11
257.550000
21
70.039305
0
LINE
8
NASCOSTO
10
257.550000
20
70.039305
11
257.550000
21
70.047464
0
LINE
8
NASCOSTO
10
257.550000
20
70.047464
11
257.550000
21
70.055414
0
LINE
8
NASCOSTO
10
257.550000
20
70.055414
11
257.550000
21
70.063153
0
LINE
8
NASCOSTO
10
257.550000
20
70.063153
11
257.550000
21
70.070682
0
LINE
8
NASCOSTO
10
257.550000
20
70.070682
11
257.550000
21
70.078000
0
LINE
8
NASCOSTO
10
257.550000
20
69.956476
11
257.550000
21
58.499524
0
LINE
8
NASCOSTO
10
257.550000
20
58.400000
11
257.550000
21
58.406259
0
LINE
8
NASCOSTO
10
257.550000
20
58.406259
11
257.550000
21
58.412649
0
LINE
8
NASCOSTO
10
257.550000
20
58.412649
11
257.550000
21
58.419170
0
LINE
8
NASCOSTO
10
257.550000
20
58.419170
11
257.550000
21
58.425823
0
LINE
8
NASCOSTO
10
257.550000
20
58.425823
11
257.550000
21
58.432606
0
LINE
8
NASCOSTO
10
257.550000
20
58.432606
11
257.550000
21
58.439520
0
LINE
8
NASCOSTO
10
257.550000
20
58.439520
11
257.550000
21
58.446565
0
LINE
8
NASCOSTO
10
257.550000
20
58.446565
11
257.550000
21
58.453740
0
LINE
8
NASCOSTO
10
257.550000
20
58.453740
11
257.550000
21
58.461046
0
LINE
8
NASCOSTO
10
257.550000
20
58.461046
11
257.550000
21
58.468482
0
LINE
8
NASCOSTO
10
257.550000
20
58.468482
11
257.550000
21
58.476048
0
LINE
8
NASCOSTO
10
257.550000
20
58.476048
11
257.550000
21
58.483744
0
LINE
8
NASCOSTO
10
257.550000
20
58.483744
11
257.550000
21
58.491569
0
LINE
8
NASCOSTO
10
257.550000
20
58.491569
11
257.550000
21
58.499524
0
LINE
8
NASCOSTO
10
253.858000
20
58.499524
11
257.550000
21
58.499524
0
LINE
8
NASCOSTO
10
253.858000
20
58.400000
11
253.858000
21
58.406259
0
LINE
8
NASCOSTO
10
253.858000
20
58.406259
11
253.858000
21
58.412649
0
LINE
8
NASCOSTO
10
253.858000
20
58.412649
11
253.858000
21
58.419170
0
LINE
8
NASCOSTO
10
253.858000
20
58.419170
11
253.858000
21
58.425823
0
LINE
8
NASCOSTO
10
253.858000
20
58.425823
11
253.858000
21
58.432606
0
LINE
8
NASCOSTO
10
253.858000
20
58.432606
11
253.858000
21
58.439520
0
LINE
8
NASCOSTO
10
253.858000
20
58.439520
11
253.858000
21
58.446565
0
LINE
8
NASCOSTO
10
253.858000
20
58.446565
11
253.858000
21
58.453740
0
LINE
8
NASCOSTO
10
253.858000
20
58.453740
11
253.858000
21
58.461046
0
LINE
8
NASCOSTO
10
253.858000
20
58.461046
11
253.858000
21
58.468482
0
LINE
8
NASCOSTO
10
253.858000
20
58.468482
11
253.858000
21
58.476048
0
LINE
8
NASCOSTO
10
253.858000
20
58.476048
11
253.858000
21
58.483744
0
LINE
8
NASCOSTO
10
253.858000
20
58.483744
11
253.858000
21
58.491569
0
LINE
8
NASCOSTO
10
253.858000
20
58.491569
11
253.858000
21
58.499524
0
LINE
8
NASCOSTO
10
253.858000
20
69.956476
11
253.858000
21
69.966511
0
LINE
8
NASCOSTO
10
253.858000
20
69.966511
11
253.858000
21
69.976338
0
LINE
8
NASCOSTO
10
253.858000
20
69.976338
11
253.858000
21
69.985958
0
LINE
8
NASCOSTO
10
253.858000
20
69.985958
11
253.858000
21
69.995370
0
LINE
8
NASCOSTO
10
253.858000
20
69.995370
11
253.858000
21
70.004575
0
LINE
8
NASCOSTO
10
253.858000
20
70.004575
11
253.858000
21
70.013571
0
LINE
8
NASCOSTO
10
253.858000
20
70.013571
11
253.858000
21
70.022358
0
LINE
8
NASCOSTO
10
253.858000
20
70.022358
11
253.858000
21
70.030936
0
LINE
8
NASCOSTO
10
253.858000
20
70.030936
11
253.858000
21
70.039305
0
LINE
8
NASCOSTO
10
253.858000
20
70.039305
11
253.858000
21
70.047464
0
LINE
8
NASCOSTO
10
253.858000
20
70.047464
11
253.858000
21
70.055414
0
LINE
8
NASCOSTO
10
253.858000
20
70.055414
11
253.858000
21
70.063153
0
LINE
8
NASCOSTO
10
253.858000
20
70.063153
11
253.858000
21
70.070682
0
LINE
8
NASCOSTO
10
253.858000
20
70.070682
11
253.858000
21
70.078000
0
LINE
8
NASCOSTO
10
253.858000
20
69.956476
11
253.858000
21
58.499524
0
LINE
8
NASCOSTO
10
281.556000
20
69.956476
11
281.556000
21
69.966511
0
LINE
8
NASCOSTO
10
281.556000
20
69.966511
11
281.556000
21
69.976338
0
LINE
8
NASCOSTO
10
281.556000
20
69.976338
11
281.556000
21
69.985958
0
LINE
8
NASCOSTO
10
281.556000
20
69.985958
11
281.556000
21
69.995370
0
LINE
8
NASCOSTO
10
281.556000
20
69.995370
11
281.556000
21
70.004575
0
LINE
8
NASCOSTO
10
281.556000
20
70.004575
11
281.556000
21
70.013571
0
LINE
8
NASCOSTO
10
281.556000
20
70.013571
11
281.556000
21
70.022358
0
LINE
8
NASCOSTO
10
281.556000
20
70.022358
11
281.556000
21
70.030936
0
LINE
8
NASCOSTO
10
281.556000
20
70.030936
11
281.556000
21
70.039305
0
LINE
8
NASCOSTO
10
281.556000
20
70.039305
11
281.556000
21
70.047464
0
LINE
8
NASCOSTO
10
281.556000
20
70.047464
11
281.556000
21
70.055414
0
LINE
8
NASCOSTO
10
281.556000
20
70.055414
11
281.556000
21
70.063153
0
LINE
8
NASCOSTO
10
281.556000
20
70.063153
11
281.556000
21
70.070682
0
LINE
8
NASCOSTO
10
281.556000
20
70.070682
11
281.556000
21
70.078000
0
LINE
8
NASCOSTO
10
281.556000
20
69.956476
11
281.556000
21
58.499524
0
LINE
8
NASCOSTO
10
281.556000
20
58.400000
11
281.556000
21
58.406259
0
LINE
8
NASCOSTO
10
281.556000
20
58.406259
11
281.556000
21
58.412649
0
LINE
8
NASCOSTO
10
281.556000
20
58.412649
11
281.556000
21
58.419170
0
LINE
8
NASCOSTO
10
281.556000
20
58.419170
11
281.556000
21
58.425823
0
LINE
8
NASCOSTO
10
281.556000
20
58.425823
11
281.556000
21
58.432606
0
LINE
8
NASCOSTO
10
281.556000
20
58.432606
11
281.556000
21
58.439520
0
LINE
8
NASCOSTO
10
281.556000
20
58.439520
11
281.556000
21
58.446565
0
LINE
8
NASCOSTO
10
281.556000
20
58.446565
11
281.556000
21
58.453740
0
LINE
8
NASCOSTO
10
281.556000
20
58.453740
11
281.556000
21
58.461046
0
LINE
8
NASCOSTO
10
281.556000
20
58.461046
11
281.556000
21
58.468482
0
LINE
8
NASCOSTO
10
281.556000
20
58.468482
11
281.556000
21
58.476048
0
LINE
8
NASCOSTO
10
281.556000
20
58.476048
11
281.556000
21
58.483744
0
LINE
8
NASCOSTO
10
281.556000
20
58.483744
11
281.556000
21
58.491569
0
LINE
8
NASCOSTO
10
281.556000
20
58.491569
11
281.556000
21
58.499524
0
LINE
8
NASCOSTO
10
285.248000
20
69.956476
11
285.248000
21
69.966511
0
LINE
8
NASCOSTO
10
285.248000
20
69.966511
11
285.248000
21
69.976338
0
LINE
8
NASCOSTO
10
285.248000
20
69.976338
11
285.248000
21
69.985958
0
LINE
8
NASCOSTO
10
285.248000
20
69.985958
11
285.248000
21
69.995370
0
LINE
8
NASCOSTO
10
285.248000
20
69.995370
11
285.248000
21
70.004575
0
LINE
8
NASCOSTO
10
285.248000
20
70.004575
11
285.248000
21
70.013571
0
LINE
8
NASCOSTO
10
285.248000
20
70.013571
11
285.248000
21
70.022358
0
LINE
8
NASCOSTO
10
285.248000
20
70.022358
11
285.248000
21
70.030936
0
LINE
8
NASCOSTO
10
285.248000
20
70.030936
11
285.248000
21
70.039305
0
LINE
8
NASCOSTO
10
285.248000
20
70.039305
11
285.248000
21
70.047464
0
LINE
8
NASCOSTO
10
285.248000
20
70.047464
11
285.248000
21
70.055414
0
LINE
8
NASCOSTO
10
285.248000
20
70.055414
11
285.248000
21
70.063153
0
LINE
8
NASCOSTO
10
285.248000
20
70.063153
11
285.248000
21
70.070682
0
LINE
8
NASCOSTO
10
285.248000
20
70.070682
11
285.248000
21
70.078000
0
LINE
8
NASCOSTO
10
285.248000
20
69.956476
11
285.248000
21
58.499524
0
LINE
8
NASCOSTO
10
285.248000
20
58.400000
11
285.248000
21
58.406259
0
LINE
8
NASCOSTO
10
285.248000
20
58.406259
11
285.248000
21
58.412649
0
LINE
8
NASCOSTO
10
285.248000
20
58.412649
11
285.248000
21
58.419170
0
LINE
8
NASCOSTO
10
285.248000
20
58.419170
11
285.248000
21
58.425823
0
LINE
8
NASCOSTO
10
285.248000
20
58.425823
11
285.248000
21
58.432606
0
LINE
8
NASCOSTO
10
285.248000
20
58.432606
11
285.248000
21
58.439520
0
LINE
8
NASCOSTO
10
285.248000
20
58.439520
11
285.248000
21
58.446565
0
LINE
8
NASCOSTO
10
285.248000
20
58.446565
11
285.248000
21
58.453740
0
LINE
8
NASCOSTO
10
285.248000
20
58.453740
11
285.248000
21
58.461046
0
LINE
8
NASCOSTO
10
285.248000
20
58.461046
11
285.248000
21
58.468482
0
LINE
8
NASCOSTO
10
285.248000
20
58.468482
11
285.248000
21
58.476048
0
LINE
8
NASCOSTO
10
285.248000
20
58.476048
11
285.248000
21
58.483744
0
LINE
8
NASCOSTO
10
285.248000
20
58.483744
11
285.248000
21
58.491569
0
LINE
8
NASCOSTO
10
285.248000
20
58.491569
11
285.248000
21
58.499524
0
LINE
8
NASCOSTO
10
281.556000
20
58.499524
11
285.248000
21
58.499524
0
LINE
8
NASCOSTO
10
192.000000
20
74.221700
11
193.380000
21
74.221700
0
LINE
8
NASCOSTO
10
192.000000
20
74.221700
11
192.000000
21
73.885247
0
LINE
8
NASCOSTO
10
192.000000
20
73.885247
11
192.000000
21
73.553025
0
LINE
8
NASCOSTO
10
192.000000
20
73.553025
11
192.000000
21
73.229211
0
LINE
8
NASCOSTO
10
192.000000
20
73.229211
11
192.000000
21
72.917879
0
LINE
8
NASCOSTO
10
192.000000
20
72.917879
11
192.000000
21
72.622944
0
LINE
8
NASCOSTO
10
192.000000
20
72.622944
11
192.000000
21
72.348113
0
LINE
8
NASCOSTO
10
192.000000
20
72.348113
11
192.000000
21
72.096844
0
LINE
8
NASCOSTO
10
192.000000
20
72.096844
11
192.000000
21
71.872296
0
LINE
8
NASCOSTO
10
192.000000
20
71.872296
11
192.000000
21
71.677294
0
LINE
8
NASCOSTO
10
192.000000
20
71.677294
11
192.000000
21
71.514289
0
LINE
8
NASCOSTO
10
192.000000
20
71.514289
11
192.000000
21
71.385331
0
LINE
8
NASCOSTO
10
192.000000
20
71.385331
11
192.000000
21
71.292042
0
LINE
8
NASCOSTO
10
192.000000
20
71.292042
11
192.000000
21
71.235595
0
LINE
8
NASCOSTO
10
192.000000
20
71.235595
11
192.000000
21
71.216700
0
LINE
8
NASCOSTO
10
192.000000
20
71.216700
11
192.000000
21
71.235595
0
LINE
8
NASCOSTO
10
192.000000
20
71.235595
11
192.000000
21
71.292042
0
LINE
8
NASCOSTO
10
192.000000
20
71.292042
11
192.000000
21
71.385331
0
LINE
8
NASCOSTO
10
192.000000
20
71.385331
11
192.000000
21
71.514289
0
LINE
8
NASCOSTO
10
192.000000
20
71.514289
11
192.000000
21
71.677294
0
LINE
8
NASCOSTO
10
192.000000
20
71.677294
11
192.000000
21
71.872296
0
LINE
8
NASCOSTO
10
192.000000
20
71.872296
11
192.000000
21
72.096844
0
LINE
8
NASCOSTO
10
192.000000
20
72.096844
11
192.000000
21
72.348113
0
LINE
8
NASCOSTO
10
192.000000
20
72.348113
11
192.000000
21
72.622944
0
LINE
8
NASCOSTO
10
192.000000
20
72.622944
11
192.000000
21
72.917879
0
LINE
8
NASCOSTO
10
192.000000
20
72.917879
11
192.000000
21
73.229211
0
LINE
8
NASCOSTO
10
192.000000
20
73.229211
11
192.000000
21
73.553025
0
LINE
8
NASCOSTO
10
192.000000
20
73.553025
11
192.000000
21
73.885247
0
LINE
8
NASCOSTO
10
192.000000
20
73.885247
11
192.000000
21
74.221700
0
LINE
8
NASCOSTO
10
192.000000
20
74.221700
11
193.380000
21
74.221700
0
LINE
8
NASCOSTO
10
192.000000
20
74.221700
11
192.000000
21
87.131900
0
LINE
8
NASCOSTO
10
192.000000
20
87.131900
11
193.380000
21
87.131900
0
LINE
8
NASCOSTO
10
192.000000
20
87.131900
11
193.380000
21
87.131900
0
LINE
8
NASCOSTO
10
192.000000
20
87.131900
11
192.000000
21
87.468353
0
LINE
8
NASCOSTO
10
192.000000
20
87.468353
11
192.000000
21
87.800575
0
LINE
8
NASCOSTO
10
192.000000
20
87.800575
11
192.000000
21
88.124389
0
LINE
8
NASCOSTO
10
192.000000
20
88.124389
11
192.000000
21
88.435721
0
LINE
8
NASCOSTO
10
192.000000
20
88.435721
11
192.000000
21
88.730656
0
LINE
8
NASCOSTO
10
192.000000
20
88.730656
11
192.000000
21
89.005487
0
LINE
8
NASCOSTO
10
192.000000
20
89.005487
11
192.000000
21
89.256756
0
LINE
8
NASCOSTO
10
192.000000
20
89.256756
11
192.000000
21
89.481304
0
LINE
8
NASCOSTO
10
192.000000
20
89.481304
11
192.000000
21
89.676306
0
LINE
8
NASCOSTO
10
192.000000
20
89.676306
11
192.000000
21
89.839311
0
LINE
8
NASCOSTO
10
192.000000
20
89.839311
11
192.000000
21
89.968269
0
LINE
8
NASCOSTO
10
192.000000
20
89.968269
11
192.000000
21
90.061558
0
LINE
8
NASCOSTO
10
192.000000
20
90.061558
11
192.000000
21
90.118005
0
LINE
8
NASCOSTO
10
192.000000
20
90.118005
11
192.000000
21
90.136900
0
LINE
8
NASCOSTO
10
192.000000
20
90.136900
11
192.000000
21
90.118005
0
LINE
8
NASCOSTO
10
192.000000
20
90.118005
11
192.000000
21
90.061558
0
LINE
8
NASCOSTO
10
192.000000
20
90.061558
11
192.000000
21
89.968269
0
LINE
8
NASCOSTO
10
192.000000
20
89.968269
11
192.000000
21
89.839311
0
LINE
8
NASCOSTO
10
192.000000
20
89.839311
11
192.000000
21
89.676306
0
LINE
8
NASCOSTO
10
192.000000
20
89.676306
11
192.000000
21
89.481304
0
LINE
8
NASCOSTO
10
192.000000
20
89.481304
11
192.000000
21
89.256756
0
LINE
8
NASCOSTO
10
192.000000
20
89.256756
11
192.000000
21
89.005487
0
LINE
8
NASCOSTO
10
192.000000
20
89.005487
11
192.000000
21
88.730656
0
LINE
8
NASCOSTO
10
192.000000
20
88.730656
11
192.000000
21
88.435721
0
LINE
8
NASCOSTO
10
192.000000
20
88.435721
11
192.000000
21
88.124389
0
LINE
8
NASCOSTO
10
192.000000
20
88.124389
11
192.000000
21
87.800575
0
LINE
8
NASCOSTO
10
192.000000
20
87.800575
11
192.000000
21
87.468353
0
LINE
8
NASCOSTO
10
192.000000
20
87.468353
11
192.000000
21
87.131900
0
LINE
8
NASCOSTO
10
192.000000
20
74.221700
11
192.000000
21
87.131900
0
ARC
8
NASCOSTO
10
331.945000
20
66.025000
40
1.625000
50
299.239715
51
359.539246
0
ARC
8
NASCOSTO
10
331.945000
20
133.975000
40
1.625000
50
0.460754
51
60.760285
0
ARC
8
NASCOSTO
10
199.775000
20
133.975000
40
1.625000
50
119.239715
51
179.539246
0
LINE
8
NASCOSTO
10
253.858000
20
70.078000
11
257.550000
21
70.078000
0
LINE
8
NASCOSTO
10
253.858000
20
69.956476
11
257.550000
21
69.956476
0
LINE
8
NASCOSTO
10
281.556000
20
70.078000
11
285.248000
21
70.078000
0
LINE
8
NASCOSTO
10
281.556000
20
69.956476
11
285.248000
21
69.956476
0
LINE
8
NASCOSTO
10
195.000000
20
57.000000
11
195.000000
21
143.000000
0
LINE
8
NASCOSTO
10
195.000000
20
57.000000
11
336.720000
21
57.000000
0
LINE
8
NASCOSTO
10
195.000000
20
143.000000
11
336.720000
21
143.000000
0
LINE
8
NASCOSTO
10
336.720000
20
57.000000
11
336.720000
21
143.000000
0
LINE
8
CONTORNO
10
337.120000
20
75.904000
11
337.120000
21
124.096000
0
LINE
8
CONTORNO
10
337.120000
20
75.904000
11
337.120000
21
78.397388
0
LINE
8
CONTORNO
10
337.120000
20
83.233788
11
337.120000
21
124.096000
0
LINE
8
CONTORNO
10
326.762000
20
141.600000
11
204.958000
21
141.600000
0
LINE
8
CONTORNO
10
204.958000
20
141.600000
11
326.762000
21
141.600000
0
LINE
8
CONTORNO
10
194.600000
20
78.560000
11
194.600000
21
124.096000
0
LINE
8
CONTORNO
10
194.600000
20
78.560000
11
194.600000
21
124.096000
0
LINE
8
CONTORNO
10
204.958000
20
58.400000
11
253.858000
21
58.400000
0
LINE
8
CONTORNO
10
257.550000
20
58.400000
11
263.086000
21
58.400000
0
LINE
8
CONTORNO
10
276.020000
20
58.400000
11
281.556000
21
58.400000
0
LINE
8
CONTORNO
10
285.248000
20
58.400000
11
326.762000
21
58.400000
0
LINE
8
CONTORNO
10
326.762000
20
58.400000
11
204.958000
21
58.400000
0
LINE
8
CONTORNO
10
192.000000
20
54.000000
11
192.000000
21
146.000000
0
LINE
8
CONTORNO
10
192.000000
20
54.000000
11
339.720000
21
54.000000
0
LINE
8
CONTORNO
10
192.000000
20
146.000000
11
339.720000
21
146.000000
0
LINE
8
CONTORNO
10
339.720000
20
54.000000
11
339.720000
21
146.000000
0
LINE
8
CONTORNO
10
350.655681
20
88.659296
11
350.671583
21
88.645811
0
LINE
8
CONTORNO
10
350.671583
20
88.645811
11
350.666955
21
88.565106
0
LINE
8
CONTORNO
10
350.666955
20
88.565106
11
350.637336
21
88.420229
0
LINE
8
CONTORNO
10
350.637336
20
88.420229
11
350.580298
21
88.197760
0
LINE
8
CONTORNO
10
350.580298
20
88.197760
11
350.470033
21
87.807703
0
LINE
8
CONTORNO
10
350.470033
20
87.807703
11
350.365099
21
87.449845
0
LINE
8
CONTORNO
10
350.365099
20
87.449845
11
350.000499
21
86.206792
0
LINE
8
CONTORNO
10
350.000499
20
86.206792
11
349.637596
21
84.918063
0
LINE
8
CONTORNO
10
349.637596
20
84.918063
11
349.489119
21
84.378849
0
LINE
8
CONTORNO
10
349.489119
20
84.378849
11
349.348071
21
83.876347
0
LINE
8
CONTORNO
10
349.348071
20
83.876347
11
349.227321
21
83.482078
0
LINE
8
CONTORNO
10
349.227321
20
83.482078
11
349.166052
21
83.315503
0
LINE
8
CONTORNO
10
349.166052
20
83.315503
11
349.125729
21
83.232555
0
LINE
8
CONTORNO
10
349.125729
20
83.232555
11
349.093334
21
83.196660
0
LINE
8
CONTORNO
10
349.093334
20
83.196660
11
349.055579
21
83.286897
0
LINE
8
CONTORNO
10
349.055579
20
83.286897
11
349.062179
21
83.538109
0
LINE
8
CONTORNO
10
349.062179
20
83.538109
11
349.077235
21
83.691674
0
LINE
8
CONTORNO
10
349.077235
20
83.691674
11
349.114297
21
83.966520
0
LINE
8
CONTORNO
10
349.114297
20
83.966520
11
349.216065
21
84.527356
0
LINE
8
CONTORNO
10
349.216065
20
84.527356
11
349.379162
21
85.231555
0
LINE
8
CONTORNO
10
349.379162
20
85.231555
11
349.871095
21
86.855777
0
LINE
8
CONTORNO
10
349.871095
20
86.855777
11
350.258323
21
87.872952
0
LINE
8
CONTORNO
10
350.258323
20
87.872952
11
350.379737
21
88.154387
0
LINE
8
CONTORNO
10
350.379737
20
88.154387
11
350.514993
21
88.440121
0
LINE
8
CONTORNO
10
350.514993
20
88.440121
11
350.655681
21
88.659296
0
LINE
8
CONTORNO
10
349.395465
20
115.893814
11
349.523772
21
115.609928
0
LINE
8
CONTORNO
10
349.523772
20
115.609928
11
349.618008
21
115.286029
0
LINE
8
CONTORNO
10
349.618008
20
115.286029
11
349.794533
21
114.613109
0
LINE
8
CONTORNO
10
349.794533
20
114.613109
11
349.926432
21
114.099863
0
LINE
8
CONTORNO
10
349.926432
20
114.099863
11
350.243486
21
112.898521
0
LINE
8
CONTORNO
10
350.243486
20
112.898521
11
350.577588
21
111.686306
0
LINE
8
CONTORNO
10
350.577588
20
111.686306
11
350.675861
21
111.330028
0
LINE
8
CONTORNO
10
350.675861
20
111.330028
11
350.779176
21
110.940978
0
LINE
8
CONTORNO
10
350.779176
20
110.940978
11
350.833467
21
110.714062
0
LINE
8
CONTORNO
10
350.833467
20
110.714062
11
350.835391
21
110.705173
0
LINE
8
CONTORNO
10
350.835391
20
110.705173
11
350.854586
21
110.607272
0
LINE
8
CONTORNO
10
350.854586
20
110.607272
11
350.863745
21
110.490769
0
LINE
8
CONTORNO
10
350.863745
20
110.490769
11
350.847296
21
110.476063
0
LINE
8
CONTORNO
10
350.847296
20
110.476063
11
350.831710
21
110.488061
0
LINE
8
CONTORNO
10
350.831710
20
110.488061
11
350.801913
21
110.527389
0
LINE
8
CONTORNO
10
350.801913
20
110.527389
11
350.724668
21
110.665799
0
LINE
8
CONTORNO
10
350.724668
20
110.665799
11
350.595336
21
110.944222
0
LINE
8
CONTORNO
10
350.595336
20
110.944222
11
350.479105
21
111.221630
0
LINE
8
CONTORNO
10
350.479105
20
111.221630
11
350.111392
21
112.225141
0
LINE
8
CONTORNO
10
350.111392
20
112.225141
11
349.660302
21
113.786811
0
LINE
8
CONTORNO
10
349.660302
20
113.786811
11
349.506632
21
114.488666
0
LINE
8
CONTORNO
10
349.506632
20
114.488666
11
349.409779
21
115.060827
0
LINE
8
CONTORNO
10
349.409779
20
115.060827
11
349.374125
21
115.349718
0
LINE
8
CONTORNO
10
349.374125
20
115.349718
11
349.360019
21
115.510103
0
LINE
8
CONTORNO
10
349.360019
20
115.510103
11
349.354326
21
115.786025
0
LINE
8
CONTORNO
10
349.354326
20
115.786025
11
349.395465
21
115.893814
0
LINE
8
CONTORNO
10
332.738755
20
64.607051
11
333.569947
21
66.011932
0
LINE
8
CONTORNO
10
326.762000
20
75.904000
11
337.120000
21
75.904000
0
LINE
8
CONTORNO
10
326.762000
20
124.096000
11
337.120000
21
124.096000
0
LINE
8
CONTORNO
10
333.569947
20
133.988068
11
332.738755
21
135.392949
0
LINE
8
CONTORNO
10
326.762000
20
124.096000
11
326.762000
21
141.600000
0
LINE
8
CONTORNO
10
204.958000
20
124.096000
11
204.958000
21
141.600000
0
LINE
8
CONTORNO
10
198.981245
20
135.392949
11
198.150053
21
133.988068
0
LINE
8
CONTORNO
10
194.600000
20
78.560000
11
204.958000
21
78.560000
0
LINE
8
CONTORNO
10
194.600000
20
124.096000
11
204.958000
21
124.096000
0
LINE
8
CONTORNO
10
326.762000
20
58.400000
11
326.762000
21
75.904000
0
LINE
8
CONTORNO
10
204.958000
20
58.400000
11
204.958000
21
78.560000
0
LINE
8
CONTORNO
10
257.550000
20
58.499524
11
257.550000
21
58.491569
0
LINE
8
CONTORNO
10
257.550000
20
58.491569
11
257.550000
21
58.483744
0
LINE
8
CONTORNO
10
257.550000
20
58.483744
11
257.550000
21
58.476048
0
LINE
8
CONTORNO
10
257.550000
20
58.476048
11
257.550000
21
58.468482
0
LINE
8
CONTORNO
10
257.550000
20
58.468482
11
257.550000
21
58.461046
0
LINE
8
CONTORNO
10
257.550000
20
58.461046
11
257.550000
21
58.453740
0
LINE
8
CONTORNO
10
257.550000
20
58.453740
11
257.550000
21
58.446565
0
LINE
8
CONTORNO
10
257.550000
20
58.446565
11
257.550000
21
58.439520
0
LINE
8
CONTORNO
10
257.550000
20
58.439520
11
257.550000
21
58.432606
0
LINE
8
CONTORNO
10
257.550000
20
58.432606
11
257.550000
21
58.425823
0
LINE
8
CONTORNO
10
257.550000
20
58.425823
11
257.550000
21
58.419170
0
LINE
8
CONTORNO
10
257.550000
20
58.419170
11
257.550000
21
58.412649
0
LINE
8
CONTORNO
10
257.550000
20
58.412649
11
257.550000
21
58.406259
0
LINE
8
CONTORNO
10
257.550000
20
58.406259
11
257.550000
21
58.400000
0
LINE
8
CONTORNO
10
253.858000
20
58.499524
11
253.858000
21
58.491569
0
LINE
8
CONTORNO
10
253.858000
20
58.491569
11
253.858000
21
58.483744
0
LINE
8
CONTORNO
10
253.858000
20
58.483744
11
253.858000
21
58.476048
0
LINE
8
CONTORNO
10
253.858000
20
58.476048
11
253.858000
21
58.468482
0
LINE
8
CONTORNO
10
253.858000
20
58.468482
11
253.858000
21
58.461046
0
LINE
8
CONTORNO
10
253.858000
20
58.461046
11
253.858000
21
58.453740
0
LINE
8
CONTORNO
10
253.858000
20
58.453740
11
253.858000
21
58.446565
0
LINE
8
CONTORNO
10
253.858000
20
58.446565
11
253.858000
21
58.439520
0
LINE
8
CONTORNO
10
253.858000
20
58.439520
11
253.858000
21
58.432606
0
LINE
8
CONTORNO
10
253.858000
20
58.432606
11
253.858000
21
58.425823
0
LINE
8
CONTORNO
10
253.858000
20
58.425823
11
253.858000
21
58.419170
0
LINE
8
CONTORNO
10
253.858000
20
58.419170
11
253.858000
21
58.412649
0
LINE
8
CONTORNO
10
253.858000
20
58.412649
11
253.858000
21
58.406259
0
LINE
8
CONTORNO
10
253.858000
20
58.406259
11
253.858000
21
58.400000
0
LINE
8
CONTORNO
10
253.858000
20
58.499524
11
257.550000
21
58.499524
0
LINE
8
CONTORNO
10
257.550000
20
70.078000
11
257.550000
21
70.070682
0
LINE
8
CONTORNO
10
257.550000
20
70.070682
11
257.550000
21
70.063153
0
LINE
8
CONTORNO
10
257.550000
20
70.063153
11
257.550000
21
70.055414
0
LINE
8
CONTORNO
10
257.550000
20
70.055414
11
257.550000
21
70.047464
0
LINE
8
CONTORNO
10
257.550000
20
70.047464
11
257.550000
21
70.039305
0
LINE
8
CONTORNO
10
257.550000
20
70.039305
11
257.550000
21
70.030936
0
LINE
8
CONTORNO
10
257.550000
20
70.030936
11
257.550000
21
70.022358
0
LINE
8
CONTORNO
10
257.550000
20
70.022358
11
257.550000
21
70.013571
0
LINE
8
CONTORNO
10
257.550000
20
70.013571
11
257.550000
21
70.004575
0
LINE
8
CONTORNO
10
257.550000
20
70.004575
11
257.550000
21
69.995370
0
LINE
8
CONTORNO
10
257.550000
20
69.995370
11
257.550000
21
69.985958
0
LINE
8
CONTORNO
10
257.550000
20
69.985958
11
257.550000
21
69.976338
0
LINE
8
CONTORNO
10
257.550000
20
69.976338
11
257.550000
21
69.966511
0
LINE
8
CONTORNO
10
257.550000
20
69.966511
11
257.550000
21
69.956476
0
LINE
8
CONTORNO
10
257.550000
20
69.956476
11
257.550000
21
58.499524
0
LINE
8
CONTORNO
10
253.858000
20
70.078000
11
253.858000
21
70.070682
0
LINE
8
CONTORNO
10
253.858000
20
70.070682
11
253.858000
21
70.063153
0
LINE
8
CONTORNO
10
253.858000
20
70.063153
11
253.858000
21
70.055414
0
LINE
8
CONTORNO
10
253.858000
20
70.055414
11
253.858000
21
70.047464
0
LINE
8
CONTORNO
10
253.858000
20
70.047464
11
253.858000
21
70.039305
0
LINE
8
CONTORNO
10
253.858000
20
70.039305
11
253.858000
21
70.030936
0
LINE
8
CONTORNO
10
253.858000
20
70.030936
11
253.858000
21
70.022358
0
LINE
8
CONTORNO
10
253.858000
20
70.022358
11
253.858000
21
70.013571
0
LINE
8
CONTORNO
10
253.858000
20
70.013571
11
253.858000
21
70.004575
0
LINE
8
CONTORNO
10
253.858000
20
70.004575
11
253.858000
21
69.995370
0
LINE
8
CONTORNO
10
253.858000
20
69.995370
11
253.858000
21
69.985958
0
LINE
8
CONTORNO
10
253.858000
20
69.985958
11
253.858000
21
69.976338
0
LINE
8
CONTORNO
10
253.858000
20
69.976338
11
253.858000
21
69.966511
0
LINE
8
CONTORNO
10
253.858000
20
69.966511
11
253.858000
21
69.956476
0
LINE
8
CONTORNO
10
253.858000
20
69.956476
11
253.858000
21
58.499524
0
LINE
8
CONTORNO
10
285.248000
20
58.499524
11
285.248000
21
58.491569
0
LINE
8
CONTORNO
10
285.248000
20
58.491569
11
285.248000
21
58.483744
0
LINE
8
CONTORNO
10
285.248000
20
58.483744
11
285.248000
21
58.476048
0
LINE
8
CONTORNO
10
285.248000
20
58.476048
11
285.248000
21
58.468482
0
LINE
8
CONTORNO
10
285.248000
20
58.468482
11
285.248000
21
58.461046
0
LINE
8
CONTORNO
10
285.248000
20
58.461046
11
285.248000
21
58.453740
0
LINE
8
CONTORNO
10
285.248000
20
58.453740
11
285.248000
21
58.446565
0
LINE
8
CONTORNO
10
285.248000
20
58.446565
11
285.248000
21
58.439520
0
LINE
8
CONTORNO
10
285.248000
20
58.439520
11
285.248000
21
58.432606
0
LINE
8
CONTORNO
10
285.248000
20
58.432606
11
285.248000
21
58.425823
0
LINE
8
CONTORNO
10
285.248000
20
58.425823
11
285.248000
21
58.419170
0
LINE
8
CONTORNO
10
285.248000
20
58.419170
11
285.248000
21
58.412649
0
LINE
8
CONTORNO
10
285.248000
20
58.412649
11
285.248000
21
58.406259
0
LINE
8
CONTORNO
10
285.248000
20
58.406259
11
285.248000
21
58.400000
0
LINE
8
CONTORNO
10
281.556000
20
58.499524
11
281.556000
21
58.491569
0
LINE
8
CONTORNO
10
281.556000
20
58.491569
11
281.556000
21
58.483744
0
LINE
8
CONTORNO
10
281.556000
20
58.483744
11
281.556000
21
58.476048
0
LINE
8
CONTORNO
10
281.556000
20
58.476048
11
281.556000
21
58.468482
0
LINE
8
CONTORNO
10
281.556000
20
58.468482
11
281.556000
21
58.461046
0
LINE
8
CONTORNO
10
281.556000
20
58.461046
11
281.556000
21
58.453740
0
LINE
8
CONTORNO
10
281.556000
20
58.453740
11
281.556000
21
58.446565
0
LINE
8
CONTORNO
10
281.556000
20
58.446565
11
281.556000
21
58.439520
0
LINE
8
CONTORNO
10
281.556000
20
58.439520
11
281.556000
21
58.432606
0
LINE
8
CONTORNO
10
281.556000
20
58.432606
11
281.556000
21
58.425823
0
LINE
8
CONTORNO
10
281.556000
20
58.425823
11
281.556000
21
58.419170
0
LINE
8
CONTORNO
10
281.556000
20
58.419170
11
281.556000
21
58.412649
0
LINE
8
CONTORNO
10
281.556000
20
58.412649
11
281.556000
21
58.406259
0
LINE
8
CONTORNO
10
281.556000
20
58.406259
11
281.556000
21
58.400000
0
LINE
8
CONTORNO
10
281.556000
20
58.499524
11
285.248000
21
58.499524
0
LINE
8
CONTORNO
10
281.556000
20
70.078000
11
281.556000
21
70.070682
0
LINE
8
CONTORNO
10
281.556000
20
70.070682
11
281.556000
21
70.063153
0
LINE
8
CONTORNO
10
281.556000
20
70.063153
11
281.556000
21
70.055414
0
LINE
8
CONTORNO
10
281.556000
20
70.055414
11
281.556000
21
70.047464
0
LINE
8
CONTORNO
10
281.556000
20
70.047464
11
281.556000
21
70.039305
0
LINE
8
CONTORNO
10
281.556000
20
70.039305
11
281.556000
21
70.030936
0
LINE
8
CONTORNO
10
281.556000
20
70.030936
11
281.556000
21
70.022358
0
LINE
8
CONTORNO
10
281.556000
20
70.022358
11
281.556000
21
70.013571
0
LINE
8
CONTORNO
10
281.556000
20
70.013571
11
281.556000
21
70.004575
0
LINE
8
CONTORNO
10
281.556000
20
70.004575
11
281.556000
21
69.995370
0
LINE
8
CONTORNO
10
281.556000
20
69.995370
11
281.556000
21
69.985958
0
LINE
8
CONTORNO
10
281.556000
20
69.985958
11
281.556000
21
69.976338
0
LINE
8
CONTORNO
10
281.556000
20
69.976338
11
281.556000
21
69.966511
0
LINE
8
CONTORNO
10
281.556000
20
69.966511
11
281.556000
21
69.956476
0
LINE
8
CONTORNO
10
281.556000
20
69.956476
11
281.556000
21
58.499524
0
LINE
8
CONTORNO
10
285.248000
20
70.078000
11
285.248000
21
70.070682
0
LINE
8
CONTORNO
10
285.248000
20
70.070682
11
285.248000
21
70.063153
0
LINE
8
CONTORNO
10
285.248000
20
70.063153
11
285.248000
21
70.055414
0
LINE
8
CONTORNO
10
285.248000
20
70.055414
11
285.248000
21
70.047464
0
LINE
8
CONTORNO
10
285.248000
20
70.047464
11
285.248000
21
70.039305
0
LINE
8
CONTORNO
10
285.248000
20
70.039305
11
285.248000
21
70.030936
0
LINE
8
CONTORNO
10
285.248000
20
70.030936
11
285.248000
21
70.022358
0
LINE
8
CONTORNO
10
285.248000
20
70.022358
11
285.248000
21
70.013571
0
LINE
8
CONTORNO
10
285.248000
20
70.013571
11
285.248000
21
70.004575
0
LINE
8
CONTORNO
10
285.248000
20
70.004575
11
285.248000
21
69.995370
0
LINE
8
CONTORNO
10
285.248000
20
69.995370
11
285.248000
21
69.985958
0
LINE
8
CONTORNO
10
285.248000
20
69.985958
11
285.248000
21
69.976338
0
LINE
8
CONTORNO
10
285.248000
20
69.976338
11
285.248000
21
69.966511
0
LINE
8
CONTORNO
10
285.248000
20
69.966511
11
285.248000
21
69.956476
0
LINE
8
CONTORNO
10
285.248000
20
69.956476
11
285.248000
21
58.499524
0
ARC
8
CONTORNO
10
331.945000
20
66.025000
40
1.625000
50
180.000000
51
360.000000
0
LINE
8
CONTORNO
10
330.320000
20
66.025000
11
330.320000
21
68.261000
0
ARC
8
CONTORNO
10
331.945000
20
68.261000
40
1.625000
50
0.000000
51
180.000000
0
LINE
8
CONTORNO
10
333.570000
20
66.025000
11
333.570000
21
68.261000
0
ARC
8
CONTORNO
10
331.945000
20
131.739000
40
1.625000
50
180.000000
51
360.000000
0
LINE
8
CONTORNO
10
330.320000
20
131.739000
11
330.320000
21
133.975000
0
ARC
8
CONTORNO
10
331.945000
20
133.975000
40
1.625000
50
0.000000
51
180.000000
0
LINE
8
CONTORNO
10
333.570000
20
131.739000
11
333.570000
21
133.975000
0
ARC
8
CONTORNO
10
199.775000
20
131.739000
40
1.625000
50
180.000000
51
360.000000
0
LINE
8
CONTORNO
10
198.150000
20
131.739000
11
198.150000
21
133.975000
0
ARC
8
CONTORNO
10
199.775000
20
133.975000
40
1.625000
50
0.000000
51
180.000000
0
LINE
8
CONTORNO
10
201.400000
20
131.739000
11
201.400000
21
133.975000
0
ARC
8
CONTORNO
10
199.775000
20
66.937000
40
1.625000
50
180.000000
51
360.000000
0
LINE
8
CONTORNO
10
201.400000
20
66.937000
11
201.400000
21
70.003000
0
ARC
8
CONTORNO
10
199.775000
20
70.003000
40
1.625000
50
0.000000
51
180.000000
0
LINE
8
CONTORNO
10
198.150000
20
66.937000
11
198.150000
21
70.003000
0
LINE
8
CONTORNO
10
253.858000
20
69.956476
11
257.550000
21
69.956476
0
LINE
8
CONTORNO
10
253.858000
20
70.078000
11
257.550000
21
70.078000
0
LINE
8
CONTORNO
10
281.556000
20
69.956476
11
285.248000
21
69.956476
0
LINE
8
CONTORNO
10
281.556000
20
70.078000
11
285.248000
21
70.078000
0
LINE
8
CONTORNO
10
339.720000
20
65.238000
11
340.068351
21
65.734600
0
LINE
8
CONTORNO
10
340.068351
20
65.734600
11
340.411690
21
66.231200
0
LINE
8
CONTORNO
10
340.411690
20
66.231200
11
340.750016
21
66.727800
0
LINE
8
CONTORNO
10
340.750016
20
66.727800
11
341.083331
21
67.224400
0
LINE
8
CONTORNO
10
341.083331
20
67.224400
11
341.411633
21
67.721000
0
LINE
8
CONTORNO
10
341.411633
20
67.721000
11
341.734922
21
68.217600
0
LINE
8
CONTORNO
10
341.734922
20
68.217600
11
342.053200
21
68.714200
0
LINE
8
CONTORNO
10
342.053200
20
68.714200
11
342.366465
21
69.210800
0
LINE
8
CONTORNO
10
342.366465
20
69.210800
11
342.674718
21
69.707400
0
LINE
8
CONTORNO
10
342.674718
20
69.707400
11
342.977959
21
70.204000
0
LINE
8
CONTORNO
10
342.977959
20
70.204000
11
343.276188
21
70.700600
0
LINE
8
CONTORNO
10
343.276188
20
70.700600
11
343.569404
21
71.197200
0
LINE
8
CONTORNO
10
343.569404
20
71.197200
11
343.857608
21
71.693800
0
LINE
8
CONTORNO
10
343.857608
20
71.693800
11
344.140800
21
72.190400
0
LINE
8
CONTORNO
10
344.140800
20
72.190400
11
344.418980
21
72.687000
0
LINE
8
CONTORNO
10
344.418980
20
72.687000
11
344.692147
21
73.183600
0
LINE
8
CONTORNO
10
344.692147
20
73.183600
11
344.960302
21
73.680200
0
LINE
8
CONTORNO
10
344.960302
20
73.680200
11
345.223445
21
74.176800
0
LINE
8
CONTORNO
10
345.223445
20
74.176800
11
345.481576
21
74.673400
0
LINE
8
CONTORNO
10
345.481576
20
74.673400
11
345.734694
21
75.170000
0
LINE
8
CONTORNO
10
345.734694
20
75.170000
11
345.982800
21
75.666600
0
LINE
8
CONTORNO
10
345.982800
20
75.666600
11
346.225894
21
76.163200
0
LINE
8
CONTORNO
10
346.225894
20
76.163200
11
346.463976
21
76.659800
0
LINE
8
CONTORNO
10
346.463976
20
76.659800
11
346.697045
21
77.156400
0
LINE
8
CONTORNO
10
346.697045
20
77.156400
11
346.925102
21
77.653000
0
LINE
8
CONTORNO
10
346.925102
20
77.653000
11
347.148147
21
78.149600
0
LINE
8
CONTORNO
10
347.148147
20
78.149600
11
347.366180
21
78.646200
0
LINE
8
CONTORNO
10
347.366180
20
78.646200
11
347.579200
21
79.142800
0
LINE
8
CONTORNO
10
347.579200
20
79.142800
11
347.787208
21
79.639400
0
LINE
8
CONTORNO
10
347.787208
20
79.639400
11
347.990204
21
80.136000
0
LINE
8
CONTORNO
10
347.990204
20
80.136000
11
348.188188
21
80.632600
0
LINE
8
CONTORNO
10
348.188188
20
80.632600
11
348.381159
21
81.129200
0
LINE
8
CONTORNO
10
348.381159
20
81.129200
11
348.569118
21
81.625800
0
LINE
8
CONTORNO
10
348.569118
20
81.625800
11
348.752065
21
82.122400
0
LINE
8
CONTORNO
10
348.752065
20
82.122400
11
348.930000
21
82.619000
0
LINE
8
CONTORNO
10
348.930000
20
82.619000
11
349.102922
21
83.115600
0
LINE
8
CONTORNO
10
349.102922
20
83.115600
11
349.270833
21
83.612200
0
LINE
8
CONTORNO
10
349.270833
20
83.612200
11
349.433731
21
84.108800
0
LINE
8
CONTORNO
10
349.433731
20
84.108800
11
349.591616
21
84.605400
0
LINE
8
CONTORNO
10
349.591616
20
84.605400
11
349.744490
21
85.102000
0
LINE
8
CONTORNO
10
349.744490
20
85.102000
11
349.892351
21
85.598600
0
LINE
8
CONTORNO
10
349.892351
20
85.598600
11
350.035200
21
86.095200
0
LINE
8
CONTORNO
10
350.035200
20
86.095200
11
350.173037
21
86.591800
0
LINE
8
CONTORNO
10
350.173037
20
86.591800
11
350.305861
21
87.088400
0
LINE
8
CONTORNO
10
350.305861
20
87.088400
11
350.433673
21
87.585000
0
LINE
8
CONTORNO
10
350.433673
20
87.585000
11
350.556473
21
88.081600
0
LINE
8
CONTORNO
10
350.556473
20
88.081600
11
350.674261
21
88.578200
0
LINE
8
CONTORNO
10
350.674261
20
88.578200
11
350.787037
21
89.074800
0
LINE
8
CONTORNO
10
350.787037
20
89.074800
11
350.894800
21
89.571400
0
LINE
8
CONTORNO
10
350.894800
20
89.571400
11
350.997551
21
90.068000
0
LINE
8
CONTORNO
10
350.997551
20
90.068000
11
351.095290
21
90.564600
0
LINE
8
CONTORNO
10
351.095290
20
90.564600
11
351.188016
21
91.061200
0
LINE
8
CONTORNO
10
351.188016
20
91.061200
11
351.275731
21
91.557800
0
LINE
8
CONTORNO
10
351.275731
20
91.557800
11
351.358433
21
92.054400
0
LINE
8
CONTORNO
10
351.358433
20
92.054400
11
351.436122
21
92.551000
0
LINE
8
CONTORNO
10
351.436122
20
92.551000
11
351.508800
21
93.047600
0
LINE
8
CONTORNO
10
351.508800
20
93.047600
11
351.576465
21
93.544200
0
LINE
8
CONTORNO
10
351.576465
20
93.544200
11
351.639118
21
94.040800
0
LINE
8
CONTORNO
10
351.639118
20
94.040800
11
351.696759
21
94.537400
0
LINE
8
CONTORNO
10
351.696759
20
94.537400
11
351.749388
21
95.034000
0
LINE
8
CONTORNO
10
351.749388
20
95.034000
11
351.797004
21
95.530600
0
LINE
8
CONTORNO
10
351.797004
20
95.530600
11
351.839608
21
96.027200
0
LINE
8
CONTORNO
10
351.839608
20
96.027200
11
351.877200
21
96.523800
0
LINE
8
CONTORNO
10
351.877200
20
96.523800
11
351.909780
21
97.020400
0
LINE
8
CONTORNO
10
351.909780
20
97.020400
11
351.937347
21
97.517000
0
LINE
8
CONTORNO
10
351.937347
20
97.517000
11
351.959902
21
98.013600
0
LINE
8
CONTORNO
10
351.959902
20
98.013600
11
351.977445
21
98.510200
0
LINE
8
CONTORNO
10
351.977445
20
98.510200
11
351.989976
21
99.006800
0
LINE
8
CONTORNO
10
351.989976
20
99.006800
11
351.997494
21
99.503400
0
LINE
8
CONTORNO
10
351.997494
20
99.503400
11
352.000000
21
100.000000
0
LINE
8
CONTORNO
10
352.000000
20
100.000000
11
351.997494
21
100.496600
0
LINE
8
CONTORNO
10
351.997494
20
100.496600
11
351.989976
21
100.993200
0
LINE
8
CONTORNO
10
351.989976
20
100.993200
11
351.977445
21
101.489800
0
LINE
8
CONTORNO
10
351.977445
20
101.489800
11
351.959902
21
101.986400
0
LINE
8
CONTORNO
10
351.959902
20
101.986400
11
351.937347
21
102.483000
0
LINE
8
CONTORNO
10
351.937347
20
102.483000
11
351.909780
21
102.979600
0
LINE
8
CONTORNO
10
351.909780
20
102.979600
11
351.877200
21
103.476200
0
LINE
8
CONTORNO
10
351.877200
20
103.476200
11
351.839608
21
103.972800
0
LINE
8
CONTORNO
10
351.839608
20
103.972800
11
351.797004
21
104.469400
0
LINE
8
CONTORNO
10
351.797004
20
104.469400
11
351.749388
21
104.966000
0
LINE
8
CONTORNO
10
351.749388
20
104.966000
11
351.696759
21
105.462600
0
LINE
8
CONTORNO
10
351.696759
20
105.462600
11
351.639118
21
105.959200
0
LINE
8
CONTORNO
10
351.639118
20
105.959200
11
351.576465
21
106.455800
0
LINE
8
CONTORNO
10
351.576465
20
106.455800
11
351.508800
21
106.952400
0
LINE
8
CONTORNO
10
351.508800
20
106.952400
11
351.436122
21
107.449000
0
LINE
8
CONTORNO
10
351.436122
20
107.449000
11
351.358433
21
107.945600
0
LINE
8
CONTORNO
10
351.358433
20
107.945600
11
351.275731
21
108.442200
0
LINE
8
CONTORNO
10
351.275731
20
108.442200
11
351.188016
21
108.938800
0
LINE
8
CONTORNO
10
351.188016
20
108.938800
11
351.095290
21
109.435400
0
LINE
8
CONTORNO
10
351.095290
20
109.435400
11
350.997551
21
109.932000
0
LINE
8
CONTORNO
10
350.997551
20
109.932000
11
350.894800
21
110.428600
0
LINE
8
CONTORNO
10
350.894800
20
110.428600
11
350.787037
21
110.925200
0
LINE
8
CONTORNO
10
350.787037
20
110.925200
11
350.674261
21
111.421800
0
LINE
8
CONTORNO
10
350.674261
20
111.421800
11
350.556473
21
111.918400
0
LINE
8
CONTORNO
10
350.556473
20
111.918400
11
350.433673
21
112.415000
0
LINE
8
CONTORNO
10
350.433673
20
112.415000
11
350.305861
21
112.911600
0
LINE
8
CONTORNO
10
350.305861
20
112.911600
11
350.173037
21
113.408200
0
LINE
8
CONTORNO
10
350.173037
20
113.408200
11
350.035200
21
113.904800
0
LINE
8
CONTORNO
10
350.035200
20
113.904800
11
349.892351
21
114.401400
0
LINE
8
CONTORNO
10
349.892351
20
114.401400
11
349.744490
21
114.898000
0
LINE
8
CONTORNO
10
349.744490
20
114.898000
11
349.591616
21
115.394600
0
LINE
8
CONTORNO
10
349.591616
20
115.394600
11
349.433731
21
115.891200
0
LINE
8
CONTORNO
10
349.433731
20
115.891200
11
349.270833
21
116.387800
0
LINE
8
CONTORNO
10
349.270833
20
116.387800
11
349.102922
21
116.884400
0
LINE
8
CONTORNO
10
349.102922
20
116.884400
11
348.930000
21
117.381000
0
LINE
8
CONTORNO
10
348.930000
20
117.381000
11
348.752065
21
117.877600
0
LINE
8
CONTORNO
10
348.752065
20
117.877600
11
348.569118
21
118.374200
0
LINE
8
CONTORNO
10
348.569118
20
118.374200
11
348.381159
21
118.870800
0
LINE
8
CONTORNO
10
348.381159
20
118.870800
11
348.188188
21
119.367400
0
LINE
8
CONTORNO
10
348.188188
20
119.367400
11
347.990204
21
119.864000
0
LINE
8
CONTORNO
10
347.990204
20
119.864000
11
347.787208
21
120.360600
0
LINE
8
CONTORNO
10
347.787208
20
120.360600
11
347.579200
21
120.857200
0
LINE
8
CONTORNO
10
347.579200
20
120.857200
11
347.366180
21
121.353800
0
LINE
8
CONTORNO
10
347.366180
20
121.353800
11
347.148147
21
121.850400
0
LINE
8
CONTORNO
10
347.148147
20
121.850400
11
346.925102
21
122.347000
0
LINE
8
CONTORNO
10
346.925102
20
122.347000
11
346.697045
21
122.843600
0
LINE
8
CONTORNO
10
346.697045
20
122.843600
11
346.463976
21
123.340200
0
LINE
8
CONTORNO
10
346.463976
20
123.340200
11
346.225894
21
123.836800
0
LINE
8
CONTORNO
10
346.225894
20
123.836800
11
345.982800
21
124.333400
0
LINE
8
CONTORNO
10
345.982800
20
124.333400
11
345.734694
21
124.830000
0
LINE
8
CONTORNO
10
345.734694
20
124.830000
11
345.481576
21
125.326600
0
LINE
8
CONTORNO
10
345.481576
20
125.326600
11
345.223445
21
125.823200
0
LINE
8
CONTORNO
10
345.223445
20
125.823200
11
344.960302
21
126.319800
0
LINE
8
CONTORNO
10
344.960302
20
126.319800
11
344.692147
21
126.816400
0
LINE
8
CONTORNO
10
344.692147
20
126.816400
11
344.418980
21
127.313000
0
LINE
8
CONTORNO
10
344.418980
20
127.313000
11
344.140800
21
127.809600
0
LINE
8
CONTORNO
10
344.140800
20
127.809600
11
343.857608
21
128.306200
0
LINE
8
CONTORNO
10
343.857608
20
128.306200
11
343.569404
21
128.802800
0
LINE
8
CONTORNO
10
343.569404
20
128.802800
11
343.276188
21
129.299400
0
LINE
8
CONTORNO
10
343.276188
20
129.299400
11
342.977959
21
129.796000
0
LINE
8
CONTORNO
10
342.977959
20
129.796000
11
342.674718
21
130.292600
0
LINE
8
CONTORNO
10
342.674718
20
130.292600
11
342.366465
21
130.789200
0
LINE
8
CONTORNO
10
342.366465
20
130.789200
11
342.053200
21
131.285800
0
LINE
8
CONTORNO
10
342.053200
20
131.285800
11
341.734922
21
131.782400
0
LINE
8
CONTORNO
10
341.734922
20
131.782400
11
341.411633
21
132.279000
0
LINE
8
CONTORNO
10
341.411633
20
132.279000
11
341.083331
21
132.775600
0
LINE
8
CONTORNO
10
341.083331
20
132.775600
11
340.750016
21
133.272200
0
LINE
8
CONTORNO
10
340.750016
20
133.272200
11
340.411690
21
133.768800
0
LINE
8
CONTORNO
10
340.411690
20
133.768800
11
340.068351
21
134.265400
0
LINE
8
CONTORNO
10
340.068351
20
134.265400
11
339.720000
21
134.762000
0
LINE
8
QUOTE
10
192.000000
20
53.000000
11
192.000000
21
28.500000
0
LINE
8
QUOTE
10
352.000000
20
53.000000
11
352.000000
21
28.500000
0
LINE
8
QUOTE
10
192.000000
20
30.000000
11
352.000000
21
30.000000
0
LINE
8
QUOTE
10
192.000000
20
30.000000
11
195.000000
21
30.500000
0
LINE
8
QUOTE
10
195.000000
20
30.500000
11
195.000000
21
29.500000
0
LINE
8
QUOTE
10
195.000000
20
29.500000
11
192.000000
21
30.000000
0
LINE
8
QUOTE
10
352.000000
20
30.000000
11
349.000000
21
29.500000
0
LINE
8
QUOTE
10
349.000000
20
29.500000
11
349.000000
21
30.500000
0
LINE
8
QUOTE
10
349.000000
20
30.500000
11
352.000000
21
30.000000
0
TEXT
8
QUOTE
10
272.000000
20
30.900000
40
2.500000
1
80.00
50
0.000000
72
1.000000
11
272.000000
21
30.900000
0
LINE
8
QUOTE
10
353.000000
20
54.000000
11
379.500000
21
54.000000
0
LINE
8
QUOTE
10
353.000000
20
146.000000
11
379.500000
21
146.000000
0
LINE
8
QUOTE
10
378.000000
20
54.000000
11
378.000000
21
146.000000
0
LINE
8
QUOTE
10
378.000000
20
54.000000
11
377.500000
21
57.000000
0
LINE
8
QUOTE
10
377.500000
20
57.000000
11
378.500000
21
57.000000
0
LINE
8
QUOTE
10
378.500000
20
57.000000
11
378.000000
21
54.000000
0
LINE
8
QUOTE
10
378.000000
20
146.000000
11
378.500000
21
143.000000
0
LINE
8
QUOTE
10
378.500000
20
143.000000
11
377.500000
21
143.000000
0
LINE
8
QUOTE
10
377.500000
20
143.000000
11
378.000000
21
146.000000
0
TEXT
8
QUOTE
10
377.100000
20
100.000000
40
2.500000
1
46.00
50
90.000000
72
1.000000
11
377.100000
21
100.000000
0
LINE
8
ASSI
10
184.000000
20
100.000000
11
360.000000
21
100.000000
0
LINE
8
QUOTE
10
184.000000
20
104.000000
11
184.500000
21
101.000000
0
LINE
8
QUOTE
10
184.500000
20
101.000000
11
183.500000
21
101.000000
0
LINE
8
QUOTE
10
183.500000
20
101.000000
11
184.000000
21
104.000000
0
TEXT
8
ASSI
10
179.000000
20
104.500000
40
3.400000
1
A
50
0.000000
72
1.000000
11
179.000000
21
104.500000
0
LINE
8
QUOTE
10
360.000000
20
104.000000
11
360.500000
21
101.000000
0
LINE
8
QUOTE
10
360.500000
20
101.000000
11
359.500000
21
101.000000
0
LINE
8
QUOTE
10
359.500000
20
101.000000
11
360.000000
21
104.000000
0
TEXT
8
ASSI
10
365.000000
20
104.500000
40
3.400000
1
A
50
0.000000
72
1.000000
11
365.000000
21
104.500000
0
LINE
8
ASSI
10
265.860000
20
50.000000
11
265.860000
21
150.000000
0
LINE
8
QUOTE
10
269.860000
20
50.000000
11
266.860000
21
49.500000
0
LINE
8
QUOTE
10
266.860000
20
49.500000
11
266.860000
21
50.500000
0
LINE
8
QUOTE
10
266.860000
20
50.500000
11
269.860000
21
50.000000
0
TEXT
8
ASSI
10
269.860000
20
40.000000
40
3.400000
1
B
50
0.000000
72
1.000000
11
269.860000
21
40.000000
0
LINE
8
QUOTE
10
269.860000
20
150.000000
11
266.860000
21
149.500000
0
LINE
8
QUOTE
10
266.860000
20
149.500000
11
266.860000
21
150.500000
0
LINE
8
QUOTE
10
266.860000
20
150.500000
11
269.860000
21
150.000000
0
TEXT
8
ASSI
10
269.860000
20
157.000000
40
3.400000
1
B
50
0.000000
72
1.000000
11
269.860000
21
157.000000
0
LINE
8
CORNICE
10
450.000000
20
10.000000
11
850.000000
21
10.000000
0
LINE
8
CORNICE
10
850.000000
20
10.000000
11
850.000000
21
287.000000
0
LINE
8
CORNICE
10
850.000000
20
287.000000
11
450.000000
21
287.000000
0
LINE
8
CORNICE
10
450.000000
20
287.000000
11
450.000000
21
10.000000
0
LINE
8
CORNICE
10
455.000000
20
15.000000
11
625.000000
21
15.000000
0
LINE
8
CORNICE
10
625.000000
20
15.000000
11
625.000000
21
74.000000
0
LINE
8
CORNICE
10
625.000000
20
74.000000
11
455.000000
21
74.000000
0
LINE
8
CORNICE
10
455.000000
20
74.000000
11
455.000000
21
15.000000
0
LINE
8
CORNICE
10
455.000000
20
29.000000
11
625.000000
21
29.000000
0
LINE
8
CORNICE
10
455.000000
20
62.000000
11
625.000000
21
62.000000
0
LINE
8
CORNICE
10
455.000000
20
40.000000
11
625.000000
21
40.000000
0
LINE
8
CORNICE
10
455.000000
20
51.000000
11
625.000000
21
51.000000
0
LINE
8
CORNICE
10
555.000000
20
29.000000
11
555.000000
21
62.000000
0
TEXT
8
CONTORNO
10
458.000000
20
66.000000
40
4.500000
1
CONTENITORE TAISER
50
0.000000
72
0.000000
11
458.000000
21
66.000000
0
TEXT
8
CONTORNO
10
458.000000
20
58.000000
40
2.000000
1
OGGETTO
50
0.000000
72
0.000000
11
458.000000
21
58.000000
0
TEXT
8
CONTORNO
10
458.000000
20
53.500000
40
2.800000
1
Scatola - sezioni
50
0.000000
72
0.000000
11
458.000000
21
53.500000
0
TEXT
8
CONTORNO
10
458.000000
20
47.000000
40
2.000000
1
SCALA
50
0.000000
72
0.000000
11
458.000000
21
47.000000
0
TEXT
8
CONTORNO
10
458.000000
20
42.500000
40
2.800000
1
2:1     UNITA: mm
50
0.000000
72
0.000000
11
458.000000
21
42.500000
0
TEXT
8
CONTORNO
10
458.000000
20
36.000000
40
2.000000
1
PROIEZIONE
50
0.000000
72
0.000000
11
458.000000
21
36.000000
0
TEXT
8
CONTORNO
10
458.000000
20
31.500000
40
2.800000
1
europea (1o diedro)
50
0.000000
72
0.000000
11
458.000000
21
31.500000
0
TEXT
8
CONTORNO
10
558.000000
20
58.000000
40
2.000000
1
FOGLIO
50
0.000000
72
0.000000
11
558.000000
21
58.000000
0
TEXT
8
CONTORNO
10
558.000000
20
53.500000
40
2.800000
1
2 di 4
50
0.000000
72
0.000000
11
558.000000
21
53.500000
0
TEXT
8
CONTORNO
10
558.000000
20
47.000000
40
2.000000
1
FORMATO
50
0.000000
72
0.000000
11
558.000000
21
47.000000
0
TEXT
8
CONTORNO
10
558.000000
20
42.500000
40
2.800000
1
A3   420 x 297
50
0.000000
72
0.000000
11
558.000000
21
42.500000
0
TEXT
8
CONTORNO
10
558.000000
20
36.000000
40
2.000000
1
ORIGINE
50
0.000000
72
0.000000
11
558.000000
21
36.000000
0
TEXT
8
CONTORNO
10
558.000000
20
31.500000
40
2.800000
1
modello parametrico FreeCAD
50
0.000000
72
0.000000
11
558.000000
21
31.500000
0
TEXT
8
CONTORNO
10
458.000000
20
25.000000
40
2.200000
1
A-A: piano verticale longitudinale Y=0.   B-B: piano verticale trasversale X=0.
50
0.000000
72
0.000000
11
458.000000
21
25.000000
0
TEXT
8
CONTORNO
10
458.000000
20
21.700000
40
2.200000
1
C-C: piano orizzontale Z=11.180, sull'asse dei due fori della cupola.
50
0.000000
72
0.000000
11
458.000000
21
21.700000
0
TEXT
8
CONTORNO
10
458.000000
20
18.400000
40
2.200000
1
Il contorno della cupola e' la curva analitica del paraboloide (vedi riquadro).
50
0.000000
72
0.000000
11
458.000000
21
18.400000
0
CIRCLE
8
CORNICE
10
816.000000
20
18.000000
40
4.000000
0
CIRCLE
8
CORNICE
10
816.000000
20
18.000000
40
2.400000
0
LINE
8
CORNICE
10
825.000000
20
14.000000
11
838.000000
21
15.600000
0
LINE
8
CORNICE
10
838.000000
20
15.600000
11
838.000000
21
20.400000
0
LINE
8
CORNICE
10
838.000000
20
20.400000
11
825.000000
21
22.000000
0
LINE
8
CORNICE
10
825.000000
20
22.000000
11
825.000000
21
14.000000
0
TEXT
8
CONTORNO
10
712.000000
20
256.000000
40
3.400000
1
SEZIONE A-A
50
0.000000
72
1.000000
11
712.000000
21
256.000000
0
LINE
8
SEZIONE
10
778.125612
20
183.353202
11
779.277479
21
184.505069
0
LINE
8
SEZIONE
10
775.509668
20
183.000000
11
779.720000
21
187.210332
0
LINE
8
SEZIONE
10
782.868075
20
190.358407
11
789.144116
21
196.634448
0
LINE
8
SEZIONE
10
773.246926
20
183.000000
11
776.446926
21
186.200000
0
LINE
8
SEZIONE
10
777.120000
20
186.873074
11
791.470690
21
201.223764
0
LINE
8
SEZIONE
10
770.984185
20
183.000000
11
774.184185
21
186.200000
0
LINE
8
SEZIONE
10
777.120000
20
189.135815
11
791.976125
21
203.991941
0
LINE
8
SEZIONE
10
768.721443
20
183.000000
11
771.921443
21
186.200000
0
LINE
8
SEZIONE
10
777.120000
20
191.398557
11
791.793669
21
206.072226
0
LINE
8
SEZIONE
10
766.458701
20
183.000000
11
769.658701
21
186.200000
0
LINE
8
SEZIONE
10
777.120000
20
193.661299
11
791.383754
21
207.925053
0
LINE
8
SEZIONE
10
764.195959
20
183.000000
11
767.395959
21
186.200000
0
LINE
8
SEZIONE
10
777.120000
20
195.924041
11
790.759106
21
209.563147
0
LINE
8
SEZIONE
10
761.933218
20
183.000000
11
765.133218
21
186.200000
0
LINE
8
SEZIONE
10
777.120000
20
198.186782
11
789.946530
21
211.013312
0
LINE
8
SEZIONE
10
759.670476
20
183.000000
11
762.870476
21
186.200000
0
LINE
8
SEZIONE
10
777.120000
20
200.449524
11
789.066398
21
212.395922
0
LINE
8
SEZIONE
10
757.407734
20
183.000000
11
760.607734
21
186.200000
0
LINE
8
SEZIONE
10
777.120000
20
202.712266
11
788.052270
21
213.644536
0
LINE
8
SEZIONE
10
755.144993
20
183.000000
11
758.344993
21
186.200000
0
LINE
8
SEZIONE
10
777.120000
20
204.975007
11
786.979798
21
214.834805
0
LINE
8
SEZIONE
10
752.882251
20
183.000000
11
756.082251
21
186.200000
0
LINE
8
SEZIONE
10
777.120000
20
207.237749
11
785.874847
21
215.992596
0
LINE
8
SEZIONE
10
750.619509
20
183.000000
11
753.819509
21
186.200000
0
LINE
8
SEZIONE
10
777.120000
20
209.500491
11
784.649834
21
217.030325
0
LINE
8
SEZIONE
10
748.356768
20
183.000000
11
751.556768
21
186.200000
0
LINE
8
SEZIONE
10
777.120000
20
211.763232
11
783.424821
21
218.068053
0
LINE
8
SEZIONE
10
746.094026
20
183.000000
11
749.294026
21
186.200000
0
LINE
8
SEZIONE
10
777.120000
20
214.025974
11
782.182033
21
219.088008
0
LINE
8
SEZIONE
10
743.831284
20
183.000000
11
747.031284
21
186.200000
0
LINE
8
SEZIONE
10
777.120000
20
216.288716
11
780.858879
21
220.027595
0
LINE
8
SEZIONE
10
741.568542
20
183.000000
11
744.768542
21
186.200000
0
LINE
8
SEZIONE
10
777.120000
20
218.551458
11
779.720000
21
221.151458
0
LINE
8
SEZIONE
10
739.305801
20
183.000000
11
742.505801
21
186.200000
0
LINE
8
SEZIONE
10
777.120000
20
220.814199
11
779.720000
21
223.414199
0
LINE
8
SEZIONE
10
737.043059
20
183.000000
11
740.243059
21
186.200000
0
LINE
8
SEZIONE
10
777.120000
20
223.076941
11
779.720000
21
225.676941
0
LINE
8
SEZIONE
10
734.780317
20
183.000000
11
737.980317
21
186.200000
0
LINE
8
SEZIONE
10
777.120000
20
225.339683
11
779.720000
21
227.939683
0
LINE
8
SEZIONE
10
732.517576
20
183.000000
11
735.717576
21
186.200000
0
LINE
8
SEZIONE
10
777.120000
20
227.602424
11
779.720000
21
230.202424
0
LINE
8
SEZIONE
10
730.254834
20
183.000000
11
733.454834
21
186.200000
0
LINE
8
SEZIONE
10
777.120000
20
229.865166
11
779.720000
21
232.465166
0
LINE
8
SEZIONE
10
727.992092
20
183.000000
11
731.192092
21
186.200000
0
LINE
8
SEZIONE
10
777.120000
20
232.127908
11
779.720000
21
234.727908
0
LINE
8
SEZIONE
10
725.729351
20
183.000000
11
728.929351
21
186.200000
0
LINE
8
SEZIONE
10
777.120000
20
234.390649
11
779.720000
21
236.990649
0
LINE
8
SEZIONE
10
723.466609
20
183.000000
11
726.666609
21
186.200000
0
LINE
8
SEZIONE
10
777.120000
20
236.653391
11
777.466609
21
237.000000
0
LINE
8
SEZIONE
10
721.203867
20
183.000000
11
724.403867
21
186.200000
0
LINE
8
SEZIONE
10
718.941125
20
183.000000
11
722.141125
21
186.200000
0
LINE
8
SEZIONE
10
716.678384
20
183.000000
11
719.878384
21
186.200000
0
LINE
8
SEZIONE
10
714.415642
20
183.000000
11
717.615642
21
186.200000
0
LINE
8
SEZIONE
10
712.152900
20
183.000000
11
715.352900
21
186.200000
0
LINE
8
SEZIONE
10
709.890159
20
183.000000
11
713.090159
21
186.200000
0
LINE
8
SEZIONE
10
707.627417
20
183.000000
11
710.827417
21
186.200000
0
LINE
8
SEZIONE
10
705.364675
20
183.000000
11
708.564675
21
186.200000
0
LINE
8
SEZIONE
10
703.101934
20
183.000000
11
706.301934
21
186.200000
0
LINE
8
SEZIONE
10
700.839192
20
183.000000
11
704.039192
21
186.200000
0
LINE
8
SEZIONE
10
698.576450
20
183.000000
11
701.776450
21
186.200000
0
LINE
8
SEZIONE
10
696.313708
20
183.000000
11
699.513708
21
186.200000
0
LINE
8
SEZIONE
10
694.050967
20
183.000000
11
697.250967
21
186.200000
0
LINE
8
SEZIONE
10
691.788225
20
183.000000
11
694.988225
21
186.200000
0
LINE
8
SEZIONE
10
689.525483
20
183.000000
11
692.725483
21
186.200000
0
LINE
8
SEZIONE
10
687.262742
20
183.000000
11
690.462742
21
186.200000
0
LINE
8
SEZIONE
10
685.000000
20
183.000000
11
688.200000
21
186.200000
0
LINE
8
SEZIONE
10
682.737258
20
183.000000
11
685.937258
21
186.200000
0
LINE
8
SEZIONE
10
680.474517
20
183.000000
11
683.674517
21
186.200000
0
LINE
8
SEZIONE
10
678.211775
20
183.000000
11
681.411775
21
186.200000
0
LINE
8
SEZIONE
10
675.949033
20
183.000000
11
679.149033
21
186.200000
0
LINE
8
SEZIONE
10
673.686292
20
183.000000
11
676.886292
21
186.200000
0
LINE
8
SEZIONE
10
671.423550
20
183.000000
11
674.623550
21
186.200000
0
LINE
8
SEZIONE
10
669.160808
20
183.000000
11
672.360808
21
186.200000
0
LINE
8
SEZIONE
10
666.898066
20
183.000000
11
670.098066
21
186.200000
0
LINE
8
SEZIONE
10
664.635325
20
183.000000
11
667.835325
21
186.200000
0
LINE
8
SEZIONE
10
662.372583
20
183.000000
11
665.572583
21
186.200000
0
LINE
8
SEZIONE
10
660.109841
20
183.000000
11
663.309841
21
186.200000
0
LINE
8
SEZIONE
10
657.847100
20
183.000000
11
661.047100
21
186.200000
0
LINE
8
SEZIONE
10
655.584358
20
183.000000
11
658.784358
21
186.200000
0
LINE
8
SEZIONE
10
653.321616
20
183.000000
11
656.521616
21
186.200000
0
LINE
8
SEZIONE
10
651.058875
20
183.000000
11
654.258875
21
186.200000
0
LINE
8
SEZIONE
10
648.796133
20
183.000000
11
651.996133
21
186.200000
0
LINE
8
SEZIONE
10
646.533391
20
183.000000
11
649.733391
21
186.200000
0
LINE
8
SEZIONE
10
644.270649
20
183.000000
11
647.470649
21
186.200000
0
LINE
8
SEZIONE
10
642.007908
20
183.000000
11
645.207908
21
186.200000
0
LINE
8
SEZIONE
10
639.745166
20
183.000000
11
642.945166
21
186.200000
0
LINE
8
SEZIONE
10
637.482424
20
183.000000
11
640.682424
21
186.200000
0
LINE
8
SEZIONE
10
635.219683
20
183.000000
11
638.419683
21
186.200000
0
LINE
8
SEZIONE
10
633.427050
20
183.470109
11
636.156941
21
186.200000
0
LINE
8
SEZIONE
10
632.340226
20
184.646027
11
634.600000
21
186.905801
0
LINE
8
SEZIONE
10
632.000000
20
186.568542
11
634.600000
21
189.168542
0
LINE
8
SEZIONE
10
632.000000
20
188.831284
11
634.600000
21
191.431284
0
LINE
8
SEZIONE
10
632.000000
20
191.094026
11
634.600000
21
193.694026
0
LINE
8
SEZIONE
10
632.000000
20
193.356768
11
634.600000
21
195.956768
0
LINE
8
SEZIONE
10
632.000000
20
195.619509
11
634.600000
21
198.219509
0
LINE
8
SEZIONE
10
632.000000
20
197.882251
11
634.600000
21
200.482251
0
LINE
8
SEZIONE
10
632.000000
20
200.144993
11
634.600000
21
202.744993
0
LINE
8
SEZIONE
10
632.000000
20
202.407734
11
634.600000
21
205.007734
0
LINE
8
SEZIONE
10
632.000000
20
204.670476
11
634.600000
21
207.270476
0
LINE
8
SEZIONE
10
632.000000
20
206.933218
11
634.600000
21
209.533218
0
LINE
8
SEZIONE
10
632.000000
20
209.195959
11
634.600000
21
211.795959
0
LINE
8
SEZIONE
10
632.000000
20
211.458701
11
634.600000
21
214.058701
0
LINE
8
SEZIONE
10
632.000000
20
213.721443
11
634.600000
21
216.321443
0
LINE
8
SEZIONE
10
632.000000
20
215.984185
11
634.600000
21
218.584185
0
LINE
8
SEZIONE
10
632.000000
20
218.246926
11
634.600000
21
220.846926
0
LINE
8
SEZIONE
10
632.000000
20
220.509668
11
634.600000
21
223.109668
0
LINE
8
SEZIONE
10
632.000000
20
222.772410
11
634.600000
21
225.372410
0
LINE
8
SEZIONE
10
632.000000
20
225.035151
11
634.600000
21
227.635151
0
LINE
8
SEZIONE
10
632.000000
20
227.297893
11
634.600000
21
229.897893
0
LINE
8
SEZIONE
10
632.000000
20
229.560635
11
634.600000
21
232.160635
0
LINE
8
SEZIONE
10
632.000000
20
231.823376
11
634.600000
21
234.423376
0
LINE
8
SEZIONE
10
632.000000
20
234.086118
11
634.600000
21
236.686118
0
LINE
8
SEZIONE
10
632.000000
20
236.348860
11
632.651140
21
237.000000
0
LINE
8
CONTORNO
10
777.120000
20
237.000000
11
777.120000
21
186.200000
0
LINE
8
CONTORNO
10
779.720000
20
220.831000
11
783.740563
21
217.885243
0
LINE
8
CONTORNO
10
783.740563
20
217.885243
11
786.791396
21
215.120208
0
LINE
8
CONTORNO
10
786.791396
20
215.120208
11
789.024610
21
212.515846
0
LINE
8
CONTORNO
10
789.024610
20
212.515846
11
790.568795
21
210.045614
0
LINE
8
CONTORNO
10
790.568795
20
210.045614
11
791.524826
21
207.676329
0
LINE
8
CONTORNO
10
791.524826
20
207.676329
11
791.878677
21
206.082725
0
LINE
8
CONTORNO
10
791.878677
20
206.082725
11
792.000000
21
204.455000
0
LINE
8
CONTORNO
10
779.720000
20
188.079000
11
782.258736
21
189.869669
0
LINE
8
CONTORNO
10
782.258736
20
189.869669
11
784.682023
21
191.813338
0
LINE
8
CONTORNO
10
784.682023
20
191.813338
11
787.490467
21
194.531281
0
LINE
8
CONTORNO
10
787.490467
20
194.531281
11
788.945870
21
196.288191
0
LINE
8
CONTORNO
10
788.945870
20
196.288191
11
790.516629
21
198.763411
0
LINE
8
CONTORNO
10
790.516629
20
198.763411
11
791.138905
21
200.118551
0
LINE
8
CONTORNO
10
791.138905
20
200.118551
11
791.774445
21
202.235603
0
LINE
8
CONTORNO
10
791.774445
20
202.235603
11
791.941948
21
203.329058
0
LINE
8
CONTORNO
10
791.941948
20
203.329058
11
792.000000
21
204.455000
0
LINE
8
CONTORNO
10
779.720000
20
188.079000
11
779.720000
21
186.000000
0
ARC
8
CONTORNO
10
776.720000
20
186.000000
40
3.000000
50
0.000000
51
90.000000
0
LINE
8
CONTORNO
10
635.000000
20
183.000000
11
776.720000
21
183.000000
0
ARC
8
CONTORNO
10
635.000000
20
186.000000
40
3.000000
50
270.000000
51
360.000000
0
LINE
8
CONTORNO
10
632.000000
20
237.000000
11
632.000000
21
186.000000
0
LINE
8
CONTORNO
10
632.000000
20
237.000000
11
634.600000
21
237.000000
0
LINE
8
CONTORNO
10
634.600000
20
237.000000
11
634.600000
21
186.200000
0
LINE
8
CONTORNO
10
634.600000
20
186.200000
11
777.120000
21
186.200000
0
LINE
8
CONTORNO
10
777.120000
20
237.000000
11
779.720000
21
237.000000
0
LINE
8
CONTORNO
10
779.720000
20
237.000000
11
779.720000
21
220.831000
0
LINE
8
CONTORNO
10
766.762000
20
237.000000
11
777.120000
21
237.000000
0
LINE
8
CONTORNO
10
766.762000
20
237.000000
11
644.958000
21
237.000000
0
LINE
8
CONTORNO
10
634.600000
20
237.000000
11
644.958000
21
237.000000
0
LINE
8
CONTORNO
10
766.762000
20
229.340610
11
766.762000
21
237.000000
0
LINE
8
CONTORNO
10
777.120000
20
220.368477
11
766.762000
21
229.340610
0
LINE
8
CONTORNO
10
777.120000
20
211.397926
11
766.762000
21
220.370058
0
LINE
8
CONTORNO
10
766.762000
20
229.340610
11
766.762000
21
220.370058
0
LINE
8
CONTORNO
10
773.570000
20
219.526570
11
773.529258
21
219.747174
0
LINE
8
CONTORNO
10
773.529258
20
219.747174
11
773.409074
21
220.027298
0
LINE
8
CONTORNO
10
773.409074
20
220.027298
11
773.215476
21
220.352895
0
LINE
8
CONTORNO
10
773.215476
20
220.352895
11
772.958171
21
220.707639
0
LINE
8
CONTORNO
10
772.958171
20
220.707639
11
772.650061
21
221.073741
0
LINE
8
CONTORNO
10
772.650061
20
221.073741
11
772.306597
21
221.432843
0
LINE
8
CONTORNO
10
772.306597
20
221.432843
11
771.945000
21
221.766939
0
LINE
8
CONTORNO
10
771.945000
20
221.766939
11
771.583403
21
222.059276
0
LINE
8
CONTORNO
10
771.583403
20
222.059276
11
771.239939
21
222.295193
0
LINE
8
CONTORNO
10
771.239939
20
222.295193
11
770.931829
21
222.462863
0
LINE
8
CONTORNO
10
770.931829
20
222.462863
11
770.674524
21
222.553876
0
LINE
8
CONTORNO
10
770.674524
20
222.553876
11
770.480926
21
222.563670
0
LINE
8
CONTORNO
10
770.480926
20
222.563670
11
770.360742
21
222.491752
0
LINE
8
CONTORNO
10
770.360742
20
222.491752
11
770.320000
21
222.341730
0
LINE
8
CONTORNO
10
770.320000
20
221.195812
11
770.320000
21
222.341730
0
LINE
8
CONTORNO
10
770.320000
20
221.195812
11
770.337921
21
221.056948
0
LINE
8
CONTORNO
10
770.337921
20
221.056948
11
770.391289
21
220.890101
0
LINE
8
CONTORNO
10
770.391289
20
220.890101
11
770.478927
21
220.698950
0
LINE
8
CONTORNO
10
770.478927
20
220.698950
11
770.598901
21
220.487712
0
LINE
8
CONTORNO
10
770.598901
20
220.487712
11
770.748566
21
220.261045
0
LINE
8
CONTORNO
10
770.748566
20
220.261045
11
770.924620
21
220.023950
0
LINE
8
CONTORNO
10
770.924620
20
220.023950
11
771.123181
21
219.781656
0
LINE
8
CONTORNO
10
771.123181
20
219.781656
11
771.339868
21
219.539506
0
LINE
8
CONTORNO
10
771.339868
20
219.539506
11
771.569902
21
219.302843
0
LINE
8
CONTORNO
10
771.569902
20
219.302843
11
771.808210
21
219.076886
0
LINE
8
CONTORNO
10
771.808210
20
219.076886
11
772.049535
21
218.866618
0
LINE
8
CONTORNO
10
772.049535
20
218.866618
11
772.288554
21
218.676679
0
LINE
8
CONTORNO
10
772.288554
20
218.676679
11
772.519996
21
218.511256
0
LINE
8
CONTORNO
10
772.519996
20
218.511256
11
772.738755
21
218.374000
0
LINE
8
CONTORNO
10
773.569947
20
218.374000
11
772.738755
21
218.374000
0
LINE
8
CONTORNO
10
773.569947
20
218.374000
11
773.569955
21
218.374472
0
LINE
8
CONTORNO
10
773.569955
20
218.374472
11
773.569961
21
218.374945
0
LINE
8
CONTORNO
10
773.569961
20
218.374945
11
773.569968
21
218.375418
0
LINE
8
CONTORNO
10
773.569968
20
218.375418
11
773.569973
21
218.375891
0
LINE
8
CONTORNO
10
773.569973
20
218.375891
11
773.569978
21
218.376365
0
LINE
8
CONTORNO
10
773.569978
20
218.376365
11
773.569983
21
218.376839
0
LINE
8
CONTORNO
10
773.569983
20
218.376839
11
773.569987
21
218.377314
0
LINE
8
CONTORNO
10
773.569987
20
218.377314
11
773.569990
21
218.377790
0
LINE
8
CONTORNO
10
773.569990
20
218.377790
11
773.569993
21
218.378265
0
LINE
8
CONTORNO
10
773.569993
20
218.378265
11
773.569996
21
218.378742
0
LINE
8
CONTORNO
10
773.569996
20
218.378742
11
773.569998
21
218.379218
0
LINE
8
CONTORNO
10
773.569998
20
218.379218
11
773.569999
21
218.379696
0
LINE
8
CONTORNO
10
773.569999
20
218.379696
11
773.570000
21
218.380173
0
LINE
8
CONTORNO
10
773.570000
20
218.380173
11
773.570000
21
218.380651
0
LINE
8
CONTORNO
10
773.570000
20
218.380651
11
773.570000
21
219.526570
0
LINE
8
CONTORNO
10
644.958000
20
220.370058
11
634.600000
21
211.397926
0
LINE
8
CONTORNO
10
644.958000
20
229.340610
11
644.958000
21
237.000000
0
LINE
8
CONTORNO
10
644.958000
20
229.340610
11
644.958000
21
220.370058
0
LINE
8
CONTORNO
10
644.958000
20
229.340610
11
634.600000
21
220.368477
0
LINE
8
CONTORNO
10
641.400000
20
222.341730
11
641.359258
21
222.491752
0
LINE
8
CONTORNO
10
641.359258
20
222.491752
11
641.239074
21
222.563670
0
LINE
8
CONTORNO
10
641.239074
20
222.563670
11
641.045476
21
222.553876
0
LINE
8
CONTORNO
10
641.045476
20
222.553876
11
640.788171
21
222.462863
0
LINE
8
CONTORNO
10
640.788171
20
222.462863
11
640.480061
21
222.295193
0
LINE
8
CONTORNO
10
640.480061
20
222.295193
11
640.136597
21
222.059276
0
LINE
8
CONTORNO
10
640.136597
20
222.059276
11
639.775000
21
221.766939
0
LINE
8
CONTORNO
10
639.775000
20
221.766939
11
639.413403
21
221.432843
0
LINE
8
CONTORNO
10
639.413403
20
221.432843
11
639.069939
21
221.073741
0
LINE
8
CONTORNO
10
639.069939
20
221.073741
11
638.761829
21
220.707639
0
LINE
8
CONTORNO
10
638.761829
20
220.707639
11
638.504524
21
220.352895
0
LINE
8
CONTORNO
10
638.504524
20
220.352895
11
638.310926
21
220.027298
0
LINE
8
CONTORNO
10
638.310926
20
220.027298
11
638.190742
21
219.747174
0
LINE
8
CONTORNO
10
638.190742
20
219.747174
11
638.150000
21
219.526570
0
LINE
8
CONTORNO
10
638.150000
20
218.380651
11
638.150000
21
219.526570
0
LINE
8
CONTORNO
10
641.400000
20
221.195812
11
641.400000
21
222.341730
0
LINE
8
CONTORNO
10
638.150000
20
218.380651
11
638.150000
21
218.380173
0
LINE
8
CONTORNO
10
638.150000
20
218.380173
11
638.150001
21
218.379696
0
LINE
8
CONTORNO
10
638.150001
20
218.379696
11
638.150002
21
218.379218
0
LINE
8
CONTORNO
10
638.150002
20
218.379218
11
638.150004
21
218.378742
0
LINE
8
CONTORNO
10
638.150004
20
218.378742
11
638.150007
21
218.378265
0
LINE
8
CONTORNO
10
638.150007
20
218.378265
11
638.150010
21
218.377790
0
LINE
8
CONTORNO
10
638.150010
20
218.377790
11
638.150013
21
218.377314
0
LINE
8
CONTORNO
10
638.150013
20
218.377314
11
638.150017
21
218.376839
0
LINE
8
CONTORNO
10
638.150017
20
218.376839
11
638.150022
21
218.376365
0
LINE
8
CONTORNO
10
638.150022
20
218.376365
11
638.150027
21
218.375891
0
LINE
8
CONTORNO
10
638.150027
20
218.375891
11
638.150032
21
218.375418
0
LINE
8
CONTORNO
10
638.150032
20
218.375418
11
638.150039
21
218.374945
0
LINE
8
CONTORNO
10
638.150039
20
218.374945
11
638.150045
21
218.374472
0
LINE
8
CONTORNO
10
638.150045
20
218.374472
11
638.150053
21
218.374000
0
LINE
8
CONTORNO
10
638.981245
20
218.374000
11
639.200004
21
218.511256
0
LINE
8
CONTORNO
10
639.200004
20
218.511256
11
639.431446
21
218.676679
0
LINE
8
CONTORNO
10
639.431446
20
218.676679
11
639.670465
21
218.866618
0
LINE
8
CONTORNO
10
639.670465
20
218.866618
11
639.911790
21
219.076886
0
LINE
8
CONTORNO
10
639.911790
20
219.076886
11
640.150098
21
219.302843
0
LINE
8
CONTORNO
10
640.150098
20
219.302843
11
640.380132
21
219.539506
0
LINE
8
CONTORNO
10
640.380132
20
219.539506
11
640.596819
21
219.781656
0
LINE
8
CONTORNO
10
640.596819
20
219.781656
11
640.795380
21
220.023950
0
LINE
8
CONTORNO
10
640.795380
20
220.023950
11
640.971434
21
220.261045
0
LINE
8
CONTORNO
10
640.971434
20
220.261045
11
641.121099
21
220.487712
0
LINE
8
CONTORNO
10
641.121099
20
220.487712
11
641.241073
21
220.698950
0
LINE
8
CONTORNO
10
641.241073
20
220.698950
11
641.328711
21
220.890101
0
LINE
8
CONTORNO
10
641.328711
20
220.890101
11
641.382079
21
221.056948
0
LINE
8
CONTORNO
10
641.382079
20
221.056948
11
641.400000
21
221.195812
0
LINE
8
CONTORNO
10
638.981245
20
218.374000
11
638.150053
21
218.374000
0
LINE
8
CONTORNO
10
779.720000
20
188.079000
11
780.068351
21
188.312943
0
LINE
8
CONTORNO
10
780.068351
20
188.312943
11
780.411690
21
188.546886
0
LINE
8
CONTORNO
10
780.411690
20
188.546886
11
780.750016
21
188.780829
0
LINE
8
CONTORNO
10
780.750016
20
188.780829
11
781.083331
21
189.014771
0
LINE
8
CONTORNO
10
781.083331
20
189.014771
11
781.411633
21
189.248714
0
LINE
8
CONTORNO
10
781.411633
20
189.248714
11
781.734922
21
189.482657
0
LINE
8
CONTORNO
10
781.734922
20
189.482657
11
782.053200
21
189.716600
0
LINE
8
CONTORNO
10
782.053200
20
189.716600
11
782.366465
21
189.950543
0
LINE
8
CONTORNO
10
782.366465
20
189.950543
11
782.674718
21
190.184486
0
LINE
8
CONTORNO
10
782.674718
20
190.184486
11
782.977959
21
190.418429
0
LINE
8
CONTORNO
10
782.977959
20
190.418429
11
783.276188
21
190.652371
0
LINE
8
CONTORNO
10
783.276188
20
190.652371
11
783.569404
21
190.886314
0
LINE
8
CONTORNO
10
783.569404
20
190.886314
11
783.857608
21
191.120257
0
LINE
8
CONTORNO
10
783.857608
20
191.120257
11
784.140800
21
191.354200
0
LINE
8
CONTORNO
10
784.140800
20
191.354200
11
784.418980
21
191.588143
0
LINE
8
CONTORNO
10
784.418980
20
191.588143
11
784.692147
21
191.822086
0
LINE
8
CONTORNO
10
784.692147
20
191.822086
11
784.960302
21
192.056029
0
LINE
8
CONTORNO
10
784.960302
20
192.056029
11
785.223445
21
192.289971
0
LINE
8
CONTORNO
10
785.223445
20
192.289971
11
785.481576
21
192.523914
0
LINE
8
CONTORNO
10
785.481576
20
192.523914
11
785.734694
21
192.757857
0
LINE
8
CONTORNO
10
785.734694
20
192.757857
11
785.982800
21
192.991800
0
LINE
8
CONTORNO
10
785.982800
20
192.991800
11
786.225894
21
193.225743
0
LINE
8
CONTORNO
10
786.225894
20
193.225743
11
786.463976
21
193.459686
0
LINE
8
CONTORNO
10
786.463976
20
193.459686
11
786.697045
21
193.693629
0
LINE
8
CONTORNO
10
786.697045
20
193.693629
11
786.925102
21
193.927571
0
LINE
8
CONTORNO
10
786.925102
20
193.927571
11
787.148147
21
194.161514
0
LINE
8
CONTORNO
10
787.148147
20
194.161514
11
787.366180
21
194.395457
0
LINE
8
CONTORNO
10
787.366180
20
194.395457
11
787.579200
21
194.629400
0
LINE
8
CONTORNO
10
787.579200
20
194.629400
11
787.787208
21
194.863343
0
LINE
8
CONTORNO
10
787.787208
20
194.863343
11
787.990204
21
195.097286
0
LINE
8
CONTORNO
10
787.990204
20
195.097286
11
788.188188
21
195.331229
0
LINE
8
CONTORNO
10
788.188188
20
195.331229
11
788.381159
21
195.565171
0
LINE
8
CONTORNO
10
788.381159
20
195.565171
11
788.569118
21
195.799114
0
LINE
8
CONTORNO
10
788.569118
20
195.799114
11
788.752065
21
196.033057
0
LINE
8
CONTORNO
10
788.752065
20
196.033057
11
788.930000
21
196.267000
0
LINE
8
CONTORNO
10
788.930000
20
196.267000
11
789.102922
21
196.500943
0
LINE
8
CONTORNO
10
789.102922
20
196.500943
11
789.270833
21
196.734886
0
LINE
8
CONTORNO
10
789.270833
20
196.734886
11
789.433731
21
196.968829
0
LINE
8
CONTORNO
10
789.433731
20
196.968829
11
789.591616
21
197.202771
0
LINE
8
CONTORNO
10
789.591616
20
197.202771
11
789.744490
21
197.436714
0
LINE
8
CONTORNO
10
789.744490
20
197.436714
11
789.892351
21
197.670657
0
LINE
8
CONTORNO
10
789.892351
20
197.670657
11
790.035200
21
197.904600
0
LINE
8
CONTORNO
10
790.035200
20
197.904600
11
790.173037
21
198.138543
0
LINE
8
CONTORNO
10
790.173037
20
198.138543
11
790.305861
21
198.372486
0
LINE
8
CONTORNO
10
790.305861
20
198.372486
11
790.433673
21
198.606429
0
LINE
8
CONTORNO
10
790.433673
20
198.606429
11
790.556473
21
198.840371
0
LINE
8
CONTORNO
10
790.556473
20
198.840371
11
790.674261
21
199.074314
0
LINE
8
CONTORNO
10
790.674261
20
199.074314
11
790.787037
21
199.308257
0
LINE
8
CONTORNO
10
790.787037
20
199.308257
11
790.894800
21
199.542200
0
LINE
8
CONTORNO
10
790.894800
20
199.542200
11
790.997551
21
199.776143
0
LINE
8
CONTORNO
10
790.997551
20
199.776143
11
791.095290
21
200.010086
0
LINE
8
CONTORNO
10
791.095290
20
200.010086
11
791.188016
21
200.244029
0
LINE
8
CONTORNO
10
791.188016
20
200.244029
11
791.275731
21
200.477971
0
LINE
8
CONTORNO
10
791.275731
20
200.477971
11
791.358433
21
200.711914
0
LINE
8
CONTORNO
10
791.358433
20
200.711914
11
791.436122
21
200.945857
0
LINE
8
CONTORNO
10
791.436122
20
200.945857
11
791.508800
21
201.179800
0
LINE
8
CONTORNO
10
791.508800
20
201.179800
11
791.576465
21
201.413743
0
LINE
8
CONTORNO
10
791.576465
20
201.413743
11
791.639118
21
201.647686
0
LINE
8
CONTORNO
10
791.639118
20
201.647686
11
791.696759
21
201.881629
0
LINE
8
CONTORNO
10
791.696759
20
201.881629
11
791.749388
21
202.115571
0
LINE
8
CONTORNO
10
791.749388
20
202.115571
11
791.797004
21
202.349514
0
LINE
8
CONTORNO
10
791.797004
20
202.349514
11
791.839608
21
202.583457
0
LINE
8
CONTORNO
10
791.839608
20
202.583457
11
791.877200
21
202.817400
0
LINE
8
CONTORNO
10
791.877200
20
202.817400
11
791.909780
21
203.051343
0
LINE
8
CONTORNO
10
791.909780
20
203.051343
11
791.937347
21
203.285286
0
LINE
8
CONTORNO
10
791.937347
20
203.285286
11
791.959902
21
203.519229
0
LINE
8
CONTORNO
10
791.959902
20
203.519229
11
791.977445
21
203.753171
0
LINE
8
CONTORNO
10
791.977445
20
203.753171
11
791.989976
21
203.987114
0
LINE
8
CONTORNO
10
791.989976
20
203.987114
11
791.997494
21
204.221057
0
LINE
8
CONTORNO
10
791.997494
20
204.221057
11
792.000000
21
204.455000
0
LINE
8
CONTORNO
10
792.000000
20
204.455000
11
791.997494
21
204.688943
0
LINE
8
CONTORNO
10
791.997494
20
204.688943
11
791.989976
21
204.922886
0
LINE
8
CONTORNO
10
791.989976
20
204.922886
11
791.977445
21
205.156829
0
LINE
8
CONTORNO
10
791.977445
20
205.156829
11
791.959902
21
205.390771
0
LINE
8
CONTORNO
10
791.959902
20
205.390771
11
791.937347
21
205.624714
0
LINE
8
CONTORNO
10
791.937347
20
205.624714
11
791.909780
21
205.858657
0
LINE
8
CONTORNO
10
791.909780
20
205.858657
11
791.877200
21
206.092600
0
LINE
8
CONTORNO
10
791.877200
20
206.092600
11
791.839608
21
206.326543
0
LINE
8
CONTORNO
10
791.839608
20
206.326543
11
791.797004
21
206.560486
0
LINE
8
CONTORNO
10
791.797004
20
206.560486
11
791.749388
21
206.794429
0
LINE
8
CONTORNO
10
791.749388
20
206.794429
11
791.696759
21
207.028371
0
LINE
8
CONTORNO
10
791.696759
20
207.028371
11
791.639118
21
207.262314
0
LINE
8
CONTORNO
10
791.639118
20
207.262314
11
791.576465
21
207.496257
0
LINE
8
CONTORNO
10
791.576465
20
207.496257
11
791.508800
21
207.730200
0
LINE
8
CONTORNO
10
791.508800
20
207.730200
11
791.436122
21
207.964143
0
LINE
8
CONTORNO
10
791.436122
20
207.964143
11
791.358433
21
208.198086
0
LINE
8
CONTORNO
10
791.358433
20
208.198086
11
791.275731
21
208.432029
0
LINE
8
CONTORNO
10
791.275731
20
208.432029
11
791.188016
21
208.665971
0
LINE
8
CONTORNO
10
791.188016
20
208.665971
11
791.095290
21
208.899914
0
LINE
8
CONTORNO
10
791.095290
20
208.899914
11
790.997551
21
209.133857
0
LINE
8
CONTORNO
10
790.997551
20
209.133857
11
790.894800
21
209.367800
0
LINE
8
CONTORNO
10
790.894800
20
209.367800
11
790.787037
21
209.601743
0
LINE
8
CONTORNO
10
790.787037
20
209.601743
11
790.674261
21
209.835686
0
LINE
8
CONTORNO
10
790.674261
20
209.835686
11
790.556473
21
210.069629
0
LINE
8
CONTORNO
10
790.556473
20
210.069629
11
790.433673
21
210.303571
0
LINE
8
CONTORNO
10
790.433673
20
210.303571
11
790.305861
21
210.537514
0
LINE
8
CONTORNO
10
790.305861
20
210.537514
11
790.173037
21
210.771457
0
LINE
8
CONTORNO
10
790.173037
20
210.771457
11
790.035200
21
211.005400
0
LINE
8
CONTORNO
10
790.035200
20
211.005400
11
789.892351
21
211.239343
0
LINE
8
CONTORNO
10
789.892351
20
211.239343
11
789.744490
21
211.473286
0
LINE
8
CONTORNO
10
789.744490
20
211.473286
11
789.591616
21
211.707229
0
LINE
8
CONTORNO
10
789.591616
20
211.707229
11
789.433731
21
211.941171
0
LINE
8
CONTORNO
10
789.433731
20
211.941171
11
789.270833
21
212.175114
0
LINE
8
CONTORNO
10
789.270833
20
212.175114
11
789.102922
21
212.409057
0
LINE
8
CONTORNO
10
789.102922
20
212.409057
11
788.930000
21
212.643000
0
LINE
8
CONTORNO
10
788.930000
20
212.643000
11
788.752065
21
212.876943
0
LINE
8
CONTORNO
10
788.752065
20
212.876943
11
788.569118
21
213.110886
0
LINE
8
CONTORNO
10
788.569118
20
213.110886
11
788.381159
21
213.344829
0
LINE
8
CONTORNO
10
788.381159
20
213.344829
11
788.188188
21
213.578771
0
LINE
8
CONTORNO
10
788.188188
20
213.578771
11
787.990204
21
213.812714
0
LINE
8
CONTORNO
10
787.990204
20
213.812714
11
787.787208
21
214.046657
0
LINE
8
CONTORNO
10
787.787208
20
214.046657
11
787.579200
21
214.280600
0
LINE
8
CONTORNO
10
787.579200
20
214.280600
11
787.366180
21
214.514543
0
LINE
8
CONTORNO
10
787.366180
20
214.514543
11
787.148147
21
214.748486
0
LINE
8
CONTORNO
10
787.148147
20
214.748486
11
786.925102
21
214.982429
0
LINE
8
CONTORNO
10
786.925102
20
214.982429
11
786.697045
21
215.216371
0
LINE
8
CONTORNO
10
786.697045
20
215.216371
11
786.463976
21
215.450314
0
LINE
8
CONTORNO
10
786.463976
20
215.450314
11
786.225894
21
215.684257
0
LINE
8
CONTORNO
10
786.225894
20
215.684257
11
785.982800
21
215.918200
0
LINE
8
CONTORNO
10
785.982800
20
215.918200
11
785.734694
21
216.152143
0
LINE
8
CONTORNO
10
785.734694
20
216.152143
11
785.481576
21
216.386086
0
LINE
8
CONTORNO
10
785.481576
20
216.386086
11
785.223445
21
216.620029
0
LINE
8
CONTORNO
10
785.223445
20
216.620029
11
784.960302
21
216.853971
0
LINE
8
CONTORNO
10
784.960302
20
216.853971
11
784.692147
21
217.087914
0
LINE
8
CONTORNO
10
784.692147
20
217.087914
11
784.418980
21
217.321857
0
LINE
8
CONTORNO
10
784.418980
20
217.321857
11
784.140800
21
217.555800
0
LINE
8
CONTORNO
10
784.140800
20
217.555800
11
783.857608
21
217.789743
0
LINE
8
CONTORNO
10
783.857608
20
217.789743
11
783.569404
21
218.023686
0
LINE
8
CONTORNO
10
783.569404
20
218.023686
11
783.276188
21
218.257629
0
LINE
8
CONTORNO
10
783.276188
20
218.257629
11
782.977959
21
218.491571
0
LINE
8
CONTORNO
10
782.977959
20
218.491571
11
782.674718
21
218.725514
0
LINE
8
CONTORNO
10
782.674718
20
218.725514
11
782.366465
21
218.959457
0
LINE
8
CONTORNO
10
782.366465
20
218.959457
11
782.053200
21
219.193400
0
LINE
8
CONTORNO
10
782.053200
20
219.193400
11
781.734922
21
219.427343
0
LINE
8
CONTORNO
10
781.734922
20
219.427343
11
781.411633
21
219.661286
0
LINE
8
CONTORNO
10
781.411633
20
219.661286
11
781.083331
21
219.895229
0
LINE
8
CONTORNO
10
781.083331
20
219.895229
11
780.750016
21
220.129171
0
LINE
8
CONTORNO
10
780.750016
20
220.129171
11
780.411690
21
220.363114
0
LINE
8
CONTORNO
10
780.411690
20
220.363114
11
780.068351
21
220.597057
0
LINE
8
CONTORNO
10
780.068351
20
220.597057
11
779.720000
21
220.831000
0
LINE
8
QUOTE
10
634.600000
20
238.000000
11
634.600000
21
247.500000
0
LINE
8
QUOTE
10
777.120000
20
238.000000
11
777.120000
21
247.500000
0
LINE
8
QUOTE
10
634.600000
20
246.000000
11
777.120000
21
246.000000
0
LINE
8
QUOTE
10
634.600000
20
246.000000
11
637.600000
21
246.500000
0
LINE
8
QUOTE
10
637.600000
20
246.500000
11
637.600000
21
245.500000
0
LINE
8
QUOTE
10
637.600000
20
245.500000
11
634.600000
21
246.000000
0
LINE
8
QUOTE
10
777.120000
20
246.000000
11
774.120000
21
245.500000
0
LINE
8
QUOTE
10
774.120000
20
245.500000
11
774.120000
21
246.500000
0
LINE
8
QUOTE
10
774.120000
20
246.500000
11
777.120000
21
246.000000
0
TEXT
8
QUOTE
10
705.860000
20
246.900000
40
2.500000
1
71.26
50
0.000000
72
1.000000
11
705.860000
21
246.900000
0
LINE
8
QUOTE
10
632.000000
20
182.000000
11
632.000000
21
169.500000
0
LINE
8
QUOTE
10
634.600000
20
182.000000
11
634.600000
21
169.500000
0
LINE
8
QUOTE
10
632.000000
20
171.000000
11
634.600000
21
171.000000
0
LINE
8
QUOTE
10
626.000000
20
171.000000
11
632.000000
21
171.000000
0
LINE
8
QUOTE
10
634.600000
20
171.000000
11
640.600000
21
171.000000
0
LINE
8
QUOTE
10
632.000000
20
171.000000
11
629.000000
21
170.500000
0
LINE
8
QUOTE
10
629.000000
20
170.500000
11
629.000000
21
171.500000
0
LINE
8
QUOTE
10
629.000000
20
171.500000
11
632.000000
21
171.000000
0
LINE
8
QUOTE
10
634.600000
20
171.000000
11
637.600000
21
171.500000
0
LINE
8
QUOTE
10
637.600000
20
171.500000
11
637.600000
21
170.500000
0
LINE
8
QUOTE
10
637.600000
20
170.500000
11
634.600000
21
171.000000
0
TEXT
8
QUOTE
10
633.300000
20
171.900000
40
2.500000
1
1.30
50
0.000000
72
1.000000
11
633.300000
21
171.900000
0
LINE
8
QUOTE
10
779.720000
20
182.000000
11
779.720000
21
157.500000
0
LINE
8
QUOTE
10
792.000000
20
182.000000
11
792.000000
21
157.500000
0
LINE
8
QUOTE
10
779.720000
20
159.000000
11
792.000000
21
159.000000
0
LINE
8
QUOTE
10
779.720000
20
159.000000
11
782.720000
21
159.500000
0
LINE
8
QUOTE
10
782.720000
20
159.500000
11
782.720000
21
158.500000
0
LINE
8
QUOTE
10
782.720000
20
158.500000
11
779.720000
21
159.000000
0
LINE
8
QUOTE
10
792.000000
20
159.000000
11
789.000000
21
158.500000
0
LINE
8
QUOTE
10
789.000000
20
158.500000
11
789.000000
21
159.500000
0
LINE
8
QUOTE
10
789.000000
20
159.500000
11
792.000000
21
159.000000
0
TEXT
8
QUOTE
10
785.860000
20
159.900000
40
2.500000
1
a=6.140
50
0.000000
72
1.000000
11
785.860000
21
159.900000
0
LINE
8
QUOTE
10
631.000000
20
183.000000
11
616.500000
21
183.000000
0
LINE
8
QUOTE
10
631.000000
20
186.200000
11
616.500000
21
186.200000
0
LINE
8
QUOTE
10
618.000000
20
183.000000
11
618.000000
21
186.200000
0
LINE
8
QUOTE
10
618.000000
20
177.000000
11
618.000000
21
183.000000
0
LINE
8
QUOTE
10
618.000000
20
186.200000
11
618.000000
21
192.200000
0
LINE
8
QUOTE
10
618.000000
20
183.000000
11
618.500000
21
180.000000
0
LINE
8
QUOTE
10
618.500000
20
180.000000
11
617.500000
21
180.000000
0
LINE
8
QUOTE
10
617.500000
20
180.000000
11
618.000000
21
183.000000
0
LINE
8
QUOTE
10
618.000000
20
186.200000
11
617.500000
21
189.200000
0
LINE
8
QUOTE
10
617.500000
20
189.200000
11
618.500000
21
189.200000
0
LINE
8
QUOTE
10
618.500000
20
189.200000
11
618.000000
21
186.200000
0
TEXT
8
QUOTE
10
617.100000
20
184.600000
40
2.500000
1
1.60
50
90.000000
72
1.000000
11
617.100000
21
184.600000
0
LINE
8
QUOTE
10
793.000000
20
188.079000
11
807.500000
21
188.079000
0
LINE
8
QUOTE
10
793.000000
20
220.831000
11
807.500000
21
220.831000
0
LINE
8
QUOTE
10
806.000000
20
188.079000
11
806.000000
21
220.831000
0
LINE
8
QUOTE
10
806.000000
20
188.079000
11
805.500000
21
191.079000
0
LINE
8
QUOTE
10
805.500000
20
191.079000
11
806.500000
21
191.079000
0
LINE
8
QUOTE
10
806.500000
20
191.079000
11
806.000000
21
188.079000
0
LINE
8
QUOTE
10
806.000000
20
220.831000
11
806.500000
21
217.831000
0
LINE
8
QUOTE
10
806.500000
20
217.831000
11
805.500000
21
217.831000
0
LINE
8
QUOTE
10
805.500000
20
217.831000
11
806.000000
21
220.831000
0
TEXT
8
QUOTE
10
805.100000
20
204.455000
40
2.500000
1
2c=16.376
50
90.000000
72
1.000000
11
805.100000
21
204.455000
0
TEXT
8
CONTORNO
10
535.000000
20
256.000000
40
3.400000
1
SEZIONE B-B
50
0.000000
72
1.000000
11
535.000000
21
256.000000
0
LINE
8
SEZIONE
10
578.193654
20
183.048661
11
580.992868
21
185.847875
0
LINE
8
SEZIONE
10
575.882251
20
183.000000
11
581.000000
21
188.117749
0
LINE
8
SEZIONE
10
573.619509
20
183.000000
11
581.000000
21
190.380491
0
LINE
8
SEZIONE
10
571.356768
20
183.000000
11
574.556768
21
186.200000
0
LINE
8
SEZIONE
10
576.600000
20
188.243232
11
581.000000
21
192.643232
0
LINE
8
SEZIONE
10
569.094026
20
183.000000
11
572.294026
21
186.200000
0
LINE
8
SEZIONE
10
576.600000
20
190.505974
11
581.000000
21
194.905974
0
LINE
8
SEZIONE
10
566.831284
20
183.000000
11
570.031284
21
186.200000
0
LINE
8
SEZIONE
10
576.600000
20
192.768716
11
581.000000
21
197.168716
0
LINE
8
SEZIONE
10
564.568542
20
183.000000
11
567.768542
21
186.200000
0
LINE
8
SEZIONE
10
576.600000
20
195.031458
11
581.000000
21
199.431458
0
LINE
8
SEZIONE
10
562.305801
20
183.000000
11
565.505801
21
186.200000
0
LINE
8
SEZIONE
10
576.600000
20
197.294199
11
581.000000
21
201.694199
0
LINE
8
SEZIONE
10
560.043059
20
183.000000
11
563.243059
21
186.200000
0
LINE
8
SEZIONE
10
576.600000
20
199.556941
11
581.000000
21
203.956941
0
LINE
8
SEZIONE
10
557.780317
20
183.000000
11
560.980317
21
186.200000
0
LINE
8
SEZIONE
10
576.600000
20
201.819683
11
581.000000
21
206.219683
0
LINE
8
SEZIONE
10
555.517576
20
183.000000
11
558.717576
21
186.200000
0
LINE
8
SEZIONE
10
576.600000
20
204.082424
11
581.000000
21
208.482424
0
LINE
8
SEZIONE
10
553.254834
20
183.000000
11
556.454834
21
186.200000
0
LINE
8
SEZIONE
10
576.600000
20
206.345166
11
581.000000
21
210.745166
0
LINE
8
SEZIONE
10
550.992092
20
183.000000
11
554.192092
21
186.200000
0
LINE
8
SEZIONE
10
576.600000
20
208.607908
11
581.000000
21
213.007908
0
LINE
8
SEZIONE
10
548.729351
20
183.000000
11
551.929351
21
186.200000
0
LINE
8
SEZIONE
10
576.600000
20
210.870649
11
581.000000
21
215.270649
0
LINE
8
SEZIONE
10
546.466609
20
183.000000
11
549.666609
21
186.200000
0
LINE
8
SEZIONE
10
576.600000
20
213.133391
11
581.000000
21
217.533391
0
LINE
8
SEZIONE
10
544.203867
20
183.000000
11
547.403867
21
186.200000
0
LINE
8
SEZIONE
10
576.600000
20
215.396133
11
581.000000
21
219.796133
0
LINE
8
SEZIONE
10
541.941125
20
183.000000
11
545.141125
21
186.200000
0
LINE
8
SEZIONE
10
576.600000
20
217.658875
11
581.000000
21
222.058875
0
LINE
8
SEZIONE
10
539.678384
20
183.000000
11
542.878384
21
186.200000
0
LINE
8
SEZIONE
10
576.600000
20
219.921616
11
581.000000
21
224.321616
0
LINE
8
SEZIONE
10
537.415642
20
183.000000
11
540.615642
21
186.200000
0
LINE
8
SEZIONE
10
576.600000
20
222.184358
11
581.000000
21
226.584358
0
LINE
8
SEZIONE
10
535.152900
20
183.000000
11
538.352900
21
186.200000
0
LINE
8
SEZIONE
10
576.600000
20
224.447100
11
581.000000
21
228.847100
0
LINE
8
SEZIONE
10
532.890159
20
183.000000
11
536.090159
21
186.200000
0
LINE
8
SEZIONE
10
576.600000
20
226.709841
11
581.000000
21
231.109841
0
LINE
8
SEZIONE
10
530.627417
20
183.000000
11
533.827417
21
186.200000
0
LINE
8
SEZIONE
10
576.600000
20
228.972583
11
581.000000
21
233.372583
0
LINE
8
SEZIONE
10
528.364675
20
183.000000
11
531.564675
21
186.200000
0
LINE
8
SEZIONE
10
576.600000
20
231.235325
11
581.000000
21
235.635325
0
LINE
8
SEZIONE
10
526.101934
20
183.000000
11
529.301934
21
186.200000
0
LINE
8
SEZIONE
10
576.600000
20
233.498066
11
580.101934
21
237.000000
0
LINE
8
SEZIONE
10
523.839192
20
183.000000
11
527.039192
21
186.200000
0
LINE
8
SEZIONE
10
576.600000
20
235.760808
11
577.839192
21
237.000000
0
LINE
8
SEZIONE
10
521.576450
20
183.000000
11
524.776450
21
186.200000
0
LINE
8
SEZIONE
10
519.313708
20
183.000000
11
522.513708
21
186.200000
0
LINE
8
SEZIONE
10
517.050967
20
183.000000
11
520.250967
21
186.200000
0
LINE
8
SEZIONE
10
514.788225
20
183.000000
11
517.988225
21
186.200000
0
LINE
8
SEZIONE
10
512.525483
20
183.000000
11
515.725483
21
186.200000
0
LINE
8
SEZIONE
10
510.262742
20
183.000000
11
513.462742
21
186.200000
0
LINE
8
SEZIONE
10
508.000000
20
183.000000
11
511.200000
21
186.200000
0
LINE
8
SEZIONE
10
505.737258
20
183.000000
11
508.937258
21
186.200000
0
LINE
8
SEZIONE
10
503.474517
20
183.000000
11
506.674517
21
186.200000
0
LINE
8
SEZIONE
10
501.211775
20
183.000000
11
504.411775
21
186.200000
0
LINE
8
SEZIONE
10
498.949033
20
183.000000
11
502.149033
21
186.200000
0
LINE
8
SEZIONE
10
496.686292
20
183.000000
11
499.886292
21
186.200000
0
LINE
8
SEZIONE
10
494.423550
20
183.000000
11
497.623550
21
186.200000
0
LINE
8
SEZIONE
10
492.160808
20
183.000000
11
495.360808
21
186.200000
0
LINE
8
SEZIONE
10
490.383555
20
183.485489
11
493.400000
21
186.501934
0
LINE
8
SEZIONE
10
489.328403
20
184.693078
11
493.400000
21
188.764675
0
LINE
8
SEZIONE
10
489.000000
20
186.627417
11
493.400000
21
191.027417
0
LINE
8
SEZIONE
10
489.000000
20
188.890159
11
493.400000
21
193.290159
0
LINE
8
SEZIONE
10
489.000000
20
191.152900
11
493.400000
21
195.552900
0
LINE
8
SEZIONE
10
489.000000
20
193.415642
11
493.400000
21
197.815642
0
LINE
8
SEZIONE
10
489.000000
20
195.678384
11
493.400000
21
200.078384
0
LINE
8
SEZIONE
10
489.000000
20
197.941125
11
493.400000
21
202.341125
0
LINE
8
SEZIONE
10
489.000000
20
200.203867
11
493.400000
21
204.603867
0
LINE
8
SEZIONE
10
489.000000
20
202.466609
11
493.400000
21
206.866609
0
LINE
8
SEZIONE
10
489.000000
20
204.729351
11
493.400000
21
209.129351
0
LINE
8
SEZIONE
10
489.000000
20
206.992092
11
493.400000
21
211.392092
0
LINE
8
SEZIONE
10
489.000000
20
209.254834
11
493.400000
21
213.654834
0
LINE
8
SEZIONE
10
489.000000
20
211.517576
11
493.400000
21
215.917576
0
LINE
8
SEZIONE
10
489.000000
20
213.780317
11
493.400000
21
218.180317
0
LINE
8
SEZIONE
10
489.000000
20
216.043059
11
493.400000
21
220.443059
0
LINE
8
SEZIONE
10
489.000000
20
218.305801
11
493.400000
21
222.705801
0
LINE
8
SEZIONE
10
489.000000
20
220.568542
11
493.400000
21
224.968542
0
LINE
8
SEZIONE
10
489.000000
20
222.831284
11
492.662716
21
226.494000
0
LINE
8
SEZIONE
10
489.000000
20
225.094026
11
490.399974
21
226.494000
0
LINE
8
SEZIONE
10
491.621749
20
234.504000
11
493.400000
21
236.282251
0
LINE
8
SEZIONE
10
489.359007
20
234.504000
11
491.855007
21
237.000000
0
LINE
8
SEZIONE
10
489.000000
20
236.407734
11
489.592266
21
237.000000
0
LINE
8
CONTORNO
10
493.400000
20
226.494000
11
493.400000
21
186.200000
0
LINE
8
CONTORNO
10
493.400000
20
234.504000
11
493.400000
21
226.494000
0
LINE
8
CONTORNO
10
493.400000
20
237.000000
11
493.400000
21
234.504000
0
LINE
8
CONTORNO
10
576.600000
20
237.000000
11
581.000000
21
237.000000
0
LINE
8
CONTORNO
10
581.000000
20
237.000000
11
581.000000
21
186.000000
0
ARC
8
CONTORNO
10
578.000000
20
186.000000
40
3.000000
50
270.000000
51
360.000000
0
LINE
8
CONTORNO
10
492.000000
20
183.000000
11
578.000000
21
183.000000
0
ARC
8
CONTORNO
10
492.000000
20
186.000000
40
3.000000
50
0.000000
51
90.000000
0
LINE
8
CONTORNO
10
489.000000
20
226.494000
11
489.000000
21
186.000000
0
LINE
8
CONTORNO
10
489.000000
20
226.494000
11
493.400000
21
226.494000
0
LINE
8
CONTORNO
10
493.400000
20
186.200000
11
576.600000
21
186.200000
0
LINE
8
CONTORNO
10
576.600000
20
237.000000
11
576.600000
21
186.200000
0
LINE
8
CONTORNO
10
489.000000
20
234.504000
11
489.000000
21
226.494000
0
LINE
8
CONTORNO
10
489.000000
20
234.504000
11
493.400000
21
234.504000
0
LINE
8
CONTORNO
10
489.000000
20
237.000000
11
489.000000
21
234.504000
0
LINE
8
CONTORNO
10
489.000000
20
237.000000
11
493.400000
21
237.000000
0
LINE
8
CONTORNO
10
559.096000
20
237.000000
11
576.600000
21
237.000000
0
LINE
8
CONTORNO
10
513.560000
20
237.000000
11
559.096000
21
237.000000
0
LINE
8
CONTORNO
10
493.400000
20
237.000000
11
513.560000
21
237.000000
0
LINE
8
CONTORNO
10
513.560000
20
231.004000
11
513.560000
21
237.000000
0
LINE
8
CONTORNO
10
505.078000
20
231.004000
11
513.560000
21
231.004000
0
LINE
8
CONTORNO
10
559.096000
20
220.368477
11
576.600000
21
211.397926
0
ARC
8
CONTORNO
10
499.228000
20
231.092000
40
5.972000
50
73.581429
51
77.392310
0
ARC
8
CONTORNO
10
499.228000
20
231.092000
40
5.972000
50
281.601116
51
286.418571
0
LINE
8
CONTORNO
10
505.078000
20
229.891049
11
505.078000
21
232.292951
0
ARC
8
CONTORNO
10
499.228000
20
231.092000
40
5.972000
50
253.581429
51
258.398884
0
LINE
8
CONTORNO
10
504.956476
20
229.404000
11
493.499524
21
229.404000
0
ARC
8
CONTORNO
10
499.228000
20
231.092000
40
5.972000
50
102.607690
51
106.418571
0
LINE
8
CONTORNO
10
504.956476
20
232.780000
11
493.499524
21
232.780000
0
LINE
8
CONTORNO
10
559.096000
20
229.340610
11
559.096000
21
237.000000
0
LINE
8
CONTORNO
10
559.096000
20
229.340610
11
576.600000
21
220.370058
0
LINE
8
CONTORNO
10
559.096000
20
229.340610
11
559.096000
21
220.368477
0
LINE
8
CONTORNO
10
566.739000
20
219.526570
11
566.739000
21
222.341730
0
LINE
8
CONTORNO
10
566.739000
20
222.341730
11
566.557058
21
222.426122
0
LINE
8
CONTORNO
10
566.557058
20
222.426122
11
566.377403
21
222.491752
0
LINE
8
CONTORNO
10
566.377403
20
222.491752
11
566.202297
21
222.537794
0
LINE
8
CONTORNO
10
566.202297
20
222.537794
11
566.033939
21
222.563670
0
LINE
8
CONTORNO
10
566.033939
20
222.563670
11
565.874448
21
222.569053
0
LINE
8
CONTORNO
10
565.874448
20
222.569053
11
565.725829
21
222.553876
0
LINE
8
CONTORNO
10
565.725829
20
222.553876
11
565.589951
21
222.518330
0
LINE
8
CONTORNO
10
565.589951
20
222.518330
11
565.468524
21
222.462863
0
LINE
8
CONTORNO
10
565.468524
20
222.462863
11
565.363073
21
222.388171
0
LINE
8
CONTORNO
10
565.363073
20
222.388171
11
565.274926
21
222.295193
0
LINE
8
CONTORNO
10
565.274926
20
222.295193
11
565.205190
21
222.185100
0
LINE
8
CONTORNO
10
565.205190
20
222.185100
11
565.154742
21
222.059276
0
LINE
8
CONTORNO
10
565.154742
20
222.059276
11
565.124218
21
221.919302
0
LINE
8
CONTORNO
10
565.124218
20
221.919302
11
565.114000
21
221.766939
0
LINE
8
CONTORNO
10
565.114000
20
221.766939
11
565.124218
21
221.604104
0
LINE
8
CONTORNO
10
565.124218
20
221.604104
11
565.154742
21
221.432843
0
LINE
8
CONTORNO
10
565.154742
20
221.432843
11
565.205190
21
221.255312
0
LINE
8
CONTORNO
10
565.205190
20
221.255312
11
565.274926
21
221.073741
0
LINE
8
CONTORNO
10
565.274926
20
221.073741
11
565.363073
21
220.890415
0
LINE
8
CONTORNO
10
565.363073
20
220.890415
11
565.468524
21
220.707639
0
LINE
8
CONTORNO
10
565.468524
20
220.707639
11
565.589951
21
220.527711
0
LINE
8
CONTORNO
10
565.589951
20
220.527711
11
565.725829
21
220.352895
0
LINE
8
CONTORNO
10
565.725829
20
220.352895
11
565.874448
21
220.185388
0
LINE
8
CONTORNO
10
565.874448
20
220.185388
11
566.033939
21
220.027298
0
LINE
8
CONTORNO
10
566.033939
20
220.027298
11
566.202297
21
219.880611
0
LINE
8
CONTORNO
10
566.202297
20
219.880611
11
566.377403
21
219.747174
0
LINE
8
CONTORNO
10
566.377403
20
219.747174
11
566.557058
21
219.628663
0
LINE
8
CONTORNO
10
566.557058
20
219.628663
11
566.739000
21
219.526570
0
LINE
8
CONTORNO
10
568.975000
20
218.380651
11
568.975000
21
221.195812
0
LINE
8
CONTORNO
10
568.975000
20
218.380651
11
566.739000
21
219.526570
0
LINE
8
CONTORNO
10
568.975000
20
221.195812
11
566.739000
21
222.341730
0
LINE
8
CONTORNO
10
568.975000
20
218.380651
11
568.975933
21
218.380173
0
LINE
8
CONTORNO
10
568.975933
20
218.380173
11
568.976867
21
218.379696
0
LINE
8
CONTORNO
10
568.976867
20
218.379696
11
568.977800
21
218.379218
0
LINE
8
CONTORNO
10
568.977800
20
218.379218
11
568.978734
21
218.378742
0
LINE
8
CONTORNO
10
568.978734
20
218.378742
11
568.979667
21
218.378265
0
LINE
8
CONTORNO
10
568.979667
20
218.378265
11
568.980600
21
218.377790
0
LINE
8
CONTORNO
10
568.980600
20
218.377790
11
568.981534
21
218.377314
0
LINE
8
CONTORNO
10
568.981534
20
218.377314
11
568.982467
21
218.376839
0
LINE
8
CONTORNO
10
568.982467
20
218.376839
11
568.983401
21
218.376365
0
LINE
8
CONTORNO
10
568.983401
20
218.376365
11
568.984334
21
218.375891
0
LINE
8
CONTORNO
10
568.984334
20
218.375891
11
568.985267
21
218.375418
0
LINE
8
CONTORNO
10
568.985267
20
218.375418
11
568.986201
21
218.374945
0
LINE
8
CONTORNO
10
568.986201
20
218.374945
11
568.987134
21
218.374472
0
LINE
8
CONTORNO
10
568.987134
20
218.374472
11
568.988068
21
218.374000
0
LINE
8
CONTORNO
10
570.392949
20
218.374000
11
570.420934
21
218.404876
0
LINE
8
CONTORNO
10
570.420934
20
218.404876
11
570.446999
21
218.437590
0
LINE
8
CONTORNO
10
570.446999
20
218.437590
11
570.471108
21
218.472099
0
LINE
8
CONTORNO
10
570.471108
20
218.472099
11
570.493229
21
218.508356
0
LINE
8
CONTORNO
10
570.493229
20
218.508356
11
570.513333
21
218.546314
0
LINE
8
CONTORNO
10
570.513333
20
218.546314
11
570.531393
21
218.585921
0
LINE
8
CONTORNO
10
570.531393
20
218.585921
11
570.547385
21
218.627127
0
LINE
8
CONTORNO
10
570.547385
20
218.627127
11
570.561289
21
218.669874
0
LINE
8
CONTORNO
10
570.561289
20
218.669874
11
570.573084
21
218.714108
0
LINE
8
CONTORNO
10
570.573084
20
218.714108
11
570.582757
21
218.759769
0
LINE
8
CONTORNO
10
570.582757
20
218.759769
11
570.590293
21
218.806796
0
LINE
8
CONTORNO
10
570.590293
20
218.806796
11
570.595683
21
218.855127
0
LINE
8
CONTORNO
10
570.595683
20
218.855127
11
570.598921
21
218.904697
0
LINE
8
CONTORNO
10
570.598921
20
218.904697
11
570.600000
21
218.955442
0
LINE
8
CONTORNO
10
570.600000
20
218.955442
11
570.589782
21
219.118278
0
LINE
8
CONTORNO
10
570.589782
20
219.118278
11
570.559258
21
219.289538
0
LINE
8
CONTORNO
10
570.559258
20
219.289538
11
570.508810
21
219.467070
0
LINE
8
CONTORNO
10
570.508810
20
219.467070
11
570.439074
21
219.648640
0
LINE
8
CONTORNO
10
570.439074
20
219.648640
11
570.350927
21
219.831966
0
LINE
8
CONTORNO
10
570.350927
20
219.831966
11
570.245476
21
220.014742
0
LINE
8
CONTORNO
10
570.245476
20
220.014742
11
570.124049
21
220.194670
0
LINE
8
CONTORNO
10
570.124049
20
220.194670
11
569.988171
21
220.369486
0
LINE
8
CONTORNO
10
569.988171
20
220.369486
11
569.839552
21
220.536993
0
LINE
8
CONTORNO
10
569.839552
20
220.536993
11
569.680061
21
220.695084
0
LINE
8
CONTORNO
10
569.680061
20
220.695084
11
569.511703
21
220.841770
0
LINE
8
CONTORNO
10
569.511703
20
220.841770
11
569.336597
21
220.975208
0
LINE
8
CONTORNO
10
569.336597
20
220.975208
11
569.156942
21
221.093718
0
LINE
8
CONTORNO
10
569.156942
20
221.093718
11
568.975000
21
221.195812
0
LINE
8
CONTORNO
10
570.392949
20
218.374000
11
568.988068
21
218.374000
0
LINE
8
QUOTE
10
489.000000
20
238.000000
11
489.000000
21
247.500000
0
LINE
8
QUOTE
10
493.400000
20
238.000000
11
493.400000
21
247.500000
0
LINE
8
QUOTE
10
489.000000
20
246.000000
11
493.400000
21
246.000000
0
LINE
8
QUOTE
10
483.000000
20
246.000000
11
489.000000
21
246.000000
0
LINE
8
QUOTE
10
493.400000
20
246.000000
11
499.400000
21
246.000000
0
LINE
8
QUOTE
10
489.000000
20
246.000000
11
486.000000
21
245.500000
0
LINE
8
QUOTE
10
486.000000
20
245.500000
11
486.000000
21
246.500000
0
LINE
8
QUOTE
10
486.000000
20
246.500000
11
489.000000
21
246.000000
0
LINE
8
QUOTE
10
493.400000
20
246.000000
11
496.400000
21
246.500000
0
LINE
8
QUOTE
10
496.400000
20
246.500000
11
496.400000
21
245.500000
0
LINE
8
QUOTE
10
496.400000
20
245.500000
11
493.400000
21
246.000000
0
TEXT
8
QUOTE
10
491.200000
20
246.900000
40
2.500000
1
2.20
50
0.000000
72
1.000000
11
491.200000
21
246.900000
0
LINE
8
QUOTE
10
493.400000
20
182.000000
11
493.400000
21
167.500000
0
LINE
8
QUOTE
10
576.600000
20
182.000000
11
576.600000
21
167.500000
0
LINE
8
QUOTE
10
493.400000
20
169.000000
11
576.600000
21
169.000000
0
LINE
8
QUOTE
10
493.400000
20
169.000000
11
496.400000
21
169.500000
0
LINE
8
QUOTE
10
496.400000
20
169.500000
11
496.400000
21
168.500000
0
LINE
8
QUOTE
10
496.400000
20
168.500000
11
493.400000
21
169.000000
0
LINE
8
QUOTE
10
576.600000
20
169.000000
11
573.600000
21
168.500000
0
LINE
8
QUOTE
10
573.600000
20
168.500000
11
573.600000
21
169.500000
0
LINE
8
QUOTE
10
573.600000
20
169.500000
11
576.600000
21
169.000000
0
TEXT
8
QUOTE
10
535.000000
20
169.900000
40
2.500000
1
41.60
50
0.000000
72
1.000000
11
535.000000
21
169.900000
0
LINE
8
QUOTE
10
582.000000
20
183.000000
11
596.500000
21
183.000000
0
LINE
8
QUOTE
10
582.000000
20
237.000000
11
596.500000
21
237.000000
0
LINE
8
QUOTE
10
595.000000
20
183.000000
11
595.000000
21
237.000000
0
LINE
8
QUOTE
10
595.000000
20
183.000000
11
594.500000
21
186.000000
0
LINE
8
QUOTE
10
594.500000
20
186.000000
11
595.500000
21
186.000000
0
LINE
8
QUOTE
10
595.500000
20
186.000000
11
595.000000
21
183.000000
0
LINE
8
QUOTE
10
595.000000
20
237.000000
11
595.500000
21
234.000000
0
LINE
8
QUOTE
10
595.500000
20
234.000000
11
594.500000
21
234.000000
0
LINE
8
QUOTE
10
594.500000
20
234.000000
11
595.000000
21
237.000000
0
TEXT
8
QUOTE
10
594.100000
20
210.000000
40
2.500000
1
27.00
50
90.000000
72
1.000000
11
594.100000
21
210.000000
0
TEXT
8
CONTORNO
10
712.000000
20
162.000000
40
3.400000
1
SEZIONE C-C
50
0.000000
72
1.000000
11
712.000000
21
162.000000
0
LINE
8
SEZIONE
10
779.118374
20
54.000000
11
779.720000
21
54.601626
0
LINE
8
SEZIONE
10
776.855633
20
54.000000
11
779.720000
21
56.864367
0
LINE
8
SEZIONE
10
774.592891
20
54.000000
11
779.720000
21
59.127109
0
LINE
8
SEZIONE
10
772.330149
20
54.000000
11
776.730149
21
58.400000
0
LINE
8
SEZIONE
10
777.120000
20
58.789851
11
779.720000
21
61.389851
0
LINE
8
SEZIONE
10
770.067408
20
54.000000
11
774.467408
21
58.400000
0
LINE
8
SEZIONE
10
777.120000
20
61.052592
11
779.720000
21
63.652592
0
LINE
8
SEZIONE
10
767.804666
20
54.000000
11
772.204666
21
58.400000
0
LINE
8
SEZIONE
10
777.120000
20
63.315334
11
780.870363
21
67.065697
0
LINE
8
SEZIONE
10
765.541924
20
54.000000
11
769.941924
21
58.400000
0
LINE
8
SEZIONE
10
777.120000
20
65.578076
11
784.375876
21
72.833952
0
LINE
8
SEZIONE
10
763.279182
20
54.000000
11
767.679182
21
58.400000
0
LINE
8
SEZIONE
10
777.120000
20
67.840818
11
786.826210
21
77.547027
0
LINE
8
SEZIONE
10
761.016441
20
54.000000
11
765.416441
21
58.400000
0
LINE
8
SEZIONE
10
777.120000
20
70.103559
11
788.342721
21
81.326281
0
LINE
8
SEZIONE
10
758.753699
20
54.000000
11
763.153699
21
58.400000
0
LINE
8
SEZIONE
10
777.120000
20
72.366301
11
787.185737
21
82.432038
0
LINE
8
SEZIONE
10
756.490957
20
54.000000
11
760.890957
21
58.400000
0
LINE
8
SEZIONE
10
777.120000
20
74.629043
11
783.409277
21
80.918319
0
LINE
8
SEZIONE
10
754.228216
20
54.000000
11
758.628216
21
58.400000
0
LINE
8
SEZIONE
10
777.120000
20
76.891784
11
779.632816
21
79.404601
0
LINE
8
SEZIONE
10
787.704648
20
87.476433
11
791.055864
21
90.827649
0
LINE
8
SEZIONE
10
751.965474
20
54.000000
11
756.365474
21
58.400000
0
LINE
8
SEZIONE
10
783.928188
20
85.962714
11
791.539794
21
93.574320
0
LINE
8
SEZIONE
10
749.702732
20
54.000000
11
754.102732
21
58.400000
0
LINE
8
SEZIONE
10
780.151728
20
84.448996
11
791.801578
21
96.098846
0
LINE
8
SEZIONE
10
747.439991
20
54.000000
11
751.839991
21
58.400000
0
LINE
8
SEZIONE
10
777.119999
20
83.680008
11
791.939523
21
98.499532
0
LINE
8
SEZIONE
10
745.177249
20
54.000000
11
749.577249
21
58.400000
0
LINE
8
SEZIONE
10
777.119999
20
85.942750
11
791.953337
21
100.776088
0
LINE
8
SEZIONE
10
742.914507
20
54.000000
11
747.314507
21
58.400000
0
LINE
8
SEZIONE
10
777.119999
20
88.205492
11
791.864025
21
102.949518
0
LINE
8
SEZIONE
10
740.651765
20
54.000000
11
745.051765
21
58.400000
0
LINE
8
SEZIONE
10
777.119999
20
90.468234
11
791.684262
21
105.032497
0
LINE
8
SEZIONE
10
738.389024
20
54.000000
11
742.789024
21
58.400000
0
LINE
8
SEZIONE
10
777.119999
20
92.730976
11
791.439614
21
107.050590
0
LINE
8
SEZIONE
10
736.126282
20
54.000000
11
740.526282
21
58.400000
0
LINE
8
SEZIONE
10
777.119999
20
94.993717
11
791.106032
21
108.979750
0
LINE
8
SEZIONE
10
733.863540
20
54.000000
11
738.263540
21
58.400000
0
LINE
8
SEZIONE
10
777.119999
20
97.256459
11
790.484875
21
110.621335
0
LINE
8
SEZIONE
10
731.600799
20
54.000000
11
736.000799
21
58.400000
0
LINE
8
SEZIONE
10
777.119999
20
99.519201
11
788.869601
21
111.268802
0
LINE
8
SEZIONE
10
729.338057
20
54.000000
11
733.738057
21
58.400000
0
LINE
8
SEZIONE
10
777.120000
20
101.781943
11
787.254326
21
111.916269
0
LINE
8
SEZIONE
10
727.075315
20
54.000000
11
731.475315
21
58.400000
0
LINE
8
SEZIONE
10
777.120000
20
104.044684
11
785.639051
21
112.563735
0
LINE
8
SEZIONE
10
789.091122
20
116.015807
11
789.275398
21
116.200083
0
LINE
8
SEZIONE
10
724.812574
20
54.000000
11
729.212574
21
58.400000
0
LINE
8
SEZIONE
10
777.120000
20
106.307426
11
784.023776
21
113.211202
0
LINE
8
SEZIONE
10
787.475847
20
116.663274
11
788.638155
21
117.825581
0
LINE
8
SEZIONE
10
722.549832
20
54.000000
11
726.949832
21
58.400000
0
LINE
8
SEZIONE
10
777.120000
20
108.570168
11
782.408501
21
113.858669
0
LINE
8
SEZIONE
10
785.860572
20
117.310741
11
788.000912
21
119.451080
0
LINE
8
SEZIONE
10
720.287090
20
54.000000
11
724.687090
21
58.400000
0
LINE
8
SEZIONE
10
777.120000
20
110.832910
11
780.793226
21
114.506136
0
LINE
8
SEZIONE
10
784.245298
20
117.958207
11
787.363668
21
121.076578
0
LINE
8
SEZIONE
10
718.024348
20
54.000000
11
722.424348
21
58.400000
0
LINE
8
SEZIONE
10
777.120000
20
113.095651
11
779.177951
21
115.153603
0
LINE
8
SEZIONE
10
782.630023
20
118.605674
11
786.724778
21
122.700430
0
LINE
8
SEZIONE
10
715.761607
20
54.000000
11
720.161607
21
58.400000
0
LINE
8
SEZIONE
10
777.120000
20
115.358393
11
777.562676
21
115.801069
0
LINE
8
SEZIONE
10
781.014748
20
119.253141
11
785.944832
21
124.183225
0
LINE
8
SEZIONE
10
713.498865
20
54.000000
11
717.898865
21
58.400000
0
LINE
8
SEZIONE
10
779.399473
20
119.900608
11
785.164886
21
125.666021
0
LINE
8
SEZIONE
10
711.236123
20
54.000000
11
715.636123
21
58.400000
0
LINE
8
SEZIONE
10
777.784198
20
120.548075
11
784.384940
21
127.148817
0
LINE
8
SEZIONE
10
708.973382
20
54.000000
11
713.373382
21
58.400000
0
LINE
8
SEZIONE
10
777.120000
20
122.146618
11
783.604994
21
128.631612
0
LINE
8
SEZIONE
10
706.710640
20
54.000000
11
711.110640
21
58.400000
0
LINE
8
SEZIONE
10
777.120000
20
124.409360
11
782.748106
21
130.037466
0
LINE
8
SEZIONE
10
704.447898
20
54.000000
11
708.847898
21
58.400000
0
LINE
8
SEZIONE
10
777.120000
20
126.672102
11
781.858217
21
131.410319
0
LINE
8
SEZIONE
10
702.185157
20
54.000000
11
706.585157
21
58.400000
0
LINE
8
SEZIONE
10
777.120000
20
128.934843
11
780.968327
21
132.783171
0
LINE
8
SEZIONE
10
699.922415
20
54.000000
11
704.322415
21
58.400000
0
LINE
8
SEZIONE
10
777.120000
20
131.197585
11
780.078438
21
134.156023
0
LINE
8
SEZIONE
10
697.659673
20
54.000000
11
702.059673
21
58.400000
0
LINE
8
SEZIONE
10
777.120000
20
133.460327
11
779.720000
21
136.060327
0
LINE
8
SEZIONE
10
695.396931
20
54.000000
11
699.796931
21
58.400000
0
LINE
8
SEZIONE
10
777.120000
20
135.723069
11
779.720000
21
138.323069
0
LINE
8
SEZIONE
10
693.134190
20
54.000000
11
697.534190
21
58.400000
0
LINE
8
SEZIONE
10
777.120000
20
137.985810
11
779.720000
21
140.585810
0
LINE
8
SEZIONE
10
690.871448
20
54.000000
11
695.271448
21
58.400000
0
LINE
8
SEZIONE
10
777.120000
20
140.248552
11
779.720000
21
142.848552
0
LINE
8
SEZIONE
10
688.608706
20
54.000000
11
693.008706
21
58.400000
0
LINE
8
SEZIONE
10
776.208706
20
141.600000
11
779.720000
21
145.111294
0
LINE
8
SEZIONE
10
686.345965
20
54.000000
11
690.745965
21
58.400000
0
LINE
8
SEZIONE
10
773.945965
20
141.600000
11
778.345965
21
146.000000
0
LINE
8
SEZIONE
10
684.083223
20
54.000000
11
688.483223
21
58.400000
0
LINE
8
SEZIONE
10
771.683223
20
141.600000
11
776.083223
21
146.000000
0
LINE
8
SEZIONE
10
681.820481
20
54.000000
11
686.220481
21
58.400000
0
LINE
8
SEZIONE
10
769.420481
20
141.600000
11
773.820481
21
146.000000
0
LINE
8
SEZIONE
10
679.557740
20
54.000000
11
683.957740
21
58.400000
0
LINE
8
SEZIONE
10
767.157740
20
141.600000
11
771.557740
21
146.000000
0
LINE
8
SEZIONE
10
677.294998
20
54.000000
11
681.694998
21
58.400000
0
LINE
8
SEZIONE
10
764.894998
20
141.600000
11
769.294998
21
146.000000
0
LINE
8
SEZIONE
10
675.032256
20
54.000000
11
679.432256
21
58.400000
0
LINE
8
SEZIONE
10
762.632256
20
141.600000
11
767.032256
21
146.000000
0
LINE
8
SEZIONE
10
672.769514
20
54.000000
11
677.169514
21
58.400000
0
LINE
8
SEZIONE
10
760.369514
20
141.600000
11
764.769514
21
146.000000
0
LINE
8
SEZIONE
10
670.506773
20
54.000000
11
674.906773
21
58.400000
0
LINE
8
SEZIONE
10
758.106773
20
141.600000
11
762.506773
21
146.000000
0
LINE
8
SEZIONE
10
668.244031
20
54.000000
11
672.644031
21
58.400000
0
LINE
8
SEZIONE
10
755.844031
20
141.600000
11
760.244031
21
146.000000
0
LINE
8
SEZIONE
10
665.981289
20
54.000000
11
670.381289
21
58.400000
0
LINE
8
SEZIONE
10
753.581289
20
141.600000
11
757.981289
21
146.000000
0
LINE
8
SEZIONE
10
663.718548
20
54.000000
11
668.118548
21
58.400000
0
LINE
8
SEZIONE
10
751.318548
20
141.600000
11
755.718548
21
146.000000
0
LINE
8
SEZIONE
10
661.455806
20
54.000000
11
665.855806
21
58.400000
0
LINE
8
SEZIONE
10
749.055806
20
141.600000
11
753.455806
21
146.000000
0
LINE
8
SEZIONE
10
659.193064
20
54.000000
11
663.593064
21
58.400000
0
LINE
8
SEZIONE
10
746.793064
20
141.600000
11
751.193064
21
146.000000
0
LINE
8
SEZIONE
10
656.930323
20
54.000000
11
661.330323
21
58.400000
0
LINE
8
SEZIONE
10
744.530323
20
141.600000
11
748.930323
21
146.000000
0
LINE
8
SEZIONE
10
654.667581
20
54.000000
11
659.067581
21
58.400000
0
LINE
8
SEZIONE
10
742.267581
20
141.600000
11
746.667581
21
146.000000
0
LINE
8
SEZIONE
10
652.404839
20
54.000000
11
656.804839
21
58.400000
0
LINE
8
SEZIONE
10
740.004839
20
141.600000
11
744.404839
21
146.000000
0
LINE
8
SEZIONE
10
650.142097
20
54.000000
11
654.542097
21
58.400000
0
LINE
8
SEZIONE
10
737.742097
20
141.600000
11
742.142097
21
146.000000
0
LINE
8
SEZIONE
10
647.879356
20
54.000000
11
652.279356
21
58.400000
0
LINE
8
SEZIONE
10
735.479356
20
141.600000
11
739.879356
21
146.000000
0
LINE
8
SEZIONE
10
645.616614
20
54.000000
11
650.016614
21
58.400000
0
LINE
8
SEZIONE
10
733.216614
20
141.600000
11
737.616614
21
146.000000
0
LINE
8
SEZIONE
10
643.353872
20
54.000000
11
647.753872
21
58.400000
0
LINE
8
SEZIONE
10
730.953872
20
141.600000
11
735.353872
21
146.000000
0
LINE
8
SEZIONE
10
641.091131
20
54.000000
11
645.491131
21
58.400000
0
LINE
8
SEZIONE
10
728.691131
20
141.600000
11
733.091131
21
146.000000
0
LINE
8
SEZIONE
10
638.828389
20
54.000000
11
643.228389
21
58.400000
0
LINE
8
SEZIONE
10
726.428389
20
141.600000
11
730.828389
21
146.000000
0
LINE
8
SEZIONE
10
636.565647
20
54.000000
11
640.965647
21
58.400000
0
LINE
8
SEZIONE
10
724.165647
20
141.600000
11
728.565647
21
146.000000
0
LINE
8
SEZIONE
10
634.302906
20
54.000000
11
638.702906
21
58.400000
0
LINE
8
SEZIONE
10
721.902906
20
141.600000
11
726.302906
21
146.000000
0
LINE
8
SEZIONE
10
632.040164
20
54.000000
11
636.440164
21
58.400000
0
LINE
8
SEZIONE
10
719.640164
20
141.600000
11
724.040164
21
146.000000
0
LINE
8
SEZIONE
10
632.000000
20
56.222578
11
634.600000
21
58.822578
0
LINE
8
SEZIONE
10
717.377422
20
141.600000
11
721.777422
21
146.000000
0
LINE
8
SEZIONE
10
632.000000
20
58.485320
11
634.600000
21
61.085320
0
LINE
8
SEZIONE
10
715.114680
20
141.600000
11
719.514680
21
146.000000
0
LINE
8
SEZIONE
10
632.000000
20
60.748061
11
634.600000
21
63.348061
0
LINE
8
SEZIONE
10
712.851939
20
141.600000
11
717.251939
21
146.000000
0
LINE
8
SEZIONE
10
632.000000
20
63.010803
11
634.600000
21
65.610803
0
LINE
8
SEZIONE
10
710.589197
20
141.600000
11
714.989197
21
146.000000
0
LINE
8
SEZIONE
10
632.000000
20
65.273545
11
634.600000
21
67.873545
0
LINE
8
SEZIONE
10
708.326455
20
141.600000
11
712.726455
21
146.000000
0
LINE
8
SEZIONE
10
632.000000
20
67.536286
11
634.600000
21
70.136286
0
LINE
8
SEZIONE
10
706.063714
20
141.600000
11
710.463714
21
146.000000
0
LINE
8
SEZIONE
10
632.000000
20
69.799028
11
634.600000
21
72.399028
0
LINE
8
SEZIONE
10
703.800972
20
141.600000
11
708.200972
21
146.000000
0
LINE
8
SEZIONE
10
632.000000
20
72.061770
11
634.600000
21
74.661770
0
LINE
8
SEZIONE
10
701.538230
20
141.600000
11
705.938230
21
146.000000
0
LINE
8
SEZIONE
10
632.000000
20
74.324511
11
634.600000
21
76.924511
0
LINE
8
SEZIONE
10
699.275489
20
141.600000
11
703.675489
21
146.000000
0
LINE
8
SEZIONE
10
632.000000
20
76.587253
11
634.600000
21
79.187253
0
LINE
8
SEZIONE
10
697.012747
20
141.600000
11
701.412747
21
146.000000
0
LINE
8
SEZIONE
10
632.000000
20
78.849995
11
634.600000
21
81.449995
0
LINE
8
SEZIONE
10
694.750005
20
141.600000
11
699.150005
21
146.000000
0
LINE
8
SEZIONE
10
632.000000
20
81.112737
11
634.600000
21
83.712737
0
LINE
8
SEZIONE
10
692.487263
20
141.600000
11
696.887263
21
146.000000
0
LINE
8
SEZIONE
10
632.000000
20
83.375478
11
634.600000
21
85.975478
0
LINE
8
SEZIONE
10
690.224522
20
141.600000
11
694.624522
21
146.000000
0
LINE
8
SEZIONE
10
632.000000
20
85.638220
11
634.600000
21
88.238220
0
LINE
8
SEZIONE
10
687.961780
20
141.600000
11
692.361780
21
146.000000
0
LINE
8
SEZIONE
10
632.000000
20
87.900962
11
634.600000
21
90.500962
0
LINE
8
SEZIONE
10
685.699038
20
141.600000
11
690.099038
21
146.000000
0
LINE
8
SEZIONE
10
632.000000
20
90.163703
11
634.600000
21
92.763703
0
LINE
8
SEZIONE
10
683.436297
20
141.600000
11
687.836297
21
146.000000
0
LINE
8
SEZIONE
10
632.000000
20
92.426445
11
634.600000
21
95.026445
0
LINE
8
SEZIONE
10
681.173555
20
141.600000
11
685.573555
21
146.000000
0
LINE
8
SEZIONE
10
632.000000
20
94.689187
11
634.600000
21
97.289187
0
LINE
8
SEZIONE
10
678.910813
20
141.600000
11
683.310813
21
146.000000
0
LINE
8
SEZIONE
10
632.000000
20
96.951928
11
634.600000
21
99.551928
0
LINE
8
SEZIONE
10
676.648072
20
141.600000
11
681.048072
21
146.000000
0
LINE
8
SEZIONE
10
632.000000
20
99.214670
11
634.600000
21
101.814670
0
LINE
8
SEZIONE
10
674.385330
20
141.600000
11
678.785330
21
146.000000
0
LINE
8
SEZIONE
10
632.000000
20
101.477412
11
634.600000
21
104.077412
0
LINE
8
SEZIONE
10
672.122588
20
141.600000
11
676.522588
21
146.000000
0
LINE
8
SEZIONE
10
632.000000
20
103.740154
11
634.600000
21
106.340154
0
LINE
8
SEZIONE
10
669.859846
20
141.600000
11
674.259846
21
146.000000
0
LINE
8
SEZIONE
10
632.000000
20
106.002895
11
634.600000
21
108.602895
0
LINE
8
SEZIONE
10
667.597105
20
141.600000
11
671.997105
21
146.000000
0
LINE
8
SEZIONE
10
632.000000
20
108.265637
11
634.600000
21
110.865637
0
LINE
8
SEZIONE
10
665.334363
20
141.600000
11
669.734363
21
146.000000
0
LINE
8
SEZIONE
10
632.000000
20
110.528379
11
634.600000
21
113.128379
0
LINE
8
SEZIONE
10
663.071621
20
141.600000
11
667.471621
21
146.000000
0
LINE
8
SEZIONE
10
632.000000
20
112.791120
11
634.600000
21
115.391120
0
LINE
8
SEZIONE
10
660.808880
20
141.600000
11
665.208880
21
146.000000
0
LINE
8
SEZIONE
10
632.000000
20
115.053862
11
634.600000
21
117.653862
0
LINE
8
SEZIONE
10
658.546138
20
141.600000
11
662.946138
21
146.000000
0
LINE
8
SEZIONE
10
632.000000
20
117.316604
11
634.600000
21
119.916604
0
LINE
8
SEZIONE
10
656.283396
20
141.600000
11
660.683396
21
146.000000
0
LINE
8
SEZIONE
10
632.000000
20
119.579345
11
634.600000
21
122.179345
0
LINE
8
SEZIONE
10
654.020655
20
141.600000
11
658.420655
21
146.000000
0
LINE
8
SEZIONE
10
632.000000
20
121.842087
11
634.600000
21
124.442087
0
LINE
8
SEZIONE
10
651.757913
20
141.600000
11
656.157913
21
146.000000
0
LINE
8
SEZIONE
10
632.000000
20
124.104829
11
634.600000
21
126.704829
0
LINE
8
SEZIONE
10
649.495171
20
141.600000
11
653.895171
21
146.000000
0
LINE
8
SEZIONE
10
632.000000
20
126.367571
11
634.600000
21
128.967571
0
LINE
8
SEZIONE
10
647.232429
20
141.600000
11
651.632429
21
146.000000
0
LINE
8
SEZIONE
10
632.000000
20
128.630312
11
634.600000
21
131.230312
0
LINE
8
SEZIONE
10
644.969688
20
141.600000
11
649.369688
21
146.000000
0
LINE
8
SEZIONE
10
632.000000
20
130.893054
11
634.600000
21
133.493054
0
LINE
8
SEZIONE
10
642.706946
20
141.600000
11
647.106946
21
146.000000
0
LINE
8
SEZIONE
10
632.000000
20
133.155796
11
634.600000
21
135.755796
0
LINE
8
SEZIONE
10
640.444204
20
141.600000
11
644.844204
21
146.000000
0
LINE
8
SEZIONE
10
632.000000
20
135.418537
11
634.600000
21
138.018537
0
LINE
8
SEZIONE
10
638.181463
20
141.600000
11
642.581463
21
146.000000
0
LINE
8
SEZIONE
10
632.000000
20
137.681279
11
634.600000
21
140.281279
0
LINE
8
SEZIONE
10
635.918721
20
141.600000
11
640.318721
21
146.000000
0
LINE
8
SEZIONE
10
632.000000
20
139.944021
11
638.055979
21
146.000000
0
LINE
8
SEZIONE
10
632.000000
20
142.206762
11
635.793238
21
146.000000
0
LINE
8
SEZIONE
10
632.000000
20
144.469504
11
633.530496
21
146.000000
0
LINE
8
CONTORNO
10
777.120000
20
78.397389
11
777.120000
21
58.400000
0
LINE
8
CONTORNO
10
777.120000
20
83.233788
11
777.120000
21
82.609268
0
LINE
8
CONTORNO
10
777.120000
20
82.609268
11
777.120000
21
82.111325
0
LINE
8
CONTORNO
10
777.120000
20
82.111325
11
777.120000
21
81.748008
0
LINE
8
CONTORNO
10
777.120000
20
81.748008
11
777.120000
21
80.815588
0
LINE
8
CONTORNO
10
777.120000
20
80.815588
11
777.120000
21
79.883169
0
LINE
8
CONTORNO
10
777.120000
20
79.883169
11
777.120000
21
79.519852
0
LINE
8
CONTORNO
10
777.120000
20
79.519852
11
777.120000
21
79.021908
0
LINE
8
CONTORNO
10
777.120000
20
79.021908
11
777.120000
21
78.674922
0
LINE
8
CONTORNO
10
777.120000
20
78.674922
11
777.120000
21
78.530237
0
LINE
8
CONTORNO
10
777.120000
20
78.530237
11
777.120000
21
78.397388
0
LINE
8
CONTORNO
10
777.120000
20
115.978512
11
777.120000
21
83.233788
0
LINE
8
CONTORNO
10
777.120000
20
120.814312
11
777.120000
21
120.189869
0
LINE
8
CONTORNO
10
777.120000
20
120.189869
11
777.120000
21
119.691987
0
LINE
8
CONTORNO
10
777.120000
20
119.691987
11
777.120000
21
119.328715
0
LINE
8
CONTORNO
10
777.120000
20
119.328715
11
777.120000
21
118.396412
0
LINE
8
CONTORNO
10
777.120000
20
118.396412
11
777.120000
21
117.464108
0
LINE
8
CONTORNO
10
777.120000
20
117.464108
11
777.120000
21
117.100836
0
LINE
8
CONTORNO
10
777.120000
20
117.100836
11
777.120000
21
116.602954
0
LINE
8
CONTORNO
10
777.120000
20
116.602954
11
777.120000
21
116.256011
0
LINE
8
CONTORNO
10
777.120000
20
116.256011
11
777.120000
21
116.111344
0
LINE
8
CONTORNO
10
777.120000
20
116.111344
11
777.120000
21
115.978512
0
LINE
8
CONTORNO
10
777.120000
20
141.600000
11
777.120000
21
120.814312
0
LINE
8
CONTORNO
10
634.600000
20
58.400000
11
777.120000
21
58.400000
0
LINE
8
CONTORNO
10
634.600000
20
141.600000
11
777.120000
21
141.600000
0
LINE
8
CONTORNO
10
634.600000
20
141.600000
11
634.600000
21
58.400000
0
LINE
8
CONTORNO
10
789.093238
20
83.196622
11
783.106619
21
80.797005
0
LINE
8
CONTORNO
10
783.106619
20
80.797005
11
777.119999
21
78.397388
0
LINE
8
CONTORNO
10
779.720000
20
65.291006
11
783.370877
21
70.923296
0
LINE
8
CONTORNO
10
783.370877
20
70.923296
11
786.733776
21
77.316677
0
LINE
8
CONTORNO
10
786.733776
20
77.316677
11
789.093238
21
83.196622
0
LINE
8
CONTORNO
10
779.720000
20
65.291006
11
779.720000
21
54.000000
0
LINE
8
CONTORNO
10
632.000000
20
54.000000
11
779.720000
21
54.000000
0
LINE
8
CONTORNO
10
632.000000
20
146.000000
11
632.000000
21
54.000000
0
LINE
8
CONTORNO
10
632.000000
20
146.000000
11
779.720000
21
146.000000
0
LINE
8
CONTORNO
10
779.720000
20
146.000000
11
779.720000
21
134.708994
0
LINE
8
CONTORNO
10
779.720000
20
134.708994
11
783.370877
21
129.076704
0
LINE
8
CONTORNO
10
783.370877
20
129.076704
11
786.733776
21
122.683323
0
LINE
8
CONTORNO
10
786.733776
20
122.683323
11
788.158007
21
119.348996
0
LINE
8
CONTORNO
10
788.158007
20
119.348996
11
789.395465
21
115.893814
0
LINE
8
CONTORNO
10
777.120000
20
120.814312
11
789.395465
21
115.893814
0
LINE
8
CONTORNO
10
777.120000
20
83.233788
11
790.655601
21
88.659263
0
LINE
8
CONTORNO
10
790.655644
20
88.659281
11
790.655681
21
88.659296
0
LINE
8
CONTORNO
10
790.655681
20
88.659296
11
790.671583
21
88.645811
0
LINE
8
CONTORNO
10
790.671583
20
88.645811
11
790.666955
21
88.565106
0
LINE
8
CONTORNO
10
790.666955
20
88.565106
11
790.637336
21
88.420229
0
LINE
8
CONTORNO
10
790.637336
20
88.420229
11
790.580298
21
88.197760
0
LINE
8
CONTORNO
10
790.580298
20
88.197760
11
790.470033
21
87.807703
0
LINE
8
CONTORNO
10
790.470033
20
87.807703
11
790.365099
21
87.449845
0
LINE
8
CONTORNO
10
790.365099
20
87.449845
11
790.000499
21
86.206792
0
LINE
8
CONTORNO
10
790.000499
20
86.206792
11
789.637596
21
84.918063
0
LINE
8
CONTORNO
10
789.637596
20
84.918063
11
789.489119
21
84.378849
0
LINE
8
CONTORNO
10
789.489119
20
84.378849
11
789.348071
21
83.876347
0
LINE
8
CONTORNO
10
789.348071
20
83.876347
11
789.227321
21
83.482078
0
LINE
8
CONTORNO
10
789.227321
20
83.482078
11
789.166052
21
83.315503
0
LINE
8
CONTORNO
10
789.166052
20
83.315503
11
789.125729
21
83.232555
0
LINE
8
CONTORNO
10
789.125729
20
83.232555
11
789.093334
21
83.196660
0
LINE
8
CONTORNO
10
789.093334
20
83.196660
11
789.093238
21
83.196622
0
LINE
8
CONTORNO
10
790.655590
20
88.659259
11
783.887795
21
85.946523
0
LINE
8
CONTORNO
10
783.887795
20
85.946523
11
777.119999
21
83.233788
0
LINE
8
CONTORNO
10
790.655590
20
88.659259
11
790.655681
21
88.659296
0
LINE
8
CONTORNO
10
790.847296
20
110.476063
11
783.983647
21
113.227287
0
LINE
8
CONTORNO
10
783.983647
20
113.227287
11
777.119999
21
115.978512
0
LINE
8
CONTORNO
10
790.847296
20
110.476063
11
791.527995
21
106.539462
0
LINE
8
CONTORNO
10
791.527995
20
106.539462
11
791.826105
21
103.664632
0
LINE
8
CONTORNO
10
791.826105
20
103.664632
11
791.938056
21
101.553405
0
LINE
8
CONTORNO
10
791.938056
20
101.553405
11
791.948626
21
101.171759
0
LINE
8
CONTORNO
10
791.948626
20
101.171759
11
791.962579
21
100.000000
0
LINE
8
CONTORNO
10
790.655590
20
88.659259
11
790.709061
21
88.893662
0
LINE
8
CONTORNO
10
790.709061
20
88.893662
11
791.527995
21
93.460538
0
LINE
8
CONTORNO
10
791.527995
20
93.460538
11
791.826105
21
96.335368
0
LINE
8
CONTORNO
10
791.826105
20
96.335368
11
791.938056
21
98.446595
0
LINE
8
CONTORNO
10
791.938056
20
98.446595
11
791.948626
21
98.828241
0
LINE
8
CONTORNO
10
791.948626
20
98.828241
11
791.962579
21
100.000000
0
LINE
8
CONTORNO
10
789.395465
20
115.893814
11
789.523772
21
115.609928
0
LINE
8
CONTORNO
10
789.523772
20
115.609928
11
789.618008
21
115.286029
0
LINE
8
CONTORNO
10
789.618008
20
115.286029
11
789.794533
21
114.613109
0
LINE
8
CONTORNO
10
789.794533
20
114.613109
11
789.926432
21
114.099863
0
LINE
8
CONTORNO
10
789.926432
20
114.099863
11
790.243486
21
112.898521
0
LINE
8
CONTORNO
10
790.243486
20
112.898521
11
790.577588
21
111.686306
0
LINE
8
CONTORNO
10
790.577588
20
111.686306
11
790.675861
21
111.330028
0
LINE
8
CONTORNO
10
790.675861
20
111.330028
11
790.779176
21
110.940978
0
LINE
8
CONTORNO
10
790.779176
20
110.940978
11
790.833467
21
110.714062
0
LINE
8
CONTORNO
10
790.833467
20
110.714062
11
790.835391
21
110.705173
0
LINE
8
CONTORNO
10
790.835391
20
110.705173
11
790.854586
21
110.607272
0
LINE
8
CONTORNO
10
790.854586
20
110.607272
11
790.863745
21
110.490769
0
LINE
8
CONTORNO
10
790.863745
20
110.490769
11
790.847296
21
110.476063
0
LINE
8
CONTORNO
10
779.720000
20
65.238000
11
779.720000
21
65.143079
0
LINE
8
CONTORNO
10
779.720000
20
65.143079
11
779.720000
21
65.046449
0
LINE
8
CONTORNO
10
779.720000
20
65.046449
11
779.720000
21
64.948232
0
LINE
8
CONTORNO
10
779.720000
20
64.948232
11
779.720000
21
64.848554
0
LINE
8
CONTORNO
10
779.720000
20
64.848554
11
779.720000
21
64.747540
0
LINE
8
CONTORNO
10
779.720000
20
64.747540
11
779.720000
21
64.645320
0
LINE
8
CONTORNO
10
779.720000
20
64.645320
11
779.720000
21
64.542025
0
LINE
8
CONTORNO
10
779.720000
20
64.542025
11
779.720000
21
64.437784
0
LINE
8
CONTORNO
10
779.720000
20
64.437784
11
779.720000
21
64.332732
0
LINE
8
CONTORNO
10
779.720000
20
64.332732
11
779.720000
21
64.227002
0
LINE
8
CONTORNO
10
779.720000
20
64.227002
11
779.720000
21
64.120728
0
LINE
8
CONTORNO
10
779.720000
20
64.120728
11
779.720000
21
64.014046
0
LINE
8
CONTORNO
10
779.720000
20
64.014046
11
779.720000
21
63.907091
0
LINE
8
CONTORNO
10
779.720000
20
63.907091
11
779.720000
21
63.800000
0
LINE
8
CONTORNO
10
791.962579
20
100.000000
11
792.000000
21
100.000000
0
LINE
8
CONTORNO
10
779.720000
20
54.000000
11
779.720000
21
60.798000
0
LINE
8
CONTORNO
10
779.720000
20
134.762000
11
779.720000
21
146.000000
0
LINE
8
CONTORNO
10
779.720000
20
65.238000
11
780.068351
21
65.734600
0
LINE
8
CONTORNO
10
780.068351
20
65.734600
11
780.411690
21
66.231200
0
LINE
8
CONTORNO
10
780.411690
20
66.231200
11
780.750016
21
66.727800
0
LINE
8
CONTORNO
10
780.750016
20
66.727800
11
781.083331
21
67.224400
0
LINE
8
CONTORNO
10
781.083331
20
67.224400
11
781.411633
21
67.721000
0
LINE
8
CONTORNO
10
781.411633
20
67.721000
11
781.734922
21
68.217600
0
LINE
8
CONTORNO
10
781.734922
20
68.217600
11
782.053200
21
68.714200
0
LINE
8
CONTORNO
10
782.053200
20
68.714200
11
782.366465
21
69.210800
0
LINE
8
CONTORNO
10
782.366465
20
69.210800
11
782.674718
21
69.707400
0
LINE
8
CONTORNO
10
782.674718
20
69.707400
11
782.977959
21
70.204000
0
LINE
8
CONTORNO
10
782.977959
20
70.204000
11
783.276188
21
70.700600
0
LINE
8
CONTORNO
10
783.276188
20
70.700600
11
783.569404
21
71.197200
0
LINE
8
CONTORNO
10
783.569404
20
71.197200
11
783.857608
21
71.693800
0
LINE
8
CONTORNO
10
783.857608
20
71.693800
11
784.140800
21
72.190400
0
LINE
8
CONTORNO
10
784.140800
20
72.190400
11
784.418980
21
72.687000
0
LINE
8
CONTORNO
10
784.418980
20
72.687000
11
784.692147
21
73.183600
0
LINE
8
CONTORNO
10
784.692147
20
73.183600
11
784.960302
21
73.680200
0
LINE
8
CONTORNO
10
784.960302
20
73.680200
11
785.223445
21
74.176800
0
LINE
8
CONTORNO
10
785.223445
20
74.176800
11
785.481576
21
74.673400
0
LINE
8
CONTORNO
10
785.481576
20
74.673400
11
785.734694
21
75.170000
0
LINE
8
CONTORNO
10
785.734694
20
75.170000
11
785.982800
21
75.666600
0
LINE
8
CONTORNO
10
785.982800
20
75.666600
11
786.225894
21
76.163200
0
LINE
8
CONTORNO
10
786.225894
20
76.163200
11
786.463976
21
76.659800
0
LINE
8
CONTORNO
10
786.463976
20
76.659800
11
786.697045
21
77.156400
0
LINE
8
CONTORNO
10
786.697045
20
77.156400
11
786.925102
21
77.653000
0
LINE
8
CONTORNO
10
786.925102
20
77.653000
11
787.148147
21
78.149600
0
LINE
8
CONTORNO
10
787.148147
20
78.149600
11
787.366180
21
78.646200
0
LINE
8
CONTORNO
10
787.366180
20
78.646200
11
787.579200
21
79.142800
0
LINE
8
CONTORNO
10
787.579200
20
79.142800
11
787.787208
21
79.639400
0
LINE
8
CONTORNO
10
787.787208
20
79.639400
11
787.990204
21
80.136000
0
LINE
8
CONTORNO
10
787.990204
20
80.136000
11
788.188188
21
80.632600
0
LINE
8
CONTORNO
10
788.188188
20
80.632600
11
788.381159
21
81.129200
0
LINE
8
CONTORNO
10
788.381159
20
81.129200
11
788.569118
21
81.625800
0
LINE
8
CONTORNO
10
788.569118
20
81.625800
11
788.752065
21
82.122400
0
LINE
8
CONTORNO
10
788.752065
20
82.122400
11
788.930000
21
82.619000
0
LINE
8
CONTORNO
10
788.930000
20
82.619000
11
789.102922
21
83.115600
0
LINE
8
CONTORNO
10
789.102922
20
83.115600
11
789.270833
21
83.612200
0
LINE
8
CONTORNO
10
789.270833
20
83.612200
11
789.433731
21
84.108800
0
LINE
8
CONTORNO
10
789.433731
20
84.108800
11
789.591616
21
84.605400
0
LINE
8
CONTORNO
10
789.591616
20
84.605400
11
789.744490
21
85.102000
0
LINE
8
CONTORNO
10
789.744490
20
85.102000
11
789.892351
21
85.598600
0
LINE
8
CONTORNO
10
789.892351
20
85.598600
11
790.035200
21
86.095200
0
LINE
8
CONTORNO
10
790.035200
20
86.095200
11
790.173037
21
86.591800
0
LINE
8
CONTORNO
10
790.173037
20
86.591800
11
790.305861
21
87.088400
0
LINE
8
CONTORNO
10
790.305861
20
87.088400
11
790.433673
21
87.585000
0
LINE
8
CONTORNO
10
790.433673
20
87.585000
11
790.556473
21
88.081600
0
LINE
8
CONTORNO
10
790.556473
20
88.081600
11
790.674261
21
88.578200
0
LINE
8
CONTORNO
10
790.674261
20
88.578200
11
790.787037
21
89.074800
0
LINE
8
CONTORNO
10
790.787037
20
89.074800
11
790.894800
21
89.571400
0
LINE
8
CONTORNO
10
790.894800
20
89.571400
11
790.997551
21
90.068000
0
LINE
8
CONTORNO
10
790.997551
20
90.068000
11
791.095290
21
90.564600
0
LINE
8
CONTORNO
10
791.095290
20
90.564600
11
791.188016
21
91.061200
0
LINE
8
CONTORNO
10
791.188016
20
91.061200
11
791.275731
21
91.557800
0
LINE
8
CONTORNO
10
791.275731
20
91.557800
11
791.358433
21
92.054400
0
LINE
8
CONTORNO
10
791.358433
20
92.054400
11
791.436122
21
92.551000
0
LINE
8
CONTORNO
10
791.436122
20
92.551000
11
791.508800
21
93.047600
0
LINE
8
CONTORNO
10
791.508800
20
93.047600
11
791.576465
21
93.544200
0
LINE
8
CONTORNO
10
791.576465
20
93.544200
11
791.639118
21
94.040800
0
LINE
8
CONTORNO
10
791.639118
20
94.040800
11
791.696759
21
94.537400
0
LINE
8
CONTORNO
10
791.696759
20
94.537400
11
791.749388
21
95.034000
0
LINE
8
CONTORNO
10
791.749388
20
95.034000
11
791.797004
21
95.530600
0
LINE
8
CONTORNO
10
791.797004
20
95.530600
11
791.839608
21
96.027200
0
LINE
8
CONTORNO
10
791.839608
20
96.027200
11
791.877200
21
96.523800
0
LINE
8
CONTORNO
10
791.877200
20
96.523800
11
791.909780
21
97.020400
0
LINE
8
CONTORNO
10
791.909780
20
97.020400
11
791.937347
21
97.517000
0
LINE
8
CONTORNO
10
791.937347
20
97.517000
11
791.959902
21
98.013600
0
LINE
8
CONTORNO
10
791.959902
20
98.013600
11
791.977445
21
98.510200
0
LINE
8
CONTORNO
10
791.977445
20
98.510200
11
791.989976
21
99.006800
0
LINE
8
CONTORNO
10
791.989976
20
99.006800
11
791.997494
21
99.503400
0
LINE
8
CONTORNO
10
791.997494
20
99.503400
11
792.000000
21
100.000000
0
LINE
8
CONTORNO
10
792.000000
20
100.000000
11
791.997494
21
100.496600
0
LINE
8
CONTORNO
10
791.997494
20
100.496600
11
791.989976
21
100.993200
0
LINE
8
CONTORNO
10
791.989976
20
100.993200
11
791.977445
21
101.489800
0
LINE
8
CONTORNO
10
791.977445
20
101.489800
11
791.959902
21
101.986400
0
LINE
8
CONTORNO
10
791.959902
20
101.986400
11
791.937347
21
102.483000
0
LINE
8
CONTORNO
10
791.937347
20
102.483000
11
791.909780
21
102.979600
0
LINE
8
CONTORNO
10
791.909780
20
102.979600
11
791.877200
21
103.476200
0
LINE
8
CONTORNO
10
791.877200
20
103.476200
11
791.839608
21
103.972800
0
LINE
8
CONTORNO
10
791.839608
20
103.972800
11
791.797004
21
104.469400
0
LINE
8
CONTORNO
10
791.797004
20
104.469400
11
791.749388
21
104.966000
0
LINE
8
CONTORNO
10
791.749388
20
104.966000
11
791.696759
21
105.462600
0
LINE
8
CONTORNO
10
791.696759
20
105.462600
11
791.639118
21
105.959200
0
LINE
8
CONTORNO
10
791.639118
20
105.959200
11
791.576465
21
106.455800
0
LINE
8
CONTORNO
10
791.576465
20
106.455800
11
791.508800
21
106.952400
0
LINE
8
CONTORNO
10
791.508800
20
106.952400
11
791.436122
21
107.449000
0
LINE
8
CONTORNO
10
791.436122
20
107.449000
11
791.358433
21
107.945600
0
LINE
8
CONTORNO
10
791.358433
20
107.945600
11
791.275731
21
108.442200
0
LINE
8
CONTORNO
10
791.275731
20
108.442200
11
791.188016
21
108.938800
0
LINE
8
CONTORNO
10
791.188016
20
108.938800
11
791.095290
21
109.435400
0
LINE
8
CONTORNO
10
791.095290
20
109.435400
11
790.997551
21
109.932000
0
LINE
8
CONTORNO
10
790.997551
20
109.932000
11
790.894800
21
110.428600
0
LINE
8
CONTORNO
10
790.894800
20
110.428600
11
790.787037
21
110.925200
0
LINE
8
CONTORNO
10
790.787037
20
110.925200
11
790.674261
21
111.421800
0
LINE
8
CONTORNO
10
790.674261
20
111.421800
11
790.556473
21
111.918400
0
LINE
8
CONTORNO
10
790.556473
20
111.918400
11
790.433673
21
112.415000
0
LINE
8
CONTORNO
10
790.433673
20
112.415000
11
790.305861
21
112.911600
0
LINE
8
CONTORNO
10
790.305861
20
112.911600
11
790.173037
21
113.408200
0
LINE
8
CONTORNO
10
790.173037
20
113.408200
11
790.035200
21
113.904800
0
LINE
8
CONTORNO
10
790.035200
20
113.904800
11
789.892351
21
114.401400
0
LINE
8
CONTORNO
10
789.892351
20
114.401400
11
789.744490
21
114.898000
0
LINE
8
CONTORNO
10
789.744490
20
114.898000
11
789.591616
21
115.394600
0
LINE
8
CONTORNO
10
789.591616
20
115.394600
11
789.433731
21
115.891200
0
LINE
8
CONTORNO
10
789.433731
20
115.891200
11
789.270833
21
116.387800
0
LINE
8
CONTORNO
10
789.270833
20
116.387800
11
789.102922
21
116.884400
0
LINE
8
CONTORNO
10
789.102922
20
116.884400
11
788.930000
21
117.381000
0
LINE
8
CONTORNO
10
788.930000
20
117.381000
11
788.752065
21
117.877600
0
LINE
8
CONTORNO
10
788.752065
20
117.877600
11
788.569118
21
118.374200
0
LINE
8
CONTORNO
10
788.569118
20
118.374200
11
788.381159
21
118.870800
0
LINE
8
CONTORNO
10
788.381159
20
118.870800
11
788.188188
21
119.367400
0
LINE
8
CONTORNO
10
788.188188
20
119.367400
11
787.990204
21
119.864000
0
LINE
8
CONTORNO
10
787.990204
20
119.864000
11
787.787208
21
120.360600
0
LINE
8
CONTORNO
10
787.787208
20
120.360600
11
787.579200
21
120.857200
0
LINE
8
CONTORNO
10
787.579200
20
120.857200
11
787.366180
21
121.353800
0
LINE
8
CONTORNO
10
787.366180
20
121.353800
11
787.148147
21
121.850400
0
LINE
8
CONTORNO
10
787.148147
20
121.850400
11
786.925102
21
122.347000
0
LINE
8
CONTORNO
10
786.925102
20
122.347000
11
786.697045
21
122.843600
0
LINE
8
CONTORNO
10
786.697045
20
122.843600
11
786.463976
21
123.340200
0
LINE
8
CONTORNO
10
786.463976
20
123.340200
11
786.225894
21
123.836800
0
LINE
8
CONTORNO
10
786.225894
20
123.836800
11
785.982800
21
124.333400
0
LINE
8
CONTORNO
10
785.982800
20
124.333400
11
785.734694
21
124.830000
0
LINE
8
CONTORNO
10
785.734694
20
124.830000
11
785.481576
21
125.326600
0
LINE
8
CONTORNO
10
785.481576
20
125.326600
11
785.223445
21
125.823200
0
LINE
8
CONTORNO
10
785.223445
20
125.823200
11
784.960302
21
126.319800
0
LINE
8
CONTORNO
10
784.960302
20
126.319800
11
784.692147
21
126.816400
0
LINE
8
CONTORNO
10
784.692147
20
126.816400
11
784.418980
21
127.313000
0
LINE
8
CONTORNO
10
784.418980
20
127.313000
11
784.140800
21
127.809600
0
LINE
8
CONTORNO
10
784.140800
20
127.809600
11
783.857608
21
128.306200
0
LINE
8
CONTORNO
10
783.857608
20
128.306200
11
783.569404
21
128.802800
0
LINE
8
CONTORNO
10
783.569404
20
128.802800
11
783.276188
21
129.299400
0
LINE
8
CONTORNO
10
783.276188
20
129.299400
11
782.977959
21
129.796000
0
LINE
8
CONTORNO
10
782.977959
20
129.796000
11
782.674718
21
130.292600
0
LINE
8
CONTORNO
10
782.674718
20
130.292600
11
782.366465
21
130.789200
0
LINE
8
CONTORNO
10
782.366465
20
130.789200
11
782.053200
21
131.285800
0
LINE
8
CONTORNO
10
782.053200
20
131.285800
11
781.734922
21
131.782400
0
LINE
8
CONTORNO
10
781.734922
20
131.782400
11
781.411633
21
132.279000
0
LINE
8
CONTORNO
10
781.411633
20
132.279000
11
781.083331
21
132.775600
0
LINE
8
CONTORNO
10
781.083331
20
132.775600
11
780.750016
21
133.272200
0
LINE
8
CONTORNO
10
780.750016
20
133.272200
11
780.411690
21
133.768800
0
LINE
8
CONTORNO
10
780.411690
20
133.768800
11
780.068351
21
134.265400
0
LINE
8
CONTORNO
10
780.068351
20
134.265400
11
779.720000
21
134.762000
0
LINE
8
QUOTE
10
632.000000
20
53.000000
11
632.000000
21
36.500000
0
LINE
8
QUOTE
10
792.000000
20
53.000000
11
792.000000
21
36.500000
0
LINE
8
QUOTE
10
632.000000
20
38.000000
11
792.000000
21
38.000000
0
LINE
8
QUOTE
10
632.000000
20
38.000000
11
635.000000
21
38.500000
0
LINE
8
QUOTE
10
635.000000
20
38.500000
11
635.000000
21
37.500000
0
LINE
8
QUOTE
10
635.000000
20
37.500000
11
632.000000
21
38.000000
0
LINE
8
QUOTE
10
792.000000
20
38.000000
11
789.000000
21
37.500000
0
LINE
8
QUOTE
10
789.000000
20
37.500000
11
789.000000
21
38.500000
0
LINE
8
QUOTE
10
789.000000
20
38.500000
11
792.000000
21
38.000000
0
TEXT
8
QUOTE
10
712.000000
20
38.900000
40
2.500000
1
80.00
50
0.000000
72
1.000000
11
712.000000
21
38.900000
0
LINE
8
QUOTE
10
754.134000
20
134.390800
11
783.134000
21
118.390800
0
TEXT
8
QUOTE
10
753.134000
20
135.390800
40
2.400000
1
foro A: ellisse 2.418 x 2.113
50
0.000000
72
2.000000
11
753.134000
21
135.390800
0
TEXT
8
QUOTE
10
753.134000
20
131.790800
40
2.400000
1
asse inclinato 21.84%%d nel piano XY
50
0.000000
72
2.000000
11
753.134000
21
131.790800
0
LINE
8
QUOTE
10
754.134000
20
64.821200
11
783.134000
21
80.821200
0
TEXT
8
QUOTE
10
753.134000
20
65.821200
40
2.400000
1
foro B: ellisse 2.418 x 2.114
50
0.000000
72
2.000000
11
753.134000
21
65.821200
0
TEXT
8
QUOTE
10
753.134000
20
62.221200
40
2.400000
1
asse inclinato 21.84%%d nel piano XY
50
0.000000
72
2.000000
11
753.134000
21
62.221200
0
LINE
8
CORNICE
10
462.000000
20
92.000000
11
620.000000
21
92.000000
0
LINE
8
CORNICE
10
620.000000
20
92.000000
11
620.000000
21
154.000000
0
LINE
8
CORNICE
10
620.000000
20
154.000000
11
462.000000
21
154.000000
0
LINE
8
CORNICE
10
462.000000
20
154.000000
11
462.000000
21
92.000000
0
TEXT
8
CONTORNO
10
466.000000
20
148.000000
40
3.000000
1
CUPOLA - PARABOLOIDE ELLITTICO
50
0.000000
72
0.000000
11
466.000000
21
148.000000
0
TEXT
8
CONTORNO
10
466.000000
20
142.400000
40
2.500000
1
(x - x0)/a  =  1 - ((y-cy)/b)^2 - ((z-cz)/c)^2
50
0.000000
72
0.000000
11
466.000000
21
142.400000
0
TEXT
8
CONTORNO
10
466.000000
20
131.200000
40
2.500000
1
x0 = 36.93    a = 6.1400
50
0.000000
72
0.000000
11
466.000000
21
131.200000
0
TEXT
8
CONTORNO
10
466.000000
20
125.600000
40
2.500000
1
b  = 17.3810   c = 8.1880
50
0.000000
72
0.000000
11
466.000000
21
125.600000
0
TEXT
8
CONTORNO
10
466.000000
20
120.000000
40
2.500000
1
cy = 0.0000     cz = 10.7275
50
0.000000
72
0.000000
11
466.000000
21
120.000000
0
TEXT
8
CONTORNO
10
466.000000
20
108.800000
40
2.500000
1
Forma ricavata per fitting sulla mesh:
50
0.000000
72
0.000000
11
466.000000
21
108.800000
0
TEXT
8
CONTORNO
10
466.000000
20
103.200000
40
2.500000
1
esponenti p=1.00 q=2.00, scarto max 0.117 mm
50
0.000000
72
0.000000
11
466.000000
21
103.200000
0
TEXT
8
CONTORNO
10
466.000000
20
97.600000
40
2.500000
1
(un ellissoide darebbe 1.610 mm).
50
0.000000
72
0.000000
11
466.000000
21
97.600000
0
LINE
8
CORNICE
10
890.000000
20
10.000000
11
1290.000000
21
10.000000
0
LINE
8
CORNICE
10
1290.000000
20
10.000000
11
1290.000000
21
287.000000
0
LINE
8
CORNICE
10
1290.000000
20
287.000000
11
890.000000
21
287.000000
0
LINE
8
CORNICE
10
890.000000
20
287.000000
11
890.000000
21
10.000000
0
LINE
8
CORNICE
10
895.000000
20
15.000000
11
1065.000000
21
15.000000
0
LINE
8
CORNICE
10
1065.000000
20
15.000000
11
1065.000000
21
74.000000
0
LINE
8
CORNICE
10
1065.000000
20
74.000000
11
895.000000
21
74.000000
0
LINE
8
CORNICE
10
895.000000
20
74.000000
11
895.000000
21
15.000000
0
LINE
8
CORNICE
10
895.000000
20
29.000000
11
1065.000000
21
29.000000
0
LINE
8
CORNICE
10
895.000000
20
62.000000
11
1065.000000
21
62.000000
0
LINE
8
CORNICE
10
895.000000
20
40.000000
11
1065.000000
21
40.000000
0
LINE
8
CORNICE
10
895.000000
20
51.000000
11
1065.000000
21
51.000000
0
LINE
8
CORNICE
10
995.000000
20
29.000000
11
995.000000
21
62.000000
0
TEXT
8
CONTORNO
10
898.000000
20
66.000000
40
4.500000
1
CONTENITORE TAISER
50
0.000000
72
0.000000
11
898.000000
21
66.000000
0
TEXT
8
CONTORNO
10
898.000000
20
58.000000
40
2.000000
1
OGGETTO
50
0.000000
72
0.000000
11
898.000000
21
58.000000
0
TEXT
8
CONTORNO
10
898.000000
20
53.500000
40
2.800000
1
Coperchio - viste e sezione
50
0.000000
72
0.000000
11
898.000000
21
53.500000
0
TEXT
8
CONTORNO
10
898.000000
20
47.000000
40
2.000000
1
SCALA
50
0.000000
72
0.000000
11
898.000000
21
47.000000
0
TEXT
8
CONTORNO
10
898.000000
20
42.500000
40
2.800000
1
2:1     UNITA: mm
50
0.000000
72
0.000000
11
898.000000
21
42.500000
0
TEXT
8
CONTORNO
10
898.000000
20
36.000000
40
2.000000
1
PROIEZIONE
50
0.000000
72
0.000000
11
898.000000
21
36.000000
0
TEXT
8
CONTORNO
10
898.000000
20
31.500000
40
2.800000
1
europea (1o diedro)
50
0.000000
72
0.000000
11
898.000000
21
31.500000
0
TEXT
8
CONTORNO
10
998.000000
20
58.000000
40
2.000000
1
FOGLIO
50
0.000000
72
0.000000
11
998.000000
21
58.000000
0
TEXT
8
CONTORNO
10
998.000000
20
53.500000
40
2.800000
1
3 di 4
50
0.000000
72
0.000000
11
998.000000
21
53.500000
0
TEXT
8
CONTORNO
10
998.000000
20
47.000000
40
2.000000
1
FORMATO
50
0.000000
72
0.000000
11
998.000000
21
47.000000
0
TEXT
8
CONTORNO
10
998.000000
20
42.500000
40
2.800000
1
A3   420 x 297
50
0.000000
72
0.000000
11
998.000000
21
42.500000
0
TEXT
8
CONTORNO
10
998.000000
20
36.000000
40
2.000000
1
ORIGINE
50
0.000000
72
0.000000
11
998.000000
21
36.000000
0
TEXT
8
CONTORNO
10
998.000000
20
31.500000
40
2.800000
1
modello parametrico FreeCAD
50
0.000000
72
0.000000
11
998.000000
21
31.500000
0
TEXT
8
CONTORNO
10
898.000000
20
25.000000
40
2.200000
1
Lunghezza 73.86 e non 74.00 come da tavola TinkerCAD: nella mesh il coperchio
50
0.000000
72
0.000000
11
898.000000
21
25.000000
0
TEXT
8
CONTORNO
10
898.000000
20
21.700000
40
2.200000
1
era scalato di 74/73.86. Riportandolo a 73.86 le 4 asole cadono esattamente
50
0.000000
72
0.000000
11
898.000000
21
21.700000
0
TEXT
8
CONTORNO
10
898.000000
20
18.400000
40
2.200000
1
sui fori delle colonnine della scatola (+/-33.0425). Vedi docs/lost+found_lost+found_design.md 5-F.
50
0.000000
72
0.000000
11
898.000000
21
18.400000
0
CIRCLE
8
CORNICE
10
1256.000000
20
18.000000
40
4.000000
0
CIRCLE
8
CORNICE
10
1256.000000
20
18.000000
40
2.400000
0
LINE
8
CORNICE
10
1265.000000
20
14.000000
11
1278.000000
21
15.600000
0
LINE
8
CORNICE
10
1278.000000
20
15.600000
11
1278.000000
21
20.400000
0
LINE
8
CORNICE
10
1278.000000
20
20.400000
11
1265.000000
21
22.000000
0
LINE
8
CORNICE
10
1265.000000
20
22.000000
11
1265.000000
21
14.000000
0
TEXT
8
CONTORNO
10
1160.000000
20
244.000000
40
3.400000
1
PIANTA
50
0.000000
72
1.000000
11
1160.000000
21
244.000000
0
LINE
8
NASCOSTO
10
1086.140000
20
144.000000
11
1086.140000
21
236.000000
0
LINE
8
NASCOSTO
10
1086.140000
20
144.000000
11
1233.860000
21
144.000000
0
LINE
8
NASCOSTO
10
1086.140000
20
144.000000
11
1086.158863
21
144.018863
0
LINE
8
NASCOSTO
10
1086.158863
20
144.018863
11
1086.215216
21
144.075216
0
LINE
8
NASCOSTO
10
1086.215216
20
144.075216
11
1086.308350
21
144.168350
0
LINE
8
NASCOSTO
10
1086.308350
20
144.168350
11
1086.437093
21
144.297093
0
LINE
8
NASCOSTO
10
1086.437093
20
144.297093
11
1086.599827
21
144.459827
0
LINE
8
NASCOSTO
10
1086.599827
20
144.459827
11
1086.794506
21
144.654506
0
LINE
8
NASCOSTO
10
1086.794506
20
144.654506
11
1087.018680
21
144.878680
0
LINE
8
NASCOSTO
10
1087.018680
20
144.878680
11
1087.269531
21
145.129531
0
LINE
8
NASCOSTO
10
1087.269531
20
145.129531
11
1087.543904
21
145.403904
0
LINE
8
NASCOSTO
10
1087.543904
20
145.403904
11
1087.838349
21
145.698349
0
LINE
8
NASCOSTO
10
1087.838349
20
145.698349
11
1088.149163
21
146.009163
0
LINE
8
NASCOSTO
10
1088.149163
20
146.009163
11
1088.472437
21
146.332437
0
LINE
8
NASCOSTO
10
1088.472437
20
146.332437
11
1088.804107
21
146.664107
0
LINE
8
NASCOSTO
10
1088.804107
20
146.664107
11
1089.140000
21
147.000000
0
LINE
8
NASCOSTO
10
1086.140000
20
236.000000
11
1086.158863
21
235.981137
0
LINE
8
NASCOSTO
10
1086.158863
20
235.981137
11
1086.215216
21
235.924784
0
LINE
8
NASCOSTO
10
1086.215216
20
235.924784
11
1086.308350
21
235.831650
0
LINE
8
NASCOSTO
10
1086.308350
20
235.831650
11
1086.437093
21
235.702907
0
LINE
8
NASCOSTO
10
1086.437093
20
235.702907
11
1086.599827
21
235.540173
0
LINE
8
NASCOSTO
10
1086.599827
20
235.540173
11
1086.794506
21
235.345494
0
LINE
8
NASCOSTO
10
1086.794506
20
235.345494
11
1087.018680
21
235.121320
0
LINE
8
NASCOSTO
10
1087.018680
20
235.121320
11
1087.269531
21
234.870469
0
LINE
8
NASCOSTO
10
1087.269531
20
234.870469
11
1087.543904
21
234.596096
0
LINE
8
NASCOSTO
10
1087.543904
20
234.596096
11
1087.838349
21
234.301651
0
LINE
8
NASCOSTO
10
1087.838349
20
234.301651
11
1088.149163
21
233.990837
0
LINE
8
NASCOSTO
10
1088.149163
20
233.990837
11
1088.472437
21
233.667563
0
LINE
8
NASCOSTO
10
1088.472437
20
233.667563
11
1088.804107
21
233.335893
0
LINE
8
NASCOSTO
10
1088.804107
20
233.335893
11
1089.140000
21
233.000000
0
LINE
8
NASCOSTO
10
1086.140000
20
236.000000
11
1233.860000
21
236.000000
0
LINE
8
NASCOSTO
10
1233.860000
20
144.000000
11
1233.860000
21
236.000000
0
LINE
8
NASCOSTO
10
1233.860000
20
144.000000
11
1233.841137
21
144.018863
0
LINE
8
NASCOSTO
10
1233.841137
20
144.018863
11
1233.784784
21
144.075216
0
LINE
8
NASCOSTO
10
1233.784784
20
144.075216
11
1233.691650
21
144.168350
0
LINE
8
NASCOSTO
10
1233.691650
20
144.168350
11
1233.562907
21
144.297093
0
LINE
8
NASCOSTO
10
1233.562907
20
144.297093
11
1233.400173
21
144.459827
0
LINE
8
NASCOSTO
10
1233.400173
20
144.459827
11
1233.205494
21
144.654506
0
LINE
8
NASCOSTO
10
1233.205494
20
144.654506
11
1232.981320
21
144.878680
0
LINE
8
NASCOSTO
10
1232.981320
20
144.878680
11
1232.730469
21
145.129531
0
LINE
8
NASCOSTO
10
1232.730469
20
145.129531
11
1232.456096
21
145.403904
0
LINE
8
NASCOSTO
10
1232.456096
20
145.403904
11
1232.161651
21
145.698349
0
LINE
8
NASCOSTO
10
1232.161651
20
145.698349
11
1231.850837
21
146.009163
0
LINE
8
NASCOSTO
10
1231.850837
20
146.009163
11
1231.527563
21
146.332437
0
LINE
8
NASCOSTO
10
1231.527563
20
146.332437
11
1231.195893
21
146.664107
0
LINE
8
NASCOSTO
10
1231.195893
20
146.664107
11
1230.860000
21
147.000000
0
ARC
8
NASCOSTO
10
1093.915262
20
155.800307
40
1.948307
50
180.000000
51
360.000000
0
LINE
8
NASCOSTO
10
1095.863569
20
155.800307
11
1095.863569
21
158.485693
0
ARC
8
NASCOSTO
10
1093.915262
20
158.485693
40
1.948307
50
0.000000
51
180.000000
0
LINE
8
NASCOSTO
10
1091.966955
20
155.800307
11
1091.966955
21
158.485693
0
ARC
8
NASCOSTO
10
1226.084738
20
155.800307
40
1.948307
50
180.000000
51
360.000000
0
LINE
8
NASCOSTO
10
1224.136431
20
155.800307
11
1224.136431
21
158.485693
0
LINE
8
NASCOSTO
10
1228.033045
20
155.800307
11
1228.033045
21
158.485693
0
ARC
8
NASCOSTO
10
1226.084738
20
158.485693
40
1.948307
50
0.000000
51
180.000000
0
ARC
8
NASCOSTO
10
1093.915262
20
221.514307
40
1.948307
50
180.000000
51
360.000000
0
LINE
8
NASCOSTO
10
1091.966955
20
221.514307
11
1091.966955
21
224.199693
0
LINE
8
NASCOSTO
10
1095.863569
20
221.514307
11
1095.863569
21
224.199693
0
ARC
8
NASCOSTO
10
1093.915262
20
224.199693
40
1.948307
50
0.000000
51
180.000000
0
ARC
8
NASCOSTO
10
1226.084738
20
221.514307
40
1.948307
50
180.000000
51
360.000000
0
LINE
8
NASCOSTO
10
1224.136431
20
221.514307
11
1224.136431
21
224.199693
0
LINE
8
NASCOSTO
10
1228.033045
20
221.514307
11
1228.033045
21
224.199693
0
ARC
8
NASCOSTO
10
1226.084738
20
224.199693
40
1.948307
50
0.000000
51
180.000000
0
LINE
8
NASCOSTO
10
1233.860000
20
236.000000
11
1233.841137
21
235.981137
0
LINE
8
NASCOSTO
10
1233.841137
20
235.981137
11
1233.784784
21
235.924784
0
LINE
8
NASCOSTO
10
1233.784784
20
235.924784
11
1233.691650
21
235.831650
0
LINE
8
NASCOSTO
10
1233.691650
20
235.831650
11
1233.562907
21
235.702907
0
LINE
8
NASCOSTO
10
1233.562907
20
235.702907
11
1233.400173
21
235.540173
0
LINE
8
NASCOSTO
10
1233.400173
20
235.540173
11
1233.205494
21
235.345494
0
LINE
8
NASCOSTO
10
1233.205494
20
235.345494
11
1232.981320
21
235.121320
0
LINE
8
NASCOSTO
10
1232.981320
20
235.121320
11
1232.730469
21
234.870469
0
LINE
8
NASCOSTO
10
1232.730469
20
234.870469
11
1232.456096
21
234.596096
0
LINE
8
NASCOSTO
10
1232.456096
20
234.596096
11
1232.161651
21
234.301651
0
LINE
8
NASCOSTO
10
1232.161651
20
234.301651
11
1231.850837
21
233.990837
0
LINE
8
NASCOSTO
10
1231.850837
20
233.990837
11
1231.527563
21
233.667563
0
LINE
8
NASCOSTO
10
1231.527563
20
233.667563
11
1231.195893
21
233.335893
0
LINE
8
NASCOSTO
10
1231.195893
20
233.335893
11
1230.860000
21
233.000000
0
LINE
8
NASCOSTO
10
1105.523259
20
155.866000
11
1129.537741
21
155.866000
0
LINE
8
NASCOSTO
10
1129.537741
20
155.866000
11
1129.537741
21
181.596000
0
LINE
8
NASCOSTO
10
1105.523259
20
155.866000
11
1105.523259
21
181.596000
0
LINE
8
NASCOSTO
10
1105.523259
20
181.596000
11
1129.537741
21
181.596000
0
LINE
8
NASCOSTO
10
1206.162500
20
185.554000
11
1207.199724
21
185.338474
0
LINE
8
NASCOSTO
10
1207.199724
20
185.338474
11
1208.090489
21
184.719088
0
LINE
8
NASCOSTO
10
1208.090489
20
184.719088
11
1208.704139
21
183.773760
0
LINE
8
NASCOSTO
10
1208.704139
20
183.773760
11
1208.936774
21
182.635503
0
LINE
8
NASCOSTO
10
1208.936774
20
182.635503
11
1208.741125
21
181.483153
0
LINE
8
NASCOSTO
10
1208.741125
20
181.483153
11
1208.148644
21
180.504921
0
LINE
8
NASCOSTO
10
1208.148644
20
180.504921
11
1207.262383
21
179.851543
0
LINE
8
NASCOSTO
10
1207.262383
20
179.851543
11
1206.224265
21
179.608737
0
LINE
8
NASCOSTO
10
1206.224265
20
179.608737
11
1205.182802
21
179.799479
0
LINE
8
NASCOSTO
10
1205.182802
20
179.799479
11
1204.279823
21
180.397048
0
LINE
8
NASCOSTO
10
1204.279823
20
180.397048
11
1203.646863
21
181.326553
0
LINE
8
NASCOSTO
10
1203.646863
20
181.326553
11
1203.390128
21
182.458182
0
LINE
8
NASCOSTO
10
1203.390128
20
182.458182
11
1203.560986
21
183.614997
0
LINE
8
NASCOSTO
10
1203.560986
20
183.614997
11
1204.132684
21
184.608007
0
LINE
8
NASCOSTO
10
1204.132684
20
184.608007
11
1205.005577
21
185.283250
0
LINE
8
NASCOSTO
10
1205.005577
20
185.283250
11
1206.162500
21
185.554000
0
LINE
8
NASCOSTO
10
1215.395000
20
185.554000
11
1216.432224
21
185.338474
0
LINE
8
NASCOSTO
10
1216.432224
20
185.338474
11
1217.322989
21
184.719088
0
LINE
8
NASCOSTO
10
1217.322989
20
184.719088
11
1217.936639
21
183.773760
0
LINE
8
NASCOSTO
10
1217.936639
20
183.773760
11
1218.169274
21
182.635503
0
LINE
8
NASCOSTO
10
1218.169274
20
182.635503
11
1217.973625
21
181.483153
0
LINE
8
NASCOSTO
10
1217.973625
20
181.483153
11
1217.381144
21
180.504921
0
LINE
8
NASCOSTO
10
1217.381144
20
180.504921
11
1216.494883
21
179.851543
0
LINE
8
NASCOSTO
10
1216.494883
20
179.851543
11
1215.456765
21
179.608737
0
LINE
8
NASCOSTO
10
1215.456765
20
179.608737
11
1214.415302
21
179.799479
0
LINE
8
NASCOSTO
10
1214.415302
20
179.799479
11
1213.512323
21
180.397048
0
LINE
8
NASCOSTO
10
1213.512323
20
180.397048
11
1212.879363
21
181.326553
0
LINE
8
NASCOSTO
10
1212.879363
20
181.326553
11
1212.622628
21
182.458182
0
LINE
8
NASCOSTO
10
1212.622628
20
182.458182
11
1212.793486
21
183.614997
0
LINE
8
NASCOSTO
10
1212.793486
20
183.614997
11
1213.365184
21
184.608007
0
LINE
8
NASCOSTO
10
1213.365184
20
184.608007
11
1214.238077
21
185.283250
0
LINE
8
NASCOSTO
10
1214.238077
20
185.283250
11
1215.395000
21
185.554000
0
LINE
8
NASCOSTO
10
1117.530500
20
173.682000
11
1118.882380
21
173.465416
0
LINE
8
NASCOSTO
10
1118.882380
20
173.465416
11
1120.119560
21
172.832023
0
LINE
8
NASCOSTO
10
1120.119560
20
172.832023
11
1121.135898
21
171.828125
0
LINE
8
NASCOSTO
10
1121.135898
20
171.828125
11
1121.834814
21
170.532903
0
LINE
8
NASCOSTO
10
1121.834814
20
170.532903
11
1122.141516
21
169.060165
0
LINE
8
NASCOSTO
10
1122.141516
20
169.060165
11
1122.018505
21
167.550719
0
LINE
8
NASCOSTO
10
1122.018505
20
167.550719
11
1121.476406
21
166.154015
0
LINE
8
NASCOSTO
10
1121.476406
20
166.154015
11
1120.573471
21
165.004864
0
LINE
8
NASCOSTO
10
1120.573471
20
165.004864
11
1119.403318
21
164.204795
0
LINE
8
NASCOSTO
10
1119.403318
20
164.204795
11
1118.077309
21
163.814781
0
LINE
8
NASCOSTO
10
1118.077309
20
163.814781
11
1116.710308
21
163.858603
0
LINE
8
NASCOSTO
10
1116.710308
20
163.858603
11
1115.414354
21
164.329587
0
LINE
8
NASCOSTO
10
1115.414354
20
164.329587
11
1114.297594
21
165.193219
0
LINE
8
NASCOSTO
10
1114.297594
20
165.193219
11
1113.461511
21
166.383972
0
LINE
8
NASCOSTO
10
1113.461511
20
166.383972
11
1112.991418
21
167.801569
0
LINE
8
NASCOSTO
10
1112.991418
20
167.801569
11
1112.941445
21
169.314315
0
LINE
8
NASCOSTO
10
1112.941445
20
169.314315
11
1113.320832
21
170.773492
0
LINE
8
NASCOSTO
10
1113.320832
20
170.773492
11
1114.089435
21
172.035740
0
LINE
8
NASCOSTO
10
1114.089435
20
172.035740
11
1115.165731
21
172.984671
0
LINE
8
NASCOSTO
10
1115.165731
20
172.984671
11
1116.443366
21
173.543053
0
LINE
8
NASCOSTO
10
1116.443366
20
173.543053
11
1116.983079
21
173.647141
0
LINE
8
NASCOSTO
10
1116.983079
20
173.647141
11
1117.530500
21
173.682000
0
LINE
8
NASCOSTO
10
1089.140000
20
147.000000
11
1089.140000
21
233.000000
0
LINE
8
NASCOSTO
10
1089.140000
20
147.000000
11
1230.860000
21
147.000000
0
LINE
8
NASCOSTO
10
1089.140000
20
233.000000
11
1230.860000
21
233.000000
0
LINE
8
NASCOSTO
10
1230.860000
20
147.000000
11
1230.860000
21
233.000000
0
LINE
8
CONTORNO
10
1086.140000
20
144.000000
11
1086.140000
21
236.000000
0
LINE
8
CONTORNO
10
1086.140000
20
144.000000
11
1233.860000
21
144.000000
0
LINE
8
CONTORNO
10
1086.140000
20
236.000000
11
1233.860000
21
236.000000
0
LINE
8
CONTORNO
10
1233.860000
20
144.000000
11
1233.860000
21
236.000000
0
ARC
8
CONTORNO
10
1093.915262
20
155.800307
40
1.948307
50
180.000000
51
360.000000
0
LINE
8
CONTORNO
10
1091.966955
20
155.800307
11
1091.966955
21
158.485693
0
LINE
8
CONTORNO
10
1095.863569
20
155.800307
11
1095.863569
21
158.485693
0
ARC
8
CONTORNO
10
1093.915262
20
158.485693
40
1.948307
50
0.000000
51
180.000000
0
LINE
8
CONTORNO
10
1129.537741
20
155.866000
11
1105.523259
21
155.866000
0
LINE
8
CONTORNO
10
1129.537741
20
155.866000
11
1129.537741
21
181.596000
0
LINE
8
CONTORNO
10
1105.523259
20
155.866000
11
1105.523259
21
181.596000
0
LINE
8
CONTORNO
10
1129.537741
20
181.596000
11
1105.523259
21
181.596000
0
ARC
8
CONTORNO
10
1226.084738
20
155.800307
40
1.948307
50
180.000000
51
360.000000
0
LINE
8
CONTORNO
10
1224.136431
20
155.800307
11
1224.136431
21
158.485693
0
LINE
8
CONTORNO
10
1228.033045
20
155.800307
11
1228.033045
21
158.485693
0
ARC
8
CONTORNO
10
1226.084738
20
158.485693
40
1.948307
50
0.000000
51
180.000000
0
LINE
8
CONTORNO
10
1206.162500
20
185.554000
11
1205.127493
21
185.339430
0
LINE
8
CONTORNO
10
1205.127493
20
185.339430
11
1204.841063
21
185.195207
0
LINE
8
CONTORNO
10
1204.841063
20
185.195207
11
1204.263059
21
184.748224
0
LINE
8
CONTORNO
10
1204.263059
20
184.748224
11
1203.801211
21
184.142344
0
LINE
8
CONTORNO
10
1203.801211
20
184.142344
11
1203.589080
21
183.692781
0
LINE
8
CONTORNO
10
1203.589080
20
183.692781
11
1203.387759
21
182.581000
0
LINE
8
CONTORNO
10
1203.387759
20
182.581000
11
1203.589080
21
181.469219
0
LINE
8
CONTORNO
10
1203.589080
20
181.469219
11
1203.801211
21
181.019656
0
LINE
8
CONTORNO
10
1203.801211
20
181.019656
11
1204.263059
21
180.413776
0
LINE
8
CONTORNO
10
1204.263059
20
180.413776
11
1204.841063
21
179.966793
0
LINE
8
CONTORNO
10
1204.841063
20
179.966793
11
1205.239012
21
179.777489
0
LINE
8
CONTORNO
10
1205.239012
20
179.777489
11
1206.162500
21
179.608000
0
LINE
8
CONTORNO
10
1206.162500
20
179.608000
11
1207.085988
21
179.777489
0
LINE
8
CONTORNO
10
1207.085988
20
179.777489
11
1207.483937
21
179.966793
0
LINE
8
CONTORNO
10
1207.483937
20
179.966793
11
1208.061941
21
180.413776
0
LINE
8
CONTORNO
10
1208.061941
20
180.413776
11
1208.523789
21
181.019656
0
LINE
8
CONTORNO
10
1208.523789
20
181.019656
11
1208.735920
21
181.469219
0
LINE
8
CONTORNO
10
1208.735920
20
181.469219
11
1208.937241
21
182.581000
0
LINE
8
CONTORNO
10
1208.937241
20
182.581000
11
1208.735920
21
183.692781
0
LINE
8
CONTORNO
10
1208.735920
20
183.692781
11
1208.523789
21
184.142344
0
LINE
8
CONTORNO
10
1208.523789
20
184.142344
11
1208.061941
21
184.748224
0
LINE
8
CONTORNO
10
1208.061941
20
184.748224
11
1207.483937
21
185.195207
0
LINE
8
CONTORNO
10
1207.483937
20
185.195207
11
1206.845971
21
185.462398
0
LINE
8
CONTORNO
10
1206.845971
20
185.462398
11
1206.162500
21
185.554000
0
LINE
8
CONTORNO
10
1215.395000
20
185.554000
11
1214.359993
21
185.339430
0
LINE
8
CONTORNO
10
1214.359993
20
185.339430
11
1214.073563
21
185.195207
0
LINE
8
CONTORNO
10
1214.073563
20
185.195207
11
1213.495559
21
184.748224
0
LINE
8
CONTORNO
10
1213.495559
20
184.748224
11
1213.033711
21
184.142344
0
LINE
8
CONTORNO
10
1213.033711
20
184.142344
11
1212.821580
21
183.692781
0
LINE
8
CONTORNO
10
1212.821580
20
183.692781
11
1212.620259
21
182.581000
0
LINE
8
CONTORNO
10
1212.620259
20
182.581000
11
1212.821580
21
181.469219
0
LINE
8
CONTORNO
10
1212.821580
20
181.469219
11
1213.033711
21
181.019656
0
LINE
8
CONTORNO
10
1213.033711
20
181.019656
11
1213.495559
21
180.413776
0
LINE
8
CONTORNO
10
1213.495559
20
180.413776
11
1214.073563
21
179.966793
0
LINE
8
CONTORNO
10
1214.073563
20
179.966793
11
1214.471512
21
179.777489
0
LINE
8
CONTORNO
10
1214.471512
20
179.777489
11
1215.395000
21
179.608000
0
LINE
8
CONTORNO
10
1215.395000
20
179.608000
11
1216.318488
21
179.777489
0
LINE
8
CONTORNO
10
1216.318488
20
179.777489
11
1216.716437
21
179.966793
0
LINE
8
CONTORNO
10
1216.716437
20
179.966793
11
1217.294441
21
180.413776
0
LINE
8
CONTORNO
10
1217.294441
20
180.413776
11
1217.756289
21
181.019656
0
LINE
8
CONTORNO
10
1217.756289
20
181.019656
11
1217.968420
21
181.469219
0
LINE
8
CONTORNO
10
1217.968420
20
181.469219
11
1218.169741
21
182.581000
0
LINE
8
CONTORNO
10
1218.169741
20
182.581000
11
1217.968420
21
183.692781
0
LINE
8
CONTORNO
10
1217.968420
20
183.692781
11
1217.756289
21
184.142344
0
LINE
8
CONTORNO
10
1217.756289
20
184.142344
11
1217.294441
21
184.748224
0
LINE
8
CONTORNO
10
1217.294441
20
184.748224
11
1216.716437
21
185.195207
0
LINE
8
CONTORNO
10
1216.716437
20
185.195207
11
1216.078471
21
185.462398
0
LINE
8
CONTORNO
10
1216.078471
20
185.462398
11
1215.395000
21
185.554000
0
ARC
8
CONTORNO
10
1093.915262
20
221.514307
40
1.948307
50
180.000000
51
360.000000
0
LINE
8
CONTORNO
10
1091.966955
20
221.514307
11
1091.966955
21
224.199693
0
LINE
8
CONTORNO
10
1095.863569
20
221.514307
11
1095.863569
21
224.199693
0
ARC
8
CONTORNO
10
1093.915262
20
224.199693
40
1.948307
50
0.000000
51
180.000000
0
ARC
8
CONTORNO
10
1226.084738
20
221.514307
40
1.948307
50
180.000000
51
360.000000
0
LINE
8
CONTORNO
10
1224.136431
20
221.514307
11
1224.136431
21
224.199693
0
LINE
8
CONTORNO
10
1228.033045
20
221.514307
11
1228.033045
21
224.199693
0
ARC
8
CONTORNO
10
1226.084738
20
224.199693
40
1.948307
50
0.000000
51
180.000000
0
LINE
8
CONTORNO
10
1117.530500
20
173.682000
11
1116.180894
21
173.466161
0
LINE
8
CONTORNO
10
1116.180894
20
173.466161
11
1115.355264
21
173.099224
0
LINE
8
CONTORNO
10
1115.355264
20
173.099224
11
1114.388272
21
172.361347
0
LINE
8
CONTORNO
10
1114.388272
20
172.361347
11
1113.613176
21
171.357561
0
LINE
8
CONTORNO
10
1113.613176
20
171.357561
11
1113.255496
21
170.611286
0
LINE
8
CONTORNO
10
1113.255496
20
170.611286
11
1112.909259
21
168.731000
0
LINE
8
CONTORNO
10
1112.909259
20
168.731000
11
1113.076901
21
167.409568
0
LINE
8
CONTORNO
10
1113.076901
20
167.409568
11
1113.255496
21
166.850714
0
LINE
8
CONTORNO
10
1113.255496
20
166.850714
11
1113.613176
21
166.104439
0
LINE
8
CONTORNO
10
1113.613176
20
166.104439
11
1114.388272
21
165.100653
0
LINE
8
CONTORNO
10
1114.388272
20
165.100653
11
1115.355264
21
164.362776
0
LINE
8
CONTORNO
10
1115.355264
20
164.362776
11
1115.992461
21
164.062254
0
LINE
8
CONTORNO
10
1115.992461
20
164.062254
11
1117.530500
21
163.780000
0
LINE
8
CONTORNO
10
1117.530500
20
163.780000
11
1118.623419
21
163.920451
0
LINE
8
CONTORNO
10
1118.623419
20
163.920451
11
1119.068539
21
164.062254
0
LINE
8
CONTORNO
10
1119.068539
20
164.062254
11
1119.705736
21
164.362776
0
LINE
8
CONTORNO
10
1119.705736
20
164.362776
11
1120.672728
21
165.100653
0
LINE
8
CONTORNO
10
1120.672728
20
165.100653
11
1121.447824
21
166.104439
0
LINE
8
CONTORNO
10
1121.447824
20
166.104439
11
1121.805504
21
166.850714
0
LINE
8
CONTORNO
10
1121.805504
20
166.850714
11
1121.984099
21
167.409568
0
LINE
8
CONTORNO
10
1121.984099
20
167.409568
11
1122.151741
21
168.731000
0
LINE
8
CONTORNO
10
1122.151741
20
168.731000
11
1121.805504
21
170.611286
0
LINE
8
CONTORNO
10
1121.805504
20
170.611286
11
1121.447824
21
171.357561
0
LINE
8
CONTORNO
10
1121.447824
20
171.357561
11
1120.672728
21
172.361347
0
LINE
8
CONTORNO
10
1120.672728
20
172.361347
11
1119.705736
21
173.099224
0
LINE
8
CONTORNO
10
1119.705736
20
173.099224
11
1118.398066
21
173.593970
0
LINE
8
CONTORNO
10
1118.398066
20
173.593970
11
1117.530500
21
173.682000
0
LINE
8
QUOTE
10
1086.140000
20
143.000000
11
1086.140000
21
116.500000
0
LINE
8
QUOTE
10
1233.860000
20
143.000000
11
1233.860000
21
116.500000
0
LINE
8
QUOTE
10
1086.140000
20
118.000000
11
1233.860000
21
118.000000
0
LINE
8
QUOTE
10
1086.140000
20
118.000000
11
1089.140000
21
118.500000
0
LINE
8
QUOTE
10
1089.140000
20
118.500000
11
1089.140000
21
117.500000
0
LINE
8
QUOTE
10
1089.140000
20
117.500000
11
1086.140000
21
118.000000
0
LINE
8
QUOTE
10
1233.860000
20
118.000000
11
1230.860000
21
117.500000
0
LINE
8
QUOTE
10
1230.860000
20
117.500000
11
1230.860000
21
118.500000
0
LINE
8
QUOTE
10
1230.860000
20
118.500000
11
1233.860000
21
118.000000
0
TEXT
8
QUOTE
10
1160.000000
20
118.900000
40
2.500000
1
73.86
50
0.000000
72
1.000000
11
1160.000000
21
118.900000
0
LINE
8
QUOTE
10
1093.915262
20
143.000000
11
1093.915262
21
128.500000
0
LINE
8
QUOTE
10
1226.084738
20
143.000000
11
1226.084738
21
128.500000
0
LINE
8
QUOTE
10
1093.915262
20
130.000000
11
1226.084738
21
130.000000
0
LINE
8
QUOTE
10
1093.915262
20
130.000000
11
1096.915262
21
130.500000
0
LINE
8
QUOTE
10
1096.915262
20
130.500000
11
1096.915262
21
129.500000
0
LINE
8
QUOTE
10
1096.915262
20
129.500000
11
1093.915262
21
130.000000
0
LINE
8
QUOTE
10
1226.084738
20
130.000000
11
1223.084738
21
129.500000
0
LINE
8
QUOTE
10
1223.084738
20
129.500000
11
1223.084738
21
130.500000
0
LINE
8
QUOTE
10
1223.084738
20
130.500000
11
1226.084738
21
130.000000
0
TEXT
8
QUOTE
10
1160.000000
20
130.900000
40
2.500000
1
66.0847
50
0.000000
72
1.000000
11
1160.000000
21
130.900000
0
LINE
8
QUOTE
10
1234.860000
20
144.000000
11
1257.360000
21
144.000000
0
LINE
8
QUOTE
10
1234.860000
20
236.000000
11
1257.360000
21
236.000000
0
LINE
8
QUOTE
10
1255.860000
20
144.000000
11
1255.860000
21
236.000000
0
LINE
8
QUOTE
10
1255.860000
20
144.000000
11
1255.360000
21
147.000000
0
LINE
8
QUOTE
10
1255.360000
20
147.000000
11
1256.360000
21
147.000000
0
LINE
8
QUOTE
10
1256.360000
20
147.000000
11
1255.860000
21
144.000000
0
LINE
8
QUOTE
10
1255.860000
20
236.000000
11
1256.360000
21
233.000000
0
LINE
8
QUOTE
10
1256.360000
20
233.000000
11
1255.360000
21
233.000000
0
LINE
8
QUOTE
10
1255.360000
20
233.000000
11
1255.860000
21
236.000000
0
TEXT
8
QUOTE
10
1254.960000
20
190.000000
40
2.500000
1
46.00
50
90.000000
72
1.000000
11
1254.960000
21
190.000000
0
LINE
8
QUOTE
10
1234.860000
20
157.143000
11
1245.360000
21
157.143000
0
LINE
8
QUOTE
10
1234.860000
20
222.857000
11
1245.360000
21
222.857000
0
LINE
8
QUOTE
10
1243.860000
20
157.143000
11
1243.860000
21
222.857000
0
LINE
8
QUOTE
10
1243.860000
20
157.143000
11
1243.360000
21
160.143000
0
LINE
8
QUOTE
10
1243.360000
20
160.143000
11
1244.360000
21
160.143000
0
LINE
8
QUOTE
10
1244.360000
20
160.143000
11
1243.860000
21
157.143000
0
LINE
8
QUOTE
10
1243.860000
20
222.857000
11
1244.360000
21
219.857000
0
LINE
8
QUOTE
10
1244.360000
20
219.857000
11
1243.360000
21
219.857000
0
LINE
8
QUOTE
10
1243.360000
20
219.857000
11
1243.860000
21
222.857000
0
TEXT
8
QUOTE
10
1242.960000
20
190.000000
40
2.500000
1
32.8570
50
90.000000
72
1.000000
11
1242.960000
21
190.000000
0
TEXT
8
QUOTE
10
1086.915262
20
235.857000
40
2.500000
1
4 asole 1.948 x 3.291 passanti
50
0.000000
72
2.000000
11
1086.915262
21
235.857000
0
LINE
8
QUOTE
10
1087.915262
20
234.857000
11
1093.915262
21
222.857000
0
TEXT
8
QUOTE
10
1143.530500
20
142.731000
40
2.500000
1
tasca 12.007 x 12.865 prof 0.502
50
0.000000
72
0.000000
11
1143.530500
21
142.731000
0
LINE
8
QUOTE
10
1117.530500
20
168.731000
11
1142.530500
21
143.731000
0
TEXT
8
CONTORNO
10
1160.000000
20
88.000000
40
3.400000
1
PROSPETTO FRONTALE
50
0.000000
72
1.000000
11
1160.000000
21
88.000000
0
LINE
8
NASCOSTO
10
1086.140000
20
100.500000
11
1086.140000
21
102.500000
0
LINE
8
NASCOSTO
10
1086.140000
20
102.500000
11
1233.860000
21
102.500000
0
LINE
8
NASCOSTO
10
1091.966955
20
102.500000
11
1092.015803
21
102.500000
0
LINE
8
NASCOSTO
10
1092.015803
20
102.500000
11
1092.159898
21
102.500000
0
LINE
8
NASCOSTO
10
1092.159898
20
102.500000
11
1092.392014
21
102.500000
0
LINE
8
NASCOSTO
10
1092.392014
20
102.500000
11
1092.700513
21
102.500000
0
LINE
8
NASCOSTO
10
1092.700513
20
102.500000
11
1093.069923
21
102.500000
0
LINE
8
NASCOSTO
10
1093.069923
20
102.500000
11
1093.481723
21
102.500000
0
LINE
8
NASCOSTO
10
1093.481723
20
102.500000
11
1093.915262
21
102.500000
0
LINE
8
NASCOSTO
10
1093.915262
20
102.500000
11
1094.348801
21
102.500000
0
LINE
8
NASCOSTO
10
1094.348801
20
102.500000
11
1094.760601
21
102.500000
0
LINE
8
NASCOSTO
10
1094.760601
20
102.500000
11
1095.130012
21
102.500000
0
LINE
8
NASCOSTO
10
1095.130012
20
102.500000
11
1095.438510
21
102.500000
0
LINE
8
NASCOSTO
10
1095.438510
20
102.500000
11
1095.670626
21
102.500000
0
LINE
8
NASCOSTO
10
1095.670626
20
102.500000
11
1095.814721
21
102.500000
0
LINE
8
NASCOSTO
10
1095.814721
20
102.500000
11
1095.863569
21
102.500000
0
LINE
8
NASCOSTO
10
1095.863569
20
102.500000
11
1095.814721
21
102.500000
0
LINE
8
NASCOSTO
10
1095.814721
20
102.500000
11
1095.670626
21
102.500000
0
LINE
8
NASCOSTO
10
1095.670626
20
102.500000
11
1095.438510
21
102.500000
0
LINE
8
NASCOSTO
10
1095.438510
20
102.500000
11
1095.130012
21
102.500000
0
LINE
8
NASCOSTO
10
1095.130012
20
102.500000
11
1094.760601
21
102.500000
0
LINE
8
NASCOSTO
10
1094.760601
20
102.500000
11
1094.348801
21
102.500000
0
LINE
8
NASCOSTO
10
1094.348801
20
102.500000
11
1093.915262
21
102.500000
0
LINE
8
NASCOSTO
10
1093.915262
20
102.500000
11
1093.481723
21
102.500000
0
LINE
8
NASCOSTO
10
1093.481723
20
102.500000
11
1093.069923
21
102.500000
0
LINE
8
NASCOSTO
10
1093.069923
20
102.500000
11
1092.700513
21
102.500000
0
LINE
8
NASCOSTO
10
1092.700513
20
102.500000
11
1092.392014
21
102.500000
0
LINE
8
NASCOSTO
10
1092.392014
20
102.500000
11
1092.159898
21
102.500000
0
LINE
8
NASCOSTO
10
1092.159898
20
102.500000
11
1092.015803
21
102.500000
0
LINE
8
NASCOSTO
10
1092.015803
20
102.500000
11
1091.966955
21
102.500000
0
LINE
8
NASCOSTO
10
1129.537741
20
102.500000
11
1105.523259
21
102.500000
0
LINE
8
NASCOSTO
10
1129.537741
20
102.500000
11
1105.523259
21
102.500000
0
LINE
8
NASCOSTO
10
1224.136431
20
102.500000
11
1224.185279
21
102.500000
0
LINE
8
NASCOSTO
10
1224.185279
20
102.500000
11
1224.329374
21
102.500000
0
LINE
8
NASCOSTO
10
1224.329374
20
102.500000
11
1224.561490
21
102.500000
0
LINE
8
NASCOSTO
10
1224.561490
20
102.500000
11
1224.869988
21
102.500000
0
LINE
8
NASCOSTO
10
1224.869988
20
102.500000
11
1225.239399
21
102.500000
0
LINE
8
NASCOSTO
10
1225.239399
20
102.500000
11
1225.651199
21
102.500000
0
LINE
8
NASCOSTO
10
1225.651199
20
102.500000
11
1226.084738
21
102.500000
0
LINE
8
NASCOSTO
10
1226.084738
20
102.500000
11
1226.518277
21
102.500000
0
LINE
8
NASCOSTO
10
1226.518277
20
102.500000
11
1226.930077
21
102.500000
0
LINE
8
NASCOSTO
10
1226.930077
20
102.500000
11
1227.299487
21
102.500000
0
LINE
8
NASCOSTO
10
1227.299487
20
102.500000
11
1227.607986
21
102.500000
0
LINE
8
NASCOSTO
10
1227.607986
20
102.500000
11
1227.840102
21
102.500000
0
LINE
8
NASCOSTO
10
1227.840102
20
102.500000
11
1227.984197
21
102.500000
0
LINE
8
NASCOSTO
10
1227.984197
20
102.500000
11
1228.033045
21
102.500000
0
LINE
8
NASCOSTO
10
1228.033045
20
102.500000
11
1227.984197
21
102.500000
0
LINE
8
NASCOSTO
10
1227.984197
20
102.500000
11
1227.840102
21
102.500000
0
LINE
8
NASCOSTO
10
1227.840102
20
102.500000
11
1227.607986
21
102.500000
0
LINE
8
NASCOSTO
10
1227.607986
20
102.500000
11
1227.299487
21
102.500000
0
LINE
8
NASCOSTO
10
1227.299487
20
102.500000
11
1226.930077
21
102.500000
0
LINE
8
NASCOSTO
10
1226.930077
20
102.500000
11
1226.518277
21
102.500000
0
LINE
8
NASCOSTO
10
1226.518277
20
102.500000
11
1226.084738
21
102.500000
0
LINE
8
NASCOSTO
10
1226.084738
20
102.500000
11
1225.651199
21
102.500000
0
LINE
8
NASCOSTO
10
1225.651199
20
102.500000
11
1225.239399
21
102.500000
0
LINE
8
NASCOSTO
10
1225.239399
20
102.500000
11
1224.869988
21
102.500000
0
LINE
8
NASCOSTO
10
1224.869988
20
102.500000
11
1224.561490
21
102.500000
0
LINE
8
NASCOSTO
10
1224.561490
20
102.500000
11
1224.329374
21
102.500000
0
LINE
8
NASCOSTO
10
1224.329374
20
102.500000
11
1224.185279
21
102.500000
0
LINE
8
NASCOSTO
10
1224.185279
20
102.500000
11
1224.136431
21
102.500000
0
LINE
8
NASCOSTO
10
1206.162500
20
102.500000
11
1204.841063
21
102.500000
0
LINE
8
NASCOSTO
10
1204.841063
20
102.500000
11
1204.263059
21
102.500000
0
LINE
8
NASCOSTO
10
1204.263059
20
102.500000
11
1203.801211
21
102.500000
0
LINE
8
NASCOSTO
10
1203.801211
20
102.500000
11
1203.589080
21
102.500000
0
LINE
8
NASCOSTO
10
1203.589080
20
102.500000
11
1203.387759
21
102.500000
0
LINE
8
NASCOSTO
10
1203.387759
20
102.500000
11
1203.589080
21
102.500000
0
LINE
8
NASCOSTO
10
1203.589080
20
102.500000
11
1203.801211
21
102.500000
0
LINE
8
NASCOSTO
10
1203.801211
20
102.500000
11
1204.263059
21
102.500000
0
LINE
8
NASCOSTO
10
1204.263059
20
102.500000
11
1204.841063
21
102.500000
0
LINE
8
NASCOSTO
10
1204.841063
20
102.500000
11
1205.239012
21
102.500000
0
LINE
8
NASCOSTO
10
1205.239012
20
102.500000
11
1206.162500
21
102.500000
0
LINE
8
NASCOSTO
10
1206.162500
20
102.500000
11
1207.085988
21
102.500000
0
LINE
8
NASCOSTO
10
1207.085988
20
102.500000
11
1207.483937
21
102.500000
0
LINE
8
NASCOSTO
10
1207.483937
20
102.500000
11
1208.061941
21
102.500000
0
LINE
8
NASCOSTO
10
1208.061941
20
102.500000
11
1208.523789
21
102.500000
0
LINE
8
NASCOSTO
10
1208.523789
20
102.500000
11
1208.735920
21
102.500000
0
LINE
8
NASCOSTO
10
1208.735920
20
102.500000
11
1208.937241
21
102.500000
0
LINE
8
NASCOSTO
10
1208.937241
20
102.500000
11
1208.735920
21
102.500000
0
LINE
8
NASCOSTO
10
1208.735920
20
102.500000
11
1208.523789
21
102.500000
0
LINE
8
NASCOSTO
10
1208.523789
20
102.500000
11
1208.061941
21
102.500000
0
LINE
8
NASCOSTO
10
1208.061941
20
102.500000
11
1207.483937
21
102.500000
0
LINE
8
NASCOSTO
10
1207.483937
20
102.500000
11
1206.162500
21
102.500000
0
LINE
8
NASCOSTO
10
1215.395000
20
102.500000
11
1214.073563
21
102.500000
0
LINE
8
NASCOSTO
10
1214.073563
20
102.500000
11
1213.495559
21
102.500000
0
LINE
8
NASCOSTO
10
1213.495559
20
102.500000
11
1213.033711
21
102.500000
0
LINE
8
NASCOSTO
10
1213.033711
20
102.500000
11
1212.821580
21
102.500000
0
LINE
8
NASCOSTO
10
1212.821580
20
102.500000
11
1212.620259
21
102.500000
0
LINE
8
NASCOSTO
10
1212.620259
20
102.500000
11
1212.821580
21
102.500000
0
LINE
8
NASCOSTO
10
1212.821580
20
102.500000
11
1213.033711
21
102.500000
0
LINE
8
NASCOSTO
10
1213.033711
20
102.500000
11
1213.495559
21
102.500000
0
LINE
8
NASCOSTO
10
1213.495559
20
102.500000
11
1214.073563
21
102.500000
0
LINE
8
NASCOSTO
10
1214.073563
20
102.500000
11
1214.471512
21
102.500000
0
LINE
8
NASCOSTO
10
1214.471512
20
102.500000
11
1215.395000
21
102.500000
0
LINE
8
NASCOSTO
10
1215.395000
20
102.500000
11
1216.318488
21
102.500000
0
LINE
8
NASCOSTO
10
1216.318488
20
102.500000
11
1216.716437
21
102.500000
0
LINE
8
NASCOSTO
10
1216.716437
20
102.500000
11
1217.294441
21
102.500000
0
LINE
8
NASCOSTO
10
1217.294441
20
102.500000
11
1217.756289
21
102.500000
0
LINE
8
NASCOSTO
10
1217.756289
20
102.500000
11
1217.968420
21
102.500000
0
LINE
8
NASCOSTO
10
1217.968420
20
102.500000
11
1218.169741
21
102.500000
0
LINE
8
NASCOSTO
10
1218.169741
20
102.500000
11
1217.968420
21
102.500000
0
LINE
8
NASCOSTO
10
1217.968420
20
102.500000
11
1217.756289
21
102.500000
0
LINE
8
NASCOSTO
10
1217.756289
20
102.500000
11
1217.294441
21
102.500000
0
LINE
8
NASCOSTO
10
1217.294441
20
102.500000
11
1216.716437
21
102.500000
0
LINE
8
NASCOSTO
10
1216.716437
20
102.500000
11
1215.395000
21
102.500000
0
LINE
8
NASCOSTO
10
1091.966955
20
102.500000
11
1092.015803
21
102.500000
0
LINE
8
NASCOSTO
10
1092.015803
20
102.500000
11
1092.159898
21
102.500000
0
LINE
8
NASCOSTO
10
1092.159898
20
102.500000
11
1092.392014
21
102.500000
0
LINE
8
NASCOSTO
10
1092.392014
20
102.500000
11
1092.700513
21
102.500000
0
LINE
8
NASCOSTO
10
1092.700513
20
102.500000
11
1093.069923
21
102.500000
0
LINE
8
NASCOSTO
10
1093.069923
20
102.500000
11
1093.481723
21
102.500000
0
LINE
8
NASCOSTO
10
1093.481723
20
102.500000
11
1093.915262
21
102.500000
0
LINE
8
NASCOSTO
10
1093.915262
20
102.500000
11
1094.348801
21
102.500000
0
LINE
8
NASCOSTO
10
1094.348801
20
102.500000
11
1094.760601
21
102.500000
0
LINE
8
NASCOSTO
10
1094.760601
20
102.500000
11
1095.130012
21
102.500000
0
LINE
8
NASCOSTO
10
1095.130012
20
102.500000
11
1095.438510
21
102.500000
0
LINE
8
NASCOSTO
10
1095.438510
20
102.500000
11
1095.670626
21
102.500000
0
LINE
8
NASCOSTO
10
1095.670626
20
102.500000
11
1095.814721
21
102.500000
0
LINE
8
NASCOSTO
10
1095.814721
20
102.500000
11
1095.863569
21
102.500000
0
LINE
8
NASCOSTO
10
1095.863569
20
102.500000
11
1095.814721
21
102.500000
0
LINE
8
NASCOSTO
10
1095.814721
20
102.500000
11
1095.670626
21
102.500000
0
LINE
8
NASCOSTO
10
1095.670626
20
102.500000
11
1095.438510
21
102.500000
0
LINE
8
NASCOSTO
10
1095.438510
20
102.500000
11
1095.130012
21
102.500000
0
LINE
8
NASCOSTO
10
1095.130012
20
102.500000
11
1094.760601
21
102.500000
0
LINE
8
NASCOSTO
10
1094.760601
20
102.500000
11
1094.348801
21
102.500000
0
LINE
8
NASCOSTO
10
1094.348801
20
102.500000
11
1093.915262
21
102.500000
0
LINE
8
NASCOSTO
10
1093.915262
20
102.500000
11
1093.481723
21
102.500000
0
LINE
8
NASCOSTO
10
1093.481723
20
102.500000
11
1093.069923
21
102.500000
0
LINE
8
NASCOSTO
10
1093.069923
20
102.500000
11
1092.700513
21
102.500000
0
LINE
8
NASCOSTO
10
1092.700513
20
102.500000
11
1092.392014
21
102.500000
0
LINE
8
NASCOSTO
10
1092.392014
20
102.500000
11
1092.159898
21
102.500000
0
LINE
8
NASCOSTO
10
1092.159898
20
102.500000
11
1092.015803
21
102.500000
0
LINE
8
NASCOSTO
10
1092.015803
20
102.500000
11
1091.966955
21
102.500000
0
LINE
8
NASCOSTO
10
1224.136431
20
102.500000
11
1224.185279
21
102.500000
0
LINE
8
NASCOSTO
10
1224.185279
20
102.500000
11
1224.329374
21
102.500000
0
LINE
8
NASCOSTO
10
1224.329374
20
102.500000
11
1224.561490
21
102.500000
0
LINE
8
NASCOSTO
10
1224.561490
20
102.500000
11
1224.869988
21
102.500000
0
LINE
8
NASCOSTO
10
1224.869988
20
102.500000
11
1225.239399
21
102.500000
0
LINE
8
NASCOSTO
10
1225.239399
20
102.500000
11
1225.651199
21
102.500000
0
LINE
8
NASCOSTO
10
1225.651199
20
102.500000
11
1226.084738
21
102.500000
0
LINE
8
NASCOSTO
10
1226.084738
20
102.500000
11
1226.518277
21
102.500000
0
LINE
8
NASCOSTO
10
1226.518277
20
102.500000
11
1226.930077
21
102.500000
0
LINE
8
NASCOSTO
10
1226.930077
20
102.500000
11
1227.299487
21
102.500000
0
LINE
8
NASCOSTO
10
1227.299487
20
102.500000
11
1227.607986
21
102.500000
0
LINE
8
NASCOSTO
10
1227.607986
20
102.500000
11
1227.840102
21
102.500000
0
LINE
8
NASCOSTO
10
1227.840102
20
102.500000
11
1227.984197
21
102.500000
0
LINE
8
NASCOSTO
10
1227.984197
20
102.500000
11
1228.033045
21
102.500000
0
LINE
8
NASCOSTO
10
1228.033045
20
102.500000
11
1227.984197
21
102.500000
0
LINE
8
NASCOSTO
10
1227.984197
20
102.500000
11
1227.840102
21
102.500000
0
LINE
8
NASCOSTO
10
1227.840102
20
102.500000
11
1227.607986
21
102.500000
0
LINE
8
NASCOSTO
10
1227.607986
20
102.500000
11
1227.299487
21
102.500000
0
LINE
8
NASCOSTO
10
1227.299487
20
102.500000
11
1226.930077
21
102.500000
0
LINE
8
NASCOSTO
10
1226.930077
20
102.500000
11
1226.518277
21
102.500000
0
LINE
8
NASCOSTO
10
1226.518277
20
102.500000
11
1226.084738
21
102.500000
0
LINE
8
NASCOSTO
10
1226.084738
20
102.500000
11
1225.651199
21
102.500000
0
LINE
8
NASCOSTO
10
1225.651199
20
102.500000
11
1225.239399
21
102.500000
0
LINE
8
NASCOSTO
10
1225.239399
20
102.500000
11
1224.869988
21
102.500000
0
LINE
8
NASCOSTO
10
1224.869988
20
102.500000
11
1224.561490
21
102.500000
0
LINE
8
NASCOSTO
10
1224.561490
20
102.500000
11
1224.329374
21
102.500000
0
LINE
8
NASCOSTO
10
1224.329374
20
102.500000
11
1224.185279
21
102.500000
0
LINE
8
NASCOSTO
10
1224.185279
20
102.500000
11
1224.136431
21
102.500000
0
LINE
8
NASCOSTO
10
1233.860000
20
100.500000
11
1233.860000
21
102.500000
0
LINE
8
NASCOSTO
10
1089.140000
20
97.500000
11
1230.860000
21
97.500000
0
LINE
8
NASCOSTO
10
1091.966955
20
97.500000
11
1092.015803
21
97.500000
0
LINE
8
NASCOSTO
10
1092.015803
20
97.500000
11
1092.159898
21
97.500000
0
LINE
8
NASCOSTO
10
1092.159898
20
97.500000
11
1092.392014
21
97.500000
0
LINE
8
NASCOSTO
10
1092.392014
20
97.500000
11
1092.700513
21
97.500000
0
LINE
8
NASCOSTO
10
1092.700513
20
97.500000
11
1093.069923
21
97.500000
0
LINE
8
NASCOSTO
10
1093.069923
20
97.500000
11
1093.481723
21
97.500000
0
LINE
8
NASCOSTO
10
1093.481723
20
97.500000
11
1093.915262
21
97.500000
0
LINE
8
NASCOSTO
10
1093.915262
20
97.500000
11
1094.348801
21
97.500000
0
LINE
8
NASCOSTO
10
1094.348801
20
97.500000
11
1094.760601
21
97.500000
0
LINE
8
NASCOSTO
10
1094.760601
20
97.500000
11
1095.130012
21
97.500000
0
LINE
8
NASCOSTO
10
1095.130012
20
97.500000
11
1095.438510
21
97.500000
0
LINE
8
NASCOSTO
10
1095.438510
20
97.500000
11
1095.670626
21
97.500000
0
LINE
8
NASCOSTO
10
1095.670626
20
97.500000
11
1095.814721
21
97.500000
0
LINE
8
NASCOSTO
10
1095.814721
20
97.500000
11
1095.863569
21
97.500000
0
LINE
8
NASCOSTO
10
1095.863569
20
97.500000
11
1095.814721
21
97.500000
0
LINE
8
NASCOSTO
10
1095.814721
20
97.500000
11
1095.670626
21
97.500000
0
LINE
8
NASCOSTO
10
1095.670626
20
97.500000
11
1095.438510
21
97.500000
0
LINE
8
NASCOSTO
10
1095.438510
20
97.500000
11
1095.130012
21
97.500000
0
LINE
8
NASCOSTO
10
1095.130012
20
97.500000
11
1094.760601
21
97.500000
0
LINE
8
NASCOSTO
10
1094.760601
20
97.500000
11
1094.348801
21
97.500000
0
LINE
8
NASCOSTO
10
1094.348801
20
97.500000
11
1093.915262
21
97.500000
0
LINE
8
NASCOSTO
10
1093.915262
20
97.500000
11
1093.481723
21
97.500000
0
LINE
8
NASCOSTO
10
1093.481723
20
97.500000
11
1093.069923
21
97.500000
0
LINE
8
NASCOSTO
10
1093.069923
20
97.500000
11
1092.700513
21
97.500000
0
LINE
8
NASCOSTO
10
1092.700513
20
97.500000
11
1092.392014
21
97.500000
0
LINE
8
NASCOSTO
10
1092.392014
20
97.500000
11
1092.159898
21
97.500000
0
LINE
8
NASCOSTO
10
1092.159898
20
97.500000
11
1092.015803
21
97.500000
0
LINE
8
NASCOSTO
10
1092.015803
20
97.500000
11
1091.966955
21
97.500000
0
LINE
8
NASCOSTO
10
1224.136431
20
97.500000
11
1224.185279
21
97.500000
0
LINE
8
NASCOSTO
10
1224.185279
20
97.500000
11
1224.329374
21
97.500000
0
LINE
8
NASCOSTO
10
1224.329374
20
97.500000
11
1224.561490
21
97.500000
0
LINE
8
NASCOSTO
10
1224.561490
20
97.500000
11
1224.869988
21
97.500000
0
LINE
8
NASCOSTO
10
1224.869988
20
97.500000
11
1225.239399
21
97.500000
0
LINE
8
NASCOSTO
10
1225.239399
20
97.500000
11
1225.651199
21
97.500000
0
LINE
8
NASCOSTO
10
1225.651199
20
97.500000
11
1226.084738
21
97.500000
0
LINE
8
NASCOSTO
10
1226.084738
20
97.500000
11
1226.518277
21
97.500000
0
LINE
8
NASCOSTO
10
1226.518277
20
97.500000
11
1226.930077
21
97.500000
0
LINE
8
NASCOSTO
10
1226.930077
20
97.500000
11
1227.299487
21
97.500000
0
LINE
8
NASCOSTO
10
1227.299487
20
97.500000
11
1227.607986
21
97.500000
0
LINE
8
NASCOSTO
10
1227.607986
20
97.500000
11
1227.840102
21
97.500000
0
LINE
8
NASCOSTO
10
1227.840102
20
97.500000
11
1227.984197
21
97.500000
0
LINE
8
NASCOSTO
10
1227.984197
20
97.500000
11
1228.033045
21
97.500000
0
LINE
8
NASCOSTO
10
1228.033045
20
97.500000
11
1227.984197
21
97.500000
0
LINE
8
NASCOSTO
10
1227.984197
20
97.500000
11
1227.840102
21
97.500000
0
LINE
8
NASCOSTO
10
1227.840102
20
97.500000
11
1227.607986
21
97.500000
0
LINE
8
NASCOSTO
10
1227.607986
20
97.500000
11
1227.299487
21
97.500000
0
LINE
8
NASCOSTO
10
1227.299487
20
97.500000
11
1226.930077
21
97.500000
0
LINE
8
NASCOSTO
10
1226.930077
20
97.500000
11
1226.518277
21
97.500000
0
LINE
8
NASCOSTO
10
1226.518277
20
97.500000
11
1226.084738
21
97.500000
0
LINE
8
NASCOSTO
10
1226.084738
20
97.500000
11
1225.651199
21
97.500000
0
LINE
8
NASCOSTO
10
1225.651199
20
97.500000
11
1225.239399
21
97.500000
0
LINE
8
NASCOSTO
10
1225.239399
20
97.500000
11
1224.869988
21
97.500000
0
LINE
8
NASCOSTO
10
1224.869988
20
97.500000
11
1224.561490
21
97.500000
0
LINE
8
NASCOSTO
10
1224.561490
20
97.500000
11
1224.329374
21
97.500000
0
LINE
8
NASCOSTO
10
1224.329374
20
97.500000
11
1224.185279
21
97.500000
0
LINE
8
NASCOSTO
10
1224.185279
20
97.500000
11
1224.136431
21
97.500000
0
LINE
8
NASCOSTO
10
1091.966955
20
97.500000
11
1092.015803
21
97.500000
0
LINE
8
NASCOSTO
10
1092.015803
20
97.500000
11
1092.159898
21
97.500000
0
LINE
8
NASCOSTO
10
1092.159898
20
97.500000
11
1092.392014
21
97.500000
0
LINE
8
NASCOSTO
10
1092.392014
20
97.500000
11
1092.700513
21
97.500000
0
LINE
8
NASCOSTO
10
1092.700513
20
97.500000
11
1093.069923
21
97.500000
0
LINE
8
NASCOSTO
10
1093.069923
20
97.500000
11
1093.481723
21
97.500000
0
LINE
8
NASCOSTO
10
1093.481723
20
97.500000
11
1093.915262
21
97.500000
0
LINE
8
NASCOSTO
10
1093.915262
20
97.500000
11
1094.348801
21
97.500000
0
LINE
8
NASCOSTO
10
1094.348801
20
97.500000
11
1094.760601
21
97.500000
0
LINE
8
NASCOSTO
10
1094.760601
20
97.500000
11
1095.130012
21
97.500000
0
LINE
8
NASCOSTO
10
1095.130012
20
97.500000
11
1095.438510
21
97.500000
0
LINE
8
NASCOSTO
10
1095.438510
20
97.500000
11
1095.670626
21
97.500000
0
LINE
8
NASCOSTO
10
1095.670626
20
97.500000
11
1095.814721
21
97.500000
0
LINE
8
NASCOSTO
10
1095.814721
20
97.500000
11
1095.863569
21
97.500000
0
LINE
8
NASCOSTO
10
1095.863569
20
97.500000
11
1095.814721
21
97.500000
0
LINE
8
NASCOSTO
10
1095.814721
20
97.500000
11
1095.670626
21
97.500000
0
LINE
8
NASCOSTO
10
1095.670626
20
97.500000
11
1095.438510
21
97.500000
0
LINE
8
NASCOSTO
10
1095.438510
20
97.500000
11
1095.130012
21
97.500000
0
LINE
8
NASCOSTO
10
1095.130012
20
97.500000
11
1094.760601
21
97.500000
0
LINE
8
NASCOSTO
10
1094.760601
20
97.500000
11
1094.348801
21
97.500000
0
LINE
8
NASCOSTO
10
1094.348801
20
97.500000
11
1093.915262
21
97.500000
0
LINE
8
NASCOSTO
10
1093.915262
20
97.500000
11
1093.481723
21
97.500000
0
LINE
8
NASCOSTO
10
1093.481723
20
97.500000
11
1093.069923
21
97.500000
0
LINE
8
NASCOSTO
10
1093.069923
20
97.500000
11
1092.700513
21
97.500000
0
LINE
8
NASCOSTO
10
1092.700513
20
97.500000
11
1092.392014
21
97.500000
0
LINE
8
NASCOSTO
10
1092.392014
20
97.500000
11
1092.159898
21
97.500000
0
LINE
8
NASCOSTO
10
1092.159898
20
97.500000
11
1092.015803
21
97.500000
0
LINE
8
NASCOSTO
10
1092.015803
20
97.500000
11
1091.966955
21
97.500000
0
LINE
8
NASCOSTO
10
1224.136431
20
97.500000
11
1224.185279
21
97.500000
0
LINE
8
NASCOSTO
10
1224.185279
20
97.500000
11
1224.329374
21
97.500000
0
LINE
8
NASCOSTO
10
1224.329374
20
97.500000
11
1224.561490
21
97.500000
0
LINE
8
NASCOSTO
10
1224.561490
20
97.500000
11
1224.869988
21
97.500000
0
LINE
8
NASCOSTO
10
1224.869988
20
97.500000
11
1225.239399
21
97.500000
0
LINE
8
NASCOSTO
10
1225.239399
20
97.500000
11
1225.651199
21
97.500000
0
LINE
8
NASCOSTO
10
1225.651199
20
97.500000
11
1226.084738
21
97.500000
0
LINE
8
NASCOSTO
10
1226.084738
20
97.500000
11
1226.518277
21
97.500000
0
LINE
8
NASCOSTO
10
1226.518277
20
97.500000
11
1226.930077
21
97.500000
0
LINE
8
NASCOSTO
10
1226.930077
20
97.500000
11
1227.299487
21
97.500000
0
LINE
8
NASCOSTO
10
1227.299487
20
97.500000
11
1227.607986
21
97.500000
0
LINE
8
NASCOSTO
10
1227.607986
20
97.500000
11
1227.840102
21
97.500000
0
LINE
8
NASCOSTO
10
1227.840102
20
97.500000
11
1227.984197
21
97.500000
0
LINE
8
NASCOSTO
10
1227.984197
20
97.500000
11
1228.033045
21
97.500000
0
LINE
8
NASCOSTO
10
1228.033045
20
97.500000
11
1227.984197
21
97.500000
0
LINE
8
NASCOSTO
10
1227.984197
20
97.500000
11
1227.840102
21
97.500000
0
LINE
8
NASCOSTO
10
1227.840102
20
97.500000
11
1227.607986
21
97.500000
0
LINE
8
NASCOSTO
10
1227.607986
20
97.500000
11
1227.299487
21
97.500000
0
LINE
8
NASCOSTO
10
1227.299487
20
97.500000
11
1226.930077
21
97.500000
0
LINE
8
NASCOSTO
10
1226.930077
20
97.500000
11
1226.518277
21
97.500000
0
LINE
8
NASCOSTO
10
1226.518277
20
97.500000
11
1226.084738
21
97.500000
0
LINE
8
NASCOSTO
10
1226.084738
20
97.500000
11
1225.651199
21
97.500000
0
LINE
8
NASCOSTO
10
1225.651199
20
97.500000
11
1225.239399
21
97.500000
0
LINE
8
NASCOSTO
10
1225.239399
20
97.500000
11
1224.869988
21
97.500000
0
LINE
8
NASCOSTO
10
1224.869988
20
97.500000
11
1224.561490
21
97.500000
0
LINE
8
NASCOSTO
10
1224.561490
20
97.500000
11
1224.329374
21
97.500000
0
LINE
8
NASCOSTO
10
1224.329374
20
97.500000
11
1224.185279
21
97.500000
0
LINE
8
NASCOSTO
10
1224.185279
20
97.500000
11
1224.136431
21
97.500000
0
LINE
8
NASCOSTO
10
1091.966955
20
97.500000
11
1091.966955
21
102.500000
0
LINE
8
NASCOSTO
10
1095.863569
20
97.500000
11
1095.863569
21
102.500000
0
LINE
8
NASCOSTO
10
1091.966955
20
97.500000
11
1091.966955
21
102.500000
0
LINE
8
NASCOSTO
10
1095.863569
20
97.500000
11
1095.863569
21
102.500000
0
LINE
8
NASCOSTO
10
1129.537741
20
101.496000
11
1129.537741
21
102.500000
0
LINE
8
NASCOSTO
10
1105.523259
20
101.496000
11
1105.523259
21
102.500000
0
LINE
8
NASCOSTO
10
1105.523259
20
101.496000
11
1129.537741
21
101.496000
0
LINE
8
NASCOSTO
10
1129.537741
20
101.496000
11
1129.537741
21
102.500000
0
LINE
8
NASCOSTO
10
1105.523259
20
101.496000
11
1105.523259
21
102.500000
0
LINE
8
NASCOSTO
10
1105.523259
20
101.496000
11
1129.537741
21
101.496000
0
LINE
8
NASCOSTO
10
1224.136431
20
97.500000
11
1224.136431
21
102.500000
0
LINE
8
NASCOSTO
10
1228.033045
20
97.500000
11
1228.033045
21
102.500000
0
LINE
8
NASCOSTO
10
1224.136431
20
97.500000
11
1224.136431
21
102.500000
0
LINE
8
NASCOSTO
10
1228.033045
20
97.500000
11
1228.033045
21
102.500000
0
LINE
8
NASCOSTO
10
1206.162500
20
99.496000
11
1206.473172
21
99.496000
0
LINE
8
NASCOSTO
10
1206.473172
20
99.496000
11
1206.779938
21
99.496000
0
LINE
8
NASCOSTO
10
1206.779938
20
99.496000
11
1207.078939
21
99.496000
0
LINE
8
NASCOSTO
10
1207.078939
20
99.496000
11
1207.366415
21
99.496000
0
LINE
8
NASCOSTO
10
1207.366415
20
99.496000
11
1207.638751
21
99.496000
0
LINE
8
NASCOSTO
10
1207.638751
20
99.496000
11
1207.892522
21
99.496000
0
LINE
8
NASCOSTO
10
1207.892522
20
99.496000
11
1208.124538
21
99.496000
0
LINE
8
NASCOSTO
10
1208.124538
20
99.496000
11
1208.331880
21
99.496000
0
LINE
8
NASCOSTO
10
1208.331880
20
99.496000
11
1208.511940
21
99.496000
0
LINE
8
NASCOSTO
10
1208.511940
20
99.496000
11
1208.662455
21
99.496000
0
LINE
8
NASCOSTO
10
1208.662455
20
99.496000
11
1208.781531
21
99.496000
0
LINE
8
NASCOSTO
10
1208.781531
20
99.496000
11
1208.867672
21
99.496000
0
LINE
8
NASCOSTO
10
1208.867672
20
99.496000
11
1208.919794
21
99.496000
0
LINE
8
NASCOSTO
10
1208.919794
20
99.496000
11
1208.937241
21
99.496000
0
LINE
8
NASCOSTO
10
1208.937241
20
99.496000
11
1208.867672
21
99.496000
0
LINE
8
NASCOSTO
10
1208.867672
20
99.496000
11
1208.662455
21
99.496000
0
LINE
8
NASCOSTO
10
1208.662455
20
99.496000
11
1208.331880
21
99.496000
0
LINE
8
NASCOSTO
10
1208.331880
20
99.496000
11
1207.892522
21
99.496000
0
LINE
8
NASCOSTO
10
1207.892522
20
99.496000
11
1207.366415
21
99.496000
0
LINE
8
NASCOSTO
10
1207.366415
20
99.496000
11
1206.779938
21
99.496000
0
LINE
8
NASCOSTO
10
1206.779938
20
99.496000
11
1206.162500
21
99.496000
0
LINE
8
NASCOSTO
10
1206.162500
20
99.496000
11
1205.545062
21
99.496000
0
LINE
8
NASCOSTO
10
1205.545062
20
99.496000
11
1204.958585
21
99.496000
0
LINE
8
NASCOSTO
10
1204.958585
20
99.496000
11
1204.432478
21
99.496000
0
LINE
8
NASCOSTO
10
1204.432478
20
99.496000
11
1203.993120
21
99.496000
0
LINE
8
NASCOSTO
10
1203.993120
20
99.496000
11
1203.662545
21
99.496000
0
LINE
8
NASCOSTO
10
1203.662545
20
99.496000
11
1203.457328
21
99.496000
0
LINE
8
NASCOSTO
10
1203.457328
20
99.496000
11
1203.387759
21
99.496000
0
LINE
8
NASCOSTO
10
1203.387759
20
99.496000
11
1203.405206
21
99.496000
0
LINE
8
NASCOSTO
10
1203.405206
20
99.496000
11
1203.457328
21
99.496000
0
LINE
8
NASCOSTO
10
1203.457328
20
99.496000
11
1203.543469
21
99.496000
0
LINE
8
NASCOSTO
10
1203.543469
20
99.496000
11
1203.662545
21
99.496000
0
LINE
8
NASCOSTO
10
1203.662545
20
99.496000
11
1203.813060
21
99.496000
0
LINE
8
NASCOSTO
10
1203.813060
20
99.496000
11
1203.993120
21
99.496000
0
LINE
8
NASCOSTO
10
1203.993120
20
99.496000
11
1204.200462
21
99.496000
0
LINE
8
NASCOSTO
10
1204.200462
20
99.496000
11
1204.432478
21
99.496000
0
LINE
8
NASCOSTO
10
1204.432478
20
99.496000
11
1204.686249
21
99.496000
0
LINE
8
NASCOSTO
10
1204.686249
20
99.496000
11
1204.958585
21
99.496000
0
LINE
8
NASCOSTO
10
1204.958585
20
99.496000
11
1205.246061
21
99.496000
0
LINE
8
NASCOSTO
10
1205.246061
20
99.496000
11
1205.545062
21
99.496000
0
LINE
8
NASCOSTO
10
1205.545062
20
99.496000
11
1205.851828
21
99.496000
0
LINE
8
NASCOSTO
10
1205.851828
20
99.496000
11
1206.162500
21
99.496000
0
LINE
8
NASCOSTO
10
1215.395000
20
99.496000
11
1215.705672
21
99.496000
0
LINE
8
NASCOSTO
10
1215.705672
20
99.496000
11
1216.012438
21
99.496000
0
LINE
8
NASCOSTO
10
1216.012438
20
99.496000
11
1216.311439
21
99.496000
0
LINE
8
NASCOSTO
10
1216.311439
20
99.496000
11
1216.598915
21
99.496000
0
LINE
8
NASCOSTO
10
1216.598915
20
99.496000
11
1216.871251
21
99.496000
0
LINE
8
NASCOSTO
10
1216.871251
20
99.496000
11
1217.125022
21
99.496000
0
LINE
8
NASCOSTO
10
1217.125022
20
99.496000
11
1217.357038
21
99.496000
0
LINE
8
NASCOSTO
10
1217.357038
20
99.496000
11
1217.564380
21
99.496000
0
LINE
8
NASCOSTO
10
1217.564380
20
99.496000
11
1217.744440
21
99.496000
0
LINE
8
NASCOSTO
10
1217.744440
20
99.496000
11
1217.894955
21
99.496000
0
LINE
8
NASCOSTO
10
1217.894955
20
99.496000
11
1218.014031
21
99.496000
0
LINE
8
NASCOSTO
10
1218.014031
20
99.496000
11
1218.100172
21
99.496000
0
LINE
8
NASCOSTO
10
1218.100172
20
99.496000
11
1218.152294
21
99.496000
0
LINE
8
NASCOSTO
10
1218.152294
20
99.496000
11
1218.169741
21
99.496000
0
LINE
8
NASCOSTO
10
1218.169741
20
99.496000
11
1218.100172
21
99.496000
0
LINE
8
NASCOSTO
10
1218.100172
20
99.496000
11
1217.894955
21
99.496000
0
LINE
8
NASCOSTO
10
1217.894955
20
99.496000
11
1217.564380
21
99.496000
0
LINE
8
NASCOSTO
10
1217.564380
20
99.496000
11
1217.125022
21
99.496000
0
LINE
8
NASCOSTO
10
1217.125022
20
99.496000
11
1216.598915
21
99.496000
0
LINE
8
NASCOSTO
10
1216.598915
20
99.496000
11
1216.012438
21
99.496000
0
LINE
8
NASCOSTO
10
1216.012438
20
99.496000
11
1215.395000
21
99.496000
0
LINE
8
NASCOSTO
10
1215.395000
20
99.496000
11
1214.777562
21
99.496000
0
LINE
8
NASCOSTO
10
1214.777562
20
99.496000
11
1214.191085
21
99.496000
0
LINE
8
NASCOSTO
10
1214.191085
20
99.496000
11
1213.664978
21
99.496000
0
LINE
8
NASCOSTO
10
1213.664978
20
99.496000
11
1213.225620
21
99.496000
0
LINE
8
NASCOSTO
10
1213.225620
20
99.496000
11
1212.895045
21
99.496000
0
LINE
8
NASCOSTO
10
1212.895045
20
99.496000
11
1212.689828
21
99.496000
0
LINE
8
NASCOSTO
10
1212.689828
20
99.496000
11
1212.620259
21
99.496000
0
LINE
8
NASCOSTO
10
1212.620259
20
99.496000
11
1212.637706
21
99.496000
0
LINE
8
NASCOSTO
10
1212.637706
20
99.496000
11
1212.689828
21
99.496000
0
LINE
8
NASCOSTO
10
1212.689828
20
99.496000
11
1212.775969
21
99.496000
0
LINE
8
NASCOSTO
10
1212.775969
20
99.496000
11
1212.895045
21
99.496000
0
LINE
8
NASCOSTO
10
1212.895045
20
99.496000
11
1213.045560
21
99.496000
0
LINE
8
NASCOSTO
10
1213.045560
20
99.496000
11
1213.225620
21
99.496000
0
LINE
8
NASCOSTO
10
1213.225620
20
99.496000
11
1213.432962
21
99.496000
0
LINE
8
NASCOSTO
10
1213.432962
20
99.496000
11
1213.664978
21
99.496000
0
LINE
8
NASCOSTO
10
1213.664978
20
99.496000
11
1213.918749
21
99.496000
0
LINE
8
NASCOSTO
10
1213.918749
20
99.496000
11
1214.191085
21
99.496000
0
LINE
8
NASCOSTO
10
1214.191085
20
99.496000
11
1214.478561
21
99.496000
0
LINE
8
NASCOSTO
10
1214.478561
20
99.496000
11
1214.777562
21
99.496000
0
LINE
8
NASCOSTO
10
1214.777562
20
99.496000
11
1215.084328
21
99.496000
0
LINE
8
NASCOSTO
10
1215.084328
20
99.496000
11
1215.395000
21
99.496000
0
LINE
8
NASCOSTO
10
1091.966955
20
97.500000
11
1091.966955
21
102.500000
0
LINE
8
NASCOSTO
10
1095.863569
20
97.500000
11
1095.863569
21
102.500000
0
LINE
8
NASCOSTO
10
1091.966955
20
97.500000
11
1091.966955
21
102.500000
0
LINE
8
NASCOSTO
10
1095.863569
20
97.500000
11
1095.863569
21
102.500000
0
LINE
8
NASCOSTO
10
1224.136431
20
97.500000
11
1224.136431
21
102.500000
0
LINE
8
NASCOSTO
10
1228.033045
20
97.500000
11
1228.033045
21
102.500000
0
LINE
8
NASCOSTO
10
1224.136431
20
97.500000
11
1224.136431
21
102.500000
0
LINE
8
NASCOSTO
10
1228.033045
20
97.500000
11
1228.033045
21
102.500000
0
LINE
8
NASCOSTO
10
1117.530500
20
101.496000
11
1115.355264
21
101.496000
0
LINE
8
NASCOSTO
10
1115.355264
20
101.496000
11
1114.388272
21
101.496000
0
LINE
8
NASCOSTO
10
1114.388272
20
101.496000
11
1113.613176
21
101.496000
0
LINE
8
NASCOSTO
10
1113.613176
20
101.496000
11
1113.255496
21
101.496000
0
LINE
8
NASCOSTO
10
1113.255496
20
101.496000
11
1112.909259
21
101.496000
0
LINE
8
NASCOSTO
10
1112.909259
20
101.496000
11
1113.076901
21
101.496000
0
LINE
8
NASCOSTO
10
1113.076901
20
101.496000
11
1113.255496
21
101.496000
0
LINE
8
NASCOSTO
10
1113.255496
20
101.496000
11
1113.613176
21
101.496000
0
LINE
8
NASCOSTO
10
1113.613176
20
101.496000
11
1114.388272
21
101.496000
0
LINE
8
NASCOSTO
10
1114.388272
20
101.496000
11
1115.355264
21
101.496000
0
LINE
8
NASCOSTO
10
1115.355264
20
101.496000
11
1115.992461
21
101.496000
0
LINE
8
NASCOSTO
10
1115.992461
20
101.496000
11
1117.530500
21
101.496000
0
LINE
8
NASCOSTO
10
1117.530500
20
101.496000
11
1118.623419
21
101.496000
0
LINE
8
NASCOSTO
10
1118.623419
20
101.496000
11
1119.068539
21
101.496000
0
LINE
8
NASCOSTO
10
1119.068539
20
101.496000
11
1119.705736
21
101.496000
0
LINE
8
NASCOSTO
10
1119.705736
20
101.496000
11
1120.672728
21
101.496000
0
LINE
8
NASCOSTO
10
1120.672728
20
101.496000
11
1121.447824
21
101.496000
0
LINE
8
NASCOSTO
10
1121.447824
20
101.496000
11
1121.805504
21
101.496000
0
LINE
8
NASCOSTO
10
1121.805504
20
101.496000
11
1121.984099
21
101.496000
0
LINE
8
NASCOSTO
10
1121.984099
20
101.496000
11
1122.151741
21
101.496000
0
LINE
8
NASCOSTO
10
1122.151741
20
101.496000
11
1121.805504
21
101.496000
0
LINE
8
NASCOSTO
10
1121.805504
20
101.496000
11
1121.447824
21
101.496000
0
LINE
8
NASCOSTO
10
1121.447824
20
101.496000
11
1120.672728
21
101.496000
0
LINE
8
NASCOSTO
10
1120.672728
20
101.496000
11
1119.705736
21
101.496000
0
LINE
8
NASCOSTO
10
1119.705736
20
101.496000
11
1117.530500
21
101.496000
0
LINE
8
NASCOSTO
10
1117.530500
20
99.496000
11
1118.047915
21
99.496000
0
LINE
8
NASCOSTO
10
1118.047915
20
99.496000
11
1118.558823
21
99.496000
0
LINE
8
NASCOSTO
10
1118.558823
20
99.496000
11
1119.056799
21
99.496000
0
LINE
8
NASCOSTO
10
1119.056799
20
99.496000
11
1119.535581
21
99.496000
0
LINE
8
NASCOSTO
10
1119.535581
20
99.496000
11
1119.989148
21
99.496000
0
LINE
8
NASCOSTO
10
1119.989148
20
99.496000
11
1120.411796
21
99.496000
0
LINE
8
NASCOSTO
10
1120.411796
20
99.496000
11
1120.798211
21
99.496000
0
LINE
8
NASCOSTO
10
1120.798211
20
99.496000
11
1121.143531
21
99.496000
0
LINE
8
NASCOSTO
10
1121.143531
20
99.496000
11
1121.443416
21
99.496000
0
LINE
8
NASCOSTO
10
1121.443416
20
99.496000
11
1121.694094
21
99.496000
0
LINE
8
NASCOSTO
10
1121.694094
20
99.496000
11
1121.892412
21
99.496000
0
LINE
8
NASCOSTO
10
1121.892412
20
99.496000
11
1122.035876
21
99.496000
0
LINE
8
NASCOSTO
10
1122.035876
20
99.496000
11
1122.122683
21
99.496000
0
LINE
8
NASCOSTO
10
1122.122683
20
99.496000
11
1122.151741
21
99.496000
0
LINE
8
NASCOSTO
10
1122.151741
20
99.496000
11
1122.035876
21
99.496000
0
LINE
8
NASCOSTO
10
1122.035876
20
99.496000
11
1121.694094
21
99.496000
0
LINE
8
NASCOSTO
10
1121.694094
20
99.496000
11
1121.143531
21
99.496000
0
LINE
8
NASCOSTO
10
1121.143531
20
99.496000
11
1120.411796
21
99.496000
0
LINE
8
NASCOSTO
10
1120.411796
20
99.496000
11
1119.535581
21
99.496000
0
LINE
8
NASCOSTO
10
1119.535581
20
99.496000
11
1118.558823
21
99.496000
0
LINE
8
NASCOSTO
10
1118.558823
20
99.496000
11
1117.530500
21
99.496000
0
LINE
8
NASCOSTO
10
1117.530500
20
99.496000
11
1116.502177
21
99.496000
0
LINE
8
NASCOSTO
10
1116.502177
20
99.496000
11
1115.525419
21
99.496000
0
LINE
8
NASCOSTO
10
1115.525419
20
99.496000
11
1114.649204
21
99.496000
0
LINE
8
NASCOSTO
10
1114.649204
20
99.496000
11
1113.917469
21
99.496000
0
LINE
8
NASCOSTO
10
1113.917469
20
99.496000
11
1113.366906
21
99.496000
0
LINE
8
NASCOSTO
10
1113.366906
20
99.496000
11
1113.025124
21
99.496000
0
LINE
8
NASCOSTO
10
1113.025124
20
99.496000
11
1112.909259
21
99.496000
0
LINE
8
NASCOSTO
10
1112.909259
20
99.496000
11
1112.938317
21
99.496000
0
LINE
8
NASCOSTO
10
1112.938317
20
99.496000
11
1113.025124
21
99.496000
0
LINE
8
NASCOSTO
10
1113.025124
20
99.496000
11
1113.168588
21
99.496000
0
LINE
8
NASCOSTO
10
1113.168588
20
99.496000
11
1113.366906
21
99.496000
0
LINE
8
NASCOSTO
10
1113.366906
20
99.496000
11
1113.617584
21
99.496000
0
LINE
8
NASCOSTO
10
1113.617584
20
99.496000
11
1113.917469
21
99.496000
0
LINE
8
NASCOSTO
10
1113.917469
20
99.496000
11
1114.262789
21
99.496000
0
LINE
8
NASCOSTO
10
1114.262789
20
99.496000
11
1114.649204
21
99.496000
0
LINE
8
NASCOSTO
10
1114.649204
20
99.496000
11
1115.071852
21
99.496000
0
LINE
8
NASCOSTO
10
1115.071852
20
99.496000
11
1115.525419
21
99.496000
0
LINE
8
NASCOSTO
10
1115.525419
20
99.496000
11
1116.004201
21
99.496000
0
LINE
8
NASCOSTO
10
1116.004201
20
99.496000
11
1116.502177
21
99.496000
0
LINE
8
NASCOSTO
10
1116.502177
20
99.496000
11
1117.013085
21
99.496000
0
LINE
8
NASCOSTO
10
1117.013085
20
99.496000
11
1117.530500
21
99.496000
0
LINE
8
NASCOSTO
10
1086.140000
20
100.500000
11
1233.860000
21
100.500000
0
LINE
8
CONTORNO
10
1086.140000
20
100.500000
11
1086.140000
21
102.500000
0
LINE
8
CONTORNO
10
1233.860000
20
100.500000
11
1233.860000
21
102.500000
0
LINE
8
CONTORNO
10
1086.140000
20
102.500000
11
1233.860000
21
102.500000
0
LINE
8
CONTORNO
10
1086.140000
20
100.500000
11
1086.158863
21
100.164107
0
LINE
8
CONTORNO
10
1086.158863
20
100.164107
11
1086.215216
21
99.832437
0
LINE
8
CONTORNO
10
1086.215216
20
99.832437
11
1086.308350
21
99.509163
0
LINE
8
CONTORNO
10
1086.308350
20
99.509163
11
1086.437093
21
99.198349
0
LINE
8
CONTORNO
10
1086.437093
20
99.198349
11
1086.599827
21
98.903904
0
LINE
8
CONTORNO
10
1086.599827
20
98.903904
11
1086.794506
21
98.629531
0
LINE
8
CONTORNO
10
1086.794506
20
98.629531
11
1087.018680
21
98.378680
0
LINE
8
CONTORNO
10
1087.018680
20
98.378680
11
1087.269531
21
98.154506
0
LINE
8
CONTORNO
10
1087.269531
20
98.154506
11
1087.543904
21
97.959827
0
LINE
8
CONTORNO
10
1087.543904
20
97.959827
11
1087.838349
21
97.797093
0
LINE
8
CONTORNO
10
1087.838349
20
97.797093
11
1088.149163
21
97.668350
0
LINE
8
CONTORNO
10
1088.149163
20
97.668350
11
1088.472437
21
97.575216
0
LINE
8
CONTORNO
10
1088.472437
20
97.575216
11
1088.804107
21
97.518863
0
LINE
8
CONTORNO
10
1088.804107
20
97.518863
11
1089.140000
21
97.500000
0
LINE
8
CONTORNO
10
1086.140000
20
100.500000
11
1086.158863
21
100.164107
0
LINE
8
CONTORNO
10
1086.158863
20
100.164107
11
1086.215216
21
99.832437
0
LINE
8
CONTORNO
10
1086.215216
20
99.832437
11
1086.308350
21
99.509163
0
LINE
8
CONTORNO
10
1086.308350
20
99.509163
11
1086.437093
21
99.198349
0
LINE
8
CONTORNO
10
1086.437093
20
99.198349
11
1086.599827
21
98.903904
0
LINE
8
CONTORNO
10
1086.599827
20
98.903904
11
1086.794506
21
98.629531
0
LINE
8
CONTORNO
10
1086.794506
20
98.629531
11
1087.018680
21
98.378680
0
LINE
8
CONTORNO
10
1087.018680
20
98.378680
11
1087.269531
21
98.154506
0
LINE
8
CONTORNO
10
1087.269531
20
98.154506
11
1087.543904
21
97.959827
0
LINE
8
CONTORNO
10
1087.543904
20
97.959827
11
1087.838349
21
97.797093
0
LINE
8
CONTORNO
10
1087.838349
20
97.797093
11
1088.149163
21
97.668350
0
LINE
8
CONTORNO
10
1088.149163
20
97.668350
11
1088.472437
21
97.575216
0
LINE
8
CONTORNO
10
1088.472437
20
97.575216
11
1088.804107
21
97.518863
0
LINE
8
CONTORNO
10
1088.804107
20
97.518863
11
1089.140000
21
97.500000
0
LINE
8
CONTORNO
10
1089.140000
20
97.500000
11
1230.860000
21
97.500000
0
LINE
8
CONTORNO
10
1233.860000
20
100.500000
11
1233.841137
21
100.164107
0
LINE
8
CONTORNO
10
1233.841137
20
100.164107
11
1233.784784
21
99.832437
0
LINE
8
CONTORNO
10
1233.784784
20
99.832437
11
1233.691650
21
99.509163
0
LINE
8
CONTORNO
10
1233.691650
20
99.509163
11
1233.562907
21
99.198349
0
LINE
8
CONTORNO
10
1233.562907
20
99.198349
11
1233.400173
21
98.903904
0
LINE
8
CONTORNO
10
1233.400173
20
98.903904
11
1233.205494
21
98.629531
0
LINE
8
CONTORNO
10
1233.205494
20
98.629531
11
1232.981320
21
98.378680
0
LINE
8
CONTORNO
10
1232.981320
20
98.378680
11
1232.730469
21
98.154506
0
LINE
8
CONTORNO
10
1232.730469
20
98.154506
11
1232.456096
21
97.959827
0
LINE
8
CONTORNO
10
1232.456096
20
97.959827
11
1232.161651
21
97.797093
0
LINE
8
CONTORNO
10
1232.161651
20
97.797093
11
1231.850837
21
97.668350
0
LINE
8
CONTORNO
10
1231.850837
20
97.668350
11
1231.527563
21
97.575216
0
LINE
8
CONTORNO
10
1231.527563
20
97.575216
11
1231.195893
21
97.518863
0
LINE
8
CONTORNO
10
1231.195893
20
97.518863
11
1230.860000
21
97.500000
0
LINE
8
CONTORNO
10
1233.860000
20
100.500000
11
1233.841137
21
100.164107
0
LINE
8
CONTORNO
10
1233.841137
20
100.164107
11
1233.784784
21
99.832437
0
LINE
8
CONTORNO
10
1233.784784
20
99.832437
11
1233.691650
21
99.509163
0
LINE
8
CONTORNO
10
1233.691650
20
99.509163
11
1233.562907
21
99.198349
0
LINE
8
CONTORNO
10
1233.562907
20
99.198349
11
1233.400173
21
98.903904
0
LINE
8
CONTORNO
10
1233.400173
20
98.903904
11
1233.205494
21
98.629531
0
LINE
8
CONTORNO
10
1233.205494
20
98.629531
11
1232.981320
21
98.378680
0
LINE
8
CONTORNO
10
1232.981320
20
98.378680
11
1232.730469
21
98.154506
0
LINE
8
CONTORNO
10
1232.730469
20
98.154506
11
1232.456096
21
97.959827
0
LINE
8
CONTORNO
10
1232.456096
20
97.959827
11
1232.161651
21
97.797093
0
LINE
8
CONTORNO
10
1232.161651
20
97.797093
11
1231.850837
21
97.668350
0
LINE
8
CONTORNO
10
1231.850837
20
97.668350
11
1231.527563
21
97.575216
0
LINE
8
CONTORNO
10
1231.527563
20
97.575216
11
1231.195893
21
97.518863
0
LINE
8
CONTORNO
10
1231.195893
20
97.518863
11
1230.860000
21
97.500000
0
LINE
8
CONTORNO
10
1086.140000
20
100.500000
11
1233.860000
21
100.500000
0
LINE
8
QUOTE
10
1234.860000
20
97.500000
11
1251.360000
21
97.500000
0
LINE
8
QUOTE
10
1234.860000
20
102.500000
11
1251.360000
21
102.500000
0
LINE
8
QUOTE
10
1249.860000
20
97.500000
11
1249.860000
21
102.500000
0
LINE
8
QUOTE
10
1249.860000
20
91.500000
11
1249.860000
21
97.500000
0
LINE
8
QUOTE
10
1249.860000
20
102.500000
11
1249.860000
21
108.500000
0
LINE
8
QUOTE
10
1249.860000
20
97.500000
11
1250.360000
21
94.500000
0
LINE
8
QUOTE
10
1250.360000
20
94.500000
11
1249.360000
21
94.500000
0
LINE
8
QUOTE
10
1249.360000
20
94.500000
11
1249.860000
21
97.500000
0
LINE
8
QUOTE
10
1249.860000
20
102.500000
11
1249.360000
21
105.500000
0
LINE
8
QUOTE
10
1249.360000
20
105.500000
11
1250.360000
21
105.500000
0
LINE
8
QUOTE
10
1250.360000
20
105.500000
11
1249.860000
21
102.500000
0
TEXT
8
QUOTE
10
1248.960000
20
100.000000
40
2.500000
1
2.50
50
90.000000
72
1.000000
11
1248.960000
21
100.000000
0
TEXT
8
CONTORNO
10
1160.000000
20
50.000000
40
3.400000
1
SEZIONE D-D  (piano Y = -10.6345)
50
0.000000
72
1.000000
11
1160.000000
21
50.000000
0
LINE
8
SEZIONE
10
1229.907734
20
59.500000
11
1233.860000
21
63.452266
0
LINE
8
SEZIONE
10
1227.644993
20
59.500000
11
1232.644993
21
64.500000
0
LINE
8
SEZIONE
10
1225.382251
20
59.500000
11
1230.382251
21
64.500000
0
LINE
8
SEZIONE
10
1223.119509
20
59.500000
11
1228.119509
21
64.500000
0
LINE
8
SEZIONE
10
1220.856768
20
59.500000
11
1225.856768
21
64.500000
0
LINE
8
SEZIONE
10
1218.594026
20
59.500000
11
1223.594026
21
64.500000
0
LINE
8
SEZIONE
10
1216.331284
20
59.500000
11
1221.331284
21
64.500000
0
LINE
8
SEZIONE
10
1214.068542
20
59.500000
11
1219.068542
21
64.500000
0
LINE
8
SEZIONE
10
1211.805801
20
59.500000
11
1216.805801
21
64.500000
0
LINE
8
SEZIONE
10
1209.543059
20
59.500000
11
1214.543059
21
64.500000
0
LINE
8
SEZIONE
10
1207.280317
20
59.500000
11
1212.280317
21
64.500000
0
LINE
8
SEZIONE
10
1205.017576
20
59.500000
11
1210.017576
21
64.500000
0
LINE
8
SEZIONE
10
1202.754834
20
59.500000
11
1207.754834
21
64.500000
0
LINE
8
SEZIONE
10
1200.492092
20
59.500000
11
1205.492092
21
64.500000
0
LINE
8
SEZIONE
10
1198.229351
20
59.500000
11
1203.229351
21
64.500000
0
LINE
8
SEZIONE
10
1195.966609
20
59.500000
11
1200.966609
21
64.500000
0
LINE
8
SEZIONE
10
1193.703867
20
59.500000
11
1198.703867
21
64.500000
0
LINE
8
SEZIONE
10
1191.441125
20
59.500000
11
1196.441125
21
64.500000
0
LINE
8
SEZIONE
10
1189.178384
20
59.500000
11
1194.178384
21
64.500000
0
LINE
8
SEZIONE
10
1186.915642
20
59.500000
11
1191.915642
21
64.500000
0
LINE
8
SEZIONE
10
1184.652900
20
59.500000
11
1189.652900
21
64.500000
0
LINE
8
SEZIONE
10
1182.390159
20
59.500000
11
1187.390159
21
64.500000
0
LINE
8
SEZIONE
10
1180.127417
20
59.500000
11
1185.127417
21
64.500000
0
LINE
8
SEZIONE
10
1177.864675
20
59.500000
11
1182.864675
21
64.500000
0
LINE
8
SEZIONE
10
1175.601934
20
59.500000
11
1180.601934
21
64.500000
0
LINE
8
SEZIONE
10
1173.339192
20
59.500000
11
1178.339192
21
64.500000
0
LINE
8
SEZIONE
10
1171.076450
20
59.500000
11
1176.076450
21
64.500000
0
LINE
8
SEZIONE
10
1168.813708
20
59.500000
11
1173.813708
21
64.500000
0
LINE
8
SEZIONE
10
1166.550967
20
59.500000
11
1171.550967
21
64.500000
0
LINE
8
SEZIONE
10
1164.288225
20
59.500000
11
1169.288225
21
64.500000
0
LINE
8
SEZIONE
10
1162.025483
20
59.500000
11
1167.025483
21
64.500000
0
LINE
8
SEZIONE
10
1159.762742
20
59.500000
11
1164.762742
21
64.500000
0
LINE
8
SEZIONE
10
1157.500000
20
59.500000
11
1162.500000
21
64.500000
0
LINE
8
SEZIONE
10
1155.237258
20
59.500000
11
1160.237258
21
64.500000
0
LINE
8
SEZIONE
10
1152.974517
20
59.500000
11
1157.974517
21
64.500000
0
LINE
8
SEZIONE
10
1150.711775
20
59.500000
11
1155.711775
21
64.500000
0
LINE
8
SEZIONE
10
1148.449033
20
59.500000
11
1153.449033
21
64.500000
0
LINE
8
SEZIONE
10
1146.186292
20
59.500000
11
1151.186292
21
64.500000
0
LINE
8
SEZIONE
10
1143.923550
20
59.500000
11
1148.923550
21
64.500000
0
LINE
8
SEZIONE
10
1141.660808
20
59.500000
11
1146.660808
21
64.500000
0
LINE
8
SEZIONE
10
1139.398066
20
59.500000
11
1144.398066
21
64.500000
0
LINE
8
SEZIONE
10
1137.135325
20
59.500000
11
1142.135325
21
64.500000
0
LINE
8
SEZIONE
10
1134.872583
20
59.500000
11
1139.872583
21
64.500000
0
LINE
8
SEZIONE
10
1132.609841
20
59.500000
11
1137.609841
21
64.500000
0
LINE
8
SEZIONE
10
1130.347100
20
59.500000
11
1135.347100
21
64.500000
0
LINE
8
SEZIONE
10
1128.084358
20
59.500000
11
1133.084358
21
64.500000
0
LINE
8
SEZIONE
10
1125.821616
20
59.500000
11
1130.821616
21
64.500000
0
LINE
8
SEZIONE
10
1123.558875
20
59.500000
11
1127.554875
21
63.496000
0
LINE
8
SEZIONE
10
1121.296133
20
59.500000
11
1125.292133
21
63.496001
0
LINE
8
SEZIONE
10
1119.033391
20
59.500000
11
1121.029391
21
61.496000
0
LINE
8
SEZIONE
10
1122.151741
20
62.618349
11
1123.029392
21
63.496001
0
LINE
8
SEZIONE
10
1116.770649
20
59.500000
11
1118.766649
21
61.496000
0
LINE
8
SEZIONE
10
1114.507908
20
59.500000
11
1116.503908
21
61.496000
0
LINE
8
SEZIONE
10
1112.245166
20
59.500000
11
1114.241166
21
61.496000
0
LINE
8
SEZIONE
10
1109.982424
20
59.500000
11
1112.909259
21
62.426835
0
LINE
8
SEZIONE
10
1107.719683
20
59.500000
11
1111.715683
21
63.496000
0
LINE
8
SEZIONE
10
1105.456941
20
59.500000
11
1109.452941
21
63.496000
0
LINE
8
SEZIONE
10
1103.194199
20
59.500000
11
1107.190199
21
63.496000
0
LINE
8
SEZIONE
10
1100.931458
20
59.500000
11
1105.523259
21
64.091802
0
LINE
8
SEZIONE
10
1098.668716
20
59.500000
11
1103.668716
21
64.500000
0
LINE
8
SEZIONE
10
1096.405974
20
59.500000
11
1101.405974
21
64.500000
0
LINE
8
SEZIONE
10
1094.143232
20
59.500000
11
1099.143232
21
64.500000
0
LINE
8
SEZIONE
10
1091.880491
20
59.500000
11
1096.880491
21
64.500000
0
LINE
8
SEZIONE
10
1089.617749
20
59.500000
11
1094.617749
21
64.500000
0
LINE
8
SEZIONE
10
1087.757701
20
59.902694
11
1092.355007
21
64.500000
0
LINE
8
SEZIONE
10
1086.581072
20
60.988806
11
1090.092266
21
64.500000
0
LINE
8
SEZIONE
10
1086.140000
20
62.810476
11
1087.829524
21
64.500000
0
LINE
8
CONTORNO
10
1086.140000
20
64.500000
11
1086.140000
21
62.500000
0
LINE
8
CONTORNO
10
1086.140000
20
64.500000
11
1105.523259
21
64.500000
0
LINE
8
CONTORNO
10
1105.523259
20
64.500000
11
1105.523259
21
63.496000
0
LINE
8
CONTORNO
10
1105.523259
20
63.496000
11
1112.909259
21
63.496000
0
LINE
8
CONTORNO
10
1112.909259
20
63.496001
11
1112.909259
21
61.496000
0
LINE
8
CONTORNO
10
1122.151741
20
61.496000
11
1112.909259
21
61.496000
0
LINE
8
CONTORNO
10
1122.151741
20
63.496001
11
1122.151741
21
61.496000
0
LINE
8
CONTORNO
10
1122.151741
20
63.496000
11
1129.537741
21
63.496000
0
LINE
8
CONTORNO
10
1129.537741
20
64.500000
11
1129.537741
21
63.496000
0
LINE
8
CONTORNO
10
1129.537741
20
64.500000
11
1233.860000
21
64.500000
0
LINE
8
CONTORNO
10
1233.860000
20
64.500000
11
1233.860000
21
62.500000
0
ARC
8
CONTORNO
10
1230.860000
20
62.500000
40
3.000000
50
0.000000
51
90.000000
0
LINE
8
CONTORNO
10
1089.140000
20
59.500000
11
1230.860000
21
59.500000
0
ARC
8
CONTORNO
10
1089.140000
20
62.500000
40
3.000000
50
270.000000
51
360.000000
0
LINE
8
CONTORNO
10
1129.537741
20
64.500000
11
1105.523259
21
64.500000
0
LINE
8
CONTORNO
10
1122.151741
20
63.496000
11
1121.805504
21
63.496000
0
LINE
8
CONTORNO
10
1121.805504
20
63.496000
11
1121.447824
21
63.496000
0
LINE
8
CONTORNO
10
1121.447824
20
63.496000
11
1120.672728
21
63.496000
0
LINE
8
CONTORNO
10
1120.672728
20
63.496000
11
1119.705736
21
63.496000
0
LINE
8
CONTORNO
10
1119.705736
20
63.496000
11
1117.530500
21
63.496000
0
LINE
8
CONTORNO
10
1117.530500
20
63.496000
11
1115.355264
21
63.496000
0
LINE
8
CONTORNO
10
1115.355264
20
63.496000
11
1114.388272
21
63.496000
0
LINE
8
CONTORNO
10
1114.388272
20
63.496000
11
1113.613176
21
63.496000
0
LINE
8
CONTORNO
10
1113.613176
20
63.496000
11
1113.255496
21
63.496000
0
LINE
8
CONTORNO
10
1113.255496
20
63.496000
11
1112.909259
21
63.496000
0
LINE
8
CORNICE
10
902.000000
20
105.000000
11
1064.000000
21
105.000000
0
LINE
8
CORNICE
10
1064.000000
20
105.000000
11
1064.000000
21
157.000000
0
LINE
8
CORNICE
10
1064.000000
20
157.000000
11
902.000000
21
157.000000
0
LINE
8
CORNICE
10
902.000000
20
157.000000
11
902.000000
21
105.000000
0
TEXT
8
CONTORNO
10
905.000000
20
151.000000
40
3.000000
1
VERIFICA CONTRO LA TAVOLA TINKERCAD
50
0.000000
72
0.000000
11
905.000000
21
151.000000
0
TEXT
8
CONTORNO
10
905.000000
20
144.000000
40
2.200000
1
quota
50
0.000000
72
0.000000
11
905.000000
21
144.000000
0
TEXT
8
CONTORNO
10
1006.000000
20
144.000000
40
2.200000
1
tavola
50
0.000000
72
2.000000
11
1006.000000
21
144.000000
0
TEXT
8
CONTORNO
10
1032.000000
20
144.000000
40
2.200000
1
modello
50
0.000000
72
2.000000
11
1032.000000
21
144.000000
0
TEXT
8
CONTORNO
10
1058.000000
20
144.000000
40
2.200000
1
delta
50
0.000000
72
2.000000
11
1058.000000
21
144.000000
0
LINE
8
CORNICE
10
904.000000
20
142.000000
11
1062.000000
21
142.000000
0
TEXT
8
CONTORNO
10
905.000000
20
138.000000
40
2.400000
1
T1  Scatola  lunghezza
50
0.000000
72
0.000000
11
905.000000
21
138.000000
0
TEXT
8
CONTORNO
10
1006.000000
20
138.000000
40
2.400000
1
80.00
50
0.000000
72
2.000000
11
1006.000000
21
138.000000
0
TEXT
8
CONTORNO
10
1032.000000
20
138.000000
40
2.400000
1
80.000
50
0.000000
72
2.000000
11
1032.000000
21
138.000000
0
TEXT
8
CONTORNO
10
1058.000000
20
138.000000
40
2.400000
1
+0.000
50
0.000000
72
2.000000
11
1058.000000
21
138.000000
0
TEXT
8
CONTORNO
10
905.000000
20
132.000000
40
2.400000
1
T2  Scatola  larghezza
50
0.000000
72
0.000000
11
905.000000
21
132.000000
0
TEXT
8
CONTORNO
10
1006.000000
20
132.000000
40
2.400000
1
46.00
50
0.000000
72
2.000000
11
1006.000000
21
132.000000
0
TEXT
8
CONTORNO
10
1032.000000
20
132.000000
40
2.400000
1
46.000
50
0.000000
72
2.000000
11
1032.000000
21
132.000000
0
TEXT
8
CONTORNO
10
1058.000000
20
132.000000
40
2.400000
1
+0.000
50
0.000000
72
2.000000
11
1058.000000
21
132.000000
0
TEXT
8
CONTORNO
10
905.000000
20
126.000000
40
2.400000
1
T3  Scatola  altezza
50
0.000000
72
0.000000
11
905.000000
21
126.000000
0
TEXT
8
CONTORNO
10
1006.000000
20
126.000000
40
2.400000
1
27.00
50
0.000000
72
2.000000
11
1006.000000
21
126.000000
0
TEXT
8
CONTORNO
10
1032.000000
20
126.000000
40
2.400000
1
27.000
50
0.000000
72
2.000000
11
1032.000000
21
126.000000
0
TEXT
8
CONTORNO
10
1058.000000
20
126.000000
40
2.400000
1
+0.000
50
0.000000
72
2.000000
11
1058.000000
21
126.000000
0
TEXT
8
CONTORNO
10
905.000000
20
120.000000
40
2.400000
1
T4  Coperchio lunghezza
50
0.000000
72
0.000000
11
905.000000
21
120.000000
0
TEXT
8
CONTORNO
10
1006.000000
20
120.000000
40
2.400000
1
74.00
50
0.000000
72
2.000000
11
1006.000000
21
120.000000
0
TEXT
8
CONTORNO
10
1032.000000
20
120.000000
40
2.400000
1
73.860
50
0.000000
72
2.000000
11
1032.000000
21
120.000000
0
TEXT
8
ASSI
10
1058.000000
20
120.000000
40
2.400000
1
-0.140
50
0.000000
72
2.000000
11
1058.000000
21
120.000000
0
TEXT
8
CONTORNO
10
905.000000
20
114.000000
40
2.400000
1
T5  Coperchio larghezza
50
0.000000
72
0.000000
11
905.000000
21
114.000000
0
TEXT
8
CONTORNO
10
1006.000000
20
114.000000
40
2.400000
1
46.00
50
0.000000
72
2.000000
11
1006.000000
21
114.000000
0
TEXT
8
CONTORNO
10
1032.000000
20
114.000000
40
2.400000
1
46.000
50
0.000000
72
2.000000
11
1032.000000
21
114.000000
0
TEXT
8
CONTORNO
10
1058.000000
20
114.000000
40
2.400000
1
+0.000
50
0.000000
72
2.000000
11
1058.000000
21
114.000000
0
TEXT
8
CONTORNO
10
905.000000
20
108.000000
40
2.400000
1
T6  Coperchio spessore
50
0.000000
72
0.000000
11
905.000000
21
108.000000
0
TEXT
8
CONTORNO
10
1006.000000
20
108.000000
40
2.400000
1
2.50
50
0.000000
72
2.000000
11
1006.000000
21
108.000000
0
TEXT
8
CONTORNO
10
1032.000000
20
108.000000
40
2.400000
1
2.500
50
0.000000
72
2.000000
11
1032.000000
21
108.000000
0
TEXT
8
CONTORNO
10
1058.000000
20
108.000000
40
2.400000
1
+0.000
50
0.000000
72
2.000000
11
1058.000000
21
108.000000
0
LINE
8
CORNICE
10
1330.000000
20
10.000000
11
1730.000000
21
10.000000
0
LINE
8
CORNICE
10
1730.000000
20
10.000000
11
1730.000000
21
287.000000
0
LINE
8
CORNICE
10
1730.000000
20
287.000000
11
1330.000000
21
287.000000
0
LINE
8
CORNICE
10
1330.000000
20
287.000000
11
1330.000000
21
10.000000
0
LINE
8
CORNICE
10
1335.000000
20
15.000000
11
1505.000000
21
15.000000
0
LINE
8
CORNICE
10
1505.000000
20
15.000000
11
1505.000000
21
74.000000
0
LINE
8
CORNICE
10
1505.000000
20
74.000000
11
1335.000000
21
74.000000
0
LINE
8
CORNICE
10
1335.000000
20
74.000000
11
1335.000000
21
15.000000
0
LINE
8
CORNICE
10
1335.000000
20
29.000000
11
1505.000000
21
29.000000
0
LINE
8
CORNICE
10
1335.000000
20
62.000000
11
1505.000000
21
62.000000
0
LINE
8
CORNICE
10
1335.000000
20
40.000000
11
1505.000000
21
40.000000
0
LINE
8
CORNICE
10
1335.000000
20
51.000000
11
1505.000000
21
51.000000
0
LINE
8
CORNICE
10
1435.000000
20
29.000000
11
1435.000000
21
62.000000
0
TEXT
8
CONTORNO
10
1338.000000
20
66.000000
40
4.500000
1
CONTENITORE TAISER
50
0.000000
72
0.000000
11
1338.000000
21
66.000000
0
TEXT
8
CONTORNO
10
1338.000000
20
58.000000
40
2.000000
1
OGGETTO
50
0.000000
72
0.000000
11
1338.000000
21
58.000000
0
TEXT
8
CONTORNO
10
1338.000000
20
53.500000
40
2.800000
1
Assonometria isometrica
50
0.000000
72
0.000000
11
1338.000000
21
53.500000
0
TEXT
8
CONTORNO
10
1338.000000
20
47.000000
40
2.000000
1
SCALA
50
0.000000
72
0.000000
11
1338.000000
21
47.000000
0
TEXT
8
CONTORNO
10
1338.000000
20
42.500000
40
2.800000
1
2:1     UNITA: mm
50
0.000000
72
0.000000
11
1338.000000
21
42.500000
0
TEXT
8
CONTORNO
10
1338.000000
20
36.000000
40
2.000000
1
PROIEZIONE
50
0.000000
72
0.000000
11
1338.000000
21
36.000000
0
TEXT
8
CONTORNO
10
1338.000000
20
31.500000
40
2.800000
1
europea (1o diedro)
50
0.000000
72
0.000000
11
1338.000000
21
31.500000
0
TEXT
8
CONTORNO
10
1438.000000
20
58.000000
40
2.000000
1
FOGLIO
50
0.000000
72
0.000000
11
1438.000000
21
58.000000
0
TEXT
8
CONTORNO
10
1438.000000
20
53.500000
40
2.800000
1
4 di 4
50
0.000000
72
0.000000
11
1438.000000
21
53.500000
0
TEXT
8
CONTORNO
10
1438.000000
20
47.000000
40
2.000000
1
FORMATO
50
0.000000
72
0.000000
11
1438.000000
21
47.000000
0
TEXT
8
CONTORNO
10
1438.000000
20
42.500000
40
2.800000
1
A3   420 x 297
50
0.000000
72
0.000000
11
1438.000000
21
42.500000
0
TEXT
8
CONTORNO
10
1438.000000
20
36.000000
40
2.000000
1
ORIGINE
50
0.000000
72
0.000000
11
1438.000000
21
36.000000
0
TEXT
8
CONTORNO
10
1438.000000
20
31.500000
40
2.800000
1
modello parametrico FreeCAD
50
0.000000
72
0.000000
11
1438.000000
21
31.500000
0
TEXT
8
CONTORNO
10
1338.000000
20
25.000000
40
2.200000
1
Assonometria isometrica: osservatore in (1, -1, 1), asse Z del modello verticale.
50
0.000000
72
0.000000
11
1338.000000
21
25.000000
0
TEXT
8
CONTORNO
10
1338.000000
20
21.700000
40
2.200000
1
Vista di orientamento, non di misura: le quote stanno sui fogli 1, 2 e 3.
50
0.000000
72
0.000000
11
1338.000000
21
21.700000
0
TEXT
8
CONTORNO
10
1338.000000
20
18.400000
40
2.200000
1
Coperchio in posizione di montaggio, appoggiato sul bordo della scatola.
50
0.000000
72
0.000000
11
1338.000000
21
18.400000
0
CIRCLE
8
CORNICE
10
1696.000000
20
18.000000
40
4.000000
0
CIRCLE
8
CORNICE
10
1696.000000
20
18.000000
40
2.400000
0
LINE
8
CORNICE
10
1705.000000
20
14.000000
11
1718.000000
21
15.600000
0
LINE
8
CORNICE
10
1718.000000
20
15.600000
11
1718.000000
21
20.400000
0
LINE
8
CORNICE
10
1718.000000
20
20.400000
11
1705.000000
21
22.000000
0
LINE
8
CORNICE
10
1705.000000
20
22.000000
11
1705.000000
21
14.000000
0
LINE
8
CONTORNO
10
1624.523810
20
110.679811
11
1625.443234
21
111.309634
0
LINE
8
CONTORNO
10
1625.443234
20
111.309634
11
1626.307469
21
112.425861
0
LINE
8
CONTORNO
10
1626.307469
20
112.425861
11
1626.835060
21
113.784011
0
LINE
8
CONTORNO
10
1626.835060
20
113.784011
11
1626.896995
21
114.790287
0
LINE
8
CONTORNO
10
1568.622844
20
172.805519
11
1568.622844
21
169.857966
0
LINE
8
CONTORNO
10
1568.622844
20
169.857966
11
1574.657293
21
166.373975
0
LINE
8
CONTORNO
10
1515.246181
20
164.019199
11
1515.246181
21
205.660525
0
LINE
8
CONTORNO
10
1515.246181
20
205.660525
11
1517.367502
21
206.885270
0
LINE
8
CONTORNO
10
1619.699995
20
103.712762
11
1619.699995
21
145.354087
0
LINE
8
CONTORNO
10
1515.246181
20
205.660525
11
1619.699995
21
145.354087
0
LINE
8
CONTORNO
10
1565.511574
20
174.601811
11
1574.657293
21
169.321528
0
LINE
8
CONTORNO
10
1574.657293
20
169.321528
11
1574.657293
21
162.781390
0
LINE
8
CONTORNO
10
1565.511574
20
168.061674
11
1574.657293
21
162.781390
0
LINE
8
CONTORNO
10
1565.511574
20
174.601811
11
1565.511574
21
168.061674
0
LINE
8
CONTORNO
10
1515.246181
20
164.019199
11
1515.252856
21
163.881855
0
LINE
8
CONTORNO
10
1515.252856
20
163.881855
11
1515.272858
21
163.744943
0
LINE
8
CONTORNO
10
1515.272858
20
163.744943
11
1515.306125
21
163.608894
0
LINE
8
CONTORNO
10
1515.306125
20
163.608894
11
1515.352553
21
163.474136
0
LINE
8
CONTORNO
10
1515.352553
20
163.474136
11
1515.411995
21
163.341093
0
LINE
8
CONTORNO
10
1515.411995
20
163.341093
11
1515.484264
21
163.210184
0
LINE
8
CONTORNO
10
1515.484264
20
163.210184
11
1515.569133
21
163.081820
0
LINE
8
CONTORNO
10
1515.569133
20
163.081820
11
1515.666335
21
162.956405
0
LINE
8
CONTORNO
10
1515.666335
20
162.956405
11
1515.775563
21
162.834335
0
LINE
8
CONTORNO
10
1515.775563
20
162.834335
11
1515.896475
21
162.715992
0
LINE
8
CONTORNO
10
1515.896475
20
162.715992
11
1516.028690
21
162.601750
0
LINE
8
CONTORNO
10
1516.028690
20
162.601750
11
1516.171792
21
162.491967
0
LINE
8
CONTORNO
10
1516.171792
20
162.491967
11
1516.325330
21
162.386990
0
LINE
8
CONTORNO
10
1516.325330
20
162.386990
11
1516.488822
21
162.287148
0
LINE
8
CONTORNO
10
1684.753819
20
141.271604
11
1684.753819
21
182.912930
0
LINE
8
CONTORNO
10
1682.632498
20
184.137675
11
1684.753819
21
182.912930
0
LINE
8
CONTORNO
10
1619.699995
20
145.354087
11
1684.753819
21
182.912930
0
LINE
8
CONTORNO
10
1626.629641
20
114.655449
11
1625.699842
21
113.870980
0
LINE
8
CONTORNO
10
1625.699842
20
113.870980
11
1624.907894
21
112.643959
0
LINE
8
CONTORNO
10
1624.907894
20
112.643959
11
1624.523511
21
111.294328
0
LINE
8
CONTORNO
10
1624.523511
20
111.294328
11
1624.626139
21
110.237682
0
LINE
8
CONTORNO
10
1624.626139
20
110.237682
11
1625.128641
21
109.604518
0
LINE
8
CONTORNO
10
1625.128641
20
109.604518
11
1625.794922
21
109.468738
0
LINE
8
CONTORNO
10
1625.794922
20
109.468738
11
1626.632067
21
109.754605
0
LINE
8
CONTORNO
10
1626.632067
20
109.754605
11
1627.561868
21
110.540440
0
LINE
8
CONTORNO
10
1627.561868
20
110.540440
11
1628.353052
21
111.768321
0
LINE
8
CONTORNO
10
1628.353052
20
111.768321
11
1628.736116
21
113.117697
0
LINE
8
CONTORNO
10
1628.736116
20
113.117697
11
1628.632338
21
114.173158
0
LINE
8
CONTORNO
10
1628.632338
20
114.173158
11
1628.130641
21
114.804134
0
LINE
8
CONTORNO
10
1628.130641
20
114.804134
11
1627.464361
21
114.939914
0
LINE
8
CONTORNO
10
1627.464361
20
114.939914
11
1626.629641
21
114.655449
0
LINE
8
CONTORNO
10
1652.226907
20
150.931575
11
1647.224882
21
147.763878
0
LINE
8
CONTORNO
10
1647.224882
20
147.763878
11
1642.421075
21
144.160149
0
LINE
8
CONTORNO
10
1642.421075
20
144.160149
11
1638.091964
21
140.338847
0
LINE
8
CONTORNO
10
1638.091964
20
140.338847
11
1634.447756
21
136.528858
0
LINE
8
CONTORNO
10
1634.447756
20
136.528858
11
1631.605832
21
132.932207
0
LINE
8
CONTORNO
10
1631.605832
20
132.932207
11
1629.587614
21
129.697743
0
LINE
8
CONTORNO
10
1629.587614
20
129.697743
11
1628.335335
21
126.910137
0
LINE
8
CONTORNO
10
1628.335335
20
126.910137
11
1627.740635
21
124.592787
0
LINE
8
CONTORNO
10
1627.740635
20
124.592787
11
1627.677032
21
122.720089
0
LINE
8
CONTORNO
10
1627.677032
20
122.720089
11
1628.031148
21
121.234902
0
LINE
8
CONTORNO
10
1628.031148
20
121.234902
11
1628.728946
21
120.069808
0
LINE
8
CONTORNO
10
1628.728946
20
120.069808
11
1629.750054
21
119.171498
0
LINE
8
CONTORNO
10
1629.750054
20
119.171498
11
1630.939616
21
118.584930
0
LINE
8
CONTORNO
10
1630.939616
20
118.584930
11
1632.814446
21
118.150750
0
LINE
8
CONTORNO
10
1632.814446
20
118.150750
11
1635.230056
21
118.088358
0
LINE
8
CONTORNO
10
1635.230056
20
118.088358
11
1638.240268
21
118.490143
0
LINE
8
CONTORNO
10
1638.240268
20
118.490143
11
1640.809911
21
119.127892
0
LINE
8
CONTORNO
10
1676.281344
20
148.697132
11
1676.766552
21
150.958520
0
LINE
8
CONTORNO
10
1676.766552
20
150.958520
11
1676.727075
21
152.785562
0
LINE
8
CONTORNO
10
1676.727075
20
152.785562
11
1676.264575
21
154.233143
0
LINE
8
CONTORNO
10
1676.264575
20
154.233143
11
1675.446709
21
155.353506
0
LINE
8
CONTORNO
10
1675.446709
20
155.353506
11
1674.278845
21
156.199067
0
LINE
8
CONTORNO
10
1674.278845
20
156.199067
11
1672.715557
21
156.776768
0
LINE
8
CONTORNO
10
1672.715557
20
156.776768
11
1670.689635
21
157.047214
0
LINE
8
CONTORNO
10
1670.689635
20
157.047214
11
1668.141283
21
156.939010
0
LINE
8
CONTORNO
10
1668.141283
20
156.939010
11
1665.042227
21
156.369459
0
LINE
8
CONTORNO
10
1665.042227
20
156.369459
11
1661.414319
21
155.266827
0
LINE
8
CONTORNO
10
1661.414319
20
155.266827
11
1657.340648
21
153.591440
0
LINE
8
CONTORNO
10
1657.340648
20
153.591440
11
1654.729368
21
152.306899
0
LINE
8
CONTORNO
10
1654.729368
20
152.306899
11
1652.226907
21
150.931575
0
LINE
8
CONTORNO
10
1619.699995
20
103.712762
11
1619.699995
21
103.579271
0
LINE
8
CONTORNO
10
1619.699995
20
103.579271
11
1619.699995
21
103.453908
0
LINE
8
CONTORNO
10
1619.699995
20
103.453908
11
1619.699995
21
103.337066
0
LINE
8
CONTORNO
10
1619.699995
20
103.337066
11
1619.699995
21
103.229113
0
LINE
8
CONTORNO
10
1619.699995
20
103.229113
11
1619.699995
21
103.130388
0
LINE
8
CONTORNO
10
1619.699995
20
103.130388
11
1619.699995
21
103.041204
0
LINE
8
CONTORNO
10
1619.699995
20
103.041204
11
1619.699995
21
102.961839
0
LINE
8
CONTORNO
10
1619.699995
20
102.961839
11
1619.699995
21
102.892544
0
LINE
8
CONTORNO
10
1619.699995
20
102.892544
11
1619.699995
21
102.833536
0
LINE
8
CONTORNO
10
1619.699995
20
102.833536
11
1619.699995
21
102.785002
0
LINE
8
CONTORNO
10
1619.699995
20
102.785002
11
1619.699995
21
102.747094
0
LINE
8
CONTORNO
10
1619.699995
20
102.747094
11
1619.699995
21
102.719931
0
LINE
8
CONTORNO
10
1619.699995
20
102.719931
11
1619.699995
21
102.703599
0
LINE
8
CONTORNO
10
1619.699995
20
102.703599
11
1619.699995
21
102.698150
0
LINE
8
CONTORNO
10
1565.511574
20
168.061674
11
1568.622844
21
169.857966
0
LINE
8
CONTORNO
10
1684.753819
20
141.271604
11
1684.747144
21
141.134260
0
LINE
8
CONTORNO
10
1684.747144
20
141.134260
11
1684.727142
21
140.997348
0
LINE
8
CONTORNO
10
1684.727142
20
140.997348
11
1684.693875
21
140.861300
0
LINE
8
CONTORNO
10
1684.693875
20
140.861300
11
1684.647447
21
140.726542
0
LINE
8
CONTORNO
10
1684.647447
20
140.726542
11
1684.588005
21
140.593499
0
LINE
8
CONTORNO
10
1684.588005
20
140.593499
11
1684.515736
21
140.462589
0
LINE
8
CONTORNO
10
1684.515736
20
140.462589
11
1684.430867
21
140.334225
0
LINE
8
CONTORNO
10
1684.430867
20
140.334225
11
1684.333665
21
140.208811
0
LINE
8
CONTORNO
10
1684.333665
20
140.208811
11
1684.224437
21
140.086740
0
LINE
8
CONTORNO
10
1684.224437
20
140.086740
11
1684.103525
21
139.968397
0
LINE
8
CONTORNO
10
1684.103525
20
139.968397
11
1683.971310
21
139.854155
0
LINE
8
CONTORNO
10
1683.971310
20
139.854155
11
1683.828208
21
139.744372
0
LINE
8
CONTORNO
10
1683.828208
20
139.744372
11
1683.674670
21
139.639395
0
LINE
8
CONTORNO
10
1683.674670
20
139.639395
11
1683.511178
21
139.539553
0
LINE
8
CONTORNO
10
1651.940512
20
129.203627
11
1651.942222
21
128.970877
0
LINE
8
CONTORNO
10
1651.942222
20
128.970877
11
1651.785445
21
128.429999
0
LINE
8
CONTORNO
10
1651.785445
20
128.429999
11
1651.772696
21
128.404059
0
LINE
8
CONTORNO
10
1651.772696
20
128.404059
11
1651.560853
21
128.062098
0
LINE
8
CONTORNO
10
1651.560853
20
128.062098
11
1651.207072
21
127.663962
0
LINE
8
CONTORNO
10
1651.207072
20
127.663962
11
1650.879829
21
127.384700
0
LINE
8
CONTORNO
10
1650.879829
20
127.384700
11
1649.743046
21
126.751510
0
LINE
8
CONTORNO
10
1649.743046
20
126.751510
11
1648.575166
21
126.494153
0
LINE
8
CONTORNO
10
1648.575166
20
126.494153
11
1648.254472
21
126.501144
0
LINE
8
CONTORNO
10
1648.254472
20
126.501144
11
1647.951938
21
126.550658
0
LINE
8
CONTORNO
10
1647.951938
20
126.550658
11
1647.475915
21
126.757364
0
LINE
8
CONTORNO
10
1647.475915
20
126.757364
11
1647.108553
21
127.164425
0
LINE
8
CONTORNO
10
1647.108553
20
127.164425
11
1646.998119
21
127.463354
0
LINE
8
CONTORNO
10
1646.998119
20
127.463354
11
1647.010210
21
128.167564
0
LINE
8
CONTORNO
10
1647.010210
20
128.167564
11
1647.192510
21
128.662517
0
LINE
8
CONTORNO
10
1647.192510
20
128.662517
11
1647.311743
21
128.872400
0
LINE
8
CONTORNO
10
1647.311743
20
128.872400
11
1647.532295
21
129.174411
0
LINE
8
CONTORNO
10
1647.532295
20
129.174411
11
1648.000827
21
129.627983
0
LINE
8
CONTORNO
10
1648.000827
20
129.627983
11
1648.614098
21
130.014489
0
LINE
8
CONTORNO
10
1648.614098
20
130.014489
11
1649.747612
21
130.356552
0
LINE
8
CONTORNO
10
1649.747612
20
130.356552
11
1650.110446
21
130.381219
0
LINE
8
CONTORNO
10
1650.110446
20
130.381219
11
1650.793393
21
130.305867
0
LINE
8
CONTORNO
10
1650.793393
20
130.305867
11
1651.103509
21
130.204488
0
LINE
8
CONTORNO
10
1651.103509
20
130.204488
11
1651.388366
21
130.054813
0
LINE
8
CONTORNO
10
1651.388366
20
130.054813
11
1651.686050
21
129.794169
0
LINE
8
CONTORNO
10
1651.686050
20
129.794169
11
1651.940512
21
129.203627
0
LINE
8
CONTORNO
10
1670.307118
20
140.837371
11
1670.034710
21
139.430748
0
LINE
8
CONTORNO
10
1670.034710
20
139.430748
11
1669.683706
21
138.695640
0
LINE
8
CONTORNO
10
1669.683706
20
138.695640
11
1669.414052
21
138.269580
0
LINE
8
CONTORNO
10
1669.414052
20
138.269580
11
1668.788766
21
137.551428
0
LINE
8
CONTORNO
10
1668.788766
20
137.551428
11
1668.167847
21
137.189623
0
LINE
8
CONTORNO
10
1668.167847
20
137.189623
11
1667.985410
21
137.178940
0
LINE
8
CONTORNO
10
1667.985410
20
137.178940
11
1667.783365
21
137.260575
0
LINE
8
CONTORNO
10
1667.783365
20
137.260575
11
1667.687475
21
137.359225
0
LINE
8
CONTORNO
10
1667.687475
20
137.359225
11
1667.656375
21
137.405520
0
LINE
8
CONTORNO
10
1667.656375
20
137.405520
11
1667.600721
21
137.516827
0
LINE
8
CONTORNO
10
1667.600721
20
137.516827
11
1667.524818
21
137.803667
0
LINE
8
CONTORNO
10
1667.524818
20
137.803667
11
1667.500251
21
138.163056
0
LINE
8
CONTORNO
10
1667.500251
20
138.163056
11
1667.506991
21
138.357001
0
LINE
8
CONTORNO
10
1667.506991
20
138.357001
11
1667.550241
21
138.740104
0
LINE
8
CONTORNO
10
1667.550241
20
138.740104
11
1667.655665
21
139.240836
0
LINE
8
CONTORNO
10
1667.655665
20
139.240836
11
1667.769634
21
139.623440
0
LINE
8
CONTORNO
10
1667.769634
20
139.623440
11
1668.219211
21
140.629633
0
LINE
8
CONTORNO
10
1668.219211
20
140.629633
11
1669.004510
21
141.568470
0
LINE
8
CONTORNO
10
1669.004510
20
141.568470
11
1669.392135
21
141.769901
0
LINE
8
CONTORNO
10
1669.392135
20
141.769901
11
1669.728228
21
141.790815
0
LINE
8
CONTORNO
10
1669.728228
20
141.790815
11
1669.907294
21
141.721754
0
LINE
8
CONTORNO
10
1669.907294
20
141.721754
11
1670.010729
21
141.643394
0
LINE
8
CONTORNO
10
1670.010729
20
141.643394
11
1670.094185
21
141.549148
0
LINE
8
CONTORNO
10
1670.094185
20
141.549148
11
1670.201809
21
141.356165
0
LINE
8
CONTORNO
10
1670.201809
20
141.356165
11
1670.307118
21
140.837371
0
LINE
8
CONTORNO
10
1515.246181
20
208.110014
11
1515.246181
21
209.743008
0
LINE
8
CONTORNO
10
1515.246181
20
209.743008
11
1580.300005
21
247.301850
0
LINE
8
CONTORNO
10
1619.699995
20
147.803577
11
1619.699995
21
149.436570
0
LINE
8
CONTORNO
10
1515.246181
20
209.743008
11
1619.699995
21
149.436570
0
LINE
8
CONTORNO
10
1515.246181
20
208.110014
11
1515.252856
21
207.972670
0
LINE
8
CONTORNO
10
1515.252856
20
207.972670
11
1515.272858
21
207.835759
0
LINE
8
CONTORNO
10
1515.272858
20
207.835759
11
1515.306125
21
207.699710
0
LINE
8
CONTORNO
10
1515.306125
20
207.699710
11
1515.352553
21
207.564952
0
LINE
8
CONTORNO
10
1515.352553
20
207.564952
11
1515.411995
21
207.431909
0
LINE
8
CONTORNO
10
1515.411995
20
207.431909
11
1515.484264
21
207.300999
0
LINE
8
CONTORNO
10
1515.484264
20
207.300999
11
1515.569133
21
207.172635
0
LINE
8
CONTORNO
10
1515.569133
20
207.172635
11
1515.666335
21
207.047221
0
LINE
8
CONTORNO
10
1515.666335
20
207.047221
11
1515.775563
21
206.925150
0
LINE
8
CONTORNO
10
1515.775563
20
206.925150
11
1515.896475
21
206.806807
0
LINE
8
CONTORNO
10
1515.896475
20
206.806807
11
1516.028690
21
206.692565
0
LINE
8
CONTORNO
10
1516.028690
20
206.692565
11
1516.171792
21
206.582783
0
LINE
8
CONTORNO
10
1516.171792
20
206.582783
11
1516.325330
21
206.477805
0
LINE
8
CONTORNO
10
1516.325330
20
206.477805
11
1516.488822
21
206.377964
0
LINE
8
CONTORNO
10
1580.300005
20
247.301850
11
1684.753819
21
186.995413
0
LINE
8
CONTORNO
10
1619.699995
20
149.436570
11
1684.753819
21
186.995413
0
LINE
8
CONTORNO
10
1527.710538
20
212.181618
11
1527.288198
21
211.816689
0
LINE
8
CONTORNO
10
1527.288198
20
211.816689
11
1527.139892
21
211.386225
0
LINE
8
CONTORNO
10
1527.139892
20
211.386225
11
1527.354032
21
210.873532
0
LINE
8
CONTORNO
10
1527.354032
20
210.873532
11
1528.018303
21
210.446150
0
LINE
8
CONTORNO
10
1528.018303
20
210.446150
11
1529.102845
21
210.261401
0
LINE
8
CONTORNO
10
1529.102845
20
210.261401
11
1530.465860
21
210.590832
0
LINE
8
CONTORNO
10
1527.710538
20
212.181618
11
1529.609392
21
213.277922
0
LINE
8
CONTORNO
10
1530.465860
20
210.590832
11
1532.364715
21
211.687136
0
LINE
8
CONTORNO
10
1532.364715
20
211.687136
11
1532.787055
21
212.052066
0
LINE
8
CONTORNO
10
1532.787055
20
212.052066
11
1532.935361
21
212.482529
0
LINE
8
CONTORNO
10
1532.935361
20
212.482529
11
1532.721221
21
212.995223
0
LINE
8
CONTORNO
10
1532.721221
20
212.995223
11
1532.056950
21
213.422604
0
LINE
8
CONTORNO
10
1532.056950
20
213.422604
11
1530.972408
21
213.607353
0
LINE
8
CONTORNO
10
1530.972408
20
213.607353
11
1529.609392
21
213.277922
0
LINE
8
CONTORNO
10
1554.323547
20
196.870228
11
1537.342744
21
206.674099
0
LINE
8
CONTORNO
10
1554.323547
20
196.870228
11
1572.517404
21
207.374457
0
LINE
8
CONTORNO
10
1537.342744
20
206.674099
11
1555.536602
21
217.178328
0
LINE
8
CONTORNO
10
1572.517404
20
207.374457
11
1555.536602
21
217.178328
0
LINE
8
CONTORNO
10
1621.168470
20
158.223656
11
1620.746130
21
157.858726
0
LINE
8
CONTORNO
10
1620.746130
20
157.858726
11
1620.597824
21
157.428263
0
LINE
8
CONTORNO
10
1620.597824
20
157.428263
11
1620.811964
21
156.915569
0
LINE
8
CONTORNO
10
1620.811964
20
156.915569
11
1621.476235
21
156.488188
0
LINE
8
CONTORNO
10
1621.476235
20
156.488188
11
1622.560777
21
156.303439
0
LINE
8
CONTORNO
10
1622.560777
20
156.303439
11
1623.923793
21
156.632870
0
LINE
8
CONTORNO
10
1621.168470
20
158.223656
11
1623.067325
21
159.319960
0
LINE
8
CONTORNO
10
1623.923793
20
156.632870
11
1625.822647
21
157.729174
0
LINE
8
CONTORNO
10
1625.822647
20
157.729174
11
1626.244987
21
158.094103
0
LINE
8
CONTORNO
10
1626.244987
20
158.094103
11
1626.393293
21
158.524567
0
LINE
8
CONTORNO
10
1626.393293
20
158.524567
11
1626.179153
21
159.037261
0
LINE
8
CONTORNO
10
1626.179153
20
159.037261
11
1625.514882
21
159.464642
0
LINE
8
CONTORNO
10
1625.514882
20
159.464642
11
1624.430340
21
159.649391
0
LINE
8
CONTORNO
10
1624.430340
20
159.649391
11
1623.067325
21
159.319960
0
LINE
8
CONTORNO
10
1629.498020
20
177.708377
11
1628.309918
21
178.101375
0
LINE
8
CONTORNO
10
1628.309918
20
178.101375
11
1627.585143
21
178.154863
0
LINE
8
CONTORNO
10
1627.585143
20
178.154863
11
1626.830145
21
178.096063
0
LINE
8
CONTORNO
10
1626.830145
20
178.096063
11
1626.362257
21
177.999131
0
LINE
8
CONTORNO
10
1626.362257
20
177.999131
11
1625.433754
21
177.627438
0
LINE
8
CONTORNO
10
1625.433754
20
177.627438
11
1624.789961
21
177.091366
0
LINE
8
CONTORNO
10
1624.789961
20
177.091366
11
1624.622071
21
176.821230
0
LINE
8
CONTORNO
10
1624.622071
20
176.821230
11
1624.545944
21
176.602358
0
LINE
8
CONTORNO
10
1624.545944
20
176.602358
11
1624.520212
21
176.380257
0
LINE
8
CONTORNO
10
1624.520212
20
176.380257
11
1624.612870
21
175.966883
0
LINE
8
CONTORNO
10
1624.612870
20
175.966883
11
1624.760405
21
175.727138
0
LINE
8
CONTORNO
10
1624.760405
20
175.727138
11
1625.293563
21
175.280932
0
LINE
8
CONTORNO
10
1625.293563
20
175.280932
11
1626.066415
21
174.973114
0
LINE
8
CONTORNO
10
1626.066415
20
174.973114
11
1626.481665
21
174.887934
0
LINE
8
CONTORNO
10
1626.481665
20
174.887934
11
1627.206440
21
174.834446
0
LINE
8
CONTORNO
10
1627.206440
20
174.834446
11
1627.961438
21
174.893246
0
LINE
8
CONTORNO
10
1627.961438
20
174.893246
11
1628.429326
21
174.990178
0
LINE
8
CONTORNO
10
1628.429326
20
174.990178
11
1629.357829
21
175.361871
0
LINE
8
CONTORNO
10
1629.357829
20
175.361871
11
1630.001622
21
175.897943
0
LINE
8
CONTORNO
10
1630.001622
20
175.897943
11
1630.169512
21
176.168078
0
LINE
8
CONTORNO
10
1630.169512
20
176.168078
11
1630.245639
21
176.386951
0
LINE
8
CONTORNO
10
1630.245639
20
176.386951
11
1630.271371
21
176.609052
0
LINE
8
CONTORNO
10
1630.271371
20
176.609052
11
1630.178713
21
177.022426
0
LINE
8
CONTORNO
10
1630.178713
20
177.022426
11
1629.498020
21
177.708377
0
LINE
8
CONTORNO
10
1636.026383
20
173.939224
11
1634.838281
21
174.332222
0
LINE
8
CONTORNO
10
1634.838281
20
174.332222
11
1634.113506
21
174.385711
0
LINE
8
CONTORNO
10
1634.113506
20
174.385711
11
1633.358509
21
174.326910
0
LINE
8
CONTORNO
10
1633.358509
20
174.326910
11
1632.890620
21
174.229979
0
LINE
8
CONTORNO
10
1632.890620
20
174.229979
11
1631.962117
21
173.858285
0
LINE
8
CONTORNO
10
1631.962117
20
173.858285
11
1631.318325
21
173.322214
0
LINE
8
CONTORNO
10
1631.318325
20
173.322214
11
1631.150434
21
173.052078
0
LINE
8
CONTORNO
10
1631.150434
20
173.052078
11
1631.074307
21
172.833206
0
LINE
8
CONTORNO
10
1631.074307
20
172.833206
11
1631.048576
21
172.611105
0
LINE
8
CONTORNO
10
1631.048576
20
172.611105
11
1631.141234
21
172.197731
0
LINE
8
CONTORNO
10
1631.141234
20
172.197731
11
1631.288769
21
171.957986
0
LINE
8
CONTORNO
10
1631.288769
20
171.957986
11
1631.821926
21
171.511780
0
LINE
8
CONTORNO
10
1631.821926
20
171.511780
11
1632.594778
21
171.203961
0
LINE
8
CONTORNO
10
1632.594778
20
171.203961
11
1633.010029
21
171.118782
0
LINE
8
CONTORNO
10
1633.010029
20
171.118782
11
1633.734804
21
171.065293
0
LINE
8
CONTORNO
10
1633.734804
20
171.065293
11
1634.489801
21
171.124094
0
LINE
8
CONTORNO
10
1634.489801
20
171.124094
11
1634.957690
21
171.221025
0
LINE
8
CONTORNO
10
1634.957690
20
171.221025
11
1635.886193
21
171.592719
0
LINE
8
CONTORNO
10
1635.886193
20
171.592719
11
1636.529985
21
172.128790
0
LINE
8
CONTORNO
10
1636.529985
20
172.128790
11
1636.697875
21
172.398926
0
LINE
8
CONTORNO
10
1636.697875
20
172.398926
11
1636.774003
21
172.617798
0
LINE
8
CONTORNO
10
1636.774003
20
172.617798
11
1636.799734
21
172.839899
0
LINE
8
CONTORNO
10
1636.799734
20
172.839899
11
1636.707076
21
173.253273
0
LINE
8
CONTORNO
10
1636.707076
20
173.253273
11
1636.026383
21
173.939224
0
LINE
8
CONTORNO
10
1574.177353
20
239.009246
11
1573.755013
21
238.644317
0
LINE
8
CONTORNO
10
1573.755013
20
238.644317
11
1573.606707
21
238.213853
0
LINE
8
CONTORNO
10
1573.606707
20
238.213853
11
1573.820847
21
237.701160
0
LINE
8
CONTORNO
10
1573.820847
20
237.701160
11
1574.485118
21
237.273778
0
LINE
8
CONTORNO
10
1574.485118
20
237.273778
11
1575.569660
21
237.089030
0
LINE
8
CONTORNO
10
1575.569660
20
237.089030
11
1576.932675
21
237.418460
0
LINE
8
CONTORNO
10
1574.177353
20
239.009246
11
1576.076207
21
240.105551
0
LINE
8
CONTORNO
10
1576.932675
20
237.418460
11
1578.831530
21
238.514765
0
LINE
8
CONTORNO
10
1578.831530
20
238.514765
11
1579.253870
21
238.879694
0
LINE
8
CONTORNO
10
1579.253870
20
238.879694
11
1579.402176
21
239.310158
0
LINE
8
CONTORNO
10
1579.402176
20
239.310158
11
1579.188036
21
239.822851
0
LINE
8
CONTORNO
10
1579.188036
20
239.822851
11
1578.523765
21
240.250233
0
LINE
8
CONTORNO
10
1578.523765
20
240.250233
11
1577.439223
21
240.434981
0
LINE
8
CONTORNO
10
1577.439223
20
240.434981
11
1576.076207
21
240.105551
0
LINE
8
CONTORNO
10
1667.635285
20
185.051284
11
1667.212945
21
184.686355
0
LINE
8
CONTORNO
10
1667.212945
20
184.686355
11
1667.064639
21
184.255891
0
LINE
8
CONTORNO
10
1667.064639
20
184.255891
11
1667.278779
21
183.743197
0
LINE
8
CONTORNO
10
1667.278779
20
183.743197
11
1667.943050
21
183.315816
0
LINE
8
CONTORNO
10
1667.943050
20
183.315816
11
1669.027592
21
183.131067
0
LINE
8
CONTORNO
10
1669.027592
20
183.131067
11
1670.390608
21
183.460498
0
LINE
8
CONTORNO
10
1667.635285
20
185.051284
11
1669.534140
21
186.147588
0
LINE
8
CONTORNO
10
1670.390608
20
183.460498
11
1672.289462
21
184.556802
0
LINE
8
CONTORNO
10
1672.289462
20
184.556802
11
1672.711802
21
184.921732
0
LINE
8
CONTORNO
10
1672.711802
20
184.921732
11
1672.860108
21
185.352195
0
LINE
8
CONTORNO
10
1672.860108
20
185.352195
11
1672.645968
21
185.864889
0
LINE
8
CONTORNO
10
1672.645968
20
185.864889
11
1671.981697
21
186.292270
0
LINE
8
CONTORNO
10
1671.981697
20
186.292270
11
1670.897155
21
186.477019
0
LINE
8
CONTORNO
10
1670.897155
20
186.477019
11
1669.534140
21
186.147588
0
LINE
8
CONTORNO
10
1684.753819
20
185.362420
11
1684.753819
21
186.995413
0
LINE
8
CONTORNO
10
1619.699995
20
147.803577
11
1619.699995
21
147.670086
0
LINE
8
CONTORNO
10
1619.699995
20
147.670086
11
1619.699995
21
147.544723
0
LINE
8
CONTORNO
10
1619.699995
20
147.544723
11
1619.699995
21
147.427881
0
LINE
8
CONTORNO
10
1619.699995
20
147.427881
11
1619.699995
21
147.319928
0
LINE
8
CONTORNO
10
1619.699995
20
147.319928
11
1619.699995
21
147.221204
0
LINE
8
CONTORNO
10
1619.699995
20
147.221204
11
1619.699995
21
147.132019
0
LINE
8
CONTORNO
10
1619.699995
20
147.132019
11
1619.699995
21
147.052654
0
LINE
8
CONTORNO
10
1619.699995
20
147.052654
11
1619.699995
21
146.983359
0
LINE
8
CONTORNO
10
1619.699995
20
146.983359
11
1619.699995
21
146.924351
0
LINE
8
CONTORNO
10
1619.699995
20
146.924351
11
1619.699995
21
146.875817
0
LINE
8
CONTORNO
10
1619.699995
20
146.875817
11
1619.699995
21
146.837909
0
LINE
8
CONTORNO
10
1619.699995
20
146.837909
11
1619.699995
21
146.810747
0
LINE
8
CONTORNO
10
1619.699995
20
146.810747
11
1619.699995
21
146.794415
0
LINE
8
CONTORNO
10
1619.699995
20
146.794415
11
1619.699995
21
146.788965
0
LINE
8
CONTORNO
10
1684.753819
20
185.362420
11
1684.747144
21
185.225076
0
LINE
8
CONTORNO
10
1684.747144
20
185.225076
11
1684.727142
21
185.088164
0
LINE
8
CONTORNO
10
1684.727142
20
185.088164
11
1684.693875
21
184.952115
0
LINE
8
CONTORNO
10
1684.693875
20
184.952115
11
1684.647447
21
184.817357
0
LINE
8
CONTORNO
10
1684.647447
20
184.817357
11
1684.588005
21
184.684314
0
LINE
8
CONTORNO
10
1684.588005
20
184.684314
11
1684.515736
21
184.553404
0
LINE
8
CONTORNO
10
1684.515736
20
184.553404
11
1684.430867
21
184.425041
0
LINE
8
CONTORNO
10
1684.430867
20
184.425041
11
1684.333665
21
184.299626
0
LINE
8
CONTORNO
10
1684.333665
20
184.299626
11
1684.224437
21
184.177555
0
LINE
8
CONTORNO
10
1684.224437
20
184.177555
11
1684.103525
21
184.059213
0
LINE
8
CONTORNO
10
1684.103525
20
184.059213
11
1683.971310
21
183.944970
0
LINE
8
CONTORNO
10
1683.971310
20
183.944970
11
1683.828208
21
183.835188
0
LINE
8
CONTORNO
10
1683.828208
20
183.835188
11
1683.674670
21
183.730211
0
LINE
8
CONTORNO
10
1683.674670
20
183.730211
11
1683.511178
21
183.630369
0
LINE
8
CONTORNO
10
1527.710538
20
210.590832
11
1527.710538
21
212.181618
0
LINE
8
CONTORNO
10
1529.609392
20
210.302365
11
1529.609392
21
213.277922
0
LINE
8
CONTORNO
10
1555.536602
20
216.358565
11
1555.536602
21
217.178328
0
LINE
8
CONTORNO
10
1538.052680
20
206.264218
11
1555.536602
21
216.358565
0
LINE
8
CONTORNO
10
1555.536602
20
216.358565
11
1571.807469
21
206.964576
0
LINE
8
CONTORNO
10
1621.168470
20
156.632870
11
1621.168470
21
158.223656
0
LINE
8
CONTORNO
10
1623.067325
20
156.344403
11
1623.067325
21
159.319960
0
LINE
8
CONTORNO
10
1625.463067
20
175.191388
11
1625.697552
21
175.310923
0
LINE
8
CONTORNO
10
1625.697552
20
175.310923
11
1625.950848
21
175.416401
0
LINE
8
CONTORNO
10
1625.950848
20
175.416401
11
1626.220149
21
175.506654
0
LINE
8
CONTORNO
10
1626.220149
20
175.506654
11
1626.502472
21
175.580682
0
LINE
8
CONTORNO
10
1626.502472
20
175.580682
11
1626.794691
21
175.637666
0
LINE
8
CONTORNO
10
1626.794691
20
175.637666
11
1627.093567
21
175.676973
0
LINE
8
CONTORNO
10
1627.093567
20
175.676973
11
1627.395792
21
175.698169
0
LINE
8
CONTORNO
10
1627.395792
20
175.698169
11
1627.698016
21
175.701019
0
LINE
8
CONTORNO
10
1627.698016
20
175.701019
11
1627.996893
21
175.685492
0
LINE
8
CONTORNO
10
1627.996893
20
175.685492
11
1628.289111
21
175.651759
0
LINE
8
CONTORNO
10
1628.289111
20
175.651759
11
1628.571435
21
175.600193
0
LINE
8
CONTORNO
10
1628.571435
20
175.600193
11
1628.840736
21
175.531367
0
LINE
8
CONTORNO
10
1628.840736
20
175.531367
11
1629.094031
21
175.446043
0
LINE
8
CONTORNO
10
1629.094031
20
175.446043
11
1629.328516
21
175.345165
0
LINE
8
CONTORNO
10
1631.991430
20
171.422236
11
1632.225915
21
171.541771
0
LINE
8
CONTORNO
10
1632.225915
20
171.541771
11
1632.479211
21
171.647249
0
LINE
8
CONTORNO
10
1632.479211
20
171.647249
11
1632.748512
21
171.737502
0
LINE
8
CONTORNO
10
1632.748512
20
171.737502
11
1633.030835
21
171.811530
0
LINE
8
CONTORNO
10
1633.030835
20
171.811530
11
1633.323054
21
171.868513
0
LINE
8
CONTORNO
10
1633.323054
20
171.868513
11
1633.621931
21
171.907821
0
LINE
8
CONTORNO
10
1633.621931
20
171.907821
11
1633.924155
21
171.929017
0
LINE
8
CONTORNO
10
1633.924155
20
171.929017
11
1634.226379
21
171.931867
0
LINE
8
CONTORNO
10
1634.226379
20
171.931867
11
1634.525256
21
171.916340
0
LINE
8
CONTORNO
10
1634.525256
20
171.916340
11
1634.817474
21
171.882606
0
LINE
8
CONTORNO
10
1634.817474
20
171.882606
11
1635.099798
21
171.831041
0
LINE
8
CONTORNO
10
1635.099798
20
171.831041
11
1635.369099
21
171.762215
0
LINE
8
CONTORNO
10
1635.369099
20
171.762215
11
1635.622395
21
171.676890
0
LINE
8
CONTORNO
10
1635.622395
20
171.676890
11
1635.856880
21
171.576012
0
LINE
8
CONTORNO
10
1574.177353
20
237.418460
11
1574.177353
21
239.009246
0
LINE
8
CONTORNO
10
1576.076207
20
237.129993
11
1576.076207
21
240.105551
0
LINE
8
CONTORNO
10
1667.635285
20
183.460498
11
1667.635285
21
185.051284
0
LINE
8
CONTORNO
10
1669.534140
20
183.172031
11
1669.534140
21
186.147588
0
LINE
8
CONTORNO
10
1558.430960
20
208.225753
11
1557.088880
21
208.752479
0
LINE
8
CONTORNO
10
1557.088880
20
208.752479
11
1556.480751
21
208.875872
0
LINE
8
CONTORNO
10
1556.480751
20
208.875872
11
1555.275227
21
208.969408
0
LINE
8
CONTORNO
10
1555.275227
20
208.969408
11
1554.017367
21
208.876045
0
LINE
8
CONTORNO
10
1554.017367
20
208.876045
11
1553.236753
21
208.717402
0
LINE
8
CONTORNO
10
1553.236753
20
208.717402
11
1551.662364
21
208.091129
0
LINE
8
CONTORNO
10
1551.662364
20
208.091129
11
1550.846511
21
207.483217
0
LINE
8
CONTORNO
10
1550.846511
20
207.483217
11
1550.577627
21
207.182155
0
LINE
8
CONTORNO
10
1550.577627
20
207.182155
11
1550.302849
21
206.731467
0
LINE
8
CONTORNO
10
1550.302849
20
206.731467
11
1550.141115
21
206.014242
0
LINE
8
CONTORNO
10
1550.141115
20
206.014242
11
1550.141140
21
206.005242
0
LINE
8
CONTORNO
10
1550.141140
20
206.005242
11
1550.303150
21
205.309232
0
LINE
8
CONTORNO
10
1550.303150
20
205.309232
11
1550.541214
21
204.926410
0
LINE
8
CONTORNO
10
1550.541214
20
204.926410
11
1551.429189
21
204.183278
0
LINE
8
CONTORNO
10
1551.429189
20
204.183278
11
1552.301313
21
203.794435
0
LINE
8
CONTORNO
10
1552.301313
20
203.794435
11
1552.716330
21
203.670606
0
LINE
8
CONTORNO
10
1552.716330
20
203.670606
11
1553.379398
21
203.533159
0
LINE
8
CONTORNO
10
1553.379398
20
203.533159
11
1554.584922
21
203.439623
0
LINE
8
CONTORNO
10
1554.584922
20
203.439623
11
1555.842782
21
203.532986
0
LINE
8
CONTORNO
10
1555.842782
20
203.532986
11
1556.623396
21
203.691629
0
LINE
8
CONTORNO
10
1556.623396
20
203.691629
11
1557.144851
21
203.846869
0
LINE
8
CONTORNO
10
1557.144851
20
203.846869
11
1558.197785
21
204.317902
0
LINE
8
CONTORNO
10
1558.197785
20
204.317902
11
1559.282522
21
205.226876
0
LINE
8
CONTORNO
10
1559.282522
20
205.226876
11
1559.557300
21
205.677564
0
LINE
8
CONTORNO
10
1559.557300
20
205.677564
11
1559.719034
21
206.394789
0
LINE
8
CONTORNO
10
1559.719034
20
206.394789
11
1559.719008
21
206.403789
0
LINE
8
CONTORNO
10
1559.719008
20
206.403789
11
1559.556999
21
207.099799
0
LINE
8
CONTORNO
10
1559.556999
20
207.099799
11
1558.956529
21
207.857808
0
LINE
8
CONTORNO
10
1558.956529
20
207.857808
11
1558.430960
21
208.225753
0
LINE
8
CONTORNO
10
1558.430960
20
206.592760
11
1558.534269
21
206.531022
0
LINE
8
CONTORNO
10
1558.534269
20
206.531022
11
1558.633847
21
206.467256
0
LINE
8
CONTORNO
10
1558.633847
20
206.467256
11
1558.729590
21
206.401528
0
LINE
8
CONTORNO
10
1558.729590
20
206.401528
11
1558.821401
21
206.333905
0
LINE
8
CONTORNO
10
1558.821401
20
206.333905
11
1558.909184
21
206.264458
0
LINE
8
CONTORNO
10
1558.909184
20
206.264458
11
1558.992848
21
206.193259
0
LINE
8
CONTORNO
10
1558.992848
20
206.193259
11
1559.072306
21
206.120381
0
LINE
8
CONTORNO
10
1559.072306
20
206.120381
11
1559.147476
21
206.045900
0
LINE
8
CONTORNO
10
1559.147476
20
206.045900
11
1559.218281
21
205.969892
0
LINE
8
CONTORNO
10
1559.218281
20
205.969892
11
1559.284647
21
205.892437
0
LINE
8
CONTORNO
10
1559.284647
20
205.892437
11
1559.346505
21
205.813615
0
LINE
8
CONTORNO
10
1559.346505
20
205.813615
11
1559.403792
21
205.733506
0
LINE
8
CONTORNO
10
1559.403792
20
205.733506
11
1559.456447
21
205.652195
0
LINE
8
CONTORNO
10
1559.456447
20
205.652195
11
1559.504418
21
205.569766
0
LINE
8
CONTORNO
10
1550.355731
20
205.206272
11
1550.617465
21
205.599480
0
LINE
8
CONTORNO
10
1550.617465
20
205.599480
11
1550.975143
21
205.969819
0
LINE
8
CONTORNO
10
1550.975143
20
205.969819
11
1551.420808
21
206.309049
0
LINE
8
CONTORNO
10
1551.420808
20
206.309049
11
1551.944546
21
206.609624
0
LINE
8
CONTORNO
10
1551.944546
20
206.609624
11
1552.534703
21
206.864856
0
LINE
8
CONTORNO
10
1552.534703
20
206.864856
11
1553.178151
21
207.069068
0
LINE
8
CONTORNO
10
1553.178151
20
207.069068
11
1553.860575
21
207.217716
0
LINE
8
CONTORNO
10
1553.860575
20
207.217716
11
1554.566793
21
207.307493
0
LINE
8
CONTORNO
10
1554.566793
20
207.307493
11
1555.281092
21
207.336401
0
LINE
8
CONTORNO
10
1555.281092
20
207.336401
11
1555.987582
21
207.303799
0
LINE
8
CONTORNO
10
1555.987582
20
207.303799
11
1556.670546
21
207.210410
0
LINE
8
CONTORNO
10
1556.670546
20
207.210410
11
1557.314788
21
207.058313
0
LINE
8
CONTORNO
10
1557.314788
20
207.058313
11
1557.905977
21
206.850891
0
LINE
8
CONTORNO
10
1557.905977
20
206.850891
11
1558.430960
21
206.592760
0
LINE
8
CONTORNO
10
1515.246181
20
164.019199
11
1619.699995
21
103.712762
0
LINE
8
CONTORNO
10
1619.699995
20
103.712762
11
1684.753819
21
141.271604
0
LINE
8
CONTORNO
10
1515.246181
20
208.110014
11
1619.699995
21
147.803577
0
LINE
8
CONTORNO
10
1619.699995
20
147.803577
11
1684.753819
21
185.362420
0
LINE
8
CONTORNO
10
1676.281356
20
148.697171
11
1676.168357
21
148.345338
0
LINE
8
CONTORNO
10
1676.168357
20
148.345338
11
1676.052288
21
147.995277
0
LINE
8
CONTORNO
10
1676.052288
20
147.995277
11
1675.933151
21
147.646988
0
LINE
8
CONTORNO
10
1675.933151
20
147.646988
11
1675.810945
21
147.300471
0
LINE
8
CONTORNO
10
1675.810945
20
147.300471
11
1675.685670
21
146.955725
0
LINE
8
CONTORNO
10
1675.685670
20
146.955725
11
1675.557326
21
146.612751
0
LINE
8
CONTORNO
10
1675.557326
20
146.612751
11
1675.425914
21
146.271549
0
LINE
8
CONTORNO
10
1675.425914
20
146.271549
11
1675.291432
21
145.932119
0
LINE
8
CONTORNO
10
1675.291432
20
145.932119
11
1675.153882
21
145.594461
0
LINE
8
CONTORNO
10
1675.153882
20
145.594461
11
1675.013263
21
145.258574
0
LINE
8
CONTORNO
10
1675.013263
20
145.258574
11
1674.869575
21
144.924459
0
LINE
8
CONTORNO
10
1674.869575
20
144.924459
11
1674.722818
21
144.592116
0
LINE
8
CONTORNO
10
1674.722818
20
144.592116
11
1674.572992
21
144.261545
0
LINE
8
CONTORNO
10
1674.572992
20
144.261545
11
1674.420098
21
143.932746
0
LINE
8
CONTORNO
10
1674.420098
20
143.932746
11
1674.264135
21
143.605718
0
LINE
8
CONTORNO
10
1674.264135
20
143.605718
11
1674.105102
21
143.280462
0
LINE
8
CONTORNO
10
1674.105102
20
143.280462
11
1673.943001
21
142.956978
0
LINE
8
CONTORNO
10
1673.943001
20
142.956978
11
1673.777831
21
142.635266
0
LINE
8
CONTORNO
10
1673.777831
20
142.635266
11
1673.609593
21
142.315325
0
LINE
8
CONTORNO
10
1673.609593
20
142.315325
11
1673.438285
21
141.997157
0
LINE
8
CONTORNO
10
1673.438285
20
141.997157
11
1673.263909
21
141.680760
0
LINE
8
CONTORNO
10
1673.263909
20
141.680760
11
1673.086463
21
141.366135
0
LINE
8
CONTORNO
10
1673.086463
20
141.366135
11
1672.905949
21
141.053282
0
LINE
8
CONTORNO
10
1672.905949
20
141.053282
11
1672.722366
21
140.742200
0
LINE
8
CONTORNO
10
1672.722366
20
140.742200
11
1672.535714
21
140.432891
0
LINE
8
CONTORNO
10
1672.535714
20
140.432891
11
1672.345994
21
140.125353
0
LINE
8
CONTORNO
10
1672.345994
20
140.125353
11
1672.153204
21
139.819587
0
LINE
8
CONTORNO
10
1672.153204
20
139.819587
11
1671.957346
21
139.515593
0
LINE
8
CONTORNO
10
1671.957346
20
139.515593
11
1671.758419
21
139.213370
0
LINE
8
CONTORNO
10
1671.758419
20
139.213370
11
1671.556423
21
138.912920
0
LINE
8
CONTORNO
10
1671.556423
20
138.912920
11
1671.351358
21
138.614241
0
LINE
8
CONTORNO
10
1671.351358
20
138.614241
11
1671.143224
21
138.317334
0
LINE
8
CONTORNO
10
1671.143224
20
138.317334
11
1670.932021
21
138.022198
0
LINE
8
CONTORNO
10
1670.932021
20
138.022198
11
1670.717750
21
137.728835
0
LINE
8
CONTORNO
10
1670.717750
20
137.728835
11
1670.500410
21
137.437243
0
LINE
8
CONTORNO
10
1670.500410
20
137.437243
11
1670.280001
21
137.147423
0
LINE
8
CONTORNO
10
1670.280001
20
137.147423
11
1670.056523
21
136.859375
0
LINE
8
CONTORNO
10
1670.056523
20
136.859375
11
1669.829976
21
136.573099
0
LINE
8
CONTORNO
10
1669.829976
20
136.573099
11
1669.600360
21
136.288595
0
LINE
8
CONTORNO
10
1669.600360
20
136.288595
11
1669.367676
21
136.005862
0
LINE
8
CONTORNO
10
1669.367676
20
136.005862
11
1669.131922
21
135.724901
0
LINE
8
CONTORNO
10
1669.131922
20
135.724901
11
1668.893100
21
135.445712
0
LINE
8
CONTORNO
10
1668.893100
20
135.445712
11
1668.651209
21
135.168295
0
LINE
8
CONTORNO
10
1668.651209
20
135.168295
11
1668.406249
21
134.892649
0
LINE
8
CONTORNO
10
1668.406249
20
134.892649
11
1668.158221
21
134.618776
0
LINE
8
CONTORNO
10
1668.158221
20
134.618776
11
1667.907123
21
134.346674
0
LINE
8
CONTORNO
10
1667.907123
20
134.346674
11
1667.652957
21
134.076344
0
LINE
8
CONTORNO
10
1667.652957
20
134.076344
11
1667.395721
21
133.807786
0
LINE
8
CONTORNO
10
1667.395721
20
133.807786
11
1667.135417
21
133.540999
0
LINE
8
CONTORNO
10
1667.135417
20
133.540999
11
1666.872044
21
133.275984
0
LINE
8
CONTORNO
10
1666.872044
20
133.275984
11
1666.605602
21
133.012742
0
LINE
8
CONTORNO
10
1666.605602
20
133.012742
11
1666.336092
21
132.751270
0
LINE
8
CONTORNO
10
1666.336092
20
132.751270
11
1666.063512
21
132.491571
0
LINE
8
CONTORNO
10
1666.063512
20
132.491571
11
1665.787864
21
132.233644
0
LINE
8
CONTORNO
10
1665.787864
20
132.233644
11
1665.509147
21
131.977488
0
LINE
8
CONTORNO
10
1665.509147
20
131.977488
11
1665.227361
21
131.723104
0
LINE
8
CONTORNO
10
1665.227361
20
131.723104
11
1664.942506
21
131.470492
0
LINE
8
CONTORNO
10
1664.942506
20
131.470492
11
1664.654582
21
131.219652
0
LINE
8
CONTORNO
10
1664.654582
20
131.219652
11
1664.363590
21
130.970583
0
LINE
8
CONTORNO
10
1664.363590
20
130.970583
11
1664.069528
21
130.723287
0
LINE
8
CONTORNO
10
1664.069528
20
130.723287
11
1663.772398
21
130.477762
0
LINE
8
CONTORNO
10
1663.772398
20
130.477762
11
1663.472199
21
130.234009
0
LINE
8
CONTORNO
10
1663.472199
20
130.234009
11
1663.168931
21
129.992027
0
LINE
8
CONTORNO
10
1663.168931
20
129.992027
11
1662.862594
21
129.751818
0
LINE
8
CONTORNO
10
1662.862594
20
129.751818
11
1662.553189
21
129.513380
0
LINE
8
CONTORNO
10
1662.553189
20
129.513380
11
1662.240714
21
129.276714
0
LINE
8
CONTORNO
10
1662.240714
20
129.276714
11
1661.925171
21
129.041820
0
LINE
8
CONTORNO
10
1661.925171
20
129.041820
11
1661.606559
21
128.808698
0
LINE
8
CONTORNO
10
1661.606559
20
128.808698
11
1661.284878
21
128.577347
0
LINE
8
CONTORNO
10
1661.284878
20
128.577347
11
1660.960128
21
128.347769
0
LINE
8
CONTORNO
10
1660.960128
20
128.347769
11
1660.632309
21
128.119962
0
LINE
8
CONTORNO
10
1660.632309
20
128.119962
11
1660.301422
21
127.893927
0
LINE
8
CONTORNO
10
1660.301422
20
127.893927
11
1659.967465
21
127.669663
0
LINE
8
CONTORNO
10
1659.967465
20
127.669663
11
1659.630440
21
127.447172
0
LINE
8
CONTORNO
10
1659.630440
20
127.447172
11
1659.290346
21
127.226452
0
LINE
8
CONTORNO
10
1659.290346
20
127.226452
11
1658.947183
21
127.007504
0
LINE
8
CONTORNO
10
1658.947183
20
127.007504
11
1658.600951
21
126.790328
0
LINE
8
CONTORNO
10
1658.600951
20
126.790328
11
1658.251651
21
126.574924
0
LINE
8
CONTORNO
10
1658.251651
20
126.574924
11
1657.899281
21
126.361291
0
LINE
8
CONTORNO
10
1657.899281
20
126.361291
11
1657.543843
21
126.149431
0
LINE
8
CONTORNO
10
1657.543843
20
126.149431
11
1657.185336
21
125.939342
0
LINE
8
CONTORNO
10
1657.185336
20
125.939342
11
1656.823760
21
125.731025
0
LINE
8
CONTORNO
10
1656.823760
20
125.731025
11
1656.459115
21
125.524479
0
LINE
8
CONTORNO
10
1656.459115
20
125.524479
11
1656.091401
21
125.319706
0
LINE
8
CONTORNO
10
1656.091401
20
125.319706
11
1655.720619
21
125.116704
0
LINE
8
CONTORNO
10
1655.720619
20
125.116704
11
1655.346767
21
124.915474
0
LINE
8
CONTORNO
10
1655.346767
20
124.915474
11
1654.969847
21
124.716016
0
LINE
8
CONTORNO
10
1654.969847
20
124.716016
11
1654.589858
21
124.518330
0
LINE
8
CONTORNO
10
1654.589858
20
124.518330
11
1654.206800
21
124.322415
0
LINE
8
CONTORNO
10
1654.206800
20
124.322415
11
1653.820673
21
124.128272
0
LINE
8
CONTORNO
10
1653.820673
20
124.128272
11
1653.431478
21
123.935901
0
LINE
8
CONTORNO
10
1653.431478
20
123.935901
11
1653.039213
21
123.745302
0
LINE
8
CONTORNO
10
1653.039213
20
123.745302
11
1652.643880
21
123.556475
0
LINE
8
CONTORNO
10
1652.643880
20
123.556475
11
1652.245478
21
123.369419
0
LINE
8
CONTORNO
10
1652.245478
20
123.369419
11
1651.844007
21
123.184136
0
LINE
8
CONTORNO
10
1651.844007
20
123.184136
11
1651.439467
21
123.000624
0
LINE
8
CONTORNO
10
1651.439467
20
123.000624
11
1651.031859
21
122.818884
0
LINE
8
CONTORNO
10
1651.031859
20
122.818884
11
1650.621181
21
122.638915
0
LINE
8
CONTORNO
10
1650.621181
20
122.638915
11
1650.207435
21
122.460719
0
LINE
8
CONTORNO
10
1650.207435
20
122.460719
11
1649.790620
21
122.284294
0
LINE
8
CONTORNO
10
1649.790620
20
122.284294
11
1649.370735
21
122.109641
0
LINE
8
CONTORNO
10
1649.370735
20
122.109641
11
1648.947783
21
121.936760
0
LINE
8
CONTORNO
10
1648.947783
20
121.936760
11
1648.521761
21
121.765651
0
LINE
8
CONTORNO
10
1648.521761
20
121.765651
11
1648.092670
21
121.596313
0
LINE
8
CONTORNO
10
1648.092670
20
121.596313
11
1647.660511
21
121.428747
0
LINE
8
CONTORNO
10
1647.660511
20
121.428747
11
1647.225283
21
121.262953
0
LINE
8
CONTORNO
10
1647.225283
20
121.262953
11
1646.786985
21
121.098931
0
LINE
8
CONTORNO
10
1646.786985
20
121.098931
11
1646.345620
21
120.936681
0
LINE
8
CONTORNO
10
1646.345620
20
120.936681
11
1645.901185
21
120.776202
0
LINE
8
CONTORNO
10
1645.901185
20
120.776202
11
1645.453681
21
120.617496
0
LINE
8
CONTORNO
10
1645.453681
20
120.617496
11
1645.003109
21
120.460561
0
LINE
8
CONTORNO
10
1645.003109
20
120.460561
11
1644.549467
21
120.305397
0
LINE
8
CONTORNO
10
1644.549467
20
120.305397
11
1644.092757
21
120.152006
0
LINE
8
CONTORNO
10
1644.092757
20
120.152006
11
1643.632978
21
120.000386
0
LINE
8
CONTORNO
10
1643.632978
20
120.000386
11
1643.170130
21
119.850539
0
LINE
8
CONTORNO
10
1643.170130
20
119.850539
11
1642.704213
21
119.702463
0
LINE
8
CONTORNO
10
1642.704213
20
119.702463
11
1642.235228
21
119.556159
0
LINE
8
CONTORNO
10
1642.235228
20
119.556159
11
1641.763173
21
119.411626
0
LINE
8
CONTORNO
10
1641.763173
20
119.411626
11
1641.288050
21
119.268866
0
LINE
8
CONTORNO
10
1641.288050
20
119.268866
11
1640.809858
21
119.127877
0
TEXT
8
CONTORNO
10
1600.000000
20
92.698150
40
3.400000
1
ASSIEME  scatola + coperchio  2:1
50
0.000000
72
1.000000
11
1600.000000
21
92.698150
0
LINE
8
CONTORNO
10
1431.674992
20
211.199522
11
1448.713437
21
221.036673
0
LINE
8
CONTORNO
10
1427.261905
20
188.860526
11
1427.721617
21
189.175438
0
LINE
8
CONTORNO
10
1427.721617
20
189.175438
11
1428.153735
21
189.733551
0
LINE
8
CONTORNO
10
1428.153735
20
189.733551
11
1428.417530
21
190.412626
0
LINE
8
CONTORNO
10
1428.417530
20
190.412626
11
1428.448497
21
190.915764
0
LINE
8
CONTORNO
10
1451.239930
20
226.723980
11
1408.175712
21
251.587118
0
LINE
8
CONTORNO
10
1408.175712
20
251.587118
11
1408.175712
21
244.797972
0
LINE
8
CONTORNO
10
1408.175712
20
244.797972
11
1404.513606
21
243.249432
0
LINE
8
CONTORNO
10
1404.513606
20
232.962422
11
1404.513606
21
243.249432
0
LINE
8
CONTORNO
10
1404.513606
20
232.962422
11
1436.941523
21
214.240156
0
LINE
8
CONTORNO
10
1382.225601
20
240.833449
11
1398.325008
21
250.128446
0
LINE
8
CONTORNO
10
1398.325008
20
243.338656
11
1398.325008
21
250.128446
0
LINE
8
CONTORNO
10
1398.325008
20
243.338656
11
1404.513606
21
243.249432
0
LINE
8
CONTORNO
10
1393.058477
20
226.348800
11
1404.513606
21
232.962422
0
LINE
8
CONTORNO
10
1421.824288
20
209.740851
11
1378.760070
21
234.603989
0
LINE
8
CONTORNO
10
1399.311422
20
219.923380
11
1399.311422
21
218.449604
0
LINE
8
CONTORNO
10
1399.311422
20
218.449604
11
1402.328646
21
216.707608
0
LINE
8
CONTORNO
10
1372.623091
20
215.530220
11
1372.623091
21
236.350883
0
LINE
8
CONTORNO
10
1372.623091
20
236.350883
11
1405.150003
21
255.130304
0
LINE
8
CONTORNO
10
1424.849997
20
185.377002
11
1424.849997
21
206.197664
0
LINE
8
CONTORNO
10
1372.623091
20
236.350883
11
1424.849997
21
206.197664
0
LINE
8
CONTORNO
10
1397.755787
20
220.821526
11
1402.328646
21
218.181385
0
LINE
8
CONTORNO
10
1402.328646
20
218.181385
11
1402.328646
21
214.911316
0
LINE
8
CONTORNO
10
1397.755787
20
217.551458
11
1402.328646
21
214.911316
0
LINE
8
CONTORNO
10
1397.755787
20
220.821526
11
1397.755787
21
217.551458
0
LINE
8
CONTORNO
10
1372.623091
20
215.530220
11
1372.626428
21
215.461548
0
LINE
8
CONTORNO
10
1372.626428
20
215.461548
11
1372.636429
21
215.393092
0
LINE
8
CONTORNO
10
1372.636429
20
215.393092
11
1372.653063
21
215.325068
0
LINE
8
CONTORNO
10
1372.653063
20
215.325068
11
1372.676277
21
215.257689
0
LINE
8
CONTORNO
10
1372.676277
20
215.257689
11
1372.705997
21
215.191167
0
LINE
8
CONTORNO
10
1372.705997
20
215.191167
11
1372.742132
21
215.125713
0
LINE
8
CONTORNO
10
1372.742132
20
215.125713
11
1372.784566
21
215.061531
0
LINE
8
CONTORNO
10
1372.784566
20
215.061531
11
1372.833167
21
214.998823
0
LINE
8
CONTORNO
10
1372.833167
20
214.998823
11
1372.887782
21
214.937788
0
LINE
8
CONTORNO
10
1372.887782
20
214.937788
11
1372.948238
21
214.878617
0
LINE
8
CONTORNO
10
1372.948238
20
214.878617
11
1373.014345
21
214.821496
0
LINE
8
CONTORNO
10
1373.014345
20
214.821496
11
1373.085896
21
214.766604
0
LINE
8
CONTORNO
10
1373.085896
20
214.766604
11
1373.162665
21
214.714116
0
LINE
8
CONTORNO
10
1373.162665
20
214.714116
11
1373.244411
21
214.664195
0
LINE
8
CONTORNO
10
1457.376909
20
204.156423
11
1457.376909
21
224.977086
0
LINE
8
CONTORNO
10
1405.150003
20
255.130304
11
1457.376909
21
224.977086
0
LINE
8
CONTORNO
10
1424.849997
20
206.197664
11
1457.376909
21
224.977086
0
LINE
8
CONTORNO
10
1428.314821
20
190.848345
11
1427.849921
21
190.456111
0
LINE
8
CONTORNO
10
1427.849921
20
190.456111
11
1427.453947
21
189.842600
0
LINE
8
CONTORNO
10
1427.453947
20
189.842600
11
1427.261755
21
189.167784
0
LINE
8
CONTORNO
10
1427.261755
20
189.167784
11
1427.313069
21
188.639462
0
LINE
8
CONTORNO
10
1427.313069
20
188.639462
11
1427.564321
21
188.322880
0
LINE
8
CONTORNO
10
1427.564321
20
188.322880
11
1427.897461
21
188.254990
0
LINE
8
CONTORNO
10
1427.897461
20
188.254990
11
1428.316033
21
188.397923
0
LINE
8
CONTORNO
10
1428.316033
20
188.397923
11
1428.780934
21
188.790841
0
LINE
8
CONTORNO
10
1428.780934
20
188.790841
11
1429.176526
21
189.404781
0
LINE
8
CONTORNO
10
1429.176526
20
189.404781
11
1429.368058
21
190.079469
0
LINE
8
CONTORNO
10
1429.368058
20
190.079469
11
1429.316169
21
190.607200
0
LINE
8
CONTORNO
10
1429.316169
20
190.607200
11
1429.065321
21
190.922688
0
LINE
8
CONTORNO
10
1429.065321
20
190.922688
11
1428.732180
21
190.990578
0
LINE
8
CONTORNO
10
1428.732180
20
190.990578
11
1428.314821
21
190.848345
0
LINE
8
CONTORNO
10
1441.113453
20
208.986408
11
1438.612441
21
207.402560
0
LINE
8
CONTORNO
10
1438.612441
20
207.402560
11
1436.210538
21
205.600695
0
LINE
8
CONTORNO
10
1436.210538
20
205.600695
11
1434.045982
21
203.690044
0
LINE
8
CONTORNO
10
1434.045982
20
203.690044
11
1432.223878
21
201.785050
0
LINE
8
CONTORNO
10
1432.223878
20
201.785050
11
1430.802916
21
199.986724
0
LINE
8
CONTORNO
10
1430.802916
20
199.986724
11
1429.793807
21
198.369492
0
LINE
8
CONTORNO
10
1429.793807
20
198.369492
11
1429.167668
21
196.975689
0
LINE
8
CONTORNO
10
1429.167668
20
196.975689
11
1428.870317
21
195.817014
0
LINE
8
CONTORNO
10
1428.870317
20
195.817014
11
1428.838516
21
194.880665
0
LINE
8
CONTORNO
10
1428.838516
20
194.880665
11
1429.015574
21
194.138072
0
LINE
8
CONTORNO
10
1429.015574
20
194.138072
11
1429.364473
21
193.555525
0
LINE
8
CONTORNO
10
1429.364473
20
193.555525
11
1429.875027
21
193.106370
0
LINE
8
CONTORNO
10
1429.875027
20
193.106370
11
1430.469808
21
192.813086
0
LINE
8
CONTORNO
10
1430.469808
20
192.813086
11
1431.407223
21
192.595996
0
LINE
8
CONTORNO
10
1431.407223
20
192.595996
11
1432.615028
21
192.564800
0
LINE
8
CONTORNO
10
1432.615028
20
192.564800
11
1434.120134
21
192.765692
0
LINE
8
CONTORNO
10
1434.120134
20
192.765692
11
1435.404955
21
193.084567
0
LINE
8
CONTORNO
10
1453.140672
20
207.869187
11
1453.383276
21
208.999881
0
LINE
8
CONTORNO
10
1453.383276
20
208.999881
11
1453.363537
21
209.913402
0
LINE
8
CONTORNO
10
1453.363537
20
209.913402
11
1453.132287
21
210.637192
0
LINE
8
CONTORNO
10
1453.132287
20
210.637192
11
1452.723355
21
211.197374
0
LINE
8
CONTORNO
10
1452.723355
20
211.197374
11
1452.139423
21
211.620154
0
LINE
8
CONTORNO
10
1452.139423
20
211.620154
11
1451.357778
21
211.909005
0
LINE
8
CONTORNO
10
1451.357778
20
211.909005
11
1450.344818
21
212.044228
0
LINE
8
CONTORNO
10
1450.344818
20
212.044228
11
1449.070641
21
211.990126
0
LINE
8
CONTORNO
10
1449.070641
20
211.990126
11
1447.521113
21
211.705350
0
LINE
8
CONTORNO
10
1447.521113
20
211.705350
11
1445.707159
21
211.154034
0
LINE
8
CONTORNO
10
1445.707159
20
211.154034
11
1443.670324
21
210.316341
0
LINE
8
CONTORNO
10
1443.670324
20
210.316341
11
1442.364684
21
209.674070
0
LINE
8
CONTORNO
10
1442.364684
20
209.674070
11
1441.113453
21
208.986408
0
LINE
8
CONTORNO
10
1424.849997
20
185.377002
11
1424.849997
21
185.310256
0
LINE
8
CONTORNO
10
1424.849997
20
185.310256
11
1424.849997
21
185.247575
0
LINE
8
CONTORNO
10
1424.849997
20
185.247575
11
1424.849997
21
185.189154
0
LINE
8
CONTORNO
10
1424.849997
20
185.189154
11
1424.849997
21
185.135177
0
LINE
8
CONTORNO
10
1424.849997
20
185.135177
11
1424.849997
21
185.085815
0
LINE
8
CONTORNO
10
1424.849997
20
185.085815
11
1424.849997
21
185.041223
0
LINE
8
CONTORNO
10
1424.849997
20
185.041223
11
1424.849997
21
185.001540
0
LINE
8
CONTORNO
10
1424.849997
20
185.001540
11
1424.849997
21
184.966893
0
LINE
8
CONTORNO
10
1424.849997
20
184.966893
11
1424.849997
21
184.937389
0
LINE
8
CONTORNO
10
1424.849997
20
184.937389
11
1424.849997
21
184.913122
0
LINE
8
CONTORNO
10
1424.849997
20
184.913122
11
1424.849997
21
184.894168
0
LINE
8
CONTORNO
10
1424.849997
20
184.894168
11
1424.849997
21
184.880586
0
LINE
8
CONTORNO
10
1424.849997
20
184.880586
11
1424.849997
21
184.872420
0
LINE
8
CONTORNO
10
1424.849997
20
184.872420
11
1424.849997
21
184.869696
0
LINE
8
CONTORNO
10
1397.755787
20
217.551458
11
1399.311422
21
218.449604
0
LINE
8
CONTORNO
10
1457.376909
20
204.156423
11
1457.373572
21
204.087751
0
LINE
8
CONTORNO
10
1457.373572
20
204.087751
11
1457.363571
21
204.019295
0
LINE
8
CONTORNO
10
1457.363571
20
204.019295
11
1457.346937
21
203.951270
0
LINE
8
CONTORNO
10
1457.346937
20
203.951270
11
1457.323723
21
203.883892
0
LINE
8
CONTORNO
10
1457.323723
20
203.883892
11
1457.294003
21
203.817370
0
LINE
8
CONTORNO
10
1457.294003
20
203.817370
11
1457.257868
21
203.751915
0
LINE
8
CONTORNO
10
1457.257868
20
203.751915
11
1457.215434
21
203.687733
0
LINE
8
CONTORNO
10
1457.215434
20
203.687733
11
1457.166833
21
203.625026
0
LINE
8
CONTORNO
10
1457.166833
20
203.625026
11
1457.112218
21
203.563991
0
LINE
8
CONTORNO
10
1457.112218
20
203.563991
11
1457.051762
21
203.504819
0
LINE
8
CONTORNO
10
1457.051762
20
203.504819
11
1456.985655
21
203.447698
0
LINE
8
CONTORNO
10
1456.985655
20
203.447698
11
1456.914104
21
203.392807
0
LINE
8
CONTORNO
10
1456.914104
20
203.392807
11
1456.837335
21
203.340318
0
LINE
8
CONTORNO
10
1456.837335
20
203.340318
11
1456.755589
21
203.290397
0
LINE
8
CONTORNO
10
1440.970256
20
198.122434
11
1440.971111
21
198.006059
0
LINE
8
CONTORNO
10
1440.971111
20
198.006059
11
1440.892723
21
197.735620
0
LINE
8
CONTORNO
10
1440.892723
20
197.735620
11
1440.886348
21
197.722650
0
LINE
8
CONTORNO
10
1440.886348
20
197.722650
11
1440.780427
21
197.551670
0
LINE
8
CONTORNO
10
1440.780427
20
197.551670
11
1440.603536
21
197.352601
0
LINE
8
CONTORNO
10
1440.603536
20
197.352601
11
1440.439914
21
197.212971
0
LINE
8
CONTORNO
10
1440.439914
20
197.212971
11
1439.871523
21
196.896376
0
LINE
8
CONTORNO
10
1439.871523
20
196.896376
11
1439.287583
21
196.767697
0
LINE
8
CONTORNO
10
1439.287583
20
196.767697
11
1439.127236
21
196.771193
0
LINE
8
CONTORNO
10
1439.127236
20
196.771193
11
1438.975969
21
196.795950
0
LINE
8
CONTORNO
10
1438.975969
20
196.795950
11
1438.737957
21
196.899303
0
LINE
8
CONTORNO
10
1438.737957
20
196.899303
11
1438.554277
21
197.102833
0
LINE
8
CONTORNO
10
1438.554277
20
197.102833
11
1438.499059
21
197.252297
0
LINE
8
CONTORNO
10
1438.499059
20
197.252297
11
1438.505105
21
197.604403
0
LINE
8
CONTORNO
10
1438.505105
20
197.604403
11
1438.596255
21
197.851879
0
LINE
8
CONTORNO
10
1438.596255
20
197.851879
11
1438.655872
21
197.956820
0
LINE
8
CONTORNO
10
1438.655872
20
197.956820
11
1438.766148
21
198.107826
0
LINE
8
CONTORNO
10
1438.766148
20
198.107826
11
1439.000414
21
198.334612
0
LINE
8
CONTORNO
10
1439.000414
20
198.334612
11
1439.307049
21
198.527865
0
LINE
8
CONTORNO
10
1439.307049
20
198.527865
11
1439.873806
21
198.698897
0
LINE
8
CONTORNO
10
1439.873806
20
198.698897
11
1440.055223
21
198.711230
0
LINE
8
CONTORNO
10
1440.055223
20
198.711230
11
1440.396696
21
198.673554
0
LINE
8
CONTORNO
10
1440.396696
20
198.673554
11
1440.551754
21
198.622864
0
LINE
8
CONTORNO
10
1440.551754
20
198.622864
11
1440.694183
21
198.548027
0
LINE
8
CONTORNO
10
1440.694183
20
198.548027
11
1440.843025
21
198.417705
0
LINE
8
CONTORNO
10
1440.843025
20
198.417705
11
1440.970256
21
198.122434
0
LINE
8
CONTORNO
10
1450.153559
20
203.939306
11
1450.017355
21
203.235995
0
LINE
8
CONTORNO
10
1450.017355
20
203.235995
11
1449.841853
21
202.868441
0
LINE
8
CONTORNO
10
1449.841853
20
202.868441
11
1449.707026
21
202.655411
0
LINE
8
CONTORNO
10
1449.707026
20
202.655411
11
1449.394383
21
202.296335
0
LINE
8
CONTORNO
10
1449.394383
20
202.296335
11
1449.083924
21
202.115432
0
LINE
8
CONTORNO
10
1449.083924
20
202.115432
11
1448.992705
21
202.110091
0
LINE
8
CONTORNO
10
1448.992705
20
202.110091
11
1448.891682
21
202.150908
0
LINE
8
CONTORNO
10
1448.891682
20
202.150908
11
1448.843738
21
202.200233
0
LINE
8
CONTORNO
10
1448.843738
20
202.200233
11
1448.828188
21
202.223381
0
LINE
8
CONTORNO
10
1448.828188
20
202.223381
11
1448.800361
21
202.279034
0
LINE
8
CONTORNO
10
1448.800361
20
202.279034
11
1448.762409
21
202.422454
0
LINE
8
CONTORNO
10
1448.762409
20
202.422454
11
1448.750126
21
202.602149
0
LINE
8
CONTORNO
10
1448.750126
20
202.602149
11
1448.753496
21
202.699121
0
LINE
8
CONTORNO
10
1448.753496
20
202.699121
11
1448.775120
21
202.890673
0
LINE
8
CONTORNO
10
1448.775120
20
202.890673
11
1448.827832
21
203.141039
0
LINE
8
CONTORNO
10
1448.827832
20
203.141039
11
1448.884817
21
203.332341
0
LINE
8
CONTORNO
10
1448.884817
20
203.332341
11
1449.109605
21
203.835437
0
LINE
8
CONTORNO
10
1449.109605
20
203.835437
11
1449.502255
21
204.304856
0
LINE
8
CONTORNO
10
1449.502255
20
204.304856
11
1449.696067
21
204.405571
0
LINE
8
CONTORNO
10
1449.696067
20
204.405571
11
1449.864114
21
204.416028
0
LINE
8
CONTORNO
10
1449.864114
20
204.416028
11
1449.953647
21
204.381498
0
LINE
8
CONTORNO
10
1449.953647
20
204.381498
11
1450.005364
21
204.342318
0
LINE
8
CONTORNO
10
1450.005364
20
204.342318
11
1450.047093
21
204.295195
0
LINE
8
CONTORNO
10
1450.047093
20
204.295195
11
1450.100905
21
204.198703
0
LINE
8
CONTORNO
10
1450.100905
20
204.198703
11
1450.153559
21
203.939306
0
LINE
8
CONTORNO
10
1428.012886
20
213.313840
11
1431.674992
21
211.199522
0
LINE
8
CONTORNO
10
1445.051331
20
223.150991
11
1448.713437
21
221.036673
0
LINE
8
CONTORNO
10
1445.051331
20
220.024058
11
1445.051331
21
223.150991
0
LINE
8
CONTORNO
10
1445.562584
20
219.217528
11
1445.051331
21
220.024058
0
LINE
8
CONTORNO
10
1445.051331
20
223.150991
11
1451.239930
21
226.723980
0
LINE
8
CONTORNO
10
1401.987114
20
244.887196
11
1401.987114
21
248.014128
0
LINE
8
CONTORNO
10
1401.987114
20
248.014128
11
1408.175712
21
251.587118
0
LINE
8
CONTORNO
10
1401.987114
20
244.887196
11
1408.175712
21
244.797972
0
LINE
8
CONTORNO
10
1401.987114
20
244.887196
11
1398.325008
21
243.338656
0
LINE
8
CONTORNO
10
1403.431380
20
244.316309
11
1403.327026
21
244.314264
0
LINE
8
CONTORNO
10
1403.327026
20
244.314264
11
1403.209386
21
244.305412
0
LINE
8
CONTORNO
10
1403.209386
20
244.305412
11
1403.081784
21
244.290003
0
LINE
8
CONTORNO
10
1403.081784
20
244.290003
11
1402.947826
21
244.268472
0
LINE
8
CONTORNO
10
1402.947826
20
244.268472
11
1402.811298
21
244.241428
0
LINE
8
CONTORNO
10
1402.811298
20
244.241428
11
1402.676057
21
244.209635
0
LINE
8
CONTORNO
10
1402.676057
20
244.209635
11
1402.545925
21
244.173991
0
LINE
8
CONTORNO
10
1402.545925
20
244.173991
11
1402.424579
21
244.135504
0
LINE
8
CONTORNO
10
1402.424579
20
244.135504
11
1402.315449
21
244.095261
0
LINE
8
CONTORNO
10
1402.315449
20
244.095261
11
1402.221617
21
244.054399
0
LINE
8
CONTORNO
10
1402.221617
20
244.054399
11
1402.145736
21
244.014074
0
LINE
8
CONTORNO
10
1402.145736
20
244.014074
11
1402.089950
21
243.975424
0
LINE
8
CONTORNO
10
1402.089950
20
243.975424
11
1402.055835
21
243.939542
0
LINE
8
CONTORNO
10
1402.055835
20
243.939542
11
1402.044355
21
243.907441
0
LINE
8
CONTORNO
10
1402.044355
20
243.907441
11
1402.045633
21
243.897742
0
LINE
8
CONTORNO
10
1402.045633
20
243.897742
11
1402.049464
21
243.888595
0
LINE
8
CONTORNO
10
1402.049464
20
243.888595
11
1402.055835
21
243.880029
0
LINE
8
CONTORNO
10
1402.055835
20
243.880029
11
1402.064726
21
243.872072
0
LINE
8
CONTORNO
10
1402.064726
20
243.872072
11
1402.076110
21
243.864748
0
LINE
8
CONTORNO
10
1402.076110
20
243.864748
11
1402.089950
21
243.858081
0
LINE
8
CONTORNO
10
1402.089950
20
243.858081
11
1402.106203
21
243.852091
0
LINE
8
CONTORNO
10
1402.106203
20
243.852091
11
1402.124818
21
243.846797
0
LINE
8
CONTORNO
10
1402.124818
20
243.846797
11
1402.145736
21
243.842216
0
LINE
8
CONTORNO
10
1402.145736
20
243.842216
11
1402.168892
21
243.838363
0
LINE
8
CONTORNO
10
1402.168892
20
243.838363
11
1402.194212
21
243.835248
0
LINE
8
CONTORNO
10
1402.194212
20
243.835248
11
1402.221617
21
243.832883
0
LINE
8
CONTORNO
10
1402.221617
20
243.832883
11
1402.251021
21
243.831275
0
LINE
8
CONTORNO
10
1402.251021
20
243.831275
11
1402.282331
21
243.830428
0
LINE
8
CONTORNO
10
1403.072876
20
243.819031
11
1402.282331
21
243.830428
0
LINE
8
CONTORNO
10
1403.072876
20
243.819031
11
1403.073206
21
243.819026
0
LINE
8
CONTORNO
10
1403.073206
20
243.819026
11
1403.073537
21
243.819022
0
LINE
8
CONTORNO
10
1403.073537
20
243.819022
11
1403.073867
21
243.819017
0
LINE
8
CONTORNO
10
1403.073867
20
243.819017
11
1403.074198
21
243.819012
0
LINE
8
CONTORNO
10
1403.074198
20
243.819012
11
1403.074529
21
243.819008
0
LINE
8
CONTORNO
10
1403.074529
20
243.819008
11
1403.074860
21
243.819004
0
LINE
8
CONTORNO
10
1403.074860
20
243.819004
11
1403.075191
21
243.819000
0
LINE
8
CONTORNO
10
1403.075191
20
243.819000
11
1403.075523
21
243.818995
0
LINE
8
CONTORNO
10
1403.075523
20
243.818995
11
1403.075854
21
243.818991
0
LINE
8
CONTORNO
10
1403.075854
20
243.818991
11
1403.076186
21
243.818987
0
LINE
8
CONTORNO
10
1403.076186
20
243.818987
11
1403.076518
21
243.818983
0
LINE
8
CONTORNO
10
1403.076518
20
243.818983
11
1403.076850
21
243.818980
0
LINE
8
CONTORNO
10
1403.076850
20
243.818980
11
1403.077182
21
243.818976
0
LINE
8
CONTORNO
10
1403.077182
20
243.818976
11
1403.077515
21
243.818972
0
LINE
8
CONTORNO
10
1403.868086
20
243.936076
11
1403.077515
21
243.818972
0
LINE
8
CONTORNO
10
1403.868086
20
243.936076
11
1403.939410
21
243.955832
0
LINE
8
CONTORNO
10
1403.939410
20
243.955832
11
1404.008234
21
243.976497
0
LINE
8
CONTORNO
10
1404.008234
20
243.976497
11
1404.073970
21
243.997894
0
LINE
8
CONTORNO
10
1404.073970
20
243.997894
11
1404.136054
21
244.019839
0
LINE
8
CONTORNO
10
1404.136054
20
244.019839
11
1404.193955
21
244.042145
0
LINE
8
CONTORNO
10
1404.193955
20
244.042145
11
1404.247179
21
244.064621
0
LINE
8
CONTORNO
10
1404.247179
20
244.064621
11
1404.295268
21
244.087074
0
LINE
8
CONTORNO
10
1404.295268
20
244.087074
11
1404.337811
21
244.109312
0
LINE
8
CONTORNO
10
1404.337811
20
244.109312
11
1404.374445
21
244.131145
0
LINE
8
CONTORNO
10
1404.374445
20
244.131145
11
1404.404856
21
244.152385
0
LINE
8
CONTORNO
10
1404.404856
20
244.152385
11
1404.428782
21
244.172852
0
LINE
8
CONTORNO
10
1404.428782
20
244.172852
11
1404.446021
21
244.192370
0
LINE
8
CONTORNO
10
1404.446021
20
244.192370
11
1404.456423
21
244.210771
0
LINE
8
CONTORNO
10
1404.456423
20
244.210771
11
1404.459901
21
244.227899
0
LINE
8
CONTORNO
10
1404.459901
20
244.227899
11
1404.458622
21
244.237599
0
LINE
8
CONTORNO
10
1404.458622
20
244.237599
11
1404.454792
21
244.246745
0
LINE
8
CONTORNO
10
1404.454792
20
244.246745
11
1404.448421
21
244.255311
0
LINE
8
CONTORNO
10
1404.448421
20
244.255311
11
1404.439530
21
244.263268
0
LINE
8
CONTORNO
10
1404.439530
20
244.263268
11
1404.428146
21
244.270592
0
LINE
8
CONTORNO
10
1404.428146
20
244.270592
11
1404.414306
21
244.277259
0
LINE
8
CONTORNO
10
1404.414306
20
244.277259
11
1404.398053
21
244.283249
0
LINE
8
CONTORNO
10
1404.398053
20
244.283249
11
1404.379438
21
244.288543
0
LINE
8
CONTORNO
10
1404.379438
20
244.288543
11
1404.358520
21
244.293124
0
LINE
8
CONTORNO
10
1404.358520
20
244.293124
11
1404.335364
21
244.296978
0
LINE
8
CONTORNO
10
1404.335364
20
244.296978
11
1404.310044
21
244.300092
0
LINE
8
CONTORNO
10
1404.310044
20
244.300092
11
1404.282639
21
244.302457
0
LINE
8
CONTORNO
10
1404.282639
20
244.302457
11
1404.253235
21
244.304065
0
LINE
8
CONTORNO
10
1404.253235
20
244.304065
11
1404.221925
21
244.304912
0
LINE
8
CONTORNO
10
1404.221925
20
244.304912
11
1403.431380
21
244.316309
0
LINE
8
CONTORNO
10
1380.879976
20
233.380060
11
1385.887707
21
236.271275
0
LINE
8
CONTORNO
10
1385.887707
20
236.271275
11
1385.887707
21
238.719131
0
LINE
8
CONTORNO
10
1382.225601
20
240.833449
11
1385.887707
21
238.719131
0
LINE
8
CONTORNO
10
1398.325008
20
250.128446
11
1401.987114
21
248.014128
0
LINE
8
CONTORNO
10
1421.824288
20
209.740851
11
1428.012886
21
213.313840
0
LINE
8
CONTORNO
10
1378.760070
20
234.603989
11
1385.887707
21
238.719131
0
LINE
8
CONTORNO
10
1401.482947
20
224.330809
11
1401.439982
21
224.504840
0
LINE
8
CONTORNO
10
1401.482947
20
223.350236
11
1401.482947
21
224.330809
0
LINE
8
CONTORNO
10
1401.439982
20
223.126593
11
1401.482947
21
223.350236
0
LINE
8
CONTORNO
10
1401.439982
20
223.126593
11
1400.039742
21
222.318165
0
LINE
8
CONTORNO
10
1401.439982
20
224.504840
11
1398.846146
21
223.007288
0
LINE
8
CONTORNO
10
1400.134663
20
225.258466
11
1397.540826
21
223.760914
0
LINE
8
CONTORNO
10
1409.927384
20
219.604635
11
1407.333548
21
218.107083
0
LINE
8
CONTORNO
10
1411.275669
20
218.676978
11
1411.232703
21
218.851009
0
LINE
8
CONTORNO
10
1411.275669
20
217.696406
11
1411.275669
21
218.676978
0
LINE
8
CONTORNO
10
1411.232703
20
217.472763
11
1411.275669
21
217.696406
0
LINE
8
CONTORNO
10
1411.232703
20
217.472763
11
1409.832464
21
216.664334
0
LINE
8
CONTORNO
10
1411.232703
20
218.851009
11
1408.638867
21
217.353457
0
LINE
8
CONTORNO
10
1425.778075
20
209.907621
11
1425.778075
21
210.571024
0
LINE
8
CONTORNO
10
1425.778075
20
210.571024
11
1425.601947
21
210.418838
0
LINE
8
CONTORNO
10
1425.601947
20
210.418838
11
1425.540099
21
210.239322
0
LINE
8
CONTORNO
10
1425.540099
20
210.239322
11
1425.646771
21
210.006970
0
LINE
8
CONTORNO
10
1425.646771
20
210.006970
11
1425.977399
21
209.823237
0
LINE
8
CONTORNO
10
1425.977399
20
209.823237
11
1426.495129
21
209.777499
0
LINE
8
CONTORNO
10
1426.495129
20
209.777499
11
1426.927124
21
209.907621
0
LINE
8
CONTORNO
10
1425.778075
20
210.571024
11
1426.568620
21
211.027446
0
LINE
8
CONTORNO
10
1426.568620
20
209.787109
11
1426.568620
21
211.027446
0
LINE
8
CONTORNO
10
1427.717669
20
210.364042
11
1427.893797
21
210.516228
0
LINE
8
CONTORNO
10
1427.893797
20
210.516228
11
1427.955645
21
210.695744
0
LINE
8
CONTORNO
10
1427.955645
20
210.695744
11
1427.848973
21
210.928096
0
LINE
8
CONTORNO
10
1427.848973
20
210.928096
11
1427.518345
21
211.111829
0
LINE
8
CONTORNO
10
1427.518345
20
211.111829
11
1427.000615
21
211.157567
0
LINE
8
CONTORNO
10
1427.000615
20
211.157567
11
1426.568620
21
211.027446
0
LINE
8
CONTORNO
10
1426.927124
20
209.907621
11
1427.717669
21
210.364042
0
LINE
8
CONTORNO
10
1449.011483
20
223.321435
11
1449.011483
21
223.984838
0
LINE
8
CONTORNO
10
1449.011483
20
223.984838
11
1448.835355
21
223.832652
0
LINE
8
CONTORNO
10
1448.835355
20
223.832652
11
1448.773507
21
223.653136
0
LINE
8
CONTORNO
10
1448.773507
20
223.653136
11
1448.880178
21
223.420785
0
LINE
8
CONTORNO
10
1448.880178
20
223.420785
11
1449.210807
21
223.237051
0
LINE
8
CONTORNO
10
1449.210807
20
223.237051
11
1449.728537
21
223.191313
0
LINE
8
CONTORNO
10
1449.728537
20
223.191313
11
1450.160531
21
223.321435
0
LINE
8
CONTORNO
10
1449.011483
20
223.984838
11
1449.802028
21
224.441260
0
LINE
8
CONTORNO
10
1449.802028
20
223.200923
11
1449.802028
21
224.441260
0
LINE
8
CONTORNO
10
1450.951077
20
223.777856
11
1451.127204
21
223.930042
0
LINE
8
CONTORNO
10
1451.127204
20
223.930042
11
1451.189052
21
224.109558
0
LINE
8
CONTORNO
10
1451.189052
20
224.109558
11
1451.082381
21
224.341910
0
LINE
8
CONTORNO
10
1451.082381
20
224.341910
11
1450.751752
21
224.525643
0
LINE
8
CONTORNO
10
1450.751752
20
224.525643
11
1450.234022
21
224.571381
0
LINE
8
CONTORNO
10
1450.234022
20
224.571381
11
1449.802028
21
224.441260
0
LINE
8
CONTORNO
10
1450.160531
20
223.321435
11
1450.951077
21
223.777856
0
LINE
8
CONTORNO
10
1402.282331
20
243.830428
11
1402.282331
21
244.081652
0
LINE
8
CONTORNO
10
1402.282331
20
250.300523
11
1402.282331
21
250.963926
0
LINE
8
CONTORNO
10
1402.282331
20
250.963926
11
1402.106203
21
250.811740
0
LINE
8
CONTORNO
10
1402.106203
20
250.811740
11
1402.044355
21
250.632225
0
LINE
8
CONTORNO
10
1402.044355
20
250.632225
11
1402.151027
21
250.399873
0
LINE
8
CONTORNO
10
1402.151027
20
250.399873
11
1402.481655
21
250.216139
0
LINE
8
CONTORNO
10
1402.481655
20
250.216139
11
1402.999385
21
250.170402
0
LINE
8
CONTORNO
10
1402.999385
20
250.170402
11
1403.431380
21
250.300523
0
LINE
8
CONTORNO
10
1402.282331
20
250.963926
11
1403.072876
21
251.420348
0
LINE
8
CONTORNO
10
1403.072876
20
243.819031
11
1403.072876
21
244.288733
0
LINE
8
CONTORNO
10
1403.072876
20
250.180011
11
1403.072876
21
251.420348
0
LINE
8
CONTORNO
10
1404.221925
20
250.756945
11
1404.398053
21
250.909131
0
LINE
8
CONTORNO
10
1404.398053
20
250.909131
11
1404.459901
21
251.088646
0
LINE
8
CONTORNO
10
1404.459901
20
251.088646
11
1404.353229
21
251.320998
0
LINE
8
CONTORNO
10
1404.353229
20
251.320998
11
1404.022601
21
251.504732
0
LINE
8
CONTORNO
10
1404.022601
20
251.504732
11
1403.504871
21
251.550469
0
LINE
8
CONTORNO
10
1403.504871
20
251.550469
11
1403.072876
21
251.420348
0
LINE
8
CONTORNO
10
1403.868086
20
243.936076
11
1403.332214
21
243.916977
0
LINE
8
CONTORNO
10
1403.332214
20
243.916977
11
1403.077515
21
243.818972
0
LINE
8
CONTORNO
10
1403.431380
20
250.300523
11
1404.221925
21
250.756945
0
LINE
8
CONTORNO
10
1379.371364
20
237.072870
11
1379.371364
21
237.736274
0
LINE
8
CONTORNO
10
1379.371364
20
237.736274
11
1379.195236
21
237.584088
0
LINE
8
CONTORNO
10
1379.195236
20
237.584088
11
1379.133388
21
237.404572
0
LINE
8
CONTORNO
10
1379.133388
20
237.404572
11
1379.240060
21
237.172220
0
LINE
8
CONTORNO
10
1379.240060
20
237.172220
11
1379.570688
21
236.988487
0
LINE
8
CONTORNO
10
1379.570688
20
236.988487
11
1380.088418
21
236.942749
0
LINE
8
CONTORNO
10
1380.088418
20
236.942749
11
1380.520413
21
237.072870
0
LINE
8
CONTORNO
10
1380.520413
20
237.072870
11
1381.604407
21
237.698715
0
LINE
8
CONTORNO
10
1381.604407
20
237.698715
11
1381.780535
21
237.850901
0
LINE
8
CONTORNO
10
1381.780535
20
237.850901
11
1381.842383
21
238.030417
0
LINE
8
CONTORNO
10
1381.842383
20
238.030417
11
1381.735712
21
238.262769
0
LINE
8
CONTORNO
10
1381.735712
20
238.262769
11
1381.405083
21
238.446502
0
LINE
8
CONTORNO
10
1381.405083
20
238.446502
11
1380.887353
21
238.492240
0
LINE
8
CONTORNO
10
1380.887353
20
238.492240
11
1380.455359
21
238.362118
0
LINE
8
CONTORNO
10
1380.455359
20
237.039152
11
1380.455359
21
238.362118
0
LINE
8
CONTORNO
10
1379.371364
20
237.736274
11
1380.455359
21
238.362118
0
LINE
8
CONTORNO
10
1400.134663
20
225.258466
11
1401.439982
21
224.504840
0
LINE
8
CONTORNO
10
1409.927384
20
219.604635
11
1411.232703
21
218.851009
0
LINE
8
CONTORNO
10
1372.623091
20
215.530220
11
1424.849997
21
185.377002
0
LINE
8
CONTORNO
10
1424.849997
20
185.377002
11
1457.376909
21
204.156423
0
LINE
8
CONTORNO
10
1453.140678
20
207.869206
11
1453.084178
21
207.693290
0
LINE
8
CONTORNO
10
1453.084178
20
207.693290
11
1453.026144
21
207.518259
0
LINE
8
CONTORNO
10
1453.026144
20
207.518259
11
1452.966576
21
207.344115
0
LINE
8
CONTORNO
10
1452.966576
20
207.344115
11
1452.905473
21
207.170856
0
LINE
8
CONTORNO
10
1452.905473
20
207.170856
11
1452.842835
21
206.998483
0
LINE
8
CONTORNO
10
1452.842835
20
206.998483
11
1452.778663
21
206.826996
0
LINE
8
CONTORNO
10
1452.778663
20
206.826996
11
1452.712957
21
206.656395
0
LINE
8
CONTORNO
10
1452.712957
20
206.656395
11
1452.645716
21
206.486680
0
LINE
8
CONTORNO
10
1452.645716
20
206.486680
11
1452.576941
21
206.317851
0
LINE
8
CONTORNO
10
1452.576941
20
206.317851
11
1452.506631
21
206.149908
0
LINE
8
CONTORNO
10
1452.506631
20
206.149908
11
1452.434787
21
205.982850
0
LINE
8
CONTORNO
10
1452.434787
20
205.982850
11
1452.361409
21
205.816679
0
LINE
8
CONTORNO
10
1452.361409
20
205.816679
11
1452.286496
21
205.651393
0
LINE
8
CONTORNO
10
1452.286496
20
205.651393
11
1452.210049
21
205.486994
0
LINE
8
CONTORNO
10
1452.210049
20
205.486994
11
1452.132067
21
205.323480
0
LINE
8
CONTORNO
10
1452.132067
20
205.323480
11
1452.052551
21
205.160852
0
LINE
8
CONTORNO
10
1452.052551
20
205.160852
11
1451.971501
21
204.999110
0
LINE
8
CONTORNO
10
1451.971501
20
204.999110
11
1451.888916
21
204.838254
0
LINE
8
CONTORNO
10
1451.888916
20
204.838254
11
1451.804796
21
204.678283
0
LINE
8
CONTORNO
10
1451.804796
20
204.678283
11
1451.719143
21
204.519199
0
LINE
8
CONTORNO
10
1451.719143
20
204.519199
11
1451.631954
21
204.361001
0
LINE
8
CONTORNO
10
1451.631954
20
204.361001
11
1451.543232
21
204.203688
0
LINE
8
CONTORNO
10
1451.543232
20
204.203688
11
1451.452975
21
204.047262
0
LINE
8
CONTORNO
10
1451.452975
20
204.047262
11
1451.361183
21
203.891721
0
LINE
8
CONTORNO
10
1451.361183
20
203.891721
11
1451.267857
21
203.737066
0
LINE
8
CONTORNO
10
1451.267857
20
203.737066
11
1451.172997
21
203.583297
0
LINE
8
CONTORNO
10
1451.172997
20
203.583297
11
1451.076602
21
203.430414
0
LINE
8
CONTORNO
10
1451.076602
20
203.430414
11
1450.978673
21
203.278417
0
LINE
8
CONTORNO
10
1450.978673
20
203.278417
11
1450.879209
21
203.127306
0
LINE
8
CONTORNO
10
1450.879209
20
203.127306
11
1450.778211
21
202.977080
0
LINE
8
CONTORNO
10
1450.778211
20
202.977080
11
1450.675679
21
202.827741
0
LINE
8
CONTORNO
10
1450.675679
20
202.827741
11
1450.571612
21
202.679288
0
LINE
8
CONTORNO
10
1450.571612
20
202.679288
11
1450.466011
21
202.531720
0
LINE
8
CONTORNO
10
1450.466011
20
202.531720
11
1450.358875
21
202.385038
0
LINE
8
CONTORNO
10
1450.358875
20
202.385038
11
1450.250205
21
202.239242
0
LINE
8
CONTORNO
10
1450.250205
20
202.239242
11
1450.140000
21
202.094332
0
LINE
8
CONTORNO
10
1450.140000
20
202.094332
11
1450.028261
21
201.950308
0
LINE
8
CONTORNO
10
1450.028261
20
201.950308
11
1449.914988
21
201.807170
0
LINE
8
CONTORNO
10
1449.914988
20
201.807170
11
1449.800180
21
201.664918
0
LINE
8
CONTORNO
10
1449.800180
20
201.664918
11
1449.683838
21
201.523552
0
LINE
8
CONTORNO
10
1449.683838
20
201.523552
11
1449.565961
21
201.383071
0
LINE
8
CONTORNO
10
1449.565961
20
201.383071
11
1449.446550
21
201.243477
0
LINE
8
CONTORNO
10
1449.446550
20
201.243477
11
1449.325605
21
201.104768
0
LINE
8
CONTORNO
10
1449.325605
20
201.104768
11
1449.203125
21
200.966945
0
LINE
8
CONTORNO
10
1449.203125
20
200.966945
11
1449.079110
21
200.830009
0
LINE
8
CONTORNO
10
1449.079110
20
200.830009
11
1448.953561
21
200.693958
0
LINE
8
CONTORNO
10
1448.953561
20
200.693958
11
1448.826478
21
200.558793
0
LINE
8
CONTORNO
10
1448.826478
20
200.558793
11
1448.697861
21
200.424514
0
LINE
8
CONTORNO
10
1448.697861
20
200.424514
11
1448.567709
21
200.291120
0
LINE
8
CONTORNO
10
1448.567709
20
200.291120
11
1448.436022
21
200.158613
0
LINE
8
CONTORNO
10
1448.436022
20
200.158613
11
1448.302801
21
200.026992
0
LINE
8
CONTORNO
10
1448.302801
20
200.026992
11
1448.168046
21
199.896256
0
LINE
8
CONTORNO
10
1448.168046
20
199.896256
11
1448.031756
21
199.766406
0
LINE
8
CONTORNO
10
1448.031756
20
199.766406
11
1447.893932
21
199.637443
0
LINE
8
CONTORNO
10
1447.893932
20
199.637443
11
1447.754573
21
199.509365
0
LINE
8
CONTORNO
10
1447.754573
20
199.509365
11
1447.613680
21
199.382173
0
LINE
8
CONTORNO
10
1447.613680
20
199.382173
11
1447.471253
21
199.255867
0
LINE
8
CONTORNO
10
1447.471253
20
199.255867
11
1447.327291
21
199.130447
0
LINE
8
CONTORNO
10
1447.327291
20
199.130447
11
1447.181795
21
199.005912
0
LINE
8
CONTORNO
10
1447.181795
20
199.005912
11
1447.034764
21
198.882264
0
LINE
8
CONTORNO
10
1447.034764
20
198.882264
11
1446.886199
21
198.759502
0
LINE
8
CONTORNO
10
1446.886199
20
198.759502
11
1446.736099
21
198.637625
0
LINE
8
CONTORNO
10
1446.736099
20
198.637625
11
1446.584466
21
198.516634
0
LINE
8
CONTORNO
10
1446.584466
20
198.516634
11
1446.431297
21
198.396530
0
LINE
8
CONTORNO
10
1446.431297
20
198.396530
11
1446.276594
21
198.277311
0
LINE
8
CONTORNO
10
1446.276594
20
198.277311
11
1446.120357
21
198.158978
0
LINE
8
CONTORNO
10
1446.120357
20
198.158978
11
1445.962585
21
198.041531
0
LINE
8
CONTORNO
10
1445.962585
20
198.041531
11
1445.803279
21
197.924970
0
LINE
8
CONTORNO
10
1445.803279
20
197.924970
11
1445.642439
21
197.809294
0
LINE
8
CONTORNO
10
1445.642439
20
197.809294
11
1445.480064
21
197.694505
0
LINE
8
CONTORNO
10
1445.480064
20
197.694505
11
1445.316155
21
197.580602
0
LINE
8
CONTORNO
10
1445.316155
20
197.580602
11
1445.150711
21
197.467584
0
LINE
8
CONTORNO
10
1445.150711
20
197.467584
11
1444.983733
21
197.355452
0
LINE
8
CONTORNO
10
1444.983733
20
197.355452
11
1444.815220
21
197.244207
0
LINE
8
CONTORNO
10
1444.815220
20
197.244207
11
1444.645173
21
197.133847
0
LINE
8
CONTORNO
10
1444.645173
20
197.133847
11
1444.473592
21
197.024373
0
LINE
8
CONTORNO
10
1444.473592
20
197.024373
11
1444.300476
21
196.915785
0
LINE
8
CONTORNO
10
1444.300476
20
196.915785
11
1444.125825
21
196.808083
0
LINE
8
CONTORNO
10
1444.125825
20
196.808083
11
1443.949641
21
196.701266
0
LINE
8
CONTORNO
10
1443.949641
20
196.701266
11
1443.771921
21
196.595336
0
LINE
8
CONTORNO
10
1443.771921
20
196.595336
11
1443.592668
21
196.490292
0
LINE
8
CONTORNO
10
1443.592668
20
196.490292
11
1443.411880
21
196.386133
0
LINE
8
CONTORNO
10
1443.411880
20
196.386133
11
1443.229557
21
196.282860
0
LINE
8
CONTORNO
10
1443.229557
20
196.282860
11
1443.045701
21
196.180474
0
LINE
8
CONTORNO
10
1443.045701
20
196.180474
11
1442.860309
21
196.078973
0
LINE
8
CONTORNO
10
1442.860309
20
196.078973
11
1442.673384
21
195.978358
0
LINE
8
CONTORNO
10
1442.673384
20
195.978358
11
1442.484924
21
195.878629
0
LINE
8
CONTORNO
10
1442.484924
20
195.878629
11
1442.294929
21
195.779786
0
LINE
8
CONTORNO
10
1442.294929
20
195.779786
11
1442.103400
21
195.681828
0
LINE
8
CONTORNO
10
1442.103400
20
195.681828
11
1441.910337
21
195.584757
0
LINE
8
CONTORNO
10
1441.910337
20
195.584757
11
1441.715739
21
195.488571
0
LINE
8
CONTORNO
10
1441.715739
20
195.488571
11
1441.519607
21
195.393272
0
LINE
8
CONTORNO
10
1441.519607
20
195.393272
11
1441.321940
21
195.298858
0
LINE
8
CONTORNO
10
1441.321940
20
195.298858
11
1441.122739
21
195.205330
0
LINE
8
CONTORNO
10
1441.122739
20
195.205330
11
1440.922004
21
195.112689
0
LINE
8
CONTORNO
10
1440.922004
20
195.112689
11
1440.719734
21
195.020933
0
LINE
8
CONTORNO
10
1440.719734
20
195.020933
11
1440.515929
21
194.930063
0
LINE
8
CONTORNO
10
1440.515929
20
194.930063
11
1440.310591
21
194.840078
0
LINE
8
CONTORNO
10
1440.310591
20
194.840078
11
1440.103717
21
194.750980
0
LINE
8
CONTORNO
10
1440.103717
20
194.750980
11
1439.895310
21
194.662768
0
LINE
8
CONTORNO
10
1439.895310
20
194.662768
11
1439.685368
21
194.575441
0
LINE
8
CONTORNO
10
1439.685368
20
194.575441
11
1439.473891
21
194.489001
0
LINE
8
CONTORNO
10
1439.473891
20
194.489001
11
1439.260880
21
194.403446
0
LINE
8
CONTORNO
10
1439.260880
20
194.403446
11
1439.046335
21
194.318777
0
LINE
8
CONTORNO
10
1439.046335
20
194.318777
11
1438.830255
21
194.234994
0
LINE
8
CONTORNO
10
1438.830255
20
194.234994
11
1438.612641
21
194.152097
0
LINE
8
CONTORNO
10
1438.612641
20
194.152097
11
1438.393493
21
194.070086
0
LINE
8
CONTORNO
10
1438.393493
20
194.070086
11
1438.172810
21
193.988961
0
LINE
8
CONTORNO
10
1438.172810
20
193.988961
11
1437.950592
21
193.908722
0
LINE
8
CONTORNO
10
1437.950592
20
193.908722
11
1437.726841
21
193.829368
0
LINE
8
CONTORNO
10
1437.726841
20
193.829368
11
1437.501554
21
193.750901
0
LINE
8
CONTORNO
10
1437.501554
20
193.750901
11
1437.274734
21
193.673319
0
LINE
8
CONTORNO
10
1437.274734
20
193.673319
11
1437.046379
21
193.596624
0
LINE
8
CONTORNO
10
1437.046379
20
193.596624
11
1436.816489
21
193.520814
0
LINE
8
CONTORNO
10
1436.816489
20
193.520814
11
1436.585065
21
193.445890
0
LINE
8
CONTORNO
10
1436.585065
20
193.445890
11
1436.352107
21
193.371852
0
LINE
8
CONTORNO
10
1436.352107
20
193.371852
11
1436.117614
21
193.298700
0
LINE
8
CONTORNO
10
1436.117614
20
193.298700
11
1435.881587
21
193.226434
0
LINE
8
CONTORNO
10
1435.881587
20
193.226434
11
1435.644025
21
193.155054
0
LINE
8
CONTORNO
10
1435.644025
20
193.155054
11
1435.404929
21
193.084559
0
TEXT
8
CONTORNO
10
1415.000000
20
174.869696
40
3.400000
1
SCATOLA  1:1
50
0.000000
72
1.000000
11
1415.000000
21
174.869696
0
LINE
8
CONTORNO
10
1372.623091
20
125.532303
11
1372.623091
21
126.348800
0
LINE
8
CONTORNO
10
1372.623091
20
126.348800
11
1405.150003
21
145.128221
0
LINE
8
CONTORNO
10
1424.849997
20
95.379085
11
1424.849997
21
96.195581
0
LINE
8
CONTORNO
10
1372.623091
20
126.348800
11
1424.849997
21
96.195581
0
LINE
8
CONTORNO
10
1372.623091
20
125.532303
11
1372.626428
21
125.463631
0
LINE
8
CONTORNO
10
1372.626428
20
125.463631
11
1372.636429
21
125.395175
0
LINE
8
CONTORNO
10
1372.636429
20
125.395175
11
1372.653063
21
125.327151
0
LINE
8
CONTORNO
10
1372.653063
20
125.327151
11
1372.676277
21
125.259772
0
LINE
8
CONTORNO
10
1372.676277
20
125.259772
11
1372.705997
21
125.193250
0
LINE
8
CONTORNO
10
1372.705997
20
125.193250
11
1372.742132
21
125.127796
0
LINE
8
CONTORNO
10
1372.742132
20
125.127796
11
1372.784566
21
125.063614
0
LINE
8
CONTORNO
10
1372.784566
20
125.063614
11
1372.833167
21
125.000906
0
LINE
8
CONTORNO
10
1372.833167
20
125.000906
11
1372.887782
21
124.939871
0
LINE
8
CONTORNO
10
1372.887782
20
124.939871
11
1372.948238
21
124.880700
0
LINE
8
CONTORNO
10
1372.948238
20
124.880700
11
1373.014345
21
124.823579
0
LINE
8
CONTORNO
10
1373.014345
20
124.823579
11
1373.085896
21
124.768687
0
LINE
8
CONTORNO
10
1373.085896
20
124.768687
11
1373.162665
21
124.716199
0
LINE
8
CONTORNO
10
1373.162665
20
124.716199
11
1373.244411
21
124.666278
0
LINE
8
CONTORNO
10
1405.150003
20
145.128221
11
1457.376909
21
114.975003
0
LINE
8
CONTORNO
10
1424.849997
20
96.195581
11
1457.376909
21
114.975003
0
LINE
8
CONTORNO
10
1378.855269
20
127.568105
11
1378.644099
21
127.385641
0
LINE
8
CONTORNO
10
1378.644099
20
127.385641
11
1378.569946
21
127.170409
0
LINE
8
CONTORNO
10
1378.569946
20
127.170409
11
1378.677016
21
126.914062
0
LINE
8
CONTORNO
10
1378.677016
20
126.914062
11
1379.009151
21
126.700371
0
LINE
8
CONTORNO
10
1379.009151
20
126.700371
11
1379.551422
21
126.607997
0
LINE
8
CONTORNO
10
1379.551422
20
126.607997
11
1380.232930
21
126.772712
0
LINE
8
CONTORNO
10
1378.855269
20
127.568105
11
1379.804696
21
128.116257
0
LINE
8
CONTORNO
10
1380.232930
20
126.772712
11
1381.182357
21
127.320864
0
LINE
8
CONTORNO
10
1381.182357
20
127.320864
11
1381.393527
21
127.503329
0
LINE
8
CONTORNO
10
1381.393527
20
127.503329
11
1381.467680
21
127.718561
0
LINE
8
CONTORNO
10
1381.467680
20
127.718561
11
1381.360610
21
127.974908
0
LINE
8
CONTORNO
10
1381.360610
20
127.974908
11
1381.028475
21
128.188598
0
LINE
8
CONTORNO
10
1381.028475
20
128.188598
11
1380.486204
21
128.280973
0
LINE
8
CONTORNO
10
1380.486204
20
128.280973
11
1379.804696
21
128.116257
0
LINE
8
CONTORNO
10
1392.161773
20
119.912410
11
1383.671372
21
124.814346
0
LINE
8
CONTORNO
10
1392.161773
20
119.912410
11
1401.258702
21
125.164525
0
LINE
8
CONTORNO
10
1383.671372
20
124.814346
11
1392.768301
21
130.066460
0
LINE
8
CONTORNO
10
1401.258702
20
125.164525
11
1392.768301
21
130.066460
0
LINE
8
CONTORNO
10
1425.584235
20
100.589124
11
1425.373065
21
100.406659
0
LINE
8
CONTORNO
10
1425.373065
20
100.406659
11
1425.298912
21
100.191428
0
LINE
8
CONTORNO
10
1425.298912
20
100.191428
11
1425.405982
21
99.935081
0
LINE
8
CONTORNO
10
1425.405982
20
99.935081
11
1425.738118
21
99.721390
0
LINE
8
CONTORNO
10
1425.738118
20
99.721390
11
1426.280389
21
99.629016
0
LINE
8
CONTORNO
10
1426.280389
20
99.629016
11
1426.961896
21
99.793731
0
LINE
8
CONTORNO
10
1425.584235
20
100.589124
11
1426.533662
21
101.137276
0
LINE
8
CONTORNO
10
1426.961896
20
99.793731
11
1427.911324
21
100.341883
0
LINE
8
CONTORNO
10
1427.911324
20
100.341883
11
1428.122494
21
100.524348
0
LINE
8
CONTORNO
10
1428.122494
20
100.524348
11
1428.196647
21
100.739580
0
LINE
8
CONTORNO
10
1428.196647
20
100.739580
11
1428.089577
21
100.995927
0
LINE
8
CONTORNO
10
1428.089577
20
100.995927
11
1427.757441
21
101.209617
0
LINE
8
CONTORNO
10
1427.757441
20
101.209617
11
1427.215170
21
101.301992
0
LINE
8
CONTORNO
10
1427.215170
20
101.301992
11
1426.533662
21
101.137276
0
LINE
8
CONTORNO
10
1429.749010
20
110.331484
11
1429.154959
21
110.527984
0
LINE
8
CONTORNO
10
1429.154959
20
110.527984
11
1428.792571
21
110.554728
0
LINE
8
CONTORNO
10
1428.792571
20
110.554728
11
1428.415073
21
110.525327
0
LINE
8
CONTORNO
10
1428.415073
20
110.525327
11
1428.181128
21
110.476862
0
LINE
8
CONTORNO
10
1428.181128
20
110.476862
11
1427.716877
21
110.291015
0
LINE
8
CONTORNO
10
1427.716877
20
110.291015
11
1427.394981
21
110.022979
0
LINE
8
CONTORNO
10
1427.394981
20
110.022979
11
1427.311036
21
109.887911
0
LINE
8
CONTORNO
10
1427.311036
20
109.887911
11
1427.272972
21
109.778475
0
LINE
8
CONTORNO
10
1427.272972
20
109.778475
11
1427.260106
21
109.667425
0
LINE
8
CONTORNO
10
1427.260106
20
109.667425
11
1427.306435
21
109.460738
0
LINE
8
CONTORNO
10
1427.306435
20
109.460738
11
1427.380203
21
109.340865
0
LINE
8
CONTORNO
10
1427.380203
20
109.340865
11
1427.646782
21
109.117762
0
LINE
8
CONTORNO
10
1427.646782
20
109.117762
11
1428.033207
21
108.963853
0
LINE
8
CONTORNO
10
1428.033207
20
108.963853
11
1428.240833
21
108.921263
0
LINE
8
CONTORNO
10
1428.240833
20
108.921263
11
1428.603220
21
108.894519
0
LINE
8
CONTORNO
10
1428.603220
20
108.894519
11
1428.980719
21
108.923919
0
LINE
8
CONTORNO
10
1428.980719
20
108.923919
11
1429.214663
21
108.972385
0
LINE
8
CONTORNO
10
1429.214663
20
108.972385
11
1429.678915
21
109.158232
0
LINE
8
CONTORNO
10
1429.678915
20
109.158232
11
1430.000811
21
109.426268
0
LINE
8
CONTORNO
10
1430.000811
20
109.426268
11
1430.084756
21
109.561335
0
LINE
8
CONTORNO
10
1430.084756
20
109.561335
11
1430.122820
21
109.670772
0
LINE
8
CONTORNO
10
1430.122820
20
109.670772
11
1430.135686
21
109.781822
0
LINE
8
CONTORNO
10
1430.135686
20
109.781822
11
1430.089356
21
109.988509
0
LINE
8
CONTORNO
10
1430.089356
20
109.988509
11
1429.749010
21
110.331484
0
LINE
8
CONTORNO
10
1433.013192
20
108.446908
11
1432.419141
21
108.643407
0
LINE
8
CONTORNO
10
1432.419141
20
108.643407
11
1432.056753
21
108.670152
0
LINE
8
CONTORNO
10
1432.056753
20
108.670152
11
1431.679254
21
108.640751
0
LINE
8
CONTORNO
10
1431.679254
20
108.640751
11
1431.445310
21
108.592286
0
LINE
8
CONTORNO
10
1431.445310
20
108.592286
11
1430.981059
21
108.406439
0
LINE
8
CONTORNO
10
1430.981059
20
108.406439
11
1430.659162
21
108.138403
0
LINE
8
CONTORNO
10
1430.659162
20
108.138403
11
1430.575217
21
108.003335
0
LINE
8
CONTORNO
10
1430.575217
20
108.003335
11
1430.537154
21
107.893899
0
LINE
8
CONTORNO
10
1430.537154
20
107.893899
11
1430.524288
21
107.782849
0
LINE
8
CONTORNO
10
1430.524288
20
107.782849
11
1430.570617
21
107.576162
0
LINE
8
CONTORNO
10
1430.570617
20
107.576162
11
1430.644384
21
107.456289
0
LINE
8
CONTORNO
10
1430.644384
20
107.456289
11
1430.910963
21
107.233186
0
LINE
8
CONTORNO
10
1430.910963
20
107.233186
11
1431.297389
21
107.079277
0
LINE
8
CONTORNO
10
1431.297389
20
107.079277
11
1431.505014
21
107.036687
0
LINE
8
CONTORNO
10
1431.505014
20
107.036687
11
1431.867402
21
107.009943
0
LINE
8
CONTORNO
10
1431.867402
20
107.009943
11
1432.244901
21
107.039343
0
LINE
8
CONTORNO
10
1432.244901
20
107.039343
11
1432.478845
21
107.087809
0
LINE
8
CONTORNO
10
1432.478845
20
107.087809
11
1432.943096
21
107.273656
0
LINE
8
CONTORNO
10
1432.943096
20
107.273656
11
1433.264993
21
107.541691
0
LINE
8
CONTORNO
10
1433.264993
20
107.541691
11
1433.348938
21
107.676759
0
LINE
8
CONTORNO
10
1433.348938
20
107.676759
11
1433.387001
21
107.786195
0
LINE
8
CONTORNO
10
1433.387001
20
107.786195
11
1433.399867
21
107.897246
0
LINE
8
CONTORNO
10
1433.399867
20
107.897246
11
1433.353538
21
108.103933
0
LINE
8
CONTORNO
10
1433.353538
20
108.103933
11
1433.013192
21
108.446908
0
LINE
8
CONTORNO
10
1402.088676
20
140.981919
11
1401.877506
21
140.799455
0
LINE
8
CONTORNO
10
1401.877506
20
140.799455
11
1401.803353
21
140.584223
0
LINE
8
CONTORNO
10
1401.803353
20
140.584223
11
1401.910423
21
140.327876
0
LINE
8
CONTORNO
10
1401.910423
20
140.327876
11
1402.242559
21
140.114185
0
LINE
8
CONTORNO
10
1402.242559
20
140.114185
11
1402.784830
21
140.021811
0
LINE
8
CONTORNO
10
1402.784830
20
140.021811
11
1403.466338
21
140.186526
0
LINE
8
CONTORNO
10
1402.088676
20
140.981919
11
1403.038104
21
141.530071
0
LINE
8
CONTORNO
10
1403.466338
20
140.186526
11
1404.415765
21
140.734678
0
LINE
8
CONTORNO
10
1404.415765
20
140.734678
11
1404.626935
21
140.917143
0
LINE
8
CONTORNO
10
1404.626935
20
140.917143
11
1404.701088
21
141.132375
0
LINE
8
CONTORNO
10
1404.701088
20
141.132375
11
1404.594018
21
141.388722
0
LINE
8
CONTORNO
10
1404.594018
20
141.388722
11
1404.261882
21
141.602412
0
LINE
8
CONTORNO
10
1404.261882
20
141.602412
11
1403.719611
21
141.694787
0
LINE
8
CONTORNO
10
1403.719611
20
141.694787
11
1403.038104
21
141.530071
0
LINE
8
CONTORNO
10
1448.817643
20
114.002938
11
1448.606473
21
113.820473
0
LINE
8
CONTORNO
10
1448.606473
20
113.820473
11
1448.532320
21
113.605242
0
LINE
8
CONTORNO
10
1448.532320
20
113.605242
11
1448.639390
21
113.348895
0
LINE
8
CONTORNO
10
1448.639390
20
113.348895
11
1448.971525
21
113.135204
0
LINE
8
CONTORNO
10
1448.971525
20
113.135204
11
1449.513796
21
113.042830
0
LINE
8
CONTORNO
10
1449.513796
20
113.042830
11
1450.195304
21
113.207545
0
LINE
8
CONTORNO
10
1448.817643
20
114.002938
11
1449.767070
21
114.551090
0
LINE
8
CONTORNO
10
1450.195304
20
113.207545
11
1451.144731
21
113.755697
0
LINE
8
CONTORNO
10
1451.144731
20
113.755697
11
1451.355901
21
113.938162
0
LINE
8
CONTORNO
10
1451.355901
20
113.938162
11
1451.430054
21
114.153394
0
LINE
8
CONTORNO
10
1451.430054
20
114.153394
11
1451.322984
21
114.409741
0
LINE
8
CONTORNO
10
1451.322984
20
114.409741
11
1450.990849
21
114.623431
0
LINE
8
CONTORNO
10
1450.990849
20
114.623431
11
1450.448578
21
114.715806
0
LINE
8
CONTORNO
10
1450.448578
20
114.715806
11
1449.767070
21
114.551090
0
LINE
8
CONTORNO
10
1457.376909
20
114.158506
11
1457.376909
21
114.975003
0
LINE
8
CONTORNO
10
1424.849997
20
95.379085
11
1424.849997
21
95.312339
0
LINE
8
CONTORNO
10
1424.849997
20
95.312339
11
1424.849997
21
95.249658
0
LINE
8
CONTORNO
10
1424.849997
20
95.249658
11
1424.849997
21
95.191237
0
LINE
8
CONTORNO
10
1424.849997
20
95.191237
11
1424.849997
21
95.137260
0
LINE
8
CONTORNO
10
1424.849997
20
95.137260
11
1424.849997
21
95.087898
0
LINE
8
CONTORNO
10
1424.849997
20
95.087898
11
1424.849997
21
95.043306
0
LINE
8
CONTORNO
10
1424.849997
20
95.043306
11
1424.849997
21
95.003623
0
LINE
8
CONTORNO
10
1424.849997
20
95.003623
11
1424.849997
21
94.968976
0
LINE
8
CONTORNO
10
1424.849997
20
94.968976
11
1424.849997
21
94.939472
0
LINE
8
CONTORNO
10
1424.849997
20
94.939472
11
1424.849997
21
94.915205
0
LINE
8
CONTORNO
10
1424.849997
20
94.915205
11
1424.849997
21
94.896251
0
LINE
8
CONTORNO
10
1424.849997
20
94.896251
11
1424.849997
21
94.882669
0
LINE
8
CONTORNO
10
1424.849997
20
94.882669
11
1424.849997
21
94.874504
0
LINE
8
CONTORNO
10
1424.849997
20
94.874504
11
1424.849997
21
94.871779
0
LINE
8
CONTORNO
10
1457.376909
20
114.158506
11
1457.373572
21
114.089834
0
LINE
8
CONTORNO
10
1457.373572
20
114.089834
11
1457.363571
21
114.021378
0
LINE
8
CONTORNO
10
1457.363571
20
114.021378
11
1457.346937
21
113.953354
0
LINE
8
CONTORNO
10
1457.346937
20
113.953354
11
1457.323723
21
113.885975
0
LINE
8
CONTORNO
10
1457.323723
20
113.885975
11
1457.294003
21
113.819453
0
LINE
8
CONTORNO
10
1457.294003
20
113.819453
11
1457.257868
21
113.753998
0
LINE
8
CONTORNO
10
1457.257868
20
113.753998
11
1457.215434
21
113.689816
0
LINE
8
CONTORNO
10
1457.215434
20
113.689816
11
1457.166833
21
113.627109
0
LINE
8
CONTORNO
10
1457.166833
20
113.627109
11
1457.112218
21
113.566074
0
LINE
8
CONTORNO
10
1457.112218
20
113.566074
11
1457.051762
21
113.506902
0
LINE
8
CONTORNO
10
1457.051762
20
113.506902
11
1456.985655
21
113.449781
0
LINE
8
CONTORNO
10
1456.985655
20
113.449781
11
1456.914104
21
113.394890
0
LINE
8
CONTORNO
10
1456.914104
20
113.394890
11
1456.837335
21
113.342401
0
LINE
8
CONTORNO
10
1456.837335
20
113.342401
11
1456.755589
21
113.292481
0
LINE
8
CONTORNO
10
1378.855269
20
126.772712
11
1378.855269
21
127.568105
0
LINE
8
CONTORNO
10
1379.804696
20
126.628479
11
1379.804696
21
128.116257
0
LINE
8
CONTORNO
10
1392.768301
20
129.656579
11
1392.768301
21
130.066460
0
LINE
8
CONTORNO
10
1384.026340
20
124.609405
11
1392.768301
21
129.656579
0
LINE
8
CONTORNO
10
1392.768301
20
129.656579
11
1400.903735
21
124.959584
0
LINE
8
CONTORNO
10
1425.584235
20
99.793731
11
1425.584235
21
100.589124
0
LINE
8
CONTORNO
10
1426.533662
20
99.649498
11
1426.533662
21
101.137276
0
LINE
8
CONTORNO
10
1427.731534
20
109.072990
11
1427.848776
21
109.132758
0
LINE
8
CONTORNO
10
1427.848776
20
109.132758
11
1427.975424
21
109.185497
0
LINE
8
CONTORNO
10
1427.975424
20
109.185497
11
1428.110074
21
109.230623
0
LINE
8
CONTORNO
10
1428.110074
20
109.230623
11
1428.251236
21
109.267637
0
LINE
8
CONTORNO
10
1428.251236
20
109.267637
11
1428.397345
21
109.296129
0
LINE
8
CONTORNO
10
1428.397345
20
109.296129
11
1428.546784
21
109.315783
0
LINE
8
CONTORNO
10
1428.546784
20
109.315783
11
1428.697896
21
109.326381
0
LINE
8
CONTORNO
10
1428.697896
20
109.326381
11
1428.849008
21
109.327806
0
LINE
8
CONTORNO
10
1428.849008
20
109.327806
11
1428.998446
21
109.320042
0
LINE
8
CONTORNO
10
1428.998446
20
109.320042
11
1429.144556
21
109.303175
0
LINE
8
CONTORNO
10
1429.144556
20
109.303175
11
1429.285717
21
109.277393
0
LINE
8
CONTORNO
10
1429.285717
20
109.277393
11
1429.420368
21
109.242980
0
LINE
8
CONTORNO
10
1429.420368
20
109.242980
11
1429.547016
21
109.200318
0
LINE
8
CONTORNO
10
1429.547016
20
109.200318
11
1429.664258
21
109.149879
0
LINE
8
CONTORNO
10
1430.995715
20
107.188414
11
1431.112958
21
107.248181
0
LINE
8
CONTORNO
10
1431.112958
20
107.248181
11
1431.239605
21
107.300920
0
LINE
8
CONTORNO
10
1431.239605
20
107.300920
11
1431.374256
21
107.346047
0
LINE
8
CONTORNO
10
1431.374256
20
107.346047
11
1431.515418
21
107.383061
0
LINE
8
CONTORNO
10
1431.515418
20
107.383061
11
1431.661527
21
107.411553
0
LINE
8
CONTORNO
10
1431.661527
20
107.411553
11
1431.810965
21
107.431207
0
LINE
8
CONTORNO
10
1431.810965
20
107.431207
11
1431.962077
21
107.441805
0
LINE
8
CONTORNO
10
1431.962077
20
107.441805
11
1432.113190
21
107.443230
0
LINE
8
CONTORNO
10
1432.113190
20
107.443230
11
1432.262628
21
107.435466
0
LINE
8
CONTORNO
10
1432.262628
20
107.435466
11
1432.408737
21
107.418599
0
LINE
8
CONTORNO
10
1432.408737
20
107.418599
11
1432.549899
21
107.392817
0
LINE
8
CONTORNO
10
1432.549899
20
107.392817
11
1432.684549
21
107.358404
0
LINE
8
CONTORNO
10
1432.684549
20
107.358404
11
1432.811197
21
107.315741
0
LINE
8
CONTORNO
10
1432.811197
20
107.315741
11
1432.928440
21
107.265302
0
LINE
8
CONTORNO
10
1402.088676
20
140.186526
11
1402.088676
21
140.981919
0
LINE
8
CONTORNO
10
1403.038104
20
140.042293
11
1403.038104
21
141.530071
0
LINE
8
CONTORNO
10
1448.817643
20
113.207545
11
1448.817643
21
114.002938
0
LINE
8
CONTORNO
10
1449.767070
20
113.063312
11
1449.767070
21
114.551090
0
LINE
8
CONTORNO
10
1394.215480
20
125.590173
11
1393.544440
21
125.853536
0
LINE
8
CONTORNO
10
1393.544440
20
125.853536
11
1393.240375
21
125.915232
0
LINE
8
CONTORNO
10
1393.240375
20
125.915232
11
1392.637613
21
125.962000
0
LINE
8
CONTORNO
10
1392.637613
20
125.962000
11
1392.008684
21
125.915319
0
LINE
8
CONTORNO
10
1392.008684
20
125.915319
11
1391.618377
21
125.835997
0
LINE
8
CONTORNO
10
1391.618377
20
125.835997
11
1390.831182
21
125.522861
0
LINE
8
CONTORNO
10
1390.831182
20
125.522861
11
1390.423256
21
125.218905
0
LINE
8
CONTORNO
10
1390.423256
20
125.218905
11
1390.288813
21
125.068374
0
LINE
8
CONTORNO
10
1390.288813
20
125.068374
11
1390.151425
21
124.843030
0
LINE
8
CONTORNO
10
1390.151425
20
124.843030
11
1390.070557
21
124.484417
0
LINE
8
CONTORNO
10
1390.070557
20
124.484417
11
1390.070570
21
124.479917
0
LINE
8
CONTORNO
10
1390.070570
20
124.479917
11
1390.151575
21
124.131912
0
LINE
8
CONTORNO
10
1390.151575
20
124.131912
11
1390.270607
21
123.940501
0
LINE
8
CONTORNO
10
1390.270607
20
123.940501
11
1390.714594
21
123.568935
0
LINE
8
CONTORNO
10
1390.714594
20
123.568935
11
1391.150657
21
123.374514
0
LINE
8
CONTORNO
10
1391.150657
20
123.374514
11
1391.358165
21
123.312599
0
LINE
8
CONTORNO
10
1391.358165
20
123.312599
11
1391.689699
21
123.243876
0
LINE
8
CONTORNO
10
1391.689699
20
123.243876
11
1392.292461
21
123.197108
0
LINE
8
CONTORNO
10
1392.292461
20
123.197108
11
1392.921391
21
123.243789
0
LINE
8
CONTORNO
10
1392.921391
20
123.243789
11
1393.311698
21
123.323110
0
LINE
8
CONTORNO
10
1393.311698
20
123.323110
11
1393.572426
21
123.400731
0
LINE
8
CONTORNO
10
1393.572426
20
123.400731
11
1394.098892
21
123.636247
0
LINE
8
CONTORNO
10
1394.098892
20
123.636247
11
1394.641261
21
124.090734
0
LINE
8
CONTORNO
10
1394.641261
20
124.090734
11
1394.778650
21
124.316078
0
LINE
8
CONTORNO
10
1394.778650
20
124.316078
11
1394.859517
21
124.674691
0
LINE
8
CONTORNO
10
1394.859517
20
124.674691
11
1394.859504
21
124.679191
0
LINE
8
CONTORNO
10
1394.859504
20
124.679191
11
1394.778500
21
125.027196
0
LINE
8
CONTORNO
10
1394.778500
20
125.027196
11
1394.478265
21
125.406200
0
LINE
8
CONTORNO
10
1394.478265
20
125.406200
11
1394.215480
21
125.590173
0
LINE
8
CONTORNO
10
1394.215480
20
124.773676
11
1394.267134
21
124.742807
0
LINE
8
CONTORNO
10
1394.267134
20
124.742807
11
1394.316923
21
124.710924
0
LINE
8
CONTORNO
10
1394.316923
20
124.710924
11
1394.364795
21
124.678060
0
LINE
8
CONTORNO
10
1394.364795
20
124.678060
11
1394.410701
21
124.644249
0
LINE
8
CONTORNO
10
1394.410701
20
124.644249
11
1394.454592
21
124.609525
0
LINE
8
CONTORNO
10
1394.454592
20
124.609525
11
1394.496424
21
124.573926
0
LINE
8
CONTORNO
10
1394.496424
20
124.573926
11
1394.536153
21
124.537487
0
LINE
8
CONTORNO
10
1394.536153
20
124.537487
11
1394.573738
21
124.500246
0
LINE
8
CONTORNO
10
1394.573738
20
124.500246
11
1394.609141
21
124.462242
0
LINE
8
CONTORNO
10
1394.609141
20
124.462242
11
1394.642323
21
124.423515
0
LINE
8
CONTORNO
10
1394.642323
20
124.423515
11
1394.673253
21
124.384103
0
LINE
8
CONTORNO
10
1394.673253
20
124.384103
11
1394.701896
21
124.344049
0
LINE
8
CONTORNO
10
1394.701896
20
124.344049
11
1394.728224
21
124.303394
0
LINE
8
CONTORNO
10
1394.728224
20
124.303394
11
1394.752209
21
124.262179
0
LINE
8
CONTORNO
10
1390.177866
20
124.080432
11
1390.308733
21
124.277036
0
LINE
8
CONTORNO
10
1390.308733
20
124.277036
11
1390.487572
21
124.462206
0
LINE
8
CONTORNO
10
1390.487572
20
124.462206
11
1390.710404
21
124.631821
0
LINE
8
CONTORNO
10
1390.710404
20
124.631821
11
1390.972273
21
124.782108
0
LINE
8
CONTORNO
10
1390.972273
20
124.782108
11
1391.267352
21
124.909724
0
LINE
8
CONTORNO
10
1391.267352
20
124.909724
11
1391.589076
21
125.011830
0
LINE
8
CONTORNO
10
1391.589076
20
125.011830
11
1391.930288
21
125.086154
0
LINE
8
CONTORNO
10
1391.930288
20
125.086154
11
1392.283396
21
125.131043
0
LINE
8
CONTORNO
10
1392.283396
20
125.131043
11
1392.640546
21
125.145497
0
LINE
8
CONTORNO
10
1392.640546
20
125.145497
11
1392.993791
21
125.129196
0
LINE
8
CONTORNO
10
1392.993791
20
125.129196
11
1393.335273
21
125.082501
0
LINE
8
CONTORNO
10
1393.335273
20
125.082501
11
1393.657394
21
125.006453
0
LINE
8
CONTORNO
10
1393.657394
20
125.006453
11
1393.952989
21
124.902742
0
LINE
8
CONTORNO
10
1393.952989
20
124.902742
11
1394.215480
21
124.773676
0
LINE
8
CONTORNO
10
1372.623091
20
125.532303
11
1424.849997
21
95.379085
0
LINE
8
CONTORNO
10
1424.849997
20
95.379085
11
1457.376909
21
114.158506
0
TEXT
8
CONTORNO
10
1415.000000
20
84.871779
40
3.400000
1
COPERCHIO  1:1
50
0.000000
72
1.000000
11
1415.000000
21
84.871779
0
ENDSEC
0
EOF
