ISO-10303-21;
HEADER;
FILE_DESCRIPTION(('FreeCAD Model'),'2;1');
FILE_NAME('Open CASCADE Shape Model','2026-08-19T22:34:00',('Author'),(
    ''),'Open CASCADE STEP processor 7.8','FreeCAD','Unknown');
FILE_SCHEMA(('AUTOMOTIVE_DESIGN { 1 0 10303 214 1 1 1 1 }'));
ENDSEC;
DATA;
#1 = APPLICATION_PROTOCOL_DEFINITION('international standard',
  'automotive_design',2000,#2);
#2 = APPLICATION_CONTEXT(
  'core data for automotive mechanical design processes');
#3 = SHAPE_DEFINITION_REPRESENTATION(#4,#10);
#4 = PRODUCT_DEFINITION_SHAPE('','',#5);
#5 = PRODUCT_DEFINITION('design','',#6,#9);
#6 = PRODUCT_DEFINITION_FORMATION('','',#7);
#7 = PRODUCT('taiser','taiser','',(#8));
#8 = PRODUCT_CONTEXT('',#2,'mechanical');
#9 = PRODUCT_DEFINITION_CONTEXT('part definition',#2,'design');
#10 = SHAPE_REPRESENTATION('',(#11,#15,#19),#23);
#11 = AXIS2_PLACEMENT_3D('',#12,#13,#14);
#12 = CARTESIAN_POINT('',(0.,0.,0.));
#13 = DIRECTION('',(0.,0.,1.));
#14 = DIRECTION('',(1.,0.,-0.));
#15 = AXIS2_PLACEMENT_3D('',#16,#17,#18);
#16 = CARTESIAN_POINT('',(0.,0.,0.));
#17 = DIRECTION('',(0.,0.,1.));
#18 = DIRECTION('',(1.,0.,0.));
#19 = AXIS2_PLACEMENT_3D('',#20,#21,#22);
#20 = CARTESIAN_POINT('',(0.,0.,27.));
#21 = DIRECTION('',(0.,0.,1.));
#22 = DIRECTION('',(1.,0.,0.));
#23 = ( GEOMETRIC_REPRESENTATION_CONTEXT(3) 
GLOBAL_UNCERTAINTY_ASSIGNED_CONTEXT((#27)) GLOBAL_UNIT_ASSIGNED_CONTEXT(
(#24,#25,#26)) REPRESENTATION_CONTEXT('Context #1',
  '3D Context with UNIT and UNCERTAINTY') );
#24 = ( LENGTH_UNIT() NAMED_UNIT(*) SI_UNIT(.MILLI.,.METRE.) );
#25 = ( NAMED_UNIT(*) PLANE_ANGLE_UNIT() SI_UNIT($,.RADIAN.) );
#26 = ( NAMED_UNIT(*) SI_UNIT($,.STERADIAN.) SOLID_ANGLE_UNIT() );
#27 = UNCERTAINTY_MEASURE_WITH_UNIT(LENGTH_MEASURE(2.E-07),#24,
  'distance_accuracy_value','confusion accuracy');
#28 = PRODUCT_RELATED_PRODUCT_CATEGORY('part',$,(#7));
#29 = SHAPE_DEFINITION_REPRESENTATION(#30,#36);
#30 = PRODUCT_DEFINITION_SHAPE('','',#31);
#31 = PRODUCT_DEFINITION('design','',#32,#35);
#32 = PRODUCT_DEFINITION_FORMATION('','',#33);
#33 = PRODUCT('Scatola','Scatola','',(#34));
#34 = PRODUCT_CONTEXT('',#2,'mechanical');
#35 = PRODUCT_DEFINITION_CONTEXT('part definition',#2,'design');
#36 = ADVANCED_BREP_SHAPE_REPRESENTATION('',(#11,#37),#3792);
#37 = MANIFOLD_SOLID_BREP('',#38);
#38 = CLOSED_SHELL('',(#39,#380,#443,#506,#662,#736,#801,#834,#865,#896,
    #920,#944,#961,#1008,#1033,#1055,#1072,#1089,#1101,#1125,#1143,#1191
    ,#1203,#1220,#2183,#2260,#2284,#2315,#2385,#2397,#2417,#2437,#2454,
    #2485,#2555,#2615,#2639,#2656,#2673,#2690,#2723,#2782,#2807,#2858,
    #2891,#2950,#3009,#3026,#3058,#3082,#3107,#3124,#3164,#3174,#3198,
    #3223,#3240,#3272,#3296,#3329,#3339,#3356,#3388,#3412,#3445,#3455,
    #3472,#3504,#3528,#3553,#3570,#3587,#3604,#3621,#3638,#3650,#3667,
    #3684,#3701,#3718,#3730,#3742));
#39 = ADVANCED_FACE('',(#40,#106,#235,#246),#375,.F.);
#40 = FACE_BOUND('',#41,.F.);
#41 = EDGE_LOOP('',(#42,#52,#60,#68,#76,#84,#92,#100));
#42 = ORIENTED_EDGE('',*,*,#43,.F.);
#43 = EDGE_CURVE('',#44,#46,#48,.T.);
#44 = VERTEX_POINT('',#45);
#45 = CARTESIAN_POINT('',(35.63,-20.8,1.6));
#46 = VERTEX_POINT('',#47);
#47 = CARTESIAN_POINT('',(35.63,-20.8,14.198962917878));
#48 = LINE('',#49,#50);
#49 = CARTESIAN_POINT('',(35.63,-20.8,1.6));
#50 = VECTOR('',#51,1.);
#51 = DIRECTION('',(0.,0.,1.));
#52 = ORIENTED_EDGE('',*,*,#53,.T.);
#53 = EDGE_CURVE('',#44,#54,#56,.T.);
#54 = VERTEX_POINT('',#55);
#55 = CARTESIAN_POINT('',(35.63,20.8,1.6));
#56 = LINE('',#57,#58);
#57 = CARTESIAN_POINT('',(35.63,-20.8,1.6));
#58 = VECTOR('',#59,1.);
#59 = DIRECTION('',(-0.,1.,0.));
#60 = ORIENTED_EDGE('',*,*,#61,.T.);
#61 = EDGE_CURVE('',#54,#62,#64,.T.);
#62 = VERTEX_POINT('',#63);
#63 = CARTESIAN_POINT('',(35.63,20.8,14.198962917878));
#64 = LINE('',#65,#66);
#65 = CARTESIAN_POINT('',(35.63,20.8,1.6));
#66 = VECTOR('',#67,1.);
#67 = DIRECTION('',(0.,0.,1.));
#68 = ORIENTED_EDGE('',*,*,#69,.F.);
#69 = EDGE_CURVE('',#70,#62,#72,.T.);
#70 = VERTEX_POINT('',#71);
#71 = CARTESIAN_POINT('',(35.63,12.048,18.684238740806));
#72 = LINE('',#73,#74);
#73 = CARTESIAN_POINT('',(35.63,55.951103558064,-3.81547891693));
#74 = VECTOR('',#75,1.);
#75 = DIRECTION('',(-0.,0.889938375606,-0.456080790677));
#76 = ORIENTED_EDGE('',*,*,#77,.T.);
#77 = EDGE_CURVE('',#70,#78,#80,.T.);
#78 = VERTEX_POINT('',#79);
#79 = CARTESIAN_POINT('',(35.63,12.048,27.));
#80 = LINE('',#81,#82);
#81 = CARTESIAN_POINT('',(35.63,12.048,7.8955));
#82 = VECTOR('',#83,1.);
#83 = DIRECTION('',(0.,0.,1.));
#84 = ORIENTED_EDGE('',*,*,#85,.F.);
#85 = EDGE_CURVE('',#86,#78,#88,.T.);
#86 = VERTEX_POINT('',#87);
#87 = CARTESIAN_POINT('',(35.63,-12.048,27.));
#88 = LINE('',#89,#90);
#89 = CARTESIAN_POINT('',(35.63,-21.9,27.));
#90 = VECTOR('',#91,1.);
#91 = DIRECTION('',(-0.,1.,0.));
#92 = ORIENTED_EDGE('',*,*,#93,.F.);
#93 = EDGE_CURVE('',#94,#86,#96,.T.);
#94 = VERTEX_POINT('',#95);
#95 = CARTESIAN_POINT('',(35.63,-12.048,18.684238740807));
#96 = LINE('',#97,#98);
#97 = CARTESIAN_POINT('',(35.63,-12.048,7.8955));
#98 = VECTOR('',#99,1.);
#99 = DIRECTION('',(0.,0.,1.));
#100 = ORIENTED_EDGE('',*,*,#101,.F.);
#101 = EDGE_CURVE('',#46,#94,#102,.T.);
#102 = LINE('',#103,#104);
#103 = CARTESIAN_POINT('',(35.63,-131.4828547792,-42.5244297414));
#104 = VECTOR('',#105,1.);
#105 = DIRECTION('',(0.,0.889938375606,0.456080790677));
#106 = FACE_BOUND('',#107,.F.);
#107 = EDGE_LOOP('',(#108));
#108 = ORIENTED_EDGE('',*,*,#109,.T.);
#109 = EDGE_CURVE('',#110,#110,#112,.T.);
#110 = VERTEX_POINT('',#111);
#111 = CARTESIAN_POINT('',(35.63,10.40715588,11.1795));
#112 = B_SPLINE_CURVE_WITH_KNOTS('',7,(#113,#114,#115,#116,#117,#118,
    #119,#120,#121,#122,#123,#124,#125,#126,#127,#128,#129,#130,#131,
    #132,#133,#134,#135,#136,#137,#138,#139,#140,#141,#142,#143,#144,
    #145,#146,#147,#148,#149,#150,#151,#152,#153,#154,#155,#156,#157,
    #158,#159,#160,#161,#162,#163,#164,#165,#166,#167,#168,#169,#170,
    #171,#172,#173,#174,#175,#176,#177,#178,#179,#180,#181,#182,#183,
    #184,#185,#186,#187,#188,#189,#190,#191,#192,#193,#194,#195,#196,
    #197,#198,#199,#200,#201,#202,#203,#204,#205,#206,#207,#208,#209,
    #210,#211,#212,#213,#214,#215,#216,#217,#218,#219,#220,#221,#222,
    #223,#224,#225,#226,#227,#228,#229,#230,#231,#232,#233,#234),
  .UNSPECIFIED.,.T.,.F.,(8,6,6,6,6,6,6,6,6,6,6,6,6,6,6,6,6,6,6,6,8),(0.,
    0.113963003586,0.157252445581,0.184839538434,0.249971734087,
    0.315103929739,0.342691022592,0.385980464587,0.425480452376,
    0.448865740984,0.5,0.551134259016,0.574519547624,0.614019535413,
    0.657308977407,0.684896070261,0.750028265913,0.815160461566,
    0.842747554419,0.886036996414,1.),.UNSPECIFIED.);
#113 = CARTESIAN_POINT('',(35.63,10.40715588,11.1795));
#114 = CARTESIAN_POINT('',(35.63,10.40715588,11.067110907494));
#115 = CARTESIAN_POINT('',(35.63,10.391194582769,10.954650009488));
#116 = CARTESIAN_POINT('',(35.63,10.359236354366,10.844721734958));
#117 = CARTESIAN_POINT('',(35.63,10.312131691435,10.739631247478));
#118 = CARTESIAN_POINT('',(35.63,10.251206434783,10.641313982608));
#119 = CARTESIAN_POINT('',(35.63,10.178152942199,10.551349937288));
#120 = CARTESIAN_POINT('',(35.63,10.063323672864,10.440369218216));
#121 = CARTESIAN_POINT('',(35.63,10.030231466117,10.411179436196));
#122 = CARTESIAN_POINT('',(35.63,9.995755581449,10.383410934536));
#123 = CARTESIAN_POINT('',(35.63,9.959994916527,10.357114956151));
#124 = CARTESIAN_POINT('',(35.63,9.923048760432,10.332335261152));
#125 = CARTESIAN_POINT('',(35.63,9.885015892935,10.309108993342));
#126 = CARTESIAN_POINT('',(35.63,9.821125973387,10.273676086935));
#127 = CARTESIAN_POINT('',(35.63,9.795856466958,10.26052827967));
#128 = CARTESIAN_POINT('',(35.63,9.770210396863,10.248032136983));
#129 = CARTESIAN_POINT('',(35.63,9.744212781758,10.236194865145));
#130 = CARTESIAN_POINT('',(35.63,9.717888426601,10.225022864618));
#131 = CARTESIAN_POINT('',(35.63,9.69126192265,10.214521730061));
#132 = CARTESIAN_POINT('',(35.63,9.600837561291,10.181498624111));
#133 = CARTESIAN_POINT('',(35.63,9.535771006575,10.162068164459));
#134 = CARTESIAN_POINT('',(35.63,9.469475703858,10.146467455654));
#135 = CARTESIAN_POINT('',(35.63,9.402264820278,10.134740221667));
#136 = CARTESIAN_POINT('',(35.63,9.33444715173,10.126913530745));
#137 = CARTESIAN_POINT('',(35.63,9.266327305015,10.123));
#138 = CARTESIAN_POINT('',(35.63,9.130084454986,10.123));
#139 = CARTESIAN_POINT('',(35.63,9.061964608271,10.126913530745));
#140 = CARTESIAN_POINT('',(35.63,8.994146939722,10.134740221667));
#141 = CARTESIAN_POINT('',(35.63,8.926936056142,10.146467455654));
#142 = CARTESIAN_POINT('',(35.63,8.860640753425,10.162068164459));
#143 = CARTESIAN_POINT('',(35.63,8.79557419871,10.181498624111));
#144 = CARTESIAN_POINT('',(35.63,8.70514983735,10.214521730061));
#145 = CARTESIAN_POINT('',(35.63,8.678523333399,10.225022864618));
#146 = CARTESIAN_POINT('',(35.63,8.652198978243,10.236194865145));
#147 = CARTESIAN_POINT('',(35.63,8.626201363138,10.248032136983));
#148 = CARTESIAN_POINT('',(35.63,8.600555293042,10.26052827967));
#149 = CARTESIAN_POINT('',(35.63,8.575285786614,10.273676086935));
#150 = CARTESIAN_POINT('',(35.63,8.511395867065,10.309108993342));
#151 = CARTESIAN_POINT('',(35.63,8.473362999568,10.332335261152));
#152 = CARTESIAN_POINT('',(35.63,8.436416843473,10.357114956151));
#153 = CARTESIAN_POINT('',(35.63,8.400656178552,10.383410934536));
#154 = CARTESIAN_POINT('',(35.63,8.366180293884,10.411179436196));
#155 = CARTESIAN_POINT('',(35.63,8.333088087136,10.440369218216));
#156 = CARTESIAN_POINT('',(35.63,8.272633385172,10.49879775594));
#157 = CARTESIAN_POINT('',(35.63,8.245022771794,10.527808673021));
#158 = CARTESIAN_POINT('',(35.63,8.218719697571,10.557907826633));
#159 = CARTESIAN_POINT('',(35.63,8.193797306143,10.58904395137));
#160 = CARTESIAN_POINT('',(35.63,8.170326476379,10.621159709127));
#161 = CARTESIAN_POINT('',(35.63,8.148374787827,10.654191268805));
#162 = CARTESIAN_POINT('',(35.63,8.115946191345,10.708123954754));
#163 = CARTESIAN_POINT('',(35.63,8.104441431577,10.728476293961));
#164 = CARTESIAN_POINT('',(35.63,8.093504416176,10.749110235989));
#165 = CARTESIAN_POINT('',(35.63,8.08314760848,10.770010373686));
#166 = CARTESIAN_POINT('',(35.63,8.073382725843,10.791160560394));
#167 = CARTESIAN_POINT('',(35.63,8.064220739639,10.812543909946));
#168 = CARTESIAN_POINT('',(35.63,8.036978933186,10.881370910321));
#169 = CARTESIAN_POINT('',(35.63,8.02121619498,10.929632441549));
#170 = CARTESIAN_POINT('',(35.63,8.008491346911,10.97873930953));
#171 = CARTESIAN_POINT('',(35.63,7.998888690084,11.028492164085));
#172 = CARTESIAN_POINT('',(35.63,7.99246674898,11.07868209496));
#173 = CARTESIAN_POINT('',(35.63,7.98925588,11.129092341113));
#174 = CARTESIAN_POINT('',(35.63,7.98925588,11.229907658887));
#175 = CARTESIAN_POINT('',(35.63,7.99246674898,11.28031790504));
#176 = CARTESIAN_POINT('',(35.63,7.998888690084,11.330507835915));
#177 = CARTESIAN_POINT('',(35.63,8.008491346911,11.380260690469));
#178 = CARTESIAN_POINT('',(35.63,8.02121619498,11.429367558451));
#179 = CARTESIAN_POINT('',(35.63,8.036978933185,11.477629089678));
#180 = CARTESIAN_POINT('',(35.63,8.064220739639,11.546456090053));
#181 = CARTESIAN_POINT('',(35.63,8.073382725843,11.567839439606));
#182 = CARTESIAN_POINT('',(35.63,8.08314760848,11.588989626313));
#183 = CARTESIAN_POINT('',(35.63,8.093504416176,11.609889764011));
#184 = CARTESIAN_POINT('',(35.63,8.104441431576,11.630523706039));
#185 = CARTESIAN_POINT('',(35.63,8.115946191345,11.650876045246));
#186 = CARTESIAN_POINT('',(35.63,8.148374787827,11.704808731195));
#187 = CARTESIAN_POINT('',(35.63,8.170326476378,11.737840290872));
#188 = CARTESIAN_POINT('',(35.63,8.193797306143,11.76995604863));
#189 = CARTESIAN_POINT('',(35.63,8.218719697571,11.801092173367));
#190 = CARTESIAN_POINT('',(35.63,8.245022771794,11.831191326978));
#191 = CARTESIAN_POINT('',(35.63,8.272633385172,11.860202244059));
#192 = CARTESIAN_POINT('',(35.63,8.333088087136,11.918630781784));
#193 = CARTESIAN_POINT('',(35.63,8.366180293883,11.947820563804));
#194 = CARTESIAN_POINT('',(35.63,8.400656178551,11.975589065464));
#195 = CARTESIAN_POINT('',(35.63,8.436416843472,12.001885043849));
#196 = CARTESIAN_POINT('',(35.63,8.473362999568,12.026664738848));
#197 = CARTESIAN_POINT('',(35.63,8.511395867065,12.049891006658));
#198 = CARTESIAN_POINT('',(35.63,8.575285786613,12.085323913065));
#199 = CARTESIAN_POINT('',(35.63,8.600555293042,12.09847172033));
#200 = CARTESIAN_POINT('',(35.63,8.626201363137,12.110967863017));
#201 = CARTESIAN_POINT('',(35.63,8.652198978242,12.122805134855));
#202 = CARTESIAN_POINT('',(35.63,8.678523333399,12.133977135382));
#203 = CARTESIAN_POINT('',(35.63,8.70514983735,12.144478269939));
#204 = CARTESIAN_POINT('',(35.63,8.795574198709,12.177501375889));
#205 = CARTESIAN_POINT('',(35.63,8.860640753424,12.196931835541));
#206 = CARTESIAN_POINT('',(35.63,8.926936056142,12.212532544346));
#207 = CARTESIAN_POINT('',(35.63,8.994146939721,12.224259778333));
#208 = CARTESIAN_POINT('',(35.63,9.06196460827,12.232086469255));
#209 = CARTESIAN_POINT('',(35.63,9.130084454985,12.236));
#210 = CARTESIAN_POINT('',(35.63,9.266327305014,12.236));
#211 = CARTESIAN_POINT('',(35.63,9.334447151729,12.232086469255));
#212 = CARTESIAN_POINT('',(35.63,9.402264820278,12.224259778333));
#213 = CARTESIAN_POINT('',(35.63,9.469475703858,12.212532544346));
#214 = CARTESIAN_POINT('',(35.63,9.535771006575,12.196931835541));
#215 = CARTESIAN_POINT('',(35.63,9.60083756129,12.177501375889));
#216 = CARTESIAN_POINT('',(35.63,9.69126192265,12.144478269939));
#217 = CARTESIAN_POINT('',(35.63,9.717888426601,12.133977135382));
#218 = CARTESIAN_POINT('',(35.63,9.744212781757,12.122805134855));
#219 = CARTESIAN_POINT('',(35.63,9.770210396862,12.110967863017));
#220 = CARTESIAN_POINT('',(35.63,9.795856466958,12.09847172033));
#221 = CARTESIAN_POINT('',(35.63,9.821125973386,12.085323913065));
#222 = CARTESIAN_POINT('',(35.63,9.885015892935,12.049891006658));
#223 = CARTESIAN_POINT('',(35.63,9.923048760432,12.026664738848));
#224 = CARTESIAN_POINT('',(35.63,9.959994916527,12.001885043849));
#225 = CARTESIAN_POINT('',(35.63,9.995755581448,11.975589065464));
#226 = CARTESIAN_POINT('',(35.63,10.030231466116,11.947820563804));
#227 = CARTESIAN_POINT('',(35.63,10.063323672864,11.918630781784));
#228 = CARTESIAN_POINT('',(35.63,10.178152942199,11.807650062712));
#229 = CARTESIAN_POINT('',(35.63,10.251206434783,11.717686017393));
#230 = CARTESIAN_POINT('',(35.63,10.312131691435,11.61936875252));
#231 = CARTESIAN_POINT('',(35.63,10.359236354365,11.514278265044));
#232 = CARTESIAN_POINT('',(35.63,10.391194582769,11.404349990511));
#233 = CARTESIAN_POINT('',(35.63,10.40715588,11.291889092506));
#234 = CARTESIAN_POINT('',(35.63,10.40715588,11.1795));
#235 = FACE_BOUND('',#236,.F.);
#236 = EDGE_LOOP('',(#237));
#237 = ORIENTED_EDGE('',*,*,#238,.F.);
#238 = EDGE_CURVE('',#239,#239,#241,.T.);
#239 = VERTEX_POINT('',#240);
#240 = CARTESIAN_POINT('',(35.63,-18.1,5.751));
#241 = CIRCLE('',#242,1.501);
#242 = AXIS2_PLACEMENT_3D('',#243,#244,#245);
#243 = CARTESIAN_POINT('',(35.63,-18.1,4.25));
#244 = DIRECTION('',(1.,0.,0.));
#245 = DIRECTION('',(-0.,0.,1.));
#246 = FACE_BOUND('',#247,.F.);
#247 = EDGE_LOOP('',(#248));
#248 = ORIENTED_EDGE('',*,*,#249,.T.);
#249 = EDGE_CURVE('',#250,#250,#252,.T.);
#250 = VERTEX_POINT('',#251);
#251 = CARTESIAN_POINT('',(35.63,-8.38310581,11.179));
#252 = B_SPLINE_CURVE_WITH_KNOTS('',7,(#253,#254,#255,#256,#257,#258,
    #259,#260,#261,#262,#263,#264,#265,#266,#267,#268,#269,#270,#271,
    #272,#273,#274,#275,#276,#277,#278,#279,#280,#281,#282,#283,#284,
    #285,#286,#287,#288,#289,#290,#291,#292,#293,#294,#295,#296,#297,
    #298,#299,#300,#301,#302,#303,#304,#305,#306,#307,#308,#309,#310,
    #311,#312,#313,#314,#315,#316,#317,#318,#319,#320,#321,#322,#323,
    #324,#325,#326,#327,#328,#329,#330,#331,#332,#333,#334,#335,#336,
    #337,#338,#339,#340,#341,#342,#343,#344,#345,#346,#347,#348,#349,
    #350,#351,#352,#353,#354,#355,#356,#357,#358,#359,#360,#361,#362,
    #363,#364,#365,#366,#367,#368,#369,#370,#371,#372,#373,#374),
  .UNSPECIFIED.,.T.,.F.,(8,6,6,6,6,6,6,6,6,6,6,6,6,6,6,6,6,6,6,6,8),(0.,
    0.113989422239,0.157275991098,0.184860289099,0.249984041397,
    0.315107793696,0.342692091697,0.385978660555,0.425477913053,
    0.448863567962,0.5,0.551136432038,0.574522086946,0.614021339444,
    0.657307908302,0.684892206304,0.750015958602,0.8151397109,
    0.842724008901,0.88601057776,1.),.UNSPECIFIED.);
#253 = CARTESIAN_POINT('',(35.63,-8.38310581,11.179));
#254 = CARTESIAN_POINT('',(35.63,-8.383105773811,11.066586724462));
#255 = CARTESIAN_POINT('',(35.63,-8.399060930554,10.954053250342));
#256 = CARTESIAN_POINT('',(35.63,-8.431031214967,10.844052954895));
#257 = CARTESIAN_POINT('',(35.63,-8.478149803305,10.738916043481));
#258 = CARTESIAN_POINT('',(35.63,-8.539072507238,10.640571936493));
#259 = CARTESIAN_POINT('',(35.63,-8.612114336741,10.550574711399));
#260 = CARTESIAN_POINT('',(35.63,-8.726979883942,10.439520172449));
#261 = CARTESIAN_POINT('',(35.63,-8.760075701331,10.41031692769));
#262 = CARTESIAN_POINT('',(35.63,-8.794555607247,10.382535377598));
#263 = CARTESIAN_POINT('',(35.63,-8.830320665713,10.356226866637));
#264 = CARTESIAN_POINT('',(35.63,-8.867271592403,10.331435207781));
#265 = CARTESIAN_POINT('',(35.63,-8.905309664773,10.308197572833));
#266 = CARTESIAN_POINT('',(35.63,-8.96920812227,10.272747541708));
#267 = CARTESIAN_POINT('',(35.63,-8.994480574654,10.259593597576));
#268 = CARTESIAN_POINT('',(35.63,-9.020129741105,10.247091576039));
#269 = CARTESIAN_POINT('',(35.63,-9.04613059116,10.23524869377));
#270 = CARTESIAN_POINT('',(35.63,-9.07245831213,10.224071358418));
#271 = CARTESIAN_POINT('',(35.63,-9.099088309103,10.213565168611));
#272 = CARTESIAN_POINT('',(35.63,-9.189523031017,10.180526710519));
#273 = CARTESIAN_POINT('',(35.63,-9.254597278606,10.161087058632));
#274 = CARTESIAN_POINT('',(35.63,-9.320900816445,10.145478856413));
#275 = CARTESIAN_POINT('',(35.63,-9.388120214207,10.13374595795));
#276 = CARTESIAN_POINT('',(35.63,-9.455946553555,10.125915460654));
#277 = CARTESIAN_POINT('',(35.63,-9.524075239208,10.121999992624));
#278 = CARTESIAN_POINT('',(35.63,-9.660336380791,10.121999992624));
#279 = CARTESIAN_POINT('',(35.63,-9.728465066444,10.125915460654));
#280 = CARTESIAN_POINT('',(35.63,-9.796291405793,10.13374595795));
#281 = CARTESIAN_POINT('',(35.63,-9.863510803555,10.145478856413));
#282 = CARTESIAN_POINT('',(35.63,-9.929814341394,10.161087058632));
#283 = CARTESIAN_POINT('',(35.63,-9.994888588983,10.180526710519));
#284 = CARTESIAN_POINT('',(35.63,-10.08532331089,10.213565168611));
#285 = CARTESIAN_POINT('',(35.63,-10.11195330786,10.224071358418));
#286 = CARTESIAN_POINT('',(35.63,-10.13828102884,10.23524869377));
#287 = CARTESIAN_POINT('',(35.63,-10.16428187889,10.247091576039));
#288 = CARTESIAN_POINT('',(35.63,-10.18993104534,10.259593597575));
#289 = CARTESIAN_POINT('',(35.63,-10.21520349773,10.272747541708));
#290 = CARTESIAN_POINT('',(35.63,-10.27910195522,10.308197572833));
#291 = CARTESIAN_POINT('',(35.63,-10.31714002759,10.331435207781));
#292 = CARTESIAN_POINT('',(35.63,-10.35409095428,10.356226866637));
#293 = CARTESIAN_POINT('',(35.63,-10.38985601275,10.382535377598));
#294 = CARTESIAN_POINT('',(35.63,-10.42433591866,10.41031692769));
#295 = CARTESIAN_POINT('',(35.63,-10.45743173605,10.439520172449));
#296 = CARTESIAN_POINT('',(35.63,-10.51789382463,10.49797625494));
#297 = CARTESIAN_POINT('',(35.63,-10.54550818162,10.527001324736));
#298 = CARTESIAN_POINT('',(35.63,-10.57181460336,10.557114945455));
#299 = CARTESIAN_POINT('',(35.63,-10.596740011,10.588265843433));
#300 = CARTESIAN_POINT('',(35.63,-10.62021354881,10.620396643169));
#301 = CARTESIAN_POINT('',(35.63,-10.64216763098,10.653443429616));
#302 = CARTESIAN_POINT('',(35.63,-10.6745998953,10.707401099816));
#303 = CARTESIAN_POINT('',(35.63,-10.68610615338,10.72776321576));
#304 = CARTESIAN_POINT('',(35.63,-10.69704455848,10.748406992335));
#305 = CARTESIAN_POINT('',(35.63,-10.70740264947,10.769317019774));
#306 = CARTESIAN_POINT('',(35.63,-10.71716870842,10.790477144513));
#307 = CARTESIAN_POINT('',(35.63,-10.72633176053,10.811870469192));
#308 = CARTESIAN_POINT('',(35.63,-10.75357719273,10.880730626563));
#309 = CARTESIAN_POINT('',(35.63,-10.76934184413,10.929015262143));
#310 = CARTESIAN_POINT('',(35.63,-10.78206814567,10.978145333439));
#311 = CARTESIAN_POINT('',(35.63,-10.79167191079,11.027921594287));
#312 = CARTESIAN_POINT('',(35.63,-10.79809461314,11.078135133105));
#313 = CARTESIAN_POINT('',(35.63,-10.80130585072,11.128569027688));
#314 = CARTESIAN_POINT('',(35.63,-10.80130585072,11.229430972312));
#315 = CARTESIAN_POINT('',(35.63,-10.79809461314,11.279864866895));
#316 = CARTESIAN_POINT('',(35.63,-10.79167191079,11.330078405713));
#317 = CARTESIAN_POINT('',(35.63,-10.78206814567,11.37985466656));
#318 = CARTESIAN_POINT('',(35.63,-10.76934184413,11.428984737857));
#319 = CARTESIAN_POINT('',(35.63,-10.75357719273,11.477269373437));
#320 = CARTESIAN_POINT('',(35.63,-10.72633176053,11.546129530807));
#321 = CARTESIAN_POINT('',(35.63,-10.71716870842,11.567522855486));
#322 = CARTESIAN_POINT('',(35.63,-10.70740264947,11.588682980226));
#323 = CARTESIAN_POINT('',(35.63,-10.69704455848,11.609593007665));
#324 = CARTESIAN_POINT('',(35.63,-10.68610615338,11.63023678424));
#325 = CARTESIAN_POINT('',(35.63,-10.6745998953,11.650598900184));
#326 = CARTESIAN_POINT('',(35.63,-10.64216763098,11.704556570384));
#327 = CARTESIAN_POINT('',(35.63,-10.62021354881,11.737603356831));
#328 = CARTESIAN_POINT('',(35.63,-10.596740011,11.769734156567));
#329 = CARTESIAN_POINT('',(35.63,-10.57181460336,11.800885054545));
#330 = CARTESIAN_POINT('',(35.63,-10.54550818162,11.830998675263));
#331 = CARTESIAN_POINT('',(35.63,-10.51789382463,11.86002374506));
#332 = CARTESIAN_POINT('',(35.63,-10.45743173605,11.918479827551));
#333 = CARTESIAN_POINT('',(35.63,-10.42433591866,11.94768307231));
#334 = CARTESIAN_POINT('',(35.63,-10.38985601275,11.975464622402));
#335 = CARTESIAN_POINT('',(35.63,-10.35409095428,12.001773133363));
#336 = CARTESIAN_POINT('',(35.63,-10.31714002759,12.026564792219));
#337 = CARTESIAN_POINT('',(35.63,-10.27910195522,12.049802427167));
#338 = CARTESIAN_POINT('',(35.63,-10.21520349773,12.085252458292));
#339 = CARTESIAN_POINT('',(35.63,-10.18993104534,12.098406402424));
#340 = CARTESIAN_POINT('',(35.63,-10.16428187889,12.110908423961));
#341 = CARTESIAN_POINT('',(35.63,-10.13828102884,12.12275130623));
#342 = CARTESIAN_POINT('',(35.63,-10.11195330787,12.133928641582));
#343 = CARTESIAN_POINT('',(35.63,-10.08532331089,12.144434831389));
#344 = CARTESIAN_POINT('',(35.63,-9.994888588983,12.177473289481));
#345 = CARTESIAN_POINT('',(35.63,-9.929814341394,12.196912941368));
#346 = CARTESIAN_POINT('',(35.63,-9.863510803555,12.212521143587));
#347 = CARTESIAN_POINT('',(35.63,-9.796291405793,12.22425404205));
#348 = CARTESIAN_POINT('',(35.63,-9.728465066445,12.232084539346));
#349 = CARTESIAN_POINT('',(35.63,-9.660336380792,12.236000007376));
#350 = CARTESIAN_POINT('',(35.63,-9.524075239209,12.236000007376));
#351 = CARTESIAN_POINT('',(35.63,-9.455946553556,12.232084539346));
#352 = CARTESIAN_POINT('',(35.63,-9.388120214207,12.22425404205));
#353 = CARTESIAN_POINT('',(35.63,-9.320900816445,12.212521143587));
#354 = CARTESIAN_POINT('',(35.63,-9.254597278606,12.196912941368));
#355 = CARTESIAN_POINT('',(35.63,-9.189523031017,12.177473289481));
#356 = CARTESIAN_POINT('',(35.63,-9.099088309103,12.144434831389));
#357 = CARTESIAN_POINT('',(35.63,-9.072458312131,12.133928641582));
#358 = CARTESIAN_POINT('',(35.63,-9.04613059116,12.12275130623));
#359 = CARTESIAN_POINT('',(35.63,-9.020129741105,12.110908423961));
#360 = CARTESIAN_POINT('',(35.63,-8.994480574654,12.098406402425));
#361 = CARTESIAN_POINT('',(35.63,-8.96920812227,12.085252458292));
#362 = CARTESIAN_POINT('',(35.63,-8.905309664773,12.049802427167));
#363 = CARTESIAN_POINT('',(35.63,-8.867271592403,12.026564792219));
#364 = CARTESIAN_POINT('',(35.63,-8.830320665713,12.001773133363));
#365 = CARTESIAN_POINT('',(35.63,-8.794555607247,11.975464622402));
#366 = CARTESIAN_POINT('',(35.63,-8.760075701331,11.94768307231));
#367 = CARTESIAN_POINT('',(35.63,-8.726979883943,11.918479827551));
#368 = CARTESIAN_POINT('',(35.63,-8.612114336741,11.8074252886));
#369 = CARTESIAN_POINT('',(35.63,-8.539072507239,11.717428063508));
#370 = CARTESIAN_POINT('',(35.63,-8.478149803304,11.619083956516));
#371 = CARTESIAN_POINT('',(35.63,-8.431031214968,11.513947045108));
#372 = CARTESIAN_POINT('',(35.63,-8.399060930553,11.403946749656));
#373 = CARTESIAN_POINT('',(35.63,-8.383105773811,11.291413275538));
#374 = CARTESIAN_POINT('',(35.63,-8.38310581,11.179));
#375 = PLANE('',#376);
#376 = AXIS2_PLACEMENT_3D('',#377,#378,#379);
#377 = CARTESIAN_POINT('',(35.63,-20.8,1.6));
#378 = DIRECTION('',(1.,0.,-0.));
#379 = DIRECTION('',(0.,0.,1.));
#380 = ADVANCED_FACE('',(#381),#438,.F.);
#381 = FACE_BOUND('',#382,.F.);
#382 = EDGE_LOOP('',(#383,#384,#392,#400,#408,#416,#424,#432));
#383 = ORIENTED_EDGE('',*,*,#61,.F.);
#384 = ORIENTED_EDGE('',*,*,#385,.F.);
#385 = EDGE_CURVE('',#386,#54,#388,.T.);
#386 = VERTEX_POINT('',#387);
#387 = CARTESIAN_POINT('',(-35.63,20.8,1.6));
#388 = LINE('',#389,#390);
#389 = CARTESIAN_POINT('',(-35.63,20.8,1.6));
#390 = VECTOR('',#391,1.);
#391 = DIRECTION('',(1.,0.,-0.));
#392 = ORIENTED_EDGE('',*,*,#393,.T.);
#393 = EDGE_CURVE('',#386,#394,#396,.T.);
#394 = VERTEX_POINT('',#395);
#395 = CARTESIAN_POINT('',(-35.63,20.8,14.198962917878));
#396 = LINE('',#397,#398);
#397 = CARTESIAN_POINT('',(-35.63,20.8,1.6));
#398 = VECTOR('',#399,1.);
#399 = DIRECTION('',(0.,0.,1.));
#400 = ORIENTED_EDGE('',*,*,#401,.F.);
#401 = EDGE_CURVE('',#402,#394,#404,.T.);
#402 = VERTEX_POINT('',#403);
#403 = CARTESIAN_POINT('',(-30.451,20.8,18.68502917781));
#404 = LINE('',#405,#406);
#405 = CARTESIAN_POINT('',(-47.41606223935,20.8,3.989838347609));
#406 = VECTOR('',#407,1.);
#407 = DIRECTION('',(-0.755862444725,0.,-0.654730451907));
#408 = ORIENTED_EDGE('',*,*,#409,.F.);
#409 = EDGE_CURVE('',#410,#402,#412,.T.);
#410 = VERTEX_POINT('',#411);
#411 = CARTESIAN_POINT('',(-30.451,20.8,27.));
#412 = LINE('',#413,#414);
#413 = CARTESIAN_POINT('',(-30.451,20.8,7.8955));
#414 = VECTOR('',#415,1.);
#415 = DIRECTION('',(-0.,0.,-1.));
#416 = ORIENTED_EDGE('',*,*,#417,.F.);
#417 = EDGE_CURVE('',#418,#410,#420,.T.);
#418 = VERTEX_POINT('',#419);
#419 = CARTESIAN_POINT('',(30.451,20.8,27.));
#420 = LINE('',#421,#422);
#421 = CARTESIAN_POINT('',(-36.28,20.8,27.));
#422 = VECTOR('',#423,1.);
#423 = DIRECTION('',(-1.,-0.,0.));
#424 = ORIENTED_EDGE('',*,*,#425,.T.);
#425 = EDGE_CURVE('',#418,#426,#428,.T.);
#426 = VERTEX_POINT('',#427);
#427 = CARTESIAN_POINT('',(30.451,20.8,18.68502917781));
#428 = LINE('',#429,#430);
#429 = CARTESIAN_POINT('',(30.451,20.8,7.8955));
#430 = VECTOR('',#431,1.);
#431 = DIRECTION('',(-0.,0.,-1.));
#432 = ORIENTED_EDGE('',*,*,#433,.F.);
#433 = EDGE_CURVE('',#62,#426,#434,.T.);
#434 = LINE('',#435,#436);
#435 = CARTESIAN_POINT('',(117.51598572344,20.8,-56.73093816634));
#436 = VECTOR('',#437,1.);
#437 = DIRECTION('',(-0.755862444725,-0.,0.654730451907));
#438 = PLANE('',#439);
#439 = AXIS2_PLACEMENT_3D('',#440,#441,#442);
#440 = CARTESIAN_POINT('',(-35.63,20.8,1.6));
#441 = DIRECTION('',(-0.,1.,0.));
#442 = DIRECTION('',(0.,0.,1.));
#443 = ADVANCED_FACE('',(#444),#501,.T.);
#444 = FACE_BOUND('',#445,.T.);
#445 = EDGE_LOOP('',(#446,#456,#462,#463,#471,#479,#487,#495));
#446 = ORIENTED_EDGE('',*,*,#447,.F.);
#447 = EDGE_CURVE('',#448,#450,#452,.T.);
#448 = VERTEX_POINT('',#449);
#449 = CARTESIAN_POINT('',(-35.63,-20.8,1.6));
#450 = VERTEX_POINT('',#451);
#451 = CARTESIAN_POINT('',(-35.63,-20.8,24.002));
#452 = LINE('',#453,#454);
#453 = CARTESIAN_POINT('',(-35.63,-20.8,1.6));
#454 = VECTOR('',#455,1.);
#455 = DIRECTION('',(0.,0.,1.));
#456 = ORIENTED_EDGE('',*,*,#457,.T.);
#457 = EDGE_CURVE('',#448,#386,#458,.T.);
#458 = LINE('',#459,#460);
#459 = CARTESIAN_POINT('',(-35.63,-20.8,1.6));
#460 = VECTOR('',#461,1.);
#461 = DIRECTION('',(-0.,1.,0.));
#462 = ORIENTED_EDGE('',*,*,#393,.T.);
#463 = ORIENTED_EDGE('',*,*,#464,.F.);
#464 = EDGE_CURVE('',#465,#394,#467,.T.);
#465 = VERTEX_POINT('',#466);
#466 = CARTESIAN_POINT('',(-35.63,12.048,18.684238740807));
#467 = LINE('',#468,#469);
#468 = CARTESIAN_POINT('',(-35.63,-111.9528078573,82.232893391873));
#469 = VECTOR('',#470,1.);
#470 = DIRECTION('',(-0.,0.889938375606,-0.456080790677));
#471 = ORIENTED_EDGE('',*,*,#472,.T.);
#472 = EDGE_CURVE('',#465,#473,#475,.T.);
#473 = VERTEX_POINT('',#474);
#474 = CARTESIAN_POINT('',(-35.63,12.048,27.));
#475 = LINE('',#476,#477);
#476 = CARTESIAN_POINT('',(-35.63,12.048,7.8955));
#477 = VECTOR('',#478,1.);
#478 = DIRECTION('',(0.,0.,1.));
#479 = ORIENTED_EDGE('',*,*,#480,.F.);
#480 = EDGE_CURVE('',#481,#473,#483,.T.);
#481 = VERTEX_POINT('',#482);
#482 = CARTESIAN_POINT('',(-35.63,-10.72,27.));
#483 = LINE('',#484,#485);
#484 = CARTESIAN_POINT('',(-35.63,-21.9,27.));
#485 = VECTOR('',#486,1.);
#486 = DIRECTION('',(-0.,1.,0.));
#487 = ORIENTED_EDGE('',*,*,#488,.F.);
#488 = EDGE_CURVE('',#489,#481,#491,.T.);
#489 = VERTEX_POINT('',#490);
#490 = CARTESIAN_POINT('',(-35.63,-10.72,24.002));
#491 = LINE('',#492,#493);
#492 = CARTESIAN_POINT('',(-35.63,-10.72,12.801));
#493 = VECTOR('',#494,1.);
#494 = DIRECTION('',(0.,0.,1.));
#495 = ORIENTED_EDGE('',*,*,#496,.T.);
#496 = EDGE_CURVE('',#489,#450,#497,.T.);
#497 = LINE('',#498,#499);
#498 = CARTESIAN_POINT('',(-35.63,-20.805,24.002));
#499 = VECTOR('',#500,1.);
#500 = DIRECTION('',(0.,-1.,0.));
#501 = PLANE('',#502);
#502 = AXIS2_PLACEMENT_3D('',#503,#504,#505);
#503 = CARTESIAN_POINT('',(-35.63,-20.8,1.6));
#504 = DIRECTION('',(1.,0.,-0.));
#505 = DIRECTION('',(0.,0.,1.));
#506 = ADVANCED_FACE('',(#507,#555,#589,#623),#657,.T.);
#507 = FACE_BOUND('',#508,.T.);
#508 = EDGE_LOOP('',(#509,#510,#516,#517,#525,#533,#541,#549));
#509 = ORIENTED_EDGE('',*,*,#43,.F.);
#510 = ORIENTED_EDGE('',*,*,#511,.F.);
#511 = EDGE_CURVE('',#448,#44,#512,.T.);
#512 = LINE('',#513,#514);
#513 = CARTESIAN_POINT('',(-35.63,-20.8,1.6));
#514 = VECTOR('',#515,1.);
#515 = DIRECTION('',(1.,0.,-0.));
#516 = ORIENTED_EDGE('',*,*,#447,.T.);
#517 = ORIENTED_EDGE('',*,*,#518,.T.);
#518 = EDGE_CURVE('',#450,#519,#521,.T.);
#519 = VERTEX_POINT('',#520);
#520 = CARTESIAN_POINT('',(-30.451,-20.8,24.002));
#521 = LINE('',#522,#523);
#522 = CARTESIAN_POINT('',(-35.632,-20.8,24.002));
#523 = VECTOR('',#524,1.);
#524 = DIRECTION('',(1.,0.,-0.));
#525 = ORIENTED_EDGE('',*,*,#526,.F.);
#526 = EDGE_CURVE('',#527,#519,#529,.T.);
#527 = VERTEX_POINT('',#528);
#528 = CARTESIAN_POINT('',(-30.451,-20.8,27.));
#529 = LINE('',#530,#531);
#530 = CARTESIAN_POINT('',(-30.451,-20.8,12.801));
#531 = VECTOR('',#532,1.);
#532 = DIRECTION('',(-0.,0.,-1.));
#533 = ORIENTED_EDGE('',*,*,#534,.F.);
#534 = EDGE_CURVE('',#535,#527,#537,.T.);
#535 = VERTEX_POINT('',#536);
#536 = CARTESIAN_POINT('',(30.451,-20.8,27.));
#537 = LINE('',#538,#539);
#538 = CARTESIAN_POINT('',(-36.28,-20.8,27.));
#539 = VECTOR('',#540,1.);
#540 = DIRECTION('',(-1.,-0.,0.));
#541 = ORIENTED_EDGE('',*,*,#542,.T.);
#542 = EDGE_CURVE('',#535,#543,#545,.T.);
#543 = VERTEX_POINT('',#544);
#544 = CARTESIAN_POINT('',(30.451,-20.8,18.68502917781));
#545 = LINE('',#546,#547);
#546 = CARTESIAN_POINT('',(30.451,-20.8,7.8955));
#547 = VECTOR('',#548,1.);
#548 = DIRECTION('',(-0.,0.,-1.));
#549 = ORIENTED_EDGE('',*,*,#550,.F.);
#550 = EDGE_CURVE('',#46,#543,#551,.T.);
#551 = LINE('',#552,#553);
#552 = CARTESIAN_POINT('',(-3.606975424835,-20.8,48.186155734084));
#553 = VECTOR('',#554,1.);
#554 = DIRECTION('',(-0.755862444725,-0.,0.654730451907));
#555 = FACE_BOUND('',#556,.T.);
#556 = EDGE_LOOP('',(#557,#567,#575,#583));
#557 = ORIENTED_EDGE('',*,*,#558,.F.);
#558 = EDGE_CURVE('',#559,#561,#563,.T.);
#559 = VERTEX_POINT('',#560);
#560 = CARTESIAN_POINT('',(-6.001,-20.8,24.697766829472));
#561 = VERTEX_POINT('',#562);
#562 = CARTESIAN_POINT('',(-4.155,-20.8,24.697766829472));
#563 = LINE('',#564,#565);
#564 = CARTESIAN_POINT('',(-6.001,-20.8,24.697766829472));
#565 = VECTOR('',#566,1.);
#566 = DIRECTION('',(1.,0.,0.));
#567 = ORIENTED_EDGE('',*,*,#568,.T.);
#568 = EDGE_CURVE('',#559,#569,#571,.T.);
#569 = VERTEX_POINT('',#570);
#570 = CARTESIAN_POINT('',(-6.001,-20.8,23.394233170528));
#571 = LINE('',#572,#573);
#572 = CARTESIAN_POINT('',(-6.001,-20.8,12.823));
#573 = VECTOR('',#574,1.);
#574 = DIRECTION('',(0.,0.,-1.));
#575 = ORIENTED_EDGE('',*,*,#576,.T.);
#576 = EDGE_CURVE('',#569,#577,#579,.T.);
#577 = VERTEX_POINT('',#578);
#578 = CARTESIAN_POINT('',(-4.155,-20.8,23.394233170528));
#579 = LINE('',#580,#581);
#580 = CARTESIAN_POINT('',(-6.001,-20.8,23.394233170528));
#581 = VECTOR('',#582,1.);
#582 = DIRECTION('',(1.,0.,0.));
#583 = ORIENTED_EDGE('',*,*,#584,.F.);
#584 = EDGE_CURVE('',#561,#577,#585,.T.);
#585 = LINE('',#586,#587);
#586 = CARTESIAN_POINT('',(-4.155,-20.8,12.823));
#587 = VECTOR('',#588,1.);
#588 = DIRECTION('',(0.,0.,-1.));
#589 = FACE_BOUND('',#590,.T.);
#590 = EDGE_LOOP('',(#591,#601,#609,#617));
#591 = ORIENTED_EDGE('',*,*,#592,.F.);
#592 = EDGE_CURVE('',#593,#595,#597,.T.);
#593 = VERTEX_POINT('',#594);
#594 = CARTESIAN_POINT('',(-1.387,-20.8,25.752));
#595 = VERTEX_POINT('',#596);
#596 = CARTESIAN_POINT('',(5.08,-20.8,25.752));
#597 = LINE('',#598,#599);
#598 = CARTESIAN_POINT('',(-18.5085,-20.8,25.752));
#599 = VECTOR('',#600,1.);
#600 = DIRECTION('',(1.,0.,-0.));
#601 = ORIENTED_EDGE('',*,*,#602,.T.);
#602 = EDGE_CURVE('',#593,#603,#605,.T.);
#603 = VERTEX_POINT('',#604);
#604 = CARTESIAN_POINT('',(-1.387,-20.8,21.747));
#605 = LINE('',#606,#607);
#606 = CARTESIAN_POINT('',(-1.387,-20.8,11.6735));
#607 = VECTOR('',#608,1.);
#608 = DIRECTION('',(-0.,0.,-1.));
#609 = ORIENTED_EDGE('',*,*,#610,.T.);
#610 = EDGE_CURVE('',#603,#611,#613,.T.);
#611 = VERTEX_POINT('',#612);
#612 = CARTESIAN_POINT('',(5.08,-20.8,21.747));
#613 = LINE('',#614,#615);
#614 = CARTESIAN_POINT('',(-18.5085,-20.8,21.747));
#615 = VECTOR('',#616,1.);
#616 = DIRECTION('',(1.,0.,-0.));
#617 = ORIENTED_EDGE('',*,*,#618,.F.);
#618 = EDGE_CURVE('',#595,#611,#619,.T.);
#619 = LINE('',#620,#621);
#620 = CARTESIAN_POINT('',(5.08,-20.8,11.6735));
#621 = VECTOR('',#622,1.);
#622 = DIRECTION('',(-0.,0.,-1.));
#623 = FACE_BOUND('',#624,.T.);
#624 = EDGE_LOOP('',(#625,#635,#643,#651));
#625 = ORIENTED_EDGE('',*,*,#626,.F.);
#626 = EDGE_CURVE('',#627,#629,#631,.T.);
#627 = VERTEX_POINT('',#628);
#628 = CARTESIAN_POINT('',(7.848,-20.8,24.697766829472));
#629 = VERTEX_POINT('',#630);
#630 = CARTESIAN_POINT('',(9.694,-20.8,24.697766829472));
#631 = LINE('',#632,#633);
#632 = CARTESIAN_POINT('',(7.848,-20.8,24.697766829472));
#633 = VECTOR('',#634,1.);
#634 = DIRECTION('',(1.,0.,0.));
#635 = ORIENTED_EDGE('',*,*,#636,.T.);
#636 = EDGE_CURVE('',#627,#637,#639,.T.);
#637 = VERTEX_POINT('',#638);
#638 = CARTESIAN_POINT('',(7.848,-20.8,23.394233170528));
#639 = LINE('',#640,#641);
#640 = CARTESIAN_POINT('',(7.848,-20.8,12.823));
#641 = VECTOR('',#642,1.);
#642 = DIRECTION('',(0.,0.,-1.));
#643 = ORIENTED_EDGE('',*,*,#644,.T.);
#644 = EDGE_CURVE('',#637,#645,#647,.T.);
#645 = VERTEX_POINT('',#646);
#646 = CARTESIAN_POINT('',(9.694,-20.8,23.394233170528));
#647 = LINE('',#648,#649);
#648 = CARTESIAN_POINT('',(7.848,-20.8,23.394233170528));
#649 = VECTOR('',#650,1.);
#650 = DIRECTION('',(1.,0.,0.));
#651 = ORIENTED_EDGE('',*,*,#652,.F.);
#652 = EDGE_CURVE('',#629,#645,#653,.T.);
#653 = LINE('',#654,#655);
#654 = CARTESIAN_POINT('',(9.694,-20.8,12.823));
#655 = VECTOR('',#656,1.);
#656 = DIRECTION('',(0.,0.,-1.));
#657 = PLANE('',#658);
#658 = AXIS2_PLACEMENT_3D('',#659,#660,#661);
#659 = CARTESIAN_POINT('',(-35.63,-20.8,1.6));
#660 = DIRECTION('',(-0.,1.,0.));
#661 = DIRECTION('',(0.,0.,1.));
#662 = ADVANCED_FACE('',(#663,#697),#731,.F.);
#663 = FACE_BOUND('',#664,.F.);
#664 = EDGE_LOOP('',(#665,#675,#683,#691));
#665 = ORIENTED_EDGE('',*,*,#666,.F.);
#666 = EDGE_CURVE('',#667,#669,#671,.T.);
#667 = VERTEX_POINT('',#668);
#668 = CARTESIAN_POINT('',(-36.93,-23.,1.5));
#669 = VERTEX_POINT('',#670);
#670 = CARTESIAN_POINT('',(-36.93,-23.,27.));
#671 = LINE('',#672,#673);
#672 = CARTESIAN_POINT('',(-36.93,-23.,0.));
#673 = VECTOR('',#674,1.);
#674 = DIRECTION('',(0.,0.,1.));
#675 = ORIENTED_EDGE('',*,*,#676,.T.);
#676 = EDGE_CURVE('',#667,#677,#679,.T.);
#677 = VERTEX_POINT('',#678);
#678 = CARTESIAN_POINT('',(-36.93,23.,1.5));
#679 = LINE('',#680,#681);
#680 = CARTESIAN_POINT('',(-36.93,-23.,1.5));
#681 = VECTOR('',#682,1.);
#682 = DIRECTION('',(-0.,1.,0.));
#683 = ORIENTED_EDGE('',*,*,#684,.T.);
#684 = EDGE_CURVE('',#677,#685,#687,.T.);
#685 = VERTEX_POINT('',#686);
#686 = CARTESIAN_POINT('',(-36.93,23.,27.));
#687 = LINE('',#688,#689);
#688 = CARTESIAN_POINT('',(-36.93,23.,0.));
#689 = VECTOR('',#690,1.);
#690 = DIRECTION('',(0.,0.,1.));
#691 = ORIENTED_EDGE('',*,*,#692,.F.);
#692 = EDGE_CURVE('',#669,#685,#693,.T.);
#693 = LINE('',#694,#695);
#694 = CARTESIAN_POINT('',(-36.93,-23.,27.));
#695 = VECTOR('',#696,1.);
#696 = DIRECTION('',(-0.,1.,0.));
#697 = FACE_BOUND('',#698,.F.);
#698 = EDGE_LOOP('',(#699,#709,#717,#725));
#699 = ORIENTED_EDGE('',*,*,#700,.T.);
#700 = EDGE_CURVE('',#701,#703,#705,.T.);
#701 = VERTEX_POINT('',#702);
#702 = CARTESIAN_POINT('',(-36.93,-0.987,12.997));
#703 = VERTEX_POINT('',#704);
#704 = CARTESIAN_POINT('',(-36.93,-20.777,12.997));
#705 = LINE('',#706,#707);
#706 = CARTESIAN_POINT('',(-36.93,-21.8885,12.997));
#707 = VECTOR('',#708,1.);
#708 = DIRECTION('',(0.,-1.,0.));
#709 = ORIENTED_EDGE('',*,*,#710,.T.);
#710 = EDGE_CURVE('',#703,#711,#713,.T.);
#711 = VERTEX_POINT('',#712);
#712 = CARTESIAN_POINT('',(-36.93,-20.777,24.002));
#713 = LINE('',#714,#715);
#714 = CARTESIAN_POINT('',(-36.93,-20.777,6.4985));
#715 = VECTOR('',#716,1.);
#716 = DIRECTION('',(0.,0.,1.));
#717 = ORIENTED_EDGE('',*,*,#718,.F.);
#718 = EDGE_CURVE('',#719,#711,#721,.T.);
#719 = VERTEX_POINT('',#720);
#720 = CARTESIAN_POINT('',(-36.93,-0.987,24.002));
#721 = LINE('',#722,#723);
#722 = CARTESIAN_POINT('',(-36.93,-21.8885,24.002));
#723 = VECTOR('',#724,1.);
#724 = DIRECTION('',(0.,-1.,0.));
#725 = ORIENTED_EDGE('',*,*,#726,.F.);
#726 = EDGE_CURVE('',#701,#719,#727,.T.);
#727 = LINE('',#728,#729);
#728 = CARTESIAN_POINT('',(-36.93,-0.987,6.4985));
#729 = VECTOR('',#730,1.);
#730 = DIRECTION('',(0.,0.,1.));
#731 = PLANE('',#732);
#732 = AXIS2_PLACEMENT_3D('',#733,#734,#735);
#733 = CARTESIAN_POINT('',(-36.93,-23.,0.));
#734 = DIRECTION('',(1.,0.,-0.));
#735 = DIRECTION('',(0.,0.,1.));
#736 = ADVANCED_FACE('',(#737,#762),#796,.F.);
#737 = FACE_BOUND('',#738,.F.);
#738 = EDGE_LOOP('',(#739,#749,#755,#756));
#739 = ORIENTED_EDGE('',*,*,#740,.F.);
#740 = EDGE_CURVE('',#741,#743,#745,.T.);
#741 = VERTEX_POINT('',#742);
#742 = CARTESIAN_POINT('',(36.93,-23.,1.5));
#743 = VERTEX_POINT('',#744);
#744 = CARTESIAN_POINT('',(36.93,-23.,27.));
#745 = LINE('',#746,#747);
#746 = CARTESIAN_POINT('',(36.93,-23.,0.));
#747 = VECTOR('',#748,1.);
#748 = DIRECTION('',(0.,0.,1.));
#749 = ORIENTED_EDGE('',*,*,#750,.F.);
#750 = EDGE_CURVE('',#667,#741,#751,.T.);
#751 = LINE('',#752,#753);
#752 = CARTESIAN_POINT('',(-36.93,-23.,1.5));
#753 = VECTOR('',#754,1.);
#754 = DIRECTION('',(1.,0.,-0.));
#755 = ORIENTED_EDGE('',*,*,#666,.T.);
#756 = ORIENTED_EDGE('',*,*,#757,.T.);
#757 = EDGE_CURVE('',#669,#743,#758,.T.);
#758 = LINE('',#759,#760);
#759 = CARTESIAN_POINT('',(-36.93,-23.,27.));
#760 = VECTOR('',#761,1.);
#761 = DIRECTION('',(1.,0.,-0.));
#762 = FACE_BOUND('',#763,.F.);
#763 = EDGE_LOOP('',(#764,#774,#782,#790));
#764 = ORIENTED_EDGE('',*,*,#765,.F.);
#765 = EDGE_CURVE('',#766,#768,#770,.T.);
#766 = VERTEX_POINT('',#767);
#767 = CARTESIAN_POINT('',(-1.387,-23.,25.752));
#768 = VERTEX_POINT('',#769);
#769 = CARTESIAN_POINT('',(5.08,-23.,25.752));
#770 = LINE('',#771,#772);
#771 = CARTESIAN_POINT('',(-19.1585,-23.,25.752));
#772 = VECTOR('',#773,1.);
#773 = DIRECTION('',(1.,0.,-0.));
#774 = ORIENTED_EDGE('',*,*,#775,.T.);
#775 = EDGE_CURVE('',#766,#776,#778,.T.);
#776 = VERTEX_POINT('',#777);
#777 = CARTESIAN_POINT('',(-1.387,-23.,21.747));
#778 = LINE('',#779,#780);
#779 = CARTESIAN_POINT('',(-1.387,-23.,10.8735));
#780 = VECTOR('',#781,1.);
#781 = DIRECTION('',(-0.,0.,-1.));
#782 = ORIENTED_EDGE('',*,*,#783,.T.);
#783 = EDGE_CURVE('',#776,#784,#786,.T.);
#784 = VERTEX_POINT('',#785);
#785 = CARTESIAN_POINT('',(5.08,-23.,21.747));
#786 = LINE('',#787,#788);
#787 = CARTESIAN_POINT('',(-19.1585,-23.,21.747));
#788 = VECTOR('',#789,1.);
#789 = DIRECTION('',(1.,0.,-0.));
#790 = ORIENTED_EDGE('',*,*,#791,.F.);
#791 = EDGE_CURVE('',#768,#784,#792,.T.);
#792 = LINE('',#793,#794);
#793 = CARTESIAN_POINT('',(5.08,-23.,10.8735));
#794 = VECTOR('',#795,1.);
#795 = DIRECTION('',(-0.,0.,-1.));
#796 = PLANE('',#797);
#797 = AXIS2_PLACEMENT_3D('',#798,#799,#800);
#798 = CARTESIAN_POINT('',(-36.93,-23.,0.));
#799 = DIRECTION('',(-0.,1.,0.));
#800 = DIRECTION('',(0.,0.,1.));
#801 = ADVANCED_FACE('',(#802),#829,.T.);
#802 = FACE_BOUND('',#803,.F.);
#803 = EDGE_LOOP('',(#804,#813,#821,#828));
#804 = ORIENTED_EDGE('',*,*,#805,.T.);
#805 = EDGE_CURVE('',#667,#806,#808,.T.);
#806 = VERTEX_POINT('',#807);
#807 = CARTESIAN_POINT('',(-35.43,-21.5,-2.22044604925E-16));
#808 = ELLIPSE('',#809,2.12132034356,1.5);
#809 = AXIS2_PLACEMENT_3D('',#810,#811,#812);
#810 = CARTESIAN_POINT('',(-35.43,-21.5,1.5));
#811 = DIRECTION('',(0.707106781187,-0.707106781187,-0.));
#812 = DIRECTION('',(0.707106781187,0.707106781187,0.));
#813 = ORIENTED_EDGE('',*,*,#814,.T.);
#814 = EDGE_CURVE('',#806,#815,#817,.T.);
#815 = VERTEX_POINT('',#816);
#816 = CARTESIAN_POINT('',(-35.43,21.5,-2.22044604925E-16));
#817 = LINE('',#818,#819);
#818 = CARTESIAN_POINT('',(-35.43,-23.,-2.22044604925E-16));
#819 = VECTOR('',#820,1.);
#820 = DIRECTION('',(-0.,1.,0.));
#821 = ORIENTED_EDGE('',*,*,#822,.F.);
#822 = EDGE_CURVE('',#677,#815,#823,.T.);
#823 = ELLIPSE('',#824,2.12132034356,1.5);
#824 = AXIS2_PLACEMENT_3D('',#825,#826,#827);
#825 = CARTESIAN_POINT('',(-35.43,21.5,1.5));
#826 = DIRECTION('',(-0.707106781187,-0.707106781187,-0.));
#827 = DIRECTION('',(-0.707106781187,0.707106781187,0.));
#828 = ORIENTED_EDGE('',*,*,#676,.F.);
#829 = CYLINDRICAL_SURFACE('',#830,1.5);
#830 = AXIS2_PLACEMENT_3D('',#831,#832,#833);
#831 = CARTESIAN_POINT('',(-35.43,-23.,1.5));
#832 = DIRECTION('',(-0.,1.,0.));
#833 = DIRECTION('',(-1.,-0.,0.));
#834 = ADVANCED_FACE('',(#835),#860,.T.);
#835 = FACE_BOUND('',#836,.T.);
#836 = EDGE_LOOP('',(#837,#847,#853,#854));
#837 = ORIENTED_EDGE('',*,*,#838,.F.);
#838 = EDGE_CURVE('',#839,#841,#843,.T.);
#839 = VERTEX_POINT('',#840);
#840 = CARTESIAN_POINT('',(36.93,23.,1.5));
#841 = VERTEX_POINT('',#842);
#842 = CARTESIAN_POINT('',(36.93,23.,27.));
#843 = LINE('',#844,#845);
#844 = CARTESIAN_POINT('',(36.93,23.,0.));
#845 = VECTOR('',#846,1.);
#846 = DIRECTION('',(0.,0.,1.));
#847 = ORIENTED_EDGE('',*,*,#848,.F.);
#848 = EDGE_CURVE('',#677,#839,#849,.T.);
#849 = LINE('',#850,#851);
#850 = CARTESIAN_POINT('',(-36.93,23.,1.5));
#851 = VECTOR('',#852,1.);
#852 = DIRECTION('',(1.,0.,-0.));
#853 = ORIENTED_EDGE('',*,*,#684,.T.);
#854 = ORIENTED_EDGE('',*,*,#855,.T.);
#855 = EDGE_CURVE('',#685,#841,#856,.T.);
#856 = LINE('',#857,#858);
#857 = CARTESIAN_POINT('',(-36.93,23.,27.));
#858 = VECTOR('',#859,1.);
#859 = DIRECTION('',(1.,0.,-0.));
#860 = PLANE('',#861);
#861 = AXIS2_PLACEMENT_3D('',#862,#863,#864);
#862 = CARTESIAN_POINT('',(-36.93,23.,0.));
#863 = DIRECTION('',(-0.,1.,0.));
#864 = DIRECTION('',(0.,0.,1.));
#865 = ADVANCED_FACE('',(#866),#891,.T.);
#866 = FACE_BOUND('',#867,.T.);
#867 = EDGE_LOOP('',(#868,#876,#877,#885));
#868 = ORIENTED_EDGE('',*,*,#869,.F.);
#869 = EDGE_CURVE('',#701,#870,#872,.T.);
#870 = VERTEX_POINT('',#871);
#871 = CARTESIAN_POINT('',(-36.24,-0.987,12.997));
#872 = LINE('',#873,#874);
#873 = CARTESIAN_POINT('',(-37.62,-0.987,12.997));
#874 = VECTOR('',#875,1.);
#875 = DIRECTION('',(1.,0.,-0.));
#876 = ORIENTED_EDGE('',*,*,#700,.T.);
#877 = ORIENTED_EDGE('',*,*,#878,.T.);
#878 = EDGE_CURVE('',#703,#879,#881,.T.);
#879 = VERTEX_POINT('',#880);
#880 = CARTESIAN_POINT('',(-36.24,-20.777,12.997));
#881 = LINE('',#882,#883);
#882 = CARTESIAN_POINT('',(-37.62,-20.777,12.997));
#883 = VECTOR('',#884,1.);
#884 = DIRECTION('',(1.,0.,-0.));
#885 = ORIENTED_EDGE('',*,*,#886,.T.);
#886 = EDGE_CURVE('',#879,#870,#887,.T.);
#887 = LINE('',#888,#889);
#888 = CARTESIAN_POINT('',(-36.24,-20.777,12.997));
#889 = VECTOR('',#890,1.);
#890 = DIRECTION('',(-0.,1.,0.));
#891 = PLANE('',#892);
#892 = AXIS2_PLACEMENT_3D('',#893,#894,#895);
#893 = CARTESIAN_POINT('',(-37.62,-20.777,12.997));
#894 = DIRECTION('',(0.,0.,1.));
#895 = DIRECTION('',(1.,0.,-0.));
#896 = ADVANCED_FACE('',(#897),#915,.F.);
#897 = FACE_BOUND('',#898,.F.);
#898 = EDGE_LOOP('',(#899,#900,#901,#909));
#899 = ORIENTED_EDGE('',*,*,#869,.F.);
#900 = ORIENTED_EDGE('',*,*,#726,.T.);
#901 = ORIENTED_EDGE('',*,*,#902,.T.);
#902 = EDGE_CURVE('',#719,#903,#905,.T.);
#903 = VERTEX_POINT('',#904);
#904 = CARTESIAN_POINT('',(-36.24,-0.987,24.002));
#905 = LINE('',#906,#907);
#906 = CARTESIAN_POINT('',(-37.62,-0.987,24.002));
#907 = VECTOR('',#908,1.);
#908 = DIRECTION('',(1.,0.,-0.));
#909 = ORIENTED_EDGE('',*,*,#910,.F.);
#910 = EDGE_CURVE('',#870,#903,#911,.T.);
#911 = LINE('',#912,#913);
#912 = CARTESIAN_POINT('',(-36.24,-0.987,12.997));
#913 = VECTOR('',#914,1.);
#914 = DIRECTION('',(0.,0.,1.));
#915 = PLANE('',#916);
#916 = AXIS2_PLACEMENT_3D('',#917,#918,#919);
#917 = CARTESIAN_POINT('',(-37.62,-0.987,12.997));
#918 = DIRECTION('',(-0.,1.,0.));
#919 = DIRECTION('',(0.,0.,1.));
#920 = ADVANCED_FACE('',(#921),#939,.F.);
#921 = FACE_BOUND('',#922,.F.);
#922 = EDGE_LOOP('',(#923,#924,#925,#933));
#923 = ORIENTED_EDGE('',*,*,#902,.F.);
#924 = ORIENTED_EDGE('',*,*,#718,.T.);
#925 = ORIENTED_EDGE('',*,*,#926,.T.);
#926 = EDGE_CURVE('',#711,#927,#929,.T.);
#927 = VERTEX_POINT('',#928);
#928 = CARTESIAN_POINT('',(-36.24,-20.777,24.002));
#929 = LINE('',#930,#931);
#930 = CARTESIAN_POINT('',(-37.62,-20.777,24.002));
#931 = VECTOR('',#932,1.);
#932 = DIRECTION('',(1.,0.,-0.));
#933 = ORIENTED_EDGE('',*,*,#934,.T.);
#934 = EDGE_CURVE('',#927,#903,#935,.T.);
#935 = LINE('',#936,#937);
#936 = CARTESIAN_POINT('',(-36.24,-20.777,24.002));
#937 = VECTOR('',#938,1.);
#938 = DIRECTION('',(-0.,1.,0.));
#939 = PLANE('',#940);
#940 = AXIS2_PLACEMENT_3D('',#941,#942,#943);
#941 = CARTESIAN_POINT('',(-37.62,-20.777,24.002));
#942 = DIRECTION('',(0.,0.,1.));
#943 = DIRECTION('',(1.,0.,-0.));
#944 = ADVANCED_FACE('',(#945),#956,.T.);
#945 = FACE_BOUND('',#946,.T.);
#946 = EDGE_LOOP('',(#947,#948,#949,#950));
#947 = ORIENTED_EDGE('',*,*,#878,.F.);
#948 = ORIENTED_EDGE('',*,*,#710,.T.);
#949 = ORIENTED_EDGE('',*,*,#926,.T.);
#950 = ORIENTED_EDGE('',*,*,#951,.F.);
#951 = EDGE_CURVE('',#879,#927,#952,.T.);
#952 = LINE('',#953,#954);
#953 = CARTESIAN_POINT('',(-36.24,-20.777,12.997));
#954 = VECTOR('',#955,1.);
#955 = DIRECTION('',(0.,0.,1.));
#956 = PLANE('',#957);
#957 = AXIS2_PLACEMENT_3D('',#958,#959,#960);
#958 = CARTESIAN_POINT('',(-37.62,-20.777,12.997));
#959 = DIRECTION('',(-0.,1.,0.));
#960 = DIRECTION('',(0.,0.,1.));
#961 = ADVANCED_FACE('',(#962,#978,#989),#1003,.T.);
#962 = FACE_BOUND('',#963,.T.);
#963 = EDGE_LOOP('',(#964,#965,#971,#972));
#964 = ORIENTED_EDGE('',*,*,#740,.F.);
#965 = ORIENTED_EDGE('',*,*,#966,.T.);
#966 = EDGE_CURVE('',#741,#839,#967,.T.);
#967 = LINE('',#968,#969);
#968 = CARTESIAN_POINT('',(36.93,-23.,1.5));
#969 = VECTOR('',#970,1.);
#970 = DIRECTION('',(-0.,1.,0.));
#971 = ORIENTED_EDGE('',*,*,#838,.T.);
#972 = ORIENTED_EDGE('',*,*,#973,.F.);
#973 = EDGE_CURVE('',#743,#841,#974,.T.);
#974 = LINE('',#975,#976);
#975 = CARTESIAN_POINT('',(36.93,-23.,27.));
#976 = VECTOR('',#977,1.);
#977 = DIRECTION('',(-0.,1.,0.));
#978 = FACE_BOUND('',#979,.T.);
#979 = EDGE_LOOP('',(#980));
#980 = ORIENTED_EDGE('',*,*,#981,.F.);
#981 = EDGE_CURVE('',#982,#982,#984,.T.);
#982 = VERTEX_POINT('',#983);
#983 = CARTESIAN_POINT('',(36.93,-18.1,5.751));
#984 = CIRCLE('',#985,1.501);
#985 = AXIS2_PLACEMENT_3D('',#986,#987,#988);
#986 = CARTESIAN_POINT('',(36.93,-18.1,4.25));
#987 = DIRECTION('',(1.,0.,0.));
#988 = DIRECTION('',(-0.,0.,1.));
#989 = FACE_BOUND('',#990,.T.);
#990 = EDGE_LOOP('',(#991));
#991 = ORIENTED_EDGE('',*,*,#992,.F.);
#992 = EDGE_CURVE('',#993,#993,#995,.T.);
#993 = VERTEX_POINT('',#994);
#994 = CARTESIAN_POINT('',(36.93,0.,18.9155));
#995 = ( BOUNDED_CURVE() B_SPLINE_CURVE(2,(#996,#997,#998,#999,#1000,
#1001,#1002),.UNSPECIFIED.,.T.,.F.) B_SPLINE_CURVE_WITH_KNOTS((1,2,2,2,2
    ,1),(-2.094395102393,0.,2.094395102393,4.188790204786,6.28318530718,
8.377580409573),.UNSPECIFIED.) CURVE() GEOMETRIC_REPRESENTATION_ITEM() 
RATIONAL_B_SPLINE_CURVE((1.,0.5,1.,0.5,1.,0.5,1.)) REPRESENTATION_ITEM(
  '') );
#996 = CARTESIAN_POINT('',(36.93,0.,18.9155));
#997 = CARTESIAN_POINT('',(36.93,-30.10477508635,18.9155));
#998 = CARTESIAN_POINT('',(36.93,-15.05238754317,6.6335));
#999 = CARTESIAN_POINT('',(36.93,-4.257117203196E-15,-5.6485));
#1000 = CARTESIAN_POINT('',(36.93,15.052387543177,6.6335));
#1001 = CARTESIAN_POINT('',(36.93,30.104775086355,18.9155));
#1002 = CARTESIAN_POINT('',(36.93,0.,18.9155));
#1003 = PLANE('',#1004);
#1004 = AXIS2_PLACEMENT_3D('',#1005,#1006,#1007);
#1005 = CARTESIAN_POINT('',(36.93,-23.,0.));
#1006 = DIRECTION('',(1.,0.,-0.));
#1007 = DIRECTION('',(0.,0.,1.));
#1008 = ADVANCED_FACE('',(#1009),#1028,.T.);
#1009 = FACE_BOUND('',#1010,.T.);
#1010 = EDGE_LOOP('',(#1011,#1012,#1020,#1027));
#1011 = ORIENTED_EDGE('',*,*,#805,.T.);
#1012 = ORIENTED_EDGE('',*,*,#1013,.T.);
#1013 = EDGE_CURVE('',#806,#1014,#1016,.T.);
#1014 = VERTEX_POINT('',#1015);
#1015 = CARTESIAN_POINT('',(35.43,-21.5,-2.22044604925E-16));
#1016 = LINE('',#1017,#1018);
#1017 = CARTESIAN_POINT('',(-36.93,-21.5,-2.22044604925E-16));
#1018 = VECTOR('',#1019,1.);
#1019 = DIRECTION('',(1.,0.,-0.));
#1020 = ORIENTED_EDGE('',*,*,#1021,.F.);
#1021 = EDGE_CURVE('',#741,#1014,#1022,.T.);
#1022 = ELLIPSE('',#1023,2.12132034356,1.5);
#1023 = AXIS2_PLACEMENT_3D('',#1024,#1025,#1026);
#1024 = CARTESIAN_POINT('',(35.43,-21.5,1.5));
#1025 = DIRECTION('',(0.707106781187,0.707106781187,0.));
#1026 = DIRECTION('',(-0.707106781187,0.707106781187,0.));
#1027 = ORIENTED_EDGE('',*,*,#750,.F.);
#1028 = CYLINDRICAL_SURFACE('',#1029,1.5);
#1029 = AXIS2_PLACEMENT_3D('',#1030,#1031,#1032);
#1030 = CARTESIAN_POINT('',(-36.93,-21.5,1.5));
#1031 = DIRECTION('',(1.,0.,-0.));
#1032 = DIRECTION('',(0.,-1.,0.));
#1033 = ADVANCED_FACE('',(#1034),#1050,.F.);
#1034 = FACE_BOUND('',#1035,.F.);
#1035 = EDGE_LOOP('',(#1036,#1042,#1043,#1049));
#1036 = ORIENTED_EDGE('',*,*,#1037,.F.);
#1037 = EDGE_CURVE('',#766,#593,#1038,.T.);
#1038 = LINE('',#1039,#1040);
#1039 = CARTESIAN_POINT('',(-1.387,-24.,25.752));
#1040 = VECTOR('',#1041,1.);
#1041 = DIRECTION('',(-0.,1.,0.));
#1042 = ORIENTED_EDGE('',*,*,#765,.T.);
#1043 = ORIENTED_EDGE('',*,*,#1044,.T.);
#1044 = EDGE_CURVE('',#768,#595,#1045,.T.);
#1045 = LINE('',#1046,#1047);
#1046 = CARTESIAN_POINT('',(5.08,-24.,25.752));
#1047 = VECTOR('',#1048,1.);
#1048 = DIRECTION('',(-0.,1.,0.));
#1049 = ORIENTED_EDGE('',*,*,#592,.F.);
#1050 = PLANE('',#1051);
#1051 = AXIS2_PLACEMENT_3D('',#1052,#1053,#1054);
#1052 = CARTESIAN_POINT('',(-1.387,-24.,25.752));
#1053 = DIRECTION('',(0.,0.,1.));
#1054 = DIRECTION('',(1.,0.,-0.));
#1055 = ADVANCED_FACE('',(#1056),#1067,.F.);
#1056 = FACE_BOUND('',#1057,.F.);
#1057 = EDGE_LOOP('',(#1058,#1059,#1060,#1066));
#1058 = ORIENTED_EDGE('',*,*,#1044,.F.);
#1059 = ORIENTED_EDGE('',*,*,#791,.T.);
#1060 = ORIENTED_EDGE('',*,*,#1061,.T.);
#1061 = EDGE_CURVE('',#784,#611,#1062,.T.);
#1062 = LINE('',#1063,#1064);
#1063 = CARTESIAN_POINT('',(5.08,-24.,21.747));
#1064 = VECTOR('',#1065,1.);
#1065 = DIRECTION('',(-0.,1.,0.));
#1066 = ORIENTED_EDGE('',*,*,#618,.F.);
#1067 = PLANE('',#1068);
#1068 = AXIS2_PLACEMENT_3D('',#1069,#1070,#1071);
#1069 = CARTESIAN_POINT('',(5.08,-24.,21.747));
#1070 = DIRECTION('',(1.,0.,-0.));
#1071 = DIRECTION('',(0.,0.,1.));
#1072 = ADVANCED_FACE('',(#1073),#1084,.T.);
#1073 = FACE_BOUND('',#1074,.T.);
#1074 = EDGE_LOOP('',(#1075,#1081,#1082,#1083));
#1075 = ORIENTED_EDGE('',*,*,#1076,.F.);
#1076 = EDGE_CURVE('',#776,#603,#1077,.T.);
#1077 = LINE('',#1078,#1079);
#1078 = CARTESIAN_POINT('',(-1.387,-24.,21.747));
#1079 = VECTOR('',#1080,1.);
#1080 = DIRECTION('',(-0.,1.,0.));
#1081 = ORIENTED_EDGE('',*,*,#783,.T.);
#1082 = ORIENTED_EDGE('',*,*,#1061,.T.);
#1083 = ORIENTED_EDGE('',*,*,#610,.F.);
#1084 = PLANE('',#1085);
#1085 = AXIS2_PLACEMENT_3D('',#1086,#1087,#1088);
#1086 = CARTESIAN_POINT('',(-1.387,-24.,21.747));
#1087 = DIRECTION('',(0.,0.,1.));
#1088 = DIRECTION('',(1.,0.,-0.));
#1089 = ADVANCED_FACE('',(#1090),#1096,.T.);
#1090 = FACE_BOUND('',#1091,.T.);
#1091 = EDGE_LOOP('',(#1092,#1093,#1094,#1095));
#1092 = ORIENTED_EDGE('',*,*,#1037,.F.);
#1093 = ORIENTED_EDGE('',*,*,#775,.T.);
#1094 = ORIENTED_EDGE('',*,*,#1076,.T.);
#1095 = ORIENTED_EDGE('',*,*,#602,.F.);
#1096 = PLANE('',#1097);
#1097 = AXIS2_PLACEMENT_3D('',#1098,#1099,#1100);
#1098 = CARTESIAN_POINT('',(-1.387,-24.,21.747));
#1099 = DIRECTION('',(1.,0.,-0.));
#1100 = DIRECTION('',(0.,0.,1.));
#1101 = ADVANCED_FACE('',(#1102),#1120,.F.);
#1102 = FACE_BOUND('',#1103,.F.);
#1103 = EDGE_LOOP('',(#1104,#1105,#1106,#1114));
#1104 = ORIENTED_EDGE('',*,*,#814,.F.);
#1105 = ORIENTED_EDGE('',*,*,#1013,.T.);
#1106 = ORIENTED_EDGE('',*,*,#1107,.T.);
#1107 = EDGE_CURVE('',#1014,#1108,#1110,.T.);
#1108 = VERTEX_POINT('',#1109);
#1109 = CARTESIAN_POINT('',(35.43,21.5,-2.22044604925E-16));
#1110 = LINE('',#1111,#1112);
#1111 = CARTESIAN_POINT('',(35.43,-23.,-2.22044604925E-16));
#1112 = VECTOR('',#1113,1.);
#1113 = DIRECTION('',(-0.,1.,0.));
#1114 = ORIENTED_EDGE('',*,*,#1115,.F.);
#1115 = EDGE_CURVE('',#815,#1108,#1116,.T.);
#1116 = LINE('',#1117,#1118);
#1117 = CARTESIAN_POINT('',(-36.93,21.5,-2.22044604925E-16));
#1118 = VECTOR('',#1119,1.);
#1119 = DIRECTION('',(1.,0.,-0.));
#1120 = PLANE('',#1121);
#1121 = AXIS2_PLACEMENT_3D('',#1122,#1123,#1124);
#1122 = CARTESIAN_POINT('',(-36.93,-23.,0.));
#1123 = DIRECTION('',(0.,0.,1.));
#1124 = DIRECTION('',(1.,0.,-0.));
#1125 = ADVANCED_FACE('',(#1126),#1138,.T.);
#1126 = FACE_BOUND('',#1127,.F.);
#1127 = EDGE_LOOP('',(#1128,#1129,#1130,#1137));
#1128 = ORIENTED_EDGE('',*,*,#822,.T.);
#1129 = ORIENTED_EDGE('',*,*,#1115,.T.);
#1130 = ORIENTED_EDGE('',*,*,#1131,.F.);
#1131 = EDGE_CURVE('',#839,#1108,#1132,.T.);
#1132 = ELLIPSE('',#1133,2.12132034356,1.5);
#1133 = AXIS2_PLACEMENT_3D('',#1134,#1135,#1136);
#1134 = CARTESIAN_POINT('',(35.43,21.5,1.5));
#1135 = DIRECTION('',(-0.707106781187,0.707106781187,0.));
#1136 = DIRECTION('',(0.707106781187,0.707106781187,0.));
#1137 = ORIENTED_EDGE('',*,*,#848,.F.);
#1138 = CYLINDRICAL_SURFACE('',#1139,1.5);
#1139 = AXIS2_PLACEMENT_3D('',#1140,#1141,#1142);
#1140 = CARTESIAN_POINT('',(-36.93,21.5,1.5));
#1141 = DIRECTION('',(1.,0.,-0.));
#1142 = DIRECTION('',(0.,1.,0.));
#1143 = ADVANCED_FACE('',(#1144,#1150),#1186,.F.);
#1144 = FACE_BOUND('',#1145,.F.);
#1145 = EDGE_LOOP('',(#1146,#1147,#1148,#1149));
#1146 = ORIENTED_EDGE('',*,*,#951,.F.);
#1147 = ORIENTED_EDGE('',*,*,#886,.T.);
#1148 = ORIENTED_EDGE('',*,*,#910,.T.);
#1149 = ORIENTED_EDGE('',*,*,#934,.F.);
#1150 = FACE_BOUND('',#1151,.F.);
#1151 = EDGE_LOOP('',(#1152,#1163,#1171,#1180));
#1152 = ORIENTED_EDGE('',*,*,#1153,.F.);
#1153 = EDGE_CURVE('',#1154,#1156,#1158,.T.);
#1154 = VERTEX_POINT('',#1155);
#1155 = CARTESIAN_POINT('',(-36.24,-12.88915,23.7264));
#1156 = VERTEX_POINT('',#1157);
#1157 = CARTESIAN_POINT('',(-36.24,-12.88915,20.7214));
#1158 = CIRCLE('',#1159,1.5025);
#1159 = AXIS2_PLACEMENT_3D('',#1160,#1161,#1162);
#1160 = CARTESIAN_POINT('',(-36.24,-12.88915,22.2239));
#1161 = DIRECTION('',(1.,0.,0.));
#1162 = DIRECTION('',(-0.,0.,1.));
#1163 = ORIENTED_EDGE('',*,*,#1164,.T.);
#1164 = EDGE_CURVE('',#1154,#1165,#1167,.T.);
#1165 = VERTEX_POINT('',#1166);
#1166 = CARTESIAN_POINT('',(-36.24,-6.43405,23.7264));
#1167 = LINE('',#1168,#1169);
#1168 = CARTESIAN_POINT('',(-36.24,-12.88915,23.7264));
#1169 = VECTOR('',#1170,1.);
#1170 = DIRECTION('',(-0.,1.,0.));
#1171 = ORIENTED_EDGE('',*,*,#1172,.F.);
#1172 = EDGE_CURVE('',#1173,#1165,#1175,.T.);
#1173 = VERTEX_POINT('',#1174);
#1174 = CARTESIAN_POINT('',(-36.24,-6.43405,20.7214));
#1175 = CIRCLE('',#1176,1.5025);
#1176 = AXIS2_PLACEMENT_3D('',#1177,#1178,#1179);
#1177 = CARTESIAN_POINT('',(-36.24,-6.43405,22.2239));
#1178 = DIRECTION('',(1.,0.,0.));
#1179 = DIRECTION('',(-0.,0.,1.));
#1180 = ORIENTED_EDGE('',*,*,#1181,.F.);
#1181 = EDGE_CURVE('',#1156,#1173,#1182,.T.);
#1182 = LINE('',#1183,#1184);
#1183 = CARTESIAN_POINT('',(-36.24,-12.88915,20.7214));
#1184 = VECTOR('',#1185,1.);
#1185 = DIRECTION('',(-0.,1.,0.));
#1186 = PLANE('',#1187);
#1187 = AXIS2_PLACEMENT_3D('',#1188,#1189,#1190);
#1188 = CARTESIAN_POINT('',(-36.24,-20.777,12.997));
#1189 = DIRECTION('',(1.,0.,-0.));
#1190 = DIRECTION('',(0.,0.,1.));
#1191 = ADVANCED_FACE('',(#1192),#1198,.T.);
#1192 = FACE_BOUND('',#1193,.T.);
#1193 = EDGE_LOOP('',(#1194,#1195,#1196,#1197));
#1194 = ORIENTED_EDGE('',*,*,#1021,.T.);
#1195 = ORIENTED_EDGE('',*,*,#1107,.T.);
#1196 = ORIENTED_EDGE('',*,*,#1131,.F.);
#1197 = ORIENTED_EDGE('',*,*,#966,.F.);
#1198 = CYLINDRICAL_SURFACE('',#1199,1.5);
#1199 = AXIS2_PLACEMENT_3D('',#1200,#1201,#1202);
#1200 = CARTESIAN_POINT('',(35.43,-23.,1.5));
#1201 = DIRECTION('',(-0.,1.,0.));
#1202 = DIRECTION('',(1.,0.,-0.));
#1203 = ADVANCED_FACE('',(#1204),#1215,.F.);
#1204 = FACE_BOUND('',#1205,.F.);
#1205 = EDGE_LOOP('',(#1206,#1207,#1213,#1214));
#1206 = ORIENTED_EDGE('',*,*,#981,.F.);
#1207 = ORIENTED_EDGE('',*,*,#1208,.F.);
#1208 = EDGE_CURVE('',#239,#982,#1209,.T.);
#1209 = LINE('',#1210,#1211);
#1210 = CARTESIAN_POINT('',(34.63,-18.1,5.751));
#1211 = VECTOR('',#1212,1.);
#1212 = DIRECTION('',(1.,0.,0.));
#1213 = ORIENTED_EDGE('',*,*,#238,.T.);
#1214 = ORIENTED_EDGE('',*,*,#1208,.T.);
#1215 = CYLINDRICAL_SURFACE('',#1216,1.501);
#1216 = AXIS2_PLACEMENT_3D('',#1217,#1218,#1219);
#1217 = CARTESIAN_POINT('',(34.63,-18.1,4.25));
#1218 = DIRECTION('',(1.,0.,0.));
#1219 = DIRECTION('',(-0.,0.,1.));
#1220 = ADVANCED_FACE('',(#1221,#1313,#1454),#1601,.T.);
#1221 = FACE_BOUND('',#1222,.T.);
#1222 = EDGE_LOOP('',(#1223,#1311,#1312));
#1223 = ORIENTED_EDGE('',*,*,#1224,.F.);
#1224 = EDGE_CURVE('',#993,#1225,#1227,.T.);
#1225 = VERTEX_POINT('',#1226);
#1226 = CARTESIAN_POINT('',(43.07,0.,10.7275));
#1227 = B_SPLINE_CURVE_WITH_KNOTS('',3,(#1228,#1229,#1230,#1231,#1232,
    #1233,#1234,#1235,#1236,#1237,#1238,#1239,#1240,#1241,#1242,#1243,
    #1244,#1245,#1246,#1247,#1248,#1249,#1250,#1251,#1252,#1253,#1254,
    #1255,#1256,#1257,#1258,#1259,#1260,#1261,#1262,#1263,#1264,#1265,
    #1266,#1267,#1268,#1269,#1270,#1271,#1272,#1273,#1274,#1275,#1276,
    #1277,#1278,#1279,#1280,#1281,#1282,#1283,#1284,#1285,#1286,#1287,
    #1288,#1289,#1290,#1291,#1292,#1293,#1294,#1295,#1296,#1297,#1298,
    #1299,#1300,#1301,#1302,#1303,#1304,#1305,#1306,#1307,#1308,#1309,
    #1310),.UNSPECIFIED.,.F.,.F.,(4,1,1,1,1,1,1,1,1,1,1,1,1,1,1,1,1,1,1,
    1,1,1,1,1,1,1,1,1,1,1,1,1,1,1,1,1,1,1,1,1,1,1,1,1,1,1,1,1,1,1,1,1,1,
    1,1,1,1,1,1,1,1,1,1,1,1,1,1,1,1,1,1,1,1,1,1,1,1,1,1,1,4),(0.,
    0.183695848552,0.365801509443,0.546323369296,0.725267984315,
    0.9026420856,1.078452584639,1.252706578972,1.425411358039,
    1.596574409216,1.766203424027,1.934306304572,2.100891170126,
    2.265966363959,2.429540460349,2.591622271801,2.752220856478,
    2.911345525843,3.069005852506,3.225211678293,3.379973122519,
    3.533300590481,3.685204782153,3.835696701092,3.984787663554,
    4.1324893078,4.278813603598,4.423772861917,4.567379744784,
    4.709647275317,4.850588847909,4.990218238542,5.128549615227,
    5.26559754854,5.401377022241,5.535903443938,5.669192655783,
    5.801260945151,5.932125055289,6.061802195877,6.190310053469,
    6.31766680177,6.443891111695,6.569002161156,6.693019644527,
    6.815963781716,6.937855326787,7.058715576057,7.178566375597,
    7.297430128063,7.415329798773,7.532288920947,7.648331600032,
    7.763482517013,7.877766930637,7.991210678442,8.103840176522,
    8.215682417929,8.326764969624,8.437115967908,8.546764112245,
    8.655738657411,8.7640694039,8.871786686536,8.978921361247,
    9.085504789956,9.19156882358,9.297145783115,9.402268438828,
    9.506969987559,9.611284028187,9.715244535309,9.818885831195,
    9.922242556123,10.02534963719,10.128242255716,10.230955813398,
    10.333525897336,10.435988244127,10.538378703172,10.640733199411),
  .UNSPECIFIED.);
#1228 = CARTESIAN_POINT('',(36.93,0.,18.9155));
#1229 = CARTESIAN_POINT('',(36.980945493795,0.,18.881530697632));
#1230 = CARTESIAN_POINT('',(37.082201491754,0.,18.813594946935));
#1231 = CARTESIAN_POINT('',(37.232828598948,0.,18.711247008987));
#1232 = CARTESIAN_POINT('',(37.381537137095,0.,18.608899081368));
#1233 = CARTESIAN_POINT('',(37.528327029385,0.,18.506551113331));
#1234 = CARTESIAN_POINT('',(37.673198299454,0.,18.404203114436));
#1235 = CARTESIAN_POINT('',(37.816150944397,0.,18.301855078071));
#1236 = CARTESIAN_POINT('',(37.957184968339,0.,18.199507001669));
#1237 = CARTESIAN_POINT('',(38.096300373553,0.,18.09715888135));
#1238 = CARTESIAN_POINT('',(38.233497162799,0.,17.994810713327));
#1239 = CARTESIAN_POINT('',(38.368775338699,0.,17.892462493521));
#1240 = CARTESIAN_POINT('',(38.502134903889,0.,17.790114217652));
#1241 = CARTESIAN_POINT('',(38.633575860972,0.,17.687765881206));
#1242 = CARTESIAN_POINT('',(38.763098212515,0.,17.585417479426));
#1243 = CARTESIAN_POINT('',(38.890701961039,0.,17.483069007308));
#1244 = CARTESIAN_POINT('',(39.016387109008,0.,17.380720459585));
#1245 = CARTESIAN_POINT('',(39.140153658811,0.,17.278371830722));
#1246 = CARTESIAN_POINT('',(39.262001612756,0.,17.176023114902));
#1247 = CARTESIAN_POINT('',(39.381930973049,0.,17.073674306023));
#1248 = CARTESIAN_POINT('',(39.499941741782,0.,16.971325397681));
#1249 = CARTESIAN_POINT('',(39.616033920909,0.,16.868976383165));
#1250 = CARTESIAN_POINT('',(39.730207512235,0.,16.766627255448));
#1251 = CARTESIAN_POINT('',(39.842462517388,0.,16.664278007179));
#1252 = CARTESIAN_POINT('',(39.9527989378,0.,16.561928630675));
#1253 = CARTESIAN_POINT('',(40.061216774685,0.,16.459579117913));
#1254 = CARTESIAN_POINT('',(40.167716029007,0.,16.357229460527));
#1255 = CARTESIAN_POINT('',(40.27229670146,0.,16.254879649799));
#1256 = CARTESIAN_POINT('',(40.374958792433,0.,16.152529676661));
#1257 = CARTESIAN_POINT('',(40.475702301982,0.,16.050179531687));
#1258 = CARTESIAN_POINT('',(40.574527229795,0.,15.9478292051));
#1259 = CARTESIAN_POINT('',(40.671433575159,0.,15.845478686764));
#1260 = CARTESIAN_POINT('',(40.766421336921,0.,15.743127966199));
#1261 = CARTESIAN_POINT('',(40.859490513452,0.,15.640777032577));
#1262 = CARTESIAN_POINT('',(40.950641102605,0.,15.538425874739));
#1263 = CARTESIAN_POINT('',(41.039873101673,0.,15.436074481203));
#1264 = CARTESIAN_POINT('',(41.127186507347,0.,15.333722840183));
#1265 = CARTESIAN_POINT('',(41.212581315668,0.,15.231370939604));
#1266 = CARTESIAN_POINT('',(41.296057521987,0.,15.12901876713));
#1267 = CARTESIAN_POINT('',(41.377615120909,0.,15.02666631019));
#1268 = CARTESIAN_POINT('',(41.457254106256,0.,14.924313556013));
#1269 = CARTESIAN_POINT('',(41.534974471012,0.,14.821960491663));
#1270 = CARTESIAN_POINT('',(41.610776207279,0.,14.719607104084));
#1271 = CARTESIAN_POINT('',(41.684659306228,0.,14.617253380152));
#1272 = CARTESIAN_POINT('',(41.756623758057,0.,14.514899306728));
#1273 = CARTESIAN_POINT('',(41.826669551945,0.,14.41254487072));
#1274 = CARTESIAN_POINT('',(41.894796676013,0.,14.310190059154));
#1275 = CARTESIAN_POINT('',(41.961005117287,0.,14.207834859248));
#1276 = CARTESIAN_POINT('',(42.02529486166,0.,14.105479258494));
#1277 = CARTESIAN_POINT('',(42.087665893874,0.,14.003123244747));
#1278 = CARTESIAN_POINT('',(42.148118197489,0.,13.900766806322));
#1279 = CARTESIAN_POINT('',(42.206651754872,0.,13.798409932099));
#1280 = CARTESIAN_POINT('',(42.263266547193,0.,13.696052611622));
#1281 = CARTESIAN_POINT('',(42.317962554425,0.,13.593694835225));
#1282 = CARTESIAN_POINT('',(42.370739755357,0.,13.491336594143));
#1283 = CARTESIAN_POINT('',(42.421598127621,0.,13.388977880635));
#1284 = CARTESIAN_POINT('',(42.470537647727,0.,13.286618688115));
#1285 = CARTESIAN_POINT('',(42.517558291115,0.,13.184259011276));
#1286 = CARTESIAN_POINT('',(42.56266003222,0.,13.081898846219));
#1287 = CARTESIAN_POINT('',(42.605842844549,0.,12.979538190579));
#1288 = CARTESIAN_POINT('',(42.647106700778,0.,12.877177043652));
#1289 = CARTESIAN_POINT('',(42.686451572862,0.,12.774815406514));
#1290 = CARTESIAN_POINT('',(42.723877432164,0.,12.67245328213));
#1291 = CARTESIAN_POINT('',(42.759384249593,0.,12.570090675463));
#1292 = CARTESIAN_POINT('',(42.792971995766,0.,12.467727593563));
#1293 = CARTESIAN_POINT('',(42.824640641177,0.,12.365364045647));
#1294 = CARTESIAN_POINT('',(42.854390156383,0.,12.263000043163));
#1295 = CARTESIAN_POINT('',(42.882220512204,0.,12.160635599836));
#1296 = CARTESIAN_POINT('',(42.908131679924,0.,12.058270731695));
#1297 = CARTESIAN_POINT('',(42.932123631515,0.,11.955905457073));
#1298 = CARTESIAN_POINT('',(42.954196339846,0.,11.853539796595));
#1299 = CARTESIAN_POINT('',(42.974349778919,0.,11.751173773131));
#1300 = CARTESIAN_POINT('',(42.992583924072,0.,11.648807411727));
#1301 = CARTESIAN_POINT('',(43.008898752241,0.,11.546440739516));
#1302 = CARTESIAN_POINT('',(43.023294242034,0.,11.44407378559));
#1303 = CARTESIAN_POINT('',(43.035770374417,0.,11.341706580887));
#1304 = CARTESIAN_POINT('',(43.04632713112,0.,11.239339157897));
#1305 = CARTESIAN_POINT('',(43.054964501405,0.,11.136971550958));
#1306 = CARTESIAN_POINT('',(43.061682457677,0.,11.034603794217));
#1307 = CARTESIAN_POINT('',(43.066481046986,0.,10.932235928224));
#1308 = CARTESIAN_POINT('',(43.069360050608,0.,10.82986797427));
#1309 = CARTESIAN_POINT('',(43.070000223546,0.,10.76161868143));
#1310 = CARTESIAN_POINT('',(43.07,0.,10.7275));
#1311 = ORIENTED_EDGE('',*,*,#992,.T.);
#1312 = ORIENTED_EDGE('',*,*,#1224,.T.);
#1313 = FACE_BOUND('',#1314,.T.);
#1314 = EDGE_LOOP('',(#1315));
#1315 = ORIENTED_EDGE('',*,*,#1316,.T.);
#1316 = EDGE_CURVE('',#1317,#1317,#1319,.T.);
#1317 = VERTEX_POINT('',#1318);
#1318 = CARTESIAN_POINT('',(42.397840726136,-5.670352211743,11.179));
#1319 = B_SPLINE_CURVE_WITH_KNOTS('',7,(#1320,#1321,#1322,#1323,#1324,
    #1325,#1326,#1327,#1328,#1329,#1330,#1331,#1332,#1333,#1334,#1335,
    #1336,#1337,#1338,#1339,#1340,#1341,#1342,#1343,#1344,#1345,#1346,
    #1347,#1348,#1349,#1350,#1351,#1352,#1353,#1354,#1355,#1356,#1357,
    #1358,#1359,#1360,#1361,#1362,#1363,#1364,#1365,#1366,#1367,#1368,
    #1369,#1370,#1371,#1372,#1373,#1374,#1375,#1376,#1377,#1378,#1379,
    #1380,#1381,#1382,#1383,#1384,#1385,#1386,#1387,#1388,#1389,#1390,
    #1391,#1392,#1393,#1394,#1395,#1396,#1397,#1398,#1399,#1400,#1401,
    #1402,#1403,#1404,#1405,#1406,#1407,#1408,#1409,#1410,#1411,#1412,
    #1413,#1414,#1415,#1416,#1417,#1418,#1419,#1420,#1421,#1422,#1423,
    #1424,#1425,#1426,#1427,#1428,#1429,#1430,#1431,#1432,#1433,#1434,
    #1435,#1436,#1437,#1438,#1439,#1440,#1441,#1442,#1443,#1444,#1445,
    #1446,#1447,#1448,#1449,#1450,#1451,#1452,#1453),.UNSPECIFIED.,.T.,
  .F.,(8,6,6,6,6,6,6,6,6,6,6,6,6,6,6,6,6,6,6,6,6,6,8),(0.,
    1.779531849754E-02,5.96407550443E-02,8.626858158617E-02,
    0.120735831972,0.148391960398,0.233778379728,0.318373809696,
    0.356117835604,0.411634030396,0.459754163944,0.486089252094,
    0.538249041045,0.57283993781,0.587989669133,0.61109513555,
    0.651333994666,0.697330773937,0.804969239558,0.884732044731,
    0.911772854171,0.945801684317,1.),.UNSPECIFIED.);
#1320 = CARTESIAN_POINT('',(42.397840726136,-5.670352211743,11.179));
#1321 = CARTESIAN_POINT('',(42.399592031331,-5.669650236081,
    11.159779652019));
#1322 = CARTESIAN_POINT('',(42.401144080789,-5.66949446775,
    11.140491665675));
#1323 = CARTESIAN_POINT('',(42.402492286835,-5.669892854026,
    11.121157654607));
#1324 = CARTESIAN_POINT('',(42.403633111502,-5.670850702125,
    11.101799885899));
#1325 = CARTESIAN_POINT('',(42.404564066529,-5.672370679205,
    11.082441280076));
#1326 = CARTESIAN_POINT('',(42.405283713365,-5.674452812363,
    11.06310541111));
#1327 = CARTESIAN_POINT('',(42.406986099841,-5.683306352564,
    10.998458923319));
#1328 = CARTESIAN_POINT('',(42.407010572882,-5.69261369801,
    10.953345905168));
#1329 = CARTESIAN_POINT('',(42.405859224147,-5.704979504178,
    10.908816143862));
#1330 = CARTESIAN_POINT('',(42.403567598098,-5.720276643436,
    10.865151961367));
#1331 = CARTESIAN_POINT('',(42.400199224648,-5.738319528559,
    10.822583622508));
#1332 = CARTESIAN_POINT('',(42.395835034011,-5.758887708889,
    10.781293965434));
#1333 = CARTESIAN_POINT('',(42.387212466583,-5.796284089219,
    10.7160521761));
#1334 = CARTESIAN_POINT('',(42.383491797442,-5.811756427911,
    10.691248393167));
#1335 = CARTESIAN_POINT('',(42.379425665103,-5.828101696154,
    10.667041306058));
#1336 = CARTESIAN_POINT('',(42.375036586175,-5.845263459847,
    10.643451788802));
#1337 = CARTESIAN_POINT('',(42.370346828733,-5.863187113034,
    10.620493523792));
#1338 = CARTESIAN_POINT('',(42.36537771617,-5.881821404805,
    10.598174241205));
#1339 = CARTESIAN_POINT('',(42.353380753899,-5.926100163,10.548437727529
    ));
#1340 = CARTESIAN_POINT('',(42.346178013322,-5.952191447782,
    10.521456223589));
#1341 = CARTESIAN_POINT('',(42.338583273405,-5.979294293895,
    10.495556566095));
#1342 = CARTESIAN_POINT('',(42.330635939732,-6.007317675078,
    10.470735595876));
#1343 = CARTESIAN_POINT('',(42.322371856337,-6.03618003038,
    10.446984455432));
#1344 = CARTESIAN_POINT('',(42.313822902679,-6.065810229076,
    10.424290169271));
#1345 = CARTESIAN_POINT('',(42.297950506311,-6.120491646565,
    10.385263148222));
#1346 = CARTESIAN_POINT('',(42.29071912252,-6.145289359314,
    10.368560430279));
#1347 = CARTESIAN_POINT('',(42.283336888155,-6.170509999235,
    10.352521408142));
#1348 = CARTESIAN_POINT('',(42.275817146438,-6.196124443989,
    10.337138634909));
#1349 = CARTESIAN_POINT('',(42.268172134906,-6.222106123502,
    10.322404879051));
#1350 = CARTESIAN_POINT('',(42.260412985409,-6.248431019969,
    10.308313124413));
#1351 = CARTESIAN_POINT('',(42.228272438598,-6.357347384493,
    10.253310372491));
#1352 = CARTESIAN_POINT('',(42.203013288741,-6.442648868482,
    10.217836538718));
#1353 = CARTESIAN_POINT('',(42.177055095301,-6.530394135905,
    10.188206304734));
#1354 = CARTESIAN_POINT('',(42.150626045693,-6.6200838048,10.16430888073
    ));
#1355 = CARTESIAN_POINT('',(42.123915640688,-6.711275610258,
    10.146091564632));
#1356 = CARTESIAN_POINT('',(42.09708188346,-6.803568775397,
    10.133543291986));
#1357 = CARTESIAN_POINT('',(42.043666102218,-6.988777853649,
    10.119963146246));
#1358 = CARTESIAN_POINT('',(42.017097473179,-7.081633691583,
    10.118828709461));
#1359 = CARTESIAN_POINT('',(41.990673651453,-7.174792502265,
    10.123365346039));
#1360 = CARTESIAN_POINT('',(41.964518516888,-7.267826839409,
    10.133676272673));
#1361 = CARTESIAN_POINT('',(41.938749504846,-7.360250618111,
    10.149891358379));
#1362 = CARTESIAN_POINT('',(41.913476197025,-7.451509013654,
    10.172147597402));
#1363 = CARTESIAN_POINT('',(41.877787304472,-7.580883017699,
    10.213265113332));
#1364 = CARTESIAN_POINT('',(41.86689605719,-7.620435711623,10.227178902)
  );
#1365 = CARTESIAN_POINT('',(41.856133607538,-7.659568702613,
    10.242331876534));
#1366 = CARTESIAN_POINT('',(41.845509354869,-7.698219087195,
    10.258733894893));
#1367 = CARTESIAN_POINT('',(41.835032696047,-7.736319257712,
    10.27639302032));
#1368 = CARTESIAN_POINT('',(41.824712973095,-7.773797021252,
    10.29531479382));
#1369 = CARTESIAN_POINT('',(41.799624962467,-7.864672049727,
    10.345193344026));
#1370 = CARTESIAN_POINT('',(41.785050391566,-7.91725415877,
    10.377620835643));
#1371 = CARTESIAN_POINT('',(41.770865138676,-7.968079967704,
    10.412791633887));
#1372 = CARTESIAN_POINT('',(41.757099492394,-8.016878650719,
    10.450694619268));
#1373 = CARTESIAN_POINT('',(41.743784903717,-8.063356763214,
    10.491292630155));
#1374 = CARTESIAN_POINT('',(41.730954290372,-8.107204370809,
    10.534515192531));
#1375 = CARTESIAN_POINT('',(41.707970632775,-8.183549570467,
    10.619894189807));
#1376 = CARTESIAN_POINT('',(41.697688957481,-8.216779970642,
    10.661424348277));
#1377 = CARTESIAN_POINT('',(41.687820835186,-8.247582800847,
    10.704766905356));
#1378 = CARTESIAN_POINT('',(41.678391475753,-8.275741213385,
    10.749820882007));
#1379 = CARTESIAN_POINT('',(41.669428366919,-8.301039466097,
    10.79645629022));
#1380 = CARTESIAN_POINT('',(41.660961862231,-8.323271297551,
    10.844511283265));
#1381 = CARTESIAN_POINT('',(41.64868252011,-8.352633998489,
    10.920758081274));
#1382 = CARTESIAN_POINT('',(41.64449815338,-8.362044846915,
    10.948093094402));
#1383 = CARTESIAN_POINT('',(41.640478239145,-8.370450023089,
    10.975761887629));
#1384 = CARTESIAN_POINT('',(41.636628615138,-8.377820578707,
    11.003729177544));
#1385 = CARTESIAN_POINT('',(41.632955374928,-8.384130017671,
    11.031956877965));
#1386 = CARTESIAN_POINT('',(41.629464856381,-8.389354872175,
    11.060404122881));
#1387 = CARTESIAN_POINT('',(41.619625157052,-8.401636236454,
    11.145718890982));
#1388 = CARTESIAN_POINT('',(41.613827790907,-8.405466448402,
    11.203113060822));
#1389 = CARTESIAN_POINT('',(41.608825070215,-8.404805885727,
    11.26085462232));
#1390 = CARTESIAN_POINT('',(41.604669508114,-8.399562234063,
    11.318567924774));
#1391 = CARTESIAN_POINT('',(41.601413941614,-8.389714854438,
    11.375862978687));
#1392 = CARTESIAN_POINT('',(41.599107956712,-8.375324879386,
    11.432343586093));
#1393 = CARTESIAN_POINT('',(41.596914952785,-8.344101433108,
    11.524273539618));
#1394 = CARTESIAN_POINT('',(41.596474658193,-8.329721730553,
    11.560404302525));
#1395 = CARTESIAN_POINT('',(41.596479644745,-8.313457116925,
    11.595897403627));
#1396 = CARTESIAN_POINT('',(41.596938844407,-8.295367602623,
    11.630649203285));
#1397 = CARTESIAN_POINT('',(41.597858578286,-8.27552686233,
    11.664565178879));
#1398 = CARTESIAN_POINT('',(41.599242152976,-8.254020669199,
    11.697560330473));
#1399 = CARTESIAN_POINT('',(41.601898518253,-8.220839051495,
    11.743574260201));
#1400 = CARTESIAN_POINT('',(41.602796546452,-8.210431552763,
    11.75739819956));
#1401 = CARTESIAN_POINT('',(41.603783545594,-8.199730828237,
    11.771025284257));
#1402 = CARTESIAN_POINT('',(41.604859407319,-8.188745084081,
    11.784449858844));
#1403 = CARTESIAN_POINT('',(41.606023910806,-8.177482737229,
    11.797666732739));
#1404 = CARTESIAN_POINT('',(41.60727672277,-8.165952415391,
    11.810671180229));
#1405 = CARTESIAN_POINT('',(41.610662114522,-8.136182378522,
    11.842962069498));
#1406 = CARTESIAN_POINT('',(41.612911216004,-8.117598890374,
    11.861961254792));
#1407 = CARTESIAN_POINT('',(41.615363127699,-8.098443704624,
    11.880441291677));
#1408 = CARTESIAN_POINT('',(41.618015705363,-8.078748503507,
    11.898389706253));
#1409 = CARTESIAN_POINT('',(41.620866282286,-8.058545127404,
    11.915796530417));
#1410 = CARTESIAN_POINT('',(41.623911716859,-8.037865262766,
    11.932654076885));
#1411 = CARTESIAN_POINT('',(41.632785290302,-7.979950081134,
    11.977348243502));
#1412 = CARTESIAN_POINT('',(41.63900227731,-7.941809651734,
    12.00405659395));
#1413 = CARTESIAN_POINT('',(41.645780715542,-7.902483262841,
    12.029053033443));
#1414 = CARTESIAN_POINT('',(41.653098343907,-7.862128651529,
    12.052328309763));
#1415 = CARTESIAN_POINT('',(41.660930396429,-7.820894466371,
    12.073888743607));
#1416 = CARTESIAN_POINT('',(41.669250672828,-7.778917862865,
    12.093752321606));
#1417 = CARTESIAN_POINT('',(41.68807118359,-7.68763115687,
    12.132740481423));
#1418 = CARTESIAN_POINT('',(41.698712690607,-7.638132782584,
    12.151351935508));
#1419 = CARTESIAN_POINT('',(41.709917977475,-7.588008859539,
    12.167819675206));
#1420 = CARTESIAN_POINT('',(41.721646780962,-7.537422001017,
    12.18219494423));
#1421 = CARTESIAN_POINT('',(41.733858970105,-7.486515633587,
    12.194535689081));
#1422 = CARTESIAN_POINT('',(41.746515789029,-7.435414080656,
    12.204902541718));
#1423 = CARTESIAN_POINT('',(41.790155631801,-7.264428008979,
    12.233134194759));
#1424 = CARTESIAN_POINT('',(41.822943037818,-7.144235546613,
    12.242413772325));
#1425 = CARTESIAN_POINT('',(41.85750443805,-7.024875839069,
    12.242005172439));
#1426 = CARTESIAN_POINT('',(41.893418801617,-6.907297581792,
    12.232580224315));
#1427 = CARTESIAN_POINT('',(41.930292614605,-6.792257058757,
    12.214688286647));
#1428 = CARTESIAN_POINT('',(41.967774655428,-6.680353344262,
    12.188731317547));
#1429 = CARTESIAN_POINT('',(42.03353790978,-6.491901265919,
    12.129756693524));
#1430 = CARTESIAN_POINT('',(42.061668514105,-6.413757988068,
    12.100325751592));
#1431 = CARTESIAN_POINT('',(42.089807538749,-6.337895948349,
    12.066638739957));
#1432 = CARTESIAN_POINT('',(42.11780614736,-6.264585817695,
    12.02871581104));
#1433 = CARTESIAN_POINT('',(42.145497107396,-6.194148321271,
    11.986543140785));
#1434 = CARTESIAN_POINT('',(42.172689787896,-6.126967556832,
    11.940064577829));
#1435 = CARTESIAN_POINT('',(42.208135633809,-6.042015381303,
    11.871882909311));
#1436 = CARTESIAN_POINT('',(42.217025988423,-6.020938958324,
    11.854112080956));
#1437 = CARTESIAN_POINT('',(42.22582333401,-6.000314163153,
    11.835828566178));
#1438 = CARTESIAN_POINT('',(42.234517658916,-5.980162997226,
    11.817028149571));
#1439 = CARTESIAN_POINT('',(42.243098034505,-5.960509819415,
    11.797706665775));
#1440 = CARTESIAN_POINT('',(42.251552615152,-5.941381346035,
    11.777859999481));
#1441 = CARTESIAN_POINT('',(42.270333729475,-5.899431790359,
    11.731842526135));
#1442 = CARTESIAN_POINT('',(42.280578739355,-5.876935365892,
    11.705364378947));
#1443 = CARTESIAN_POINT('',(42.290578748267,-5.855374144647,
    11.678040587842));
#1444 = CARTESIAN_POINT('',(42.300304820522,-5.834814673526,
    11.649865582381));
#1445 = CARTESIAN_POINT('',(42.309724311238,-5.815332364918,
    11.620838387335));
#1446 = CARTESIAN_POINT('',(42.31880117321,-5.797010582497,
    11.59096373231));
#1447 = CARTESIAN_POINT('',(42.341345087299,-5.752750675555,
    11.511339895441));
#1448 = CARTESIAN_POINT('',(42.354228867162,-5.728728066526,
    11.460294593233));
#1449 = CARTESIAN_POINT('',(42.365983256672,-5.70825144269,
    11.407179670084));
#1450 = CARTESIAN_POINT('',(42.376416497105,-5.69175536553,
    11.352148987027));
#1451 = CARTESIAN_POINT('',(42.385321284036,-5.679699763415,
    11.295470109272));
#1452 = CARTESIAN_POINT('',(42.392505344665,-5.672490792698,
    11.237555121503));
#1453 = CARTESIAN_POINT('',(42.397840726136,-5.670352211743,11.179));
#1454 = FACE_BOUND('',#1455,.T.);
#1455 = EDGE_LOOP('',(#1456));
#1456 = ORIENTED_EDGE('',*,*,#1457,.T.);
#1457 = EDGE_CURVE('',#1458,#1458,#1460,.T.);
#1458 = VERTEX_POINT('',#1459);
#1459 = CARTESIAN_POINT('',(41.767732382309,7.946907231875,11.1795));
#1460 = B_SPLINE_CURVE_WITH_KNOTS('',7,(#1461,#1462,#1463,#1464,#1465,
    #1466,#1467,#1468,#1469,#1470,#1471,#1472,#1473,#1474,#1475,#1476,
    #1477,#1478,#1479,#1480,#1481,#1482,#1483,#1484,#1485,#1486,#1487,
    #1488,#1489,#1490,#1491,#1492,#1493,#1494,#1495,#1496,#1497,#1498,
    #1499,#1500,#1501,#1502,#1503,#1504,#1505,#1506,#1507,#1508,#1509,
    #1510,#1511,#1512,#1513,#1514,#1515,#1516,#1517,#1518,#1519,#1520,
    #1521,#1522,#1523,#1524,#1525,#1526,#1527,#1528,#1529,#1530,#1531,
    #1532,#1533,#1534,#1535,#1536,#1537,#1538,#1539,#1540,#1541,#1542,
    #1543,#1544,#1545,#1546,#1547,#1548,#1549,#1550,#1551,#1552,#1553,
    #1554,#1555,#1556,#1557,#1558,#1559,#1560,#1561,#1562,#1563,#1564,
    #1565,#1566,#1567,#1568,#1569,#1570,#1571,#1572,#1573,#1574,#1575,
    #1576,#1577,#1578,#1579,#1580,#1581,#1582,#1583,#1584,#1585,#1586,
    #1587,#1588,#1589,#1590,#1591,#1592,#1593,#1594,#1595,#1596,#1597,
    #1598,#1599,#1600),.UNSPECIFIED.,.T.,.F.,(8,6,6,6,6,6,6,6,6,6,6,6,6,
    6,6,6,6,6,6,6,6,6,6,8),(0.,9.652183674934E-02,0.149948140825,
    0.185471282583,0.264284394795,0.347773807493,0.375425190959,
    0.410010989751,0.436431217217,0.45075823567,0.479136226474,
    0.507613649151,0.521661714645,0.548434856293,0.583283252137,
    0.610712107513,0.690525602432,0.794476588606,0.840144192445,
    0.880646749503,0.904350492595,0.919639654711,0.955701805453,1.),
  .UNSPECIFIED.);
#1461 = CARTESIAN_POINT('',(41.767732382309,7.946907231875,11.1795));
#1462 = CARTESIAN_POINT('',(41.777742603774,7.942894734703,
    11.074245912176));
#1463 = CARTESIAN_POINT('',(41.790137786071,7.923927083127,
    10.969933076484));
#1464 = CARTESIAN_POINT('',(41.804611128528,7.890579962815,
    10.868816299092));
#1465 = CARTESIAN_POINT('',(41.820899681153,7.844173428585,
    10.77270208989));
#1466 = CARTESIAN_POINT('',(41.838834885509,7.786300587864,
    10.682938194326));
#1467 = CARTESIAN_POINT('',(41.858254435934,7.718692314041,
    10.600428015704));
#1468 = CARTESIAN_POINT('',(41.890489400229,7.601125719141,
    10.484344814267));
#1469 = CARTESIAN_POINT('',(41.902386257216,7.556749386861,
    10.445355408776));
#1470 = CARTESIAN_POINT('',(41.914672268638,7.51015436498,
    10.408819435058));
#1471 = CARTESIAN_POINT('',(41.927325361688,7.461600260843,
    10.374788935902));
#1472 = CARTESIAN_POINT('',(41.940323571057,7.411333320665,
    10.343290836147));
#1473 = CARTESIAN_POINT('',(41.953644787488,7.359582297294,
    10.314332343688));
#1474 = CARTESIAN_POINT('',(41.976323585212,7.27129602229,
    10.270335711473));
#1475 = CARTESIAN_POINT('',(41.985513414011,7.235473719704,
    10.253884916874));
#1476 = CARTESIAN_POINT('',(41.994829396987,7.199148639969,
    10.238551934151));
#1477 = CARTESIAN_POINT('',(42.004264710885,7.162378806363,
    10.224332363795));
#1478 = CARTESIAN_POINT('',(42.013812341593,7.125218957596,
    10.211219954226));
#1479 = CARTESIAN_POINT('',(42.023465120782,7.087720469706,
    10.19920711668));
#1480 = CARTESIAN_POINT('',(42.05484893986,6.966090613477,
    10.164054156553));
#1481 = CARTESIAN_POINT('',(42.076960692502,6.88083113444,
    10.145197504666));
#1482 = CARTESIAN_POINT('',(42.099475281268,6.79466204072,
    10.131616308447));
#1483 = CARTESIAN_POINT('',(42.122307287469,6.708037033366,
    10.123206424315));
#1484 = CARTESIAN_POINT('',(42.145363477052,6.621360212571,
    10.119867170646));
#1485 = CARTESIAN_POINT('',(42.168544005012,6.534992743752,
    10.121515784284));
#1486 = CARTESIAN_POINT('',(42.216318402933,6.358440986868,
    10.13509116086));
#1487 = CARTESIAN_POINT('',(42.240903738575,6.268374017241,
    10.14761919311));
#1488 = CARTESIAN_POINT('',(42.265380819419,6.179416774917,
    10.165632013176));
#1489 = CARTESIAN_POINT('',(42.289602015656,6.091961740321,
    10.189127184574));
#1490 = CARTESIAN_POINT('',(42.313391650938,6.006436568278,
    10.218137488536));
#1491 = CARTESIAN_POINT('',(42.336540583555,5.923317067984,
    10.252744472556));
#1492 = CARTESIAN_POINT('',(42.366164159866,5.816603060814,
    10.306502715793));
#1493 = CARTESIAN_POINT('',(42.373435184229,5.790380664556,
    10.320509460954));
#1494 = CARTESIAN_POINT('',(42.380597372261,5.764507276738,
    10.335153740588));
#1495 = CARTESIAN_POINT('',(42.387640100981,5.73900664216,
    10.350441314824));
#1496 = CARTESIAN_POINT('',(42.394551758374,5.713904861874,
    10.366378079715));
#1497 = CARTESIAN_POINT('',(42.401319743391,5.689230393191,
    10.382970067242));
#1498 = CARTESIAN_POINT('',(42.416199025842,5.634724730324,
    10.421803626391));
#1499 = CARTESIAN_POINT('',(42.42422102576,5.605153978397,
    10.444417199236));
#1500 = CARTESIAN_POINT('',(42.43197027921,5.57636062849,10.468076804312
    ));
#1501 = CARTESIAN_POINT('',(42.439416698521,5.54841413042,
    10.492792491796));
#1502 = CARTESIAN_POINT('',(42.446526694948,5.521393563575,
    10.518570206609));
#1503 = CARTESIAN_POINT('',(42.453263578759,5.495386651257,
    10.545410273442));
#1504 = CARTESIAN_POINT('',(42.464419178485,5.451469189647,
    10.594615446522));
#1505 = CARTESIAN_POINT('',(42.469009426672,5.433097781932,
    10.616539877531));
#1506 = CARTESIAN_POINT('',(42.473341088864,5.415417542379,
    10.639075109479));
#1507 = CARTESIAN_POINT('',(42.477395226667,5.398475633238,
    10.662212821778));
#1508 = CARTESIAN_POINT('',(42.481152162766,5.382322064553,
    10.685939368928));
#1509 = CARTESIAN_POINT('',(42.484592065366,5.367008370181,
    10.710234710842));
#1510 = CARTESIAN_POINT('',(42.489378464128,5.344765552614,
    10.748539618195));
#1511 = CARTESIAN_POINT('',(42.490962478786,5.337207003938,
    10.762166934072));
#1512 = CARTESIAN_POINT('',(42.492444421702,5.329919072833,
    10.77594880402));
#1513 = CARTESIAN_POINT('',(42.493821263311,5.322910009414,
    10.789879999936));
#1514 = CARTESIAN_POINT('',(42.495090099398,5.316187878868,
    10.803954552396));
#1515 = CARTESIAN_POINT('',(42.496248151092,5.309760561457,
    10.818165750652));
#1516 = CARTESIAN_POINT('',(42.499361865303,5.291504144503,
    10.860910622825));
#1517 = CARTESIAN_POINT('',(42.500986227378,5.280557861664,
    10.88982495951));
#1518 = CARTESIAN_POINT('',(42.502145231203,5.270857881144,
    10.919186448277));
#1519 = CARTESIAN_POINT('',(42.502822094025,5.262456514281,
    10.948924623998));
#1520 = CARTESIAN_POINT('',(42.503004964808,5.255394894346,
    10.978961095529));
#1521 = CARTESIAN_POINT('',(42.502688018823,5.249700464297,
    11.009209380401));
#1522 = CARTESIAN_POINT('',(42.501054228372,5.241053342182,
    11.070046493943));
#1523 = CARTESIAN_POINT('',(42.499733743758,5.238109565737,
    11.100641524313));
#1524 = CARTESIAN_POINT('',(42.497912148583,5.236565061072,
    11.131264109805));
#1525 = CARTESIAN_POINT('',(42.495597367585,5.236413335075,
    11.161824310485));
#1526 = CARTESIAN_POINT('',(42.492803191625,5.237632174978,
    11.19223821541));
#1527 = CARTESIAN_POINT('',(42.489548269282,5.240186347697,
    11.222428190718));
#1528 = CARTESIAN_POINT('',(42.484033237439,5.245926541069,
    11.26707046063));
#1529 = CARTESIAN_POINT('',(42.482104609128,5.248136802456,
    11.281746784018));
#1530 = CARTESIAN_POINT('',(42.480071876393,5.250655593082,
    11.296344158322));
#1531 = CARTESIAN_POINT('',(42.477937800608,5.253477087572,
    11.310855299836));
#1532 = CARTESIAN_POINT('',(42.475705241635,5.256595125425,
    11.325273580703));
#1533 = CARTESIAN_POINT('',(42.473377157824,5.260003211016,
    11.339593028917));
#1534 = CARTESIAN_POINT('',(42.466343460065,5.270729486977,
    11.380900188379));
#1535 = CARTESIAN_POINT('',(42.461394437699,5.278793281737,
    11.40761326409));
#1536 = CARTESIAN_POINT('',(42.456130263749,5.287839569702,
    11.433911638479));
#1537 = CARTESIAN_POINT('',(42.450571952526,5.29782033297,
    11.459767255528));
#1538 = CARTESIAN_POINT('',(42.44474019842,5.308687545148,
    11.485159023827));
#1539 = CARTESIAN_POINT('',(42.438654766491,5.320394852592,
    11.510071920233));
#1540 = CARTESIAN_POINT('',(42.424106509114,5.349175208355,
    11.566287030501));
#1541 = CARTESIAN_POINT('',(42.41548082693,5.36680040673,11.597247705941
    ));
#1542 = CARTESIAN_POINT('',(42.406496757212,5.385680385587,
    11.627358932928));
#1543 = CARTESIAN_POINT('',(42.397191426951,5.405727108302,
    11.656609932648));
#1544 = CARTESIAN_POINT('',(42.387598730445,5.426860269696,
    11.684996990096));
#1545 = CARTESIAN_POINT('',(42.377748890329,5.449008598913,11.7125221098
    ));
#1546 = CARTESIAN_POINT('',(42.359733456147,5.490294979796,
    11.760183040989));
#1547 = CARTESIAN_POINT('',(42.351656173334,5.5090690361,11.780643334277
    ));
#1548 = CARTESIAN_POINT('',(42.343449173371,5.528402983287,
    11.800575204045));
#1549 = CARTESIAN_POINT('',(42.335124558646,5.548268877874,
    11.819981508452));
#1550 = CARTESIAN_POINT('',(42.326693530718,5.568641180821,
    11.838865311175));
#1551 = CARTESIAN_POINT('',(42.318166390316,5.589496757531,
    11.857229881407));
#1552 = CARTESIAN_POINT('',(42.284487630286,5.672847130552,
    11.927015826579));
#1553 = CARTESIAN_POINT('',(42.258697289706,5.738774111811,
    11.974567959407));
#1554 = CARTESIAN_POINT('',(42.23240260159,5.808109519171,
    12.017846693391));
#1555 = CARTESIAN_POINT('',(42.205794780197,5.880461122528,
    12.056890704323));
#1556 = CARTESIAN_POINT('',(42.179042926332,5.955499020094,
    12.091700007394));
#1557 = CARTESIAN_POINT('',(42.152298438601,6.032943184471,
    12.122243157144));
#1558 = CARTESIAN_POINT('',(42.091048532679,6.216278538502,
    12.182553362441));
#1559 = CARTESIAN_POINT('',(42.056671802603,6.323600606556,
    12.209263621786));
#1560 = CARTESIAN_POINT('',(42.022861059198,6.434037889966,
    12.228409524767));
#1561 = CARTESIAN_POINT('',(41.989940031669,6.547021972393,
    12.239622355945));
#1562 = CARTESIAN_POINT('',(41.958262534895,6.661861423371,
    12.24240240118));
#1563 = CARTESIAN_POINT('',(41.928205156428,6.777688481253,
    12.236152364342));
#1564 = CARTESIAN_POINT('',(41.887826433846,6.944242327972,
    12.213141625773));
#1565 = CARTESIAN_POINT('',(41.87589208074,6.995042690654,12.20424088544
    ));
#1566 = CARTESIAN_POINT('',(41.864382203383,7.045705057312,
    12.193406372628));
#1567 = CARTESIAN_POINT('',(41.85333294728,7.096110470162,
    12.180580319407));
#1568 = CARTESIAN_POINT('',(41.84278128232,7.146122545378,
    12.165707428989));
#1569 = CARTESIAN_POINT('',(41.832763842126,7.19558734421,
    12.148738588496));
#1570 = CARTESIAN_POINT('',(41.814936270808,7.28756593919,
    12.112691255203));
#1571 = CARTESIAN_POINT('',(41.807004796795,7.330232194622,
    12.09406879098));
#1572 = CARTESIAN_POINT('',(41.799546178047,7.372210831008,
    12.073741057399));
#1573 = CARTESIAN_POINT('',(41.792584491818,7.413367604339,
    12.051689246481));
#1574 = CARTESIAN_POINT('',(41.786142069998,7.453557352722,
    12.02790556475));
#1575 = CARTESIAN_POINT('',(41.780238513174,7.492626143108,
    12.002396924057));
#1576 = CARTESIAN_POINT('',(41.771759364517,7.55252806762,
    11.959265233919));
#1577 = CARTESIAN_POINT('',(41.768819032688,7.574203799138,
    11.942759721723));
#1578 = CARTESIAN_POINT('',(41.766071923187,7.595408349121,
    11.925677334513));
#1579 = CARTESIAN_POINT('',(41.763520774502,7.616108967309,
    11.908025388656));
#1580 = CARTESIAN_POINT('',(41.761167808605,7.636272720362,
    11.88981350715));
#1581 = CARTESIAN_POINT('',(41.759014689916,7.65586679558,
    11.871053848593));
#1582 = CARTESIAN_POINT('',(41.755803291214,7.687108849022,
    11.839317463921));
#1583 = CARTESIAN_POINT('',(41.754627682004,7.699108471427,
    11.826651869954));
#1584 = CARTESIAN_POINT('',(41.753535943092,7.710848947783,
    11.813768532484));
#1585 = CARTESIAN_POINT('',(41.752528253059,7.722321743347,
    11.800671871555));
#1586 = CARTESIAN_POINT('',(41.751604682613,7.733518512692,
    11.787366749011));
#1587 = CARTESIAN_POINT('',(41.750765194591,7.744431099708,
    11.773858468501));
#1588 = CARTESIAN_POINT('',(41.748227546231,7.78010168942,
    11.727825512283));
#1589 = CARTESIAN_POINT('',(41.746912343641,7.803527825769,
    11.694398409429));
#1590 = CARTESIAN_POINT('',(41.746062314605,7.825224097094,
    11.659949133359));
#1591 = CARTESIAN_POINT('',(41.745672086487,7.845095633048,
    11.624566297362));
#1592 = CARTESIAN_POINT('',(41.745733170151,7.863060193854,
    11.588349040163));
#1593 = CARTESIAN_POINT('',(41.74623449453,7.879049821668,
    11.551406604522));
#1594 = CARTESIAN_POINT('',(41.748303430867,7.910164022614,
    11.46773368079));
#1595 = CARTESIAN_POINT('',(41.750088669633,7.924259158299,
    11.420688616004));
#1596 = CARTESIAN_POINT('',(41.752494042332,7.935200414105,
    11.372944252563));
#1597 = CARTESIAN_POINT('',(41.755491339249,7.942932931904,
    11.324726940721));
#1598 = CARTESIAN_POINT('',(41.759050357181,7.94744154483,
    11.276264368714));
#1599 = CARTESIAN_POINT('',(41.763140500516,7.948747841773,
    11.227782081583));
#1600 = CARTESIAN_POINT('',(41.767732382309,7.946907231875,11.1795));
#1601 = ( BOUNDED_SURFACE() B_SPLINE_SURFACE(2,3,(
    (#1602,#1603,#1604,#1605,#1606,#1607,#1608,#1609,#1610,#1611,#1612
      ,#1613,#1614,#1615,#1616,#1617,#1618,#1619,#1620,#1621,#1622,#1623
      ,#1624,#1625,#1626,#1627,#1628,#1629,#1630,#1631,#1632,#1633,#1634
      ,#1635,#1636,#1637,#1638,#1639,#1640,#1641,#1642,#1643,#1644,#1645
      ,#1646,#1647,#1648,#1649,#1650,#1651,#1652,#1653,#1654,#1655,#1656
      ,#1657,#1658,#1659,#1660,#1661,#1662,#1663,#1664,#1665,#1666,#1667
      ,#1668,#1669,#1670,#1671,#1672,#1673,#1674,#1675,#1676,#1677,#1678
      ,#1679,#1680,#1681,#1682,#1683,#1684)
    ,(#1685,#1686,#1687,#1688,#1689,#1690,#1691,#1692,#1693,#1694,#1695
      ,#1696,#1697,#1698,#1699,#1700,#1701,#1702,#1703,#1704,#1705,#1706
      ,#1707,#1708,#1709,#1710,#1711,#1712,#1713,#1714,#1715,#1716,#1717
      ,#1718,#1719,#1720,#1721,#1722,#1723,#1724,#1725,#1726,#1727,#1728
      ,#1729,#1730,#1731,#1732,#1733,#1734,#1735,#1736,#1737,#1738,#1739
      ,#1740,#1741,#1742,#1743,#1744,#1745,#1746,#1747,#1748,#1749,#1750
      ,#1751,#1752,#1753,#1754,#1755,#1756,#1757,#1758,#1759,#1760,#1761
      ,#1762,#1763,#1764,#1765,#1766,#1767)
    ,(#1768,#1769,#1770,#1771,#1772,#1773,#1774,#1775,#1776,#1777,#1778
      ,#1779,#1780,#1781,#1782,#1783,#1784,#1785,#1786,#1787,#1788,#1789
      ,#1790,#1791,#1792,#1793,#1794,#1795,#1796,#1797,#1798,#1799,#1800
      ,#1801,#1802,#1803,#1804,#1805,#1806,#1807,#1808,#1809,#1810,#1811
      ,#1812,#1813,#1814,#1815,#1816,#1817,#1818,#1819,#1820,#1821,#1822
      ,#1823,#1824,#1825,#1826,#1827,#1828,#1829,#1830,#1831,#1832,#1833
      ,#1834,#1835,#1836,#1837,#1838,#1839,#1840,#1841,#1842,#1843,#1844
      ,#1845,#1846,#1847,#1848,#1849,#1850)
    ,(#1851,#1852,#1853,#1854,#1855,#1856,#1857,#1858,#1859,#1860,#1861
      ,#1862,#1863,#1864,#1865,#1866,#1867,#1868,#1869,#1870,#1871,#1872
      ,#1873,#1874,#1875,#1876,#1877,#1878,#1879,#1880,#1881,#1882,#1883
      ,#1884,#1885,#1886,#1887,#1888,#1889,#1890,#1891,#1892,#1893,#1894
      ,#1895,#1896,#1897,#1898,#1899,#1900,#1901,#1902,#1903,#1904,#1905
      ,#1906,#1907,#1908,#1909,#1910,#1911,#1912,#1913,#1914,#1915,#1916
      ,#1917,#1918,#1919,#1920,#1921,#1922,#1923,#1924,#1925,#1926,#1927
      ,#1928,#1929,#1930,#1931,#1932,#1933)
    ,(#1934,#1935,#1936,#1937,#1938,#1939,#1940,#1941,#1942,#1943,#1944
      ,#1945,#1946,#1947,#1948,#1949,#1950,#1951,#1952,#1953,#1954,#1955
      ,#1956,#1957,#1958,#1959,#1960,#1961,#1962,#1963,#1964,#1965,#1966
      ,#1967,#1968,#1969,#1970,#1971,#1972,#1973,#1974,#1975,#1976,#1977
      ,#1978,#1979,#1980,#1981,#1982,#1983,#1984,#1985,#1986,#1987,#1988
      ,#1989,#1990,#1991,#1992,#1993,#1994,#1995,#1996,#1997,#1998,#1999
      ,#2000,#2001,#2002,#2003,#2004,#2005,#2006,#2007,#2008,#2009,#2010
      ,#2011,#2012,#2013,#2014,#2015,#2016)
    ,(#2017,#2018,#2019,#2020,#2021,#2022,#2023,#2024,#2025,#2026,#2027
      ,#2028,#2029,#2030,#2031,#2032,#2033,#2034,#2035,#2036,#2037,#2038
      ,#2039,#2040,#2041,#2042,#2043,#2044,#2045,#2046,#2047,#2048,#2049
      ,#2050,#2051,#2052,#2053,#2054,#2055,#2056,#2057,#2058,#2059,#2060
      ,#2061,#2062,#2063,#2064,#2065,#2066,#2067,#2068,#2069,#2070,#2071
      ,#2072,#2073,#2074,#2075,#2076,#2077,#2078,#2079,#2080,#2081,#2082
      ,#2083,#2084,#2085,#2086,#2087,#2088,#2089,#2090,#2091,#2092,#2093
      ,#2094,#2095,#2096,#2097,#2098,#2099)
    ,(#2100,#2101,#2102,#2103,#2104,#2105,#2106,#2107,#2108,#2109,#2110
      ,#2111,#2112,#2113,#2114,#2115,#2116,#2117,#2118,#2119,#2120,#2121
      ,#2122,#2123,#2124,#2125,#2126,#2127,#2128,#2129,#2130,#2131,#2132
      ,#2133,#2134,#2135,#2136,#2137,#2138,#2139,#2140,#2141,#2142,#2143
      ,#2144,#2145,#2146,#2147,#2148,#2149,#2150,#2151,#2152,#2153,#2154
      ,#2155,#2156,#2157,#2158,#2159,#2160,#2161,#2162,#2163,#2164,#2165
      ,#2166,#2167,#2168,#2169,#2170,#2171,#2172,#2173,#2174,#2175,#2176
      ,#2177,#2178,#2179,#2180,#2181,#2182
)),.UNSPECIFIED.,.T.,.F.,.F.) B_SPLINE_SURFACE_WITH_KNOTS((1,2,2,2,2,1),
  (4,1,1,1,1,1,1,1,1,1,1,1,1,1,1,1,1,1,1,1,1,1,1,1,1,1,1,1,1,1,1,1,1,1,1
    ,1,1,1,1,1,1,1,1,1,1,1,1,1,1,1,1,1,1,1,1,1,1,1,1,1,1,1,1,1,1,1,1,1,1
    ,1,1,1,1,1,1,1,1,1,1,1,4),(-2.094395102393,0.,2.094395102393,
    4.188790204786,6.28318530718,8.377580409573),(0.,0.183695848552,
    0.365801509443,0.546323369296,0.725267984315,0.9026420856,
    1.078452584639,1.252706578972,1.425411358039,1.596574409216,
    1.766203424027,1.934306304572,2.100891170126,2.265966363959,
    2.429540460349,2.591622271801,2.752220856478,2.911345525843,
    3.069005852506,3.225211678293,3.379973122519,3.533300590481,
    3.685204782153,3.835696701092,3.984787663554,4.1324893078,
    4.278813603598,4.423772861917,4.567379744784,4.709647275317,
    4.850588847909,4.990218238542,5.128549615227,5.26559754854,
    5.401377022241,5.535903443938,5.669192655783,5.801260945151,
    5.932125055289,6.061802195877,6.190310053469,6.31766680177,
    6.443891111695,6.569002161156,6.693019644527,6.815963781716,
    6.937855326787,7.058715576057,7.178566375597,7.297430128063,
    7.415329798773,7.532288920947,7.648331600032,7.763482517013,
    7.877766930637,7.991210678442,8.103840176522,8.215682417929,
    8.326764969624,8.437115967908,8.546764112245,8.655738657411,
    8.7640694039,8.871786686536,8.978921361247,9.085504789956,
    9.19156882358,9.297145783115,9.402268438828,9.506969987559,
    9.611284028187,9.715244535309,9.818885831195,9.922242556123,
    10.02534963719,10.128242255716,10.230955813398,10.333525897336,
    10.435988244127,10.538378703172,10.640733199411),.UNSPECIFIED.) 
GEOMETRIC_REPRESENTATION_ITEM() RATIONAL_B_SPLINE_SURFACE((
    (1.,1.,1.,1.,1.,1.,1.,1.,1.,1.,1.,1.,1.,1.,1.,1.,1.,1.,1.,1.,1.,1.
      ,1.,1.,1.,1.,1.,1.,1.,1.,1.,1.,1.,1.,1.,1.,1.,1.,1.,1.,1.,1.,1.,1.
      ,1.,1.,1.,1.,1.,1.,1.,1.,1.,1.,1.,1.,1.,1.,1.,1.,1.,1.,1.,1.,1.,1.
      ,1.,1.,1.,1.,1.,1.,1.,1.,1.,1.,1.,1.,1.,1.,1.,1.,1.)
    ,(0.5,0.5,0.5,0.5,0.5,0.5,0.5,0.5,0.5,0.5,0.5,0.5,0.5,0.5,0.5,0.5
      ,0.5,0.5,0.5,0.5,0.5,0.5,0.5,0.5,0.5,0.5,0.5,0.5,0.5,0.5,0.5,0.5
      ,0.5,0.5,0.5,0.5,0.5,0.5,0.5,0.5,0.5,0.5,0.5,0.5,0.5,0.5,0.5,0.5
      ,0.5,0.5,0.5,0.5,0.5,0.5,0.5,0.5,0.5,0.5,0.5,0.5,0.5,0.5,0.5,0.5
      ,0.5,0.5,0.5,0.5,0.5,0.5,0.5,0.5,0.5,0.5,0.5,0.5,0.5,0.5,0.5,0.5
      ,0.5,0.5,0.5)
    ,(1.,1.,1.,1.,1.,1.,1.,1.,1.,1.,1.,1.,1.,1.,1.,1.,1.,1.,1.,1.,1.,1.
      ,1.,1.,1.,1.,1.,1.,1.,1.,1.,1.,1.,1.,1.,1.,1.,1.,1.,1.,1.,1.,1.,1.
      ,1.,1.,1.,1.,1.,1.,1.,1.,1.,1.,1.,1.,1.,1.,1.,1.,1.,1.,1.,1.,1.,1.
      ,1.,1.,1.,1.,1.,1.,1.,1.,1.,1.,1.,1.,1.,1.,1.,1.,1.)
    ,(0.5,0.5,0.5,0.5,0.5,0.5,0.5,0.5,0.5,0.5,0.5,0.5,0.5,0.5,0.5,0.5
      ,0.5,0.5,0.5,0.5,0.5,0.5,0.5,0.5,0.5,0.5,0.5,0.5,0.5,0.5,0.5,0.5
      ,0.5,0.5,0.5,0.5,0.5,0.5,0.5,0.5,0.5,0.5,0.5,0.5,0.5,0.5,0.5,0.5
      ,0.5,0.5,0.5,0.5,0.5,0.5,0.5,0.5,0.5,0.5,0.5,0.5,0.5,0.5,0.5,0.5
      ,0.5,0.5,0.5,0.5,0.5,0.5,0.5,0.5,0.5,0.5,0.5,0.5,0.5,0.5,0.5,0.5
      ,0.5,0.5,0.5)
    ,(1.,1.,1.,1.,1.,1.,1.,1.,1.,1.,1.,1.,1.,1.,1.,1.,1.,1.,1.,1.,1.,1.
      ,1.,1.,1.,1.,1.,1.,1.,1.,1.,1.,1.,1.,1.,1.,1.,1.,1.,1.,1.,1.,1.,1.
      ,1.,1.,1.,1.,1.,1.,1.,1.,1.,1.,1.,1.,1.,1.,1.,1.,1.,1.,1.,1.,1.,1.
      ,1.,1.,1.,1.,1.,1.,1.,1.,1.,1.,1.,1.,1.,1.,1.,1.,1.)
    ,(0.5,0.5,0.5,0.5,0.5,0.5,0.5,0.5,0.5,0.5,0.5,0.5,0.5,0.5,0.5,0.5
      ,0.5,0.5,0.5,0.5,0.5,0.5,0.5,0.5,0.5,0.5,0.5,0.5,0.5,0.5,0.5,0.5
      ,0.5,0.5,0.5,0.5,0.5,0.5,0.5,0.5,0.5,0.5,0.5,0.5,0.5,0.5,0.5,0.5
      ,0.5,0.5,0.5,0.5,0.5,0.5,0.5,0.5,0.5,0.5,0.5,0.5,0.5,0.5,0.5,0.5
      ,0.5,0.5,0.5,0.5,0.5,0.5,0.5,0.5,0.5,0.5,0.5,0.5,0.5,0.5,0.5,0.5
      ,0.5,0.5,0.5)
    ,(1.,1.,1.,1.,1.,1.,1.,1.,1.,1.,1.,1.,1.,1.,1.,1.,1.,1.,1.,1.,1.,1.
      ,1.,1.,1.,1.,1.,1.,1.,1.,1.,1.,1.,1.,1.,1.,1.,1.,1.,1.,1.,1.,1.,1.
      ,1.,1.,1.,1.,1.,1.,1.,1.,1.,1.,1.,1.,1.,1.,1.,1.,1.,1.,1.,1.,1.,1.
      ,1.,1.,1.,1.,1.,1.,1.,1.,1.,1.,1.,1.,1.,1.,1.,1.,1.
))) REPRESENTATION_ITEM('') SURFACE() );
#1602 = CARTESIAN_POINT('',(36.93,0.,18.9155));
#1603 = CARTESIAN_POINT('',(36.980945493795,0.,18.881530697632));
#1604 = CARTESIAN_POINT('',(37.082201491754,0.,18.813594946935));
#1605 = CARTESIAN_POINT('',(37.232828598948,0.,18.711247008987));
#1606 = CARTESIAN_POINT('',(37.381537137095,0.,18.608899081368));
#1607 = CARTESIAN_POINT('',(37.528327029385,0.,18.506551113331));
#1608 = CARTESIAN_POINT('',(37.673198299454,0.,18.404203114436));
#1609 = CARTESIAN_POINT('',(37.816150944397,0.,18.301855078071));
#1610 = CARTESIAN_POINT('',(37.957184968339,0.,18.199507001669));
#1611 = CARTESIAN_POINT('',(38.096300373553,0.,18.09715888135));
#1612 = CARTESIAN_POINT('',(38.233497162799,0.,17.994810713327));
#1613 = CARTESIAN_POINT('',(38.368775338699,0.,17.892462493521));
#1614 = CARTESIAN_POINT('',(38.502134903889,0.,17.790114217652));
#1615 = CARTESIAN_POINT('',(38.633575860972,0.,17.687765881206));
#1616 = CARTESIAN_POINT('',(38.763098212515,0.,17.585417479426));
#1617 = CARTESIAN_POINT('',(38.890701961039,0.,17.483069007308));
#1618 = CARTESIAN_POINT('',(39.016387109008,0.,17.380720459585));
#1619 = CARTESIAN_POINT('',(39.140153658811,0.,17.278371830722));
#1620 = CARTESIAN_POINT('',(39.262001612756,0.,17.176023114902));
#1621 = CARTESIAN_POINT('',(39.381930973049,0.,17.073674306023));
#1622 = CARTESIAN_POINT('',(39.499941741782,0.,16.971325397681));
#1623 = CARTESIAN_POINT('',(39.616033920909,0.,16.868976383165));
#1624 = CARTESIAN_POINT('',(39.730207512235,0.,16.766627255448));
#1625 = CARTESIAN_POINT('',(39.842462517388,0.,16.664278007179));
#1626 = CARTESIAN_POINT('',(39.9527989378,0.,16.561928630675));
#1627 = CARTESIAN_POINT('',(40.061216774685,0.,16.459579117913));
#1628 = CARTESIAN_POINT('',(40.167716029007,0.,16.357229460527));
#1629 = CARTESIAN_POINT('',(40.27229670146,0.,16.254879649799));
#1630 = CARTESIAN_POINT('',(40.374958792433,0.,16.152529676661));
#1631 = CARTESIAN_POINT('',(40.475702301982,0.,16.050179531687));
#1632 = CARTESIAN_POINT('',(40.574527229795,0.,15.9478292051));
#1633 = CARTESIAN_POINT('',(40.671433575159,0.,15.845478686764));
#1634 = CARTESIAN_POINT('',(40.766421336921,0.,15.743127966199));
#1635 = CARTESIAN_POINT('',(40.859490513452,0.,15.640777032577));
#1636 = CARTESIAN_POINT('',(40.950641102605,0.,15.538425874739));
#1637 = CARTESIAN_POINT('',(41.039873101673,0.,15.436074481203));
#1638 = CARTESIAN_POINT('',(41.127186507347,0.,15.333722840183));
#1639 = CARTESIAN_POINT('',(41.212581315668,0.,15.231370939604));
#1640 = CARTESIAN_POINT('',(41.296057521987,0.,15.12901876713));
#1641 = CARTESIAN_POINT('',(41.377615120909,0.,15.02666631019));
#1642 = CARTESIAN_POINT('',(41.457254106256,0.,14.924313556013));
#1643 = CARTESIAN_POINT('',(41.534974471012,0.,14.821960491663));
#1644 = CARTESIAN_POINT('',(41.610776207279,0.,14.719607104084));
#1645 = CARTESIAN_POINT('',(41.684659306228,0.,14.617253380152));
#1646 = CARTESIAN_POINT('',(41.756623758057,0.,14.514899306728));
#1647 = CARTESIAN_POINT('',(41.826669551945,0.,14.41254487072));
#1648 = CARTESIAN_POINT('',(41.894796676013,0.,14.310190059154));
#1649 = CARTESIAN_POINT('',(41.961005117287,0.,14.207834859248));
#1650 = CARTESIAN_POINT('',(42.02529486166,0.,14.105479258494));
#1651 = CARTESIAN_POINT('',(42.087665893874,0.,14.003123244747));
#1652 = CARTESIAN_POINT('',(42.148118197489,0.,13.900766806322));
#1653 = CARTESIAN_POINT('',(42.206651754872,0.,13.798409932099));
#1654 = CARTESIAN_POINT('',(42.263266547193,0.,13.696052611622));
#1655 = CARTESIAN_POINT('',(42.317962554425,0.,13.593694835225));
#1656 = CARTESIAN_POINT('',(42.370739755357,0.,13.491336594143));
#1657 = CARTESIAN_POINT('',(42.421598127621,0.,13.388977880635));
#1658 = CARTESIAN_POINT('',(42.470537647727,0.,13.286618688115));
#1659 = CARTESIAN_POINT('',(42.517558291115,0.,13.184259011276));
#1660 = CARTESIAN_POINT('',(42.56266003222,0.,13.081898846219));
#1661 = CARTESIAN_POINT('',(42.605842844549,0.,12.979538190579));
#1662 = CARTESIAN_POINT('',(42.647106700778,0.,12.877177043652));
#1663 = CARTESIAN_POINT('',(42.686451572862,0.,12.774815406514));
#1664 = CARTESIAN_POINT('',(42.723877432164,0.,12.67245328213));
#1665 = CARTESIAN_POINT('',(42.759384249593,0.,12.570090675463));
#1666 = CARTESIAN_POINT('',(42.792971995766,0.,12.467727593563));
#1667 = CARTESIAN_POINT('',(42.824640641177,0.,12.365364045647));
#1668 = CARTESIAN_POINT('',(42.854390156383,0.,12.263000043163));
#1669 = CARTESIAN_POINT('',(42.882220512204,0.,12.160635599836));
#1670 = CARTESIAN_POINT('',(42.908131679924,0.,12.058270731695));
#1671 = CARTESIAN_POINT('',(42.932123631515,0.,11.955905457073));
#1672 = CARTESIAN_POINT('',(42.954196339846,0.,11.853539796595));
#1673 = CARTESIAN_POINT('',(42.974349778919,0.,11.751173773131));
#1674 = CARTESIAN_POINT('',(42.992583924072,0.,11.648807411727));
#1675 = CARTESIAN_POINT('',(43.008898752241,0.,11.546440739516));
#1676 = CARTESIAN_POINT('',(43.023294242034,0.,11.44407378559));
#1677 = CARTESIAN_POINT('',(43.035770374417,0.,11.341706580887));
#1678 = CARTESIAN_POINT('',(43.04632713112,0.,11.239339157897));
#1679 = CARTESIAN_POINT('',(43.054964501405,0.,11.136971550958));
#1680 = CARTESIAN_POINT('',(43.061682457677,0.,11.034603794217));
#1681 = CARTESIAN_POINT('',(43.066481046986,0.,10.932235928224));
#1682 = CARTESIAN_POINT('',(43.069360050608,0.,10.82986797427));
#1683 = CARTESIAN_POINT('',(43.070000223546,0.,10.76161868143));
#1684 = CARTESIAN_POINT('',(43.07,0.,10.7275));
#1685 = CARTESIAN_POINT('',(36.93,-30.10477508635,18.9155));
#1686 = CARTESIAN_POINT('',(36.980945493795,-29.97988033701,
    18.881530697632));
#1687 = CARTESIAN_POINT('',(37.082201491754,-29.73010133175,
    18.813594946935));
#1688 = CARTESIAN_POINT('',(37.232828598948,-29.3537992247,
    18.711247008987));
#1689 = CARTESIAN_POINT('',(37.381537137095,-28.97749715564,
    18.608899081368));
#1690 = CARTESIAN_POINT('',(37.528327029385,-28.60119493796,
    18.506551113331));
#1691 = CARTESIAN_POINT('',(37.673198299454,-28.22489260683,
    18.404203114436));
#1692 = CARTESIAN_POINT('',(37.816150944397,-27.84859013794,
    18.301855078071));
#1693 = CARTESIAN_POINT('',(37.957184968339,-27.47228752185,
    18.199507001669));
#1694 = CARTESIAN_POINT('',(38.096300373553,-27.09598474428,
    18.09715888135));
#1695 = CARTESIAN_POINT('',(38.233497162799,-26.71968179132,
    17.994810713327));
#1696 = CARTESIAN_POINT('',(38.368775338699,-26.34337864797,
    17.892462493521));
#1697 = CARTESIAN_POINT('',(38.502134903889,-25.96707529849,
    17.790114217652));
#1698 = CARTESIAN_POINT('',(38.633575860972,-25.59077172629,
    17.687765881206));
#1699 = CARTESIAN_POINT('',(38.763098212515,-25.21446791388,
    17.585417479426));
#1700 = CARTESIAN_POINT('',(38.890701961039,-24.83816384286,
    17.483069007308));
#1701 = CARTESIAN_POINT('',(39.016387109008,-24.46185949386,
    17.380720459585));
#1702 = CARTESIAN_POINT('',(39.140153658811,-24.08555484653,
    17.278371830722));
#1703 = CARTESIAN_POINT('',(39.262001612756,-23.70924987949,
    17.176023114902));
#1704 = CARTESIAN_POINT('',(39.381930973049,-23.3329445703,
    17.073674306023));
#1705 = CARTESIAN_POINT('',(39.499941741782,-22.95663889541,
    16.971325397681));
#1706 = CARTESIAN_POINT('',(39.616033920909,-22.58033283015,
    16.868976383165));
#1707 = CARTESIAN_POINT('',(39.730207512235,-22.20402634869,
    16.766627255448));
#1708 = CARTESIAN_POINT('',(39.842462517388,-21.827719424,
    16.664278007179));
#1709 = CARTESIAN_POINT('',(39.9527989378,-21.45141202782,
    16.561928630675));
#1710 = CARTESIAN_POINT('',(40.061216774685,-21.07510413067,
    16.459579117913));
#1711 = CARTESIAN_POINT('',(40.167716029007,-20.69879570178,
    16.357229460527));
#1712 = CARTESIAN_POINT('',(40.27229670146,-20.32248670909,
    16.254879649799));
#1713 = CARTESIAN_POINT('',(40.374958792433,-19.94617711928,
    16.152529676661));
#1714 = CARTESIAN_POINT('',(40.475702301982,-19.56986689767,
    16.050179531687));
#1715 = CARTESIAN_POINT('',(40.574527229795,-19.19355600833,
    15.9478292051));
#1716 = CARTESIAN_POINT('',(40.671433575159,-18.81724441399,
    15.845478686764));
#1717 = CARTESIAN_POINT('',(40.766421336921,-18.44093207611,
    15.743127966199));
#1718 = CARTESIAN_POINT('',(40.859490513452,-18.06461895489,
    15.640777032577));
#1719 = CARTESIAN_POINT('',(40.950641102605,-17.68830500929,
    15.538425874739));
#1720 = CARTESIAN_POINT('',(41.039873101673,-17.31199019711,
    15.436074481203));
#1721 = CARTESIAN_POINT('',(41.127186507347,-16.935674475,
    15.333722840183));
#1722 = CARTESIAN_POINT('',(41.212581315668,-16.55935779857,
    15.231370939604));
#1723 = CARTESIAN_POINT('',(41.296057521987,-16.18304012247,
    15.12901876713));
#1724 = CARTESIAN_POINT('',(41.377615120909,-15.80672140047,
    15.02666631019));
#1725 = CARTESIAN_POINT('',(41.457254106256,-15.43040158563,
    14.924313556013));
#1726 = CARTESIAN_POINT('',(41.534974471012,-15.05408063037,
    14.821960491663));
#1727 = CARTESIAN_POINT('',(41.610776207279,-14.67775848669,
    14.719607104084));
#1728 = CARTESIAN_POINT('',(41.684659306228,-14.30143510635,
    14.617253380152));
#1729 = CARTESIAN_POINT('',(41.756623758057,-13.92511044104,
    14.514899306728));
#1730 = CARTESIAN_POINT('',(41.826669551945,-13.54878444261,
    14.41254487072));
#1731 = CARTESIAN_POINT('',(41.894796676013,-13.17245706338,
    14.310190059154));
#1732 = CARTESIAN_POINT('',(41.961005117287,-12.79612825633,
    14.207834859248));
#1733 = CARTESIAN_POINT('',(42.02529486166,-12.41979797549,
    14.105479258494));
#1734 = CARTESIAN_POINT('',(42.087665893874,-12.0434661762,
    14.003123244747));
#1735 = CARTESIAN_POINT('',(42.148118197489,-11.6671328155,
    13.900766806322));
#1736 = CARTESIAN_POINT('',(42.206651754872,-11.2907978525,
    13.798409932099));
#1737 = CARTESIAN_POINT('',(42.263266547193,-10.91446124876,
    13.696052611622));
#1738 = CARTESIAN_POINT('',(42.317962554425,-10.53812296875,
    13.593694835225));
#1739 = CARTESIAN_POINT('',(42.370739755357,-10.16178298022,
    13.491336594143));
#1740 = CARTESIAN_POINT('',(42.421598127621,-9.785441254742,
    13.388977880635));
#1741 = CARTESIAN_POINT('',(42.470537647727,-9.409097768075,
    13.286618688115));
#1742 = CARTESIAN_POINT('',(42.517558291115,-9.032752500714,
    13.184259011276));
#1743 = CARTESIAN_POINT('',(42.56266003222,-8.656405438323,
    13.081898846219));
#1744 = CARTESIAN_POINT('',(42.605842844549,-8.28005657221,
    12.979538190579));
#1745 = CARTESIAN_POINT('',(42.647106700778,-7.903705899787,
    12.877177043652));
#1746 = CARTESIAN_POINT('',(42.686451572862,-7.527353425004,
    12.774815406514));
#1747 = CARTESIAN_POINT('',(42.723877432164,-7.150999158769,
    12.67245328213));
#1748 = CARTESIAN_POINT('',(42.759384249593,-6.774643119326,
    12.570090675463));
#1749 = CARTESIAN_POINT('',(42.792971995766,-6.398285332594,
    12.467727593563));
#1750 = CARTESIAN_POINT('',(42.824640641177,-6.021925832465,
    12.365364045647));
#1751 = CARTESIAN_POINT('',(42.854390156383,-5.645564661029,
    12.263000043163));
#1752 = CARTESIAN_POINT('',(42.882220512204,-5.269201868749,
    12.160635599836));
#1753 = CARTESIAN_POINT('',(42.908131679924,-4.892837514554,
    12.058270731695));
#1754 = CARTESIAN_POINT('',(42.932123631515,-4.516471665856,
    11.955905457073));
#1755 = CARTESIAN_POINT('',(42.954196339846,-4.140104398483,
    11.853539796595));
#1756 = CARTESIAN_POINT('',(42.974349778919,-3.763735796519,
    11.751173773131));
#1757 = CARTESIAN_POINT('',(42.992583924072,-3.387365952055,
    11.648807411727));
#1758 = CARTESIAN_POINT('',(43.008898752241,-3.01099496485,
    11.546440739516));
#1759 = CARTESIAN_POINT('',(43.023294242034,-2.634622941862,
    11.44407378559));
#1760 = CARTESIAN_POINT('',(43.035770374417,-2.258249996846,
    11.341706580887));
#1761 = CARTESIAN_POINT('',(43.04632713112,-1.881876249253,
    11.239339157897));
#1762 = CARTESIAN_POINT('',(43.054964501405,-1.505501825335,
    11.136971550958));
#1763 = CARTESIAN_POINT('',(43.061682457677,-1.129126850645,
    11.034603794217));
#1764 = CARTESIAN_POINT('',(43.066481046986,-0.752751474265,
    10.932235928224));
#1765 = CARTESIAN_POINT('',(43.069360050608,-0.37637577448,
    10.82986797427));
#1766 = CARTESIAN_POINT('',(43.070000223546,-0.125443970528,
    10.76161868143));
#1767 = CARTESIAN_POINT('',(43.07,0.,10.7275));
#1768 = CARTESIAN_POINT('',(36.93,-15.05238754317,6.6335));
#1769 = CARTESIAN_POINT('',(36.980945493795,-14.9899401685,
    6.650484651184));
#1770 = CARTESIAN_POINT('',(37.082201491754,-14.86505066587,
    6.684452526532));
#1771 = CARTESIAN_POINT('',(37.232828598948,-14.67689961235,
    6.735626495507));
#1772 = CARTESIAN_POINT('',(37.381537137095,-14.48874857782,
    6.786800459316));
#1773 = CARTESIAN_POINT('',(37.528327029385,-14.30059746898,
    6.837974443335));
#1774 = CARTESIAN_POINT('',(37.673198299454,-14.11244630342,
    6.889148442782));
#1775 = CARTESIAN_POINT('',(37.816150944397,-13.92429506897,
    6.940322460965));
#1776 = CARTESIAN_POINT('',(37.957184968339,-13.73614376092,
    6.991496499165));
#1777 = CARTESIAN_POINT('',(38.096300373553,-13.54799237214,
    7.042670559325));
#1778 = CARTESIAN_POINT('',(38.233497162799,-13.35984089566,
    7.093844643336));
#1779 = CARTESIAN_POINT('',(38.368775338699,-13.17168932398,
    7.14501875324));
#1780 = CARTESIAN_POINT('',(38.502134903889,-12.98353764925,
    7.196192891174));
#1781 = CARTESIAN_POINT('',(38.633575860972,-12.79538586314,
    7.247367059397));
#1782 = CARTESIAN_POINT('',(38.763098212515,-12.60723395694,
    7.298541260287));
#1783 = CARTESIAN_POINT('',(38.890701961039,-12.41908192143,
    7.349715496346));
#1784 = CARTESIAN_POINT('',(39.016387109008,-12.23092974693,
    7.400889770208));
#1785 = CARTESIAN_POINT('',(39.140153658811,-12.04277742326,
    7.452064084639));
#1786 = CARTESIAN_POINT('',(39.262001612756,-11.85462493974,
    7.503238442549));
#1787 = CARTESIAN_POINT('',(39.381930973049,-11.66647228515,
    7.554412846988));
#1788 = CARTESIAN_POINT('',(39.499941741782,-11.4783194477,7.60558730116
    ));
#1789 = CARTESIAN_POINT('',(39.616033920909,-11.29016641507,
    7.656761808418));
#1790 = CARTESIAN_POINT('',(39.730207512235,-11.10201317434,
    7.707936372276));
#1791 = CARTESIAN_POINT('',(39.842462517388,-10.913859712,7.75911099641)
  );
#1792 = CARTESIAN_POINT('',(39.9527989378,-10.72570601391,7.810285684663
    ));
#1793 = CARTESIAN_POINT('',(40.061216774685,-10.53755206533,
    7.861460441043));
#1794 = CARTESIAN_POINT('',(40.167716029007,-10.34939785089,
    7.912635269737));
#1795 = CARTESIAN_POINT('',(40.27229670146,-10.16124335454,
    7.963810175101));
#1796 = CARTESIAN_POINT('',(40.374958792433,-9.97308855964,8.01498516167
    ));
#1797 = CARTESIAN_POINT('',(40.475702301982,-9.784933448839,
    8.066160234156));
#1798 = CARTESIAN_POINT('',(40.574527229795,-9.596778004168,
    8.11733539745));
#1799 = CARTESIAN_POINT('',(40.671433575159,-9.408622206998,
    8.168510656618));
#1800 = CARTESIAN_POINT('',(40.766421336921,-9.220466038058,
    8.219686016901));
#1801 = CARTESIAN_POINT('',(40.859490513452,-9.032309477447,
    8.270861483712));
#1802 = CARTESIAN_POINT('',(40.950641102605,-8.844152504649,
    8.322037062631));
#1803 = CARTESIAN_POINT('',(41.039873101673,-8.655995098557,
    8.373212759398));
#1804 = CARTESIAN_POINT('',(41.127186507347,-8.467837237502,
    8.424388579909));
#1805 = CARTESIAN_POINT('',(41.212581315668,-8.279678899288,
    8.475564530198));
#1806 = CARTESIAN_POINT('',(41.296057521987,-8.091520061236,
    8.526740616435));
#1807 = CARTESIAN_POINT('',(41.377615120909,-7.903360700239,
    8.577916844905));
#1808 = CARTESIAN_POINT('',(41.457254106256,-7.715200792815,
    8.629093221993));
#1809 = CARTESIAN_POINT('',(41.534974471012,-7.527040315185,
    8.680269754169));
#1810 = CARTESIAN_POINT('',(41.610776207279,-7.338879243349,
    8.731446447958));
#1811 = CARTESIAN_POINT('',(41.684659306228,-7.15071755318,
    8.782623309924));
#1812 = CARTESIAN_POINT('',(41.756623758057,-6.962555220522,
    8.833800346636));
#1813 = CARTESIAN_POINT('',(41.826669551945,-6.774392221309,
    8.88497756464));
#1814 = CARTESIAN_POINT('',(41.894796676013,-6.58622853169,
    8.936154970423));
#1815 = CARTESIAN_POINT('',(41.961005117287,-6.398064128167,
    8.987332570376));
#1816 = CARTESIAN_POINT('',(42.02529486166,-6.209898987745,
    9.038510370753));
#1817 = CARTESIAN_POINT('',(42.087665893874,-6.0217330881,9.089688377627
    ));
#1818 = CARTESIAN_POINT('',(42.148118197489,-5.833566407751,
    9.140866596839));
#1819 = CARTESIAN_POINT('',(42.206651754872,-5.645398926251,
    9.192045033951));
#1820 = CARTESIAN_POINT('',(42.263266547193,-5.457230624383,
    9.243223694189));
#1821 = CARTESIAN_POINT('',(42.317962554425,-5.269061484376,
    9.294402582387));
#1822 = CARTESIAN_POINT('',(42.370739755357,-5.080891490114,
    9.345581702929));
#1823 = CARTESIAN_POINT('',(42.421598127621,-4.892720627371,
    9.396761059682));
#1824 = CARTESIAN_POINT('',(42.470537647727,-4.704548884038,
    9.447940655942));
#1825 = CARTESIAN_POINT('',(42.517558291115,-4.516376250357,
    9.499120494362));
#1826 = CARTESIAN_POINT('',(42.56266003222,-4.328202719161,
    9.550300576891));
#1827 = CARTESIAN_POINT('',(42.605842844549,-4.140028286105,
    9.601480904711));
#1828 = CARTESIAN_POINT('',(42.647106700778,-3.951852949893,
    9.652661478174));
#1829 = CARTESIAN_POINT('',(42.686451572862,-3.763676712502,
    9.703842296743));
#1830 = CARTESIAN_POINT('',(42.723877432164,-3.575499579385,
    9.755023358935));
#1831 = CARTESIAN_POINT('',(42.759384249593,-3.387321559663,
    9.806204662268));
#1832 = CARTESIAN_POINT('',(42.792971995766,-3.199142666297,
    9.857386203218));
#1833 = CARTESIAN_POINT('',(42.824640641177,-3.010962916233,
    9.908567977177));
#1834 = CARTESIAN_POINT('',(42.854390156383,-2.822782330515,
    9.959749978419));
#1835 = CARTESIAN_POINT('',(42.882220512204,-2.634600934375,
    10.010932200082));
#1836 = CARTESIAN_POINT('',(42.908131679924,-2.446418757277,
    10.062114634153));
#1837 = CARTESIAN_POINT('',(42.932123631515,-2.258235832928,
    10.113297271464));
#1838 = CARTESIAN_POINT('',(42.954196339846,-2.070052199242,
    10.164480101702));
#1839 = CARTESIAN_POINT('',(42.974349778919,-1.88186789826,
    10.215663113435));
#1840 = CARTESIAN_POINT('',(42.992583924072,-1.693682976027,
    10.266846294137));
#1841 = CARTESIAN_POINT('',(43.008898752241,-1.505497482425,
    10.318029630242));
#1842 = CARTESIAN_POINT('',(43.023294242034,-1.317311470931,
    10.369213107205));
#1843 = CARTESIAN_POINT('',(43.035770374417,-1.129124998423,
    10.420396709556));
#1844 = CARTESIAN_POINT('',(43.04632713112,-0.940938124626,
    10.471580421051));
#1845 = CARTESIAN_POINT('',(43.054964501405,-0.752750912668,
    10.522764224521));
#1846 = CARTESIAN_POINT('',(43.061682457677,-0.564563425322,
    10.573948102891));
#1847 = CARTESIAN_POINT('',(43.066481046986,-0.376375737132,
    10.625132035888));
#1848 = CARTESIAN_POINT('',(43.069360050608,-0.18818788724,
    10.676316012865));
#1849 = CARTESIAN_POINT('',(43.070000223546,-6.272198526406E-02,
    10.710440659285));
#1850 = CARTESIAN_POINT('',(43.07,0.,10.7275));
#1851 = CARTESIAN_POINT('',(36.93,-4.257117203196E-15,-5.6485));
#1852 = CARTESIAN_POINT('',(36.980945493795,-4.239455832716E-15,
    -5.580561395264));
#1853 = CARTESIAN_POINT('',(37.082201491754,-4.204134575632E-15,
    -5.444689893871));
#1854 = CARTESIAN_POINT('',(37.232828598948,-4.150921682697E-15,
    -5.239994017973));
#1855 = CARTESIAN_POINT('',(37.381537137095,-4.097708795132E-15,
    -5.035298162736));
#1856 = CARTESIAN_POINT('',(37.528327029385,-4.044495886554E-15,
    -4.830602226662));
#1857 = CARTESIAN_POINT('',(37.673198299454,-3.991282961931E-15,
    -4.625906228871));
#1858 = CARTESIAN_POINT('',(37.816150944397,-3.938070017827E-15,
    -4.421210156141));
#1859 = CARTESIAN_POINT('',(37.957184968339,-3.884857052907E-15,
    -4.216514003338));
#1860 = CARTESIAN_POINT('',(38.096300373553,-3.831644065154E-15,
    -4.011817762701));
#1861 = CARTESIAN_POINT('',(38.233497162799,-3.778431052598E-15,
    -3.807121426654));
#1862 = CARTESIAN_POINT('',(38.368775338699,-3.725218013119E-15,
    -3.602424987041));
#1863 = CARTESIAN_POINT('',(38.502134903889,-3.672004944492E-15,
    -3.397728435305));
#1864 = CARTESIAN_POINT('',(38.633575860972,-3.61879184437E-15,
    -3.193031762412));
#1865 = CARTESIAN_POINT('',(38.763098212515,-3.565578710279E-15,
    -2.988334958853));
#1866 = CARTESIAN_POINT('',(38.890701961039,-3.512365539618E-15,
    -2.783638014616));
#1867 = CARTESIAN_POINT('',(39.016387109008,-3.459152329648E-15,
    -2.57894091917));
#1868 = CARTESIAN_POINT('',(39.140153658811,-3.405939077491E-15,
    -2.374243661443));
#1869 = CARTESIAN_POINT('',(39.262001612756,-3.352725780124E-15,
    -2.169546229805));
#1870 = CARTESIAN_POINT('',(39.381930973049,-3.299512434374E-15,
    -1.964848612046));
#1871 = CARTESIAN_POINT('',(39.499941741782,-3.24629903691E-15,
    -1.760150795361));
#1872 = CARTESIAN_POINT('',(39.616033920909,-3.193085584244E-15,
    -1.555452766329));
#1873 = CARTESIAN_POINT('',(39.730207512235,-3.139872072723E-15,
    -1.350754510896));
#1874 = CARTESIAN_POINT('',(39.842462517388,-3.086658498524E-15,
    -1.146056014358));
#1875 = CARTESIAN_POINT('',(39.9527989378,-3.033444857653E-15,
    -0.94135726135));
#1876 = CARTESIAN_POINT('',(40.061216774685,-2.980231145939E-15,
    -0.736658235826));
#1877 = CARTESIAN_POINT('',(40.167716029007,-2.927017359031E-15,
    -0.531958921053));
#1878 = CARTESIAN_POINT('',(40.27229670146,-2.873803492398E-15,
    -0.327259299598));
#1879 = CARTESIAN_POINT('',(40.374958792433,-2.820589541324E-15,
    -0.122559353321));
#1880 = CARTESIAN_POINT('',(40.475702301982,-2.767375500909E-15,
    8.214093662513E-02));
#1881 = CARTESIAN_POINT('',(40.574527229795,-2.714161366069E-15,
    0.286841589801));
#1882 = CARTESIAN_POINT('',(40.671433575159,-2.660947131536E-15,
    0.491542626471));
#1883 = CARTESIAN_POINT('',(40.766421336921,-2.607732791858E-15,
    0.696244067603));
#1884 = CARTESIAN_POINT('',(40.859490513452,-2.554518341408E-15,
    0.900945934847));
#1885 = CARTESIAN_POINT('',(40.950641102605,-2.501303774383E-15,
    1.105648250523));
#1886 = CARTESIAN_POINT('',(41.039873101673,-2.448089084814E-15,
    1.310351037594));
#1887 = CARTESIAN_POINT('',(41.127186507347,-2.394874266572E-15,
    1.515054319635));
#1888 = CARTESIAN_POINT('',(41.212581315668,-2.341659313381E-15,
    1.719758120793));
#1889 = CARTESIAN_POINT('',(41.296057521987,-2.288444218825E-15,
    1.924462465741));
#1890 = CARTESIAN_POINT('',(41.377615120909,-2.235228976369E-15,
    2.129167379619));
#1891 = CARTESIAN_POINT('',(41.457254106256,-2.182013579373E-15,
    2.333872887974));
#1892 = CARTESIAN_POINT('',(41.534974471012,-2.128798021112E-15,
    2.538579016675));
#1893 = CARTESIAN_POINT('',(41.610776207279,-2.075582294797E-15,
    2.743285791832));
#1894 = CARTESIAN_POINT('',(41.684659306228,-2.022366393605E-15,
    2.947993239696));
#1895 = CARTESIAN_POINT('',(41.756623758057,-1.969150310704E-15,
    3.152701386544));
#1896 = CARTESIAN_POINT('',(41.826669551945,-1.915934039288E-15,
    3.357410258559));
#1897 = CARTESIAN_POINT('',(41.894796676013,-1.862717572612E-15,
    3.562119881691));
#1898 = CARTESIAN_POINT('',(41.961005117287,-1.809500904029E-15,
    3.766830281504));
#1899 = CARTESIAN_POINT('',(42.02529486166,-1.756284027036E-15,
    3.971541483013));
#1900 = CARTESIAN_POINT('',(42.087665893874,-1.70306693532E-15,
    4.176253510507));
#1901 = CARTESIAN_POINT('',(42.148118197489,-1.649849622805E-15,
    4.380966387355));
#1902 = CARTESIAN_POINT('',(42.206651754872,-1.596632083708E-15,
    4.585680135803));
#1903 = CARTESIAN_POINT('',(42.263266547193,-1.543414312595E-15,
    4.790394776755));
#1904 = CARTESIAN_POINT('',(42.317962554425,-1.490196304439E-15,
    4.995110329549));
#1905 = CARTESIAN_POINT('',(42.370739755357,-1.436978054683E-15,
    5.199826811714));
#1906 = CARTESIAN_POINT('',(42.421598127621,-1.383759559304E-15,
    5.40454423873));
#1907 = CARTESIAN_POINT('',(42.470537647727,-1.330540814875E-15,
    5.609262623769));
#1908 = CARTESIAN_POINT('',(42.517558291115,-1.277321818638E-15,
    5.813981977448));
#1909 = CARTESIAN_POINT('',(42.56266003222,-1.224102568566E-15,
    6.018702307563));
#1910 = CARTESIAN_POINT('',(42.605842844549,-1.17088306343E-15,
    6.223423618842));
#1911 = CARTESIAN_POINT('',(42.647106700778,-1.117663302864E-15,
    6.428145912695));
#1912 = CARTESIAN_POINT('',(42.686451572862,-1.064443287425E-15,
    6.632869186972));
#1913 = CARTESIAN_POINT('',(42.723877432164,-1.011223018658E-15,
    6.837593435739));
#1914 = CARTESIAN_POINT('',(42.759384249593,-9.580024991407E-16,
    7.042318649073));
#1915 = CARTESIAN_POINT('',(42.792971995766,-9.047817325395E-16,
    7.247044812874));
#1916 = CARTESIAN_POINT('',(42.824640641177,-8.515607236467E-16,
    7.451771908706));
#1917 = CARTESIAN_POINT('',(42.854390156383,-7.983394784144E-16,
    7.656499913674));
#1918 = CARTESIAN_POINT('',(42.882220512204,-7.451180039784E-16,
    7.861228800328));
#1919 = CARTESIAN_POINT('',(42.908131679924,-6.91896308672E-16,
    8.065958536611));
#1920 = CARTESIAN_POINT('',(42.932123631515,-6.38674402028E-16,
    8.270689085854));
#1921 = CARTESIAN_POINT('',(42.954196339846,-5.85452294769E-16,
    8.47542040681));
#1922 = CARTESIAN_POINT('',(42.974349778919,-5.322299987855E-16,
    8.680152453739));
#1923 = CARTESIAN_POINT('',(42.992583924072,-4.790075270999E-16,
    8.884885176547));
#1924 = CARTESIAN_POINT('',(43.008898752241,-4.257848938193E-16,
    9.089618520967));
#1925 = CARTESIAN_POINT('',(43.023294242034,-3.725621140687E-16,
    9.29435242882));
#1926 = CARTESIAN_POINT('',(43.035770374417,-3.193392039341E-16,
    9.499086838225));
#1927 = CARTESIAN_POINT('',(43.04632713112,-2.66116180307E-16,
    9.703821684206));
#1928 = CARTESIAN_POINT('',(43.054964501405,-2.128930610408E-16,
    9.908556898084));
#1929 = CARTESIAN_POINT('',(43.061682457677,-1.596698638897E-16,
    10.113292411565));
#1930 = CARTESIAN_POINT('',(43.066481046986,-1.064466099358E-16,
    10.318028143552));
#1931 = CARTESIAN_POINT('',(43.069360050608,-5.322331024931E-17,
    10.52276405146));
#1932 = CARTESIAN_POINT('',(43.070000223546,-1.773903586526E-17,
    10.659262637141));
#1933 = CARTESIAN_POINT('',(43.07,0.,10.7275));
#1934 = CARTESIAN_POINT('',(36.93,15.052387543177,6.6335));
#1935 = CARTESIAN_POINT('',(36.980945493795,14.989940168505,
    6.650484651184));
#1936 = CARTESIAN_POINT('',(37.082201491754,14.865050665877,
    6.684452526532));
#1937 = CARTESIAN_POINT('',(37.232828598948,14.676899612353,
    6.735626495507));
#1938 = CARTESIAN_POINT('',(37.381537137095,14.48874857782,
    6.786800459316));
#1939 = CARTESIAN_POINT('',(37.528327029385,14.300597468984,
    6.837974443334));
#1940 = CARTESIAN_POINT('',(37.673198299454,14.11244630342,
    6.889148442782));
#1941 = CARTESIAN_POINT('',(37.816150944397,13.924295068973,
    6.940322460965));
#1942 = CARTESIAN_POINT('',(37.957184968339,13.736143760925,
    6.991496499165));
#1943 = CARTESIAN_POINT('',(38.096300373553,13.547992372143,
    7.042670559325));
#1944 = CARTESIAN_POINT('',(38.233497162799,13.359840895662,
    7.093844643336));
#1945 = CARTESIAN_POINT('',(38.368775338699,13.171689323987,
    7.14501875324));
#1946 = CARTESIAN_POINT('',(38.502134903889,12.98353764925,
    7.196192891174));
#1947 = CARTESIAN_POINT('',(38.633575860972,12.795385863149,
    7.247367059397));
#1948 = CARTESIAN_POINT('',(38.763098212515,12.607233956944,
    7.298541260287));
#1949 = CARTESIAN_POINT('',(38.890701961039,12.419081921431,
    7.349715496346));
#1950 = CARTESIAN_POINT('',(39.016387109008,12.230929746931,
    7.400889770208));
#1951 = CARTESIAN_POINT('',(39.140153658811,12.042777423266,
    7.452064084639));
#1952 = CARTESIAN_POINT('',(39.262001612756,11.854624939747,
    7.503238442549));
#1953 = CARTESIAN_POINT('',(39.381930973049,11.666472285151,
    7.554412846988));
#1954 = CARTESIAN_POINT('',(39.499941741782,11.478319447707,
    7.60558730116));
#1955 = CARTESIAN_POINT('',(39.616033920909,11.290166415079,
    7.656761808418));
#1956 = CARTESIAN_POINT('',(39.730207512235,11.102013174348,
    7.707936372276));
#1957 = CARTESIAN_POINT('',(39.842462517388,10.913859712002,
    7.75911099641));
#1958 = CARTESIAN_POINT('',(39.9527989378,10.725706013914,7.810285684663
    ));
#1959 = CARTESIAN_POINT('',(40.061216774685,10.537552065337,
    7.861460441043));
#1960 = CARTESIAN_POINT('',(40.167716029007,10.34939785089,
    7.912635269737));
#1961 = CARTESIAN_POINT('',(40.27229670146,10.161243354549,
    7.963810175101));
#1962 = CARTESIAN_POINT('',(40.374958792433,9.97308855964,8.01498516167)
  );
#1963 = CARTESIAN_POINT('',(40.475702301982,9.784933448839,
    8.066160234156));
#1964 = CARTESIAN_POINT('',(40.574527229795,9.596778004168,8.11733539745
    ));
#1965 = CARTESIAN_POINT('',(40.671433575159,9.408622206998,
    8.168510656618));
#1966 = CARTESIAN_POINT('',(40.766421336921,9.220466038058,
    8.219686016901));
#1967 = CARTESIAN_POINT('',(40.859490513452,9.032309477447,
    8.270861483712));
#1968 = CARTESIAN_POINT('',(40.950641102605,8.844152504649,
    8.322037062631));
#1969 = CARTESIAN_POINT('',(41.039873101673,8.655995098557,
    8.373212759398));
#1970 = CARTESIAN_POINT('',(41.127186507347,8.467837237502,
    8.424388579909));
#1971 = CARTESIAN_POINT('',(41.212581315668,8.279678899288,
    8.475564530198));
#1972 = CARTESIAN_POINT('',(41.296057521987,8.091520061236,
    8.526740616435));
#1973 = CARTESIAN_POINT('',(41.377615120909,7.903360700239,
    8.577916844905));
#1974 = CARTESIAN_POINT('',(41.457254106256,7.715200792815,
    8.629093221993));
#1975 = CARTESIAN_POINT('',(41.534974471012,7.527040315185,
    8.680269754169));
#1976 = CARTESIAN_POINT('',(41.610776207279,7.338879243349,
    8.731446447958));
#1977 = CARTESIAN_POINT('',(41.684659306228,7.15071755318,8.782623309924
    ));
#1978 = CARTESIAN_POINT('',(41.756623758057,6.962555220522,
    8.833800346636));
#1979 = CARTESIAN_POINT('',(41.826669551945,6.774392221309,8.88497756464
    ));
#1980 = CARTESIAN_POINT('',(41.894796676013,6.58622853169,8.936154970423
    ));
#1981 = CARTESIAN_POINT('',(41.961005117287,6.398064128167,
    8.987332570376));
#1982 = CARTESIAN_POINT('',(42.02529486166,6.209898987745,9.038510370753
    ));
#1983 = CARTESIAN_POINT('',(42.087665893874,6.0217330881,9.089688377627)
  );
#1984 = CARTESIAN_POINT('',(42.148118197489,5.833566407751,
    9.140866596839));
#1985 = CARTESIAN_POINT('',(42.206651754872,5.645398926251,
    9.192045033951));
#1986 = CARTESIAN_POINT('',(42.263266547193,5.457230624383,
    9.243223694189));
#1987 = CARTESIAN_POINT('',(42.317962554425,5.269061484376,
    9.294402582387));
#1988 = CARTESIAN_POINT('',(42.370739755357,5.080891490114,
    9.345581702929));
#1989 = CARTESIAN_POINT('',(42.421598127621,4.892720627371,
    9.396761059682));
#1990 = CARTESIAN_POINT('',(42.470537647727,4.704548884038,
    9.447940655942));
#1991 = CARTESIAN_POINT('',(42.517558291115,4.516376250357,
    9.499120494362));
#1992 = CARTESIAN_POINT('',(42.56266003222,4.328202719161,9.550300576891
    ));
#1993 = CARTESIAN_POINT('',(42.605842844549,4.140028286105,
    9.601480904711));
#1994 = CARTESIAN_POINT('',(42.647106700778,3.951852949893,
    9.652661478174));
#1995 = CARTESIAN_POINT('',(42.686451572862,3.763676712502,
    9.703842296743));
#1996 = CARTESIAN_POINT('',(42.723877432164,3.575499579385,
    9.755023358935));
#1997 = CARTESIAN_POINT('',(42.759384249593,3.387321559663,
    9.806204662268));
#1998 = CARTESIAN_POINT('',(42.792971995766,3.199142666297,
    9.857386203218));
#1999 = CARTESIAN_POINT('',(42.824640641177,3.010962916233,
    9.908567977177));
#2000 = CARTESIAN_POINT('',(42.854390156383,2.822782330515,
    9.959749978419));
#2001 = CARTESIAN_POINT('',(42.882220512204,2.634600934375,
    10.010932200082));
#2002 = CARTESIAN_POINT('',(42.908131679924,2.446418757277,
    10.062114634153));
#2003 = CARTESIAN_POINT('',(42.932123631515,2.258235832928,
    10.113297271464));
#2004 = CARTESIAN_POINT('',(42.954196339846,2.070052199242,
    10.164480101702));
#2005 = CARTESIAN_POINT('',(42.974349778919,1.88186789826,
    10.215663113435));
#2006 = CARTESIAN_POINT('',(42.992583924072,1.693682976027,
    10.266846294137));
#2007 = CARTESIAN_POINT('',(43.008898752241,1.505497482425,
    10.318029630242));
#2008 = CARTESIAN_POINT('',(43.023294242034,1.317311470931,
    10.369213107205));
#2009 = CARTESIAN_POINT('',(43.035770374417,1.129124998423,
    10.420396709556));
#2010 = CARTESIAN_POINT('',(43.04632713112,0.940938124626,
    10.471580421051));
#2011 = CARTESIAN_POINT('',(43.054964501405,0.752750912668,
    10.522764224521));
#2012 = CARTESIAN_POINT('',(43.061682457677,0.564563425322,
    10.573948102891));
#2013 = CARTESIAN_POINT('',(43.066481046986,0.376375737132,
    10.625132035888));
#2014 = CARTESIAN_POINT('',(43.069360050608,0.18818788724,
    10.676316012865));
#2015 = CARTESIAN_POINT('',(43.070000223546,6.272198526406E-02,
    10.710440659285));
#2016 = CARTESIAN_POINT('',(43.07,0.,10.7275));
#2017 = CARTESIAN_POINT('',(36.93,30.104775086355,18.9155));
#2018 = CARTESIAN_POINT('',(36.980945493795,29.97988033701,
    18.881530697632));
#2019 = CARTESIAN_POINT('',(37.082201491754,29.730101331753,
    18.813594946935));
#2020 = CARTESIAN_POINT('',(37.232828598948,29.353799224707,
    18.711247008987));
#2021 = CARTESIAN_POINT('',(37.381537137095,28.97749715564,
    18.608899081368));
#2022 = CARTESIAN_POINT('',(37.528327029385,28.601194937969,
    18.506551113331));
#2023 = CARTESIAN_POINT('',(37.673198299454,28.224892606839,
    18.404203114436));
#2024 = CARTESIAN_POINT('',(37.816150944397,27.848590137947,
    18.301855078071));
#2025 = CARTESIAN_POINT('',(37.957184968339,27.472287521851,
    18.199507001669));
#2026 = CARTESIAN_POINT('',(38.096300373553,27.095984744285,
    18.09715888135));
#2027 = CARTESIAN_POINT('',(38.233497162799,26.719681791325,
    17.994810713327));
#2028 = CARTESIAN_POINT('',(38.368775338699,26.343378647974,
    17.892462493521));
#2029 = CARTESIAN_POINT('',(38.502134903889,25.967075298499,
    17.790114217652));
#2030 = CARTESIAN_POINT('',(38.633575860972,25.590771726298,
    17.687765881206));
#2031 = CARTESIAN_POINT('',(38.763098212515,25.214467913887,
    17.585417479426));
#2032 = CARTESIAN_POINT('',(38.890701961039,24.838163842862,
    17.483069007308));
#2033 = CARTESIAN_POINT('',(39.016387109008,24.461859493861,
    17.380720459585));
#2034 = CARTESIAN_POINT('',(39.140153658811,24.085554846532,
    17.278371830721));
#2035 = CARTESIAN_POINT('',(39.262001612756,23.709249879494,
    17.176023114902));
#2036 = CARTESIAN_POINT('',(39.381930973049,23.332944570301,
    17.073674306023));
#2037 = CARTESIAN_POINT('',(39.499941741782,22.956638895414,
    16.971325397681));
#2038 = CARTESIAN_POINT('',(39.616033920909,22.580332830157,
    16.868976383165));
#2039 = CARTESIAN_POINT('',(39.730207512235,22.204026348697,
    16.766627255448));
#2040 = CARTESIAN_POINT('',(39.842462517388,21.827719424004,
    16.664278007179));
#2041 = CARTESIAN_POINT('',(39.9527989378,21.451412027828,
    16.561928630675));
#2042 = CARTESIAN_POINT('',(40.061216774685,21.075104130675,
    16.459579117913));
#2043 = CARTESIAN_POINT('',(40.167716029007,20.69879570178,
    16.357229460527));
#2044 = CARTESIAN_POINT('',(40.27229670146,20.322486709097,
    16.254879649799));
#2045 = CARTESIAN_POINT('',(40.374958792433,19.94617711928,
    16.152529676661));
#2046 = CARTESIAN_POINT('',(40.475702301982,19.569866897679,
    16.050179531687));
#2047 = CARTESIAN_POINT('',(40.574527229795,19.193556008336,
    15.9478292051));
#2048 = CARTESIAN_POINT('',(40.671433575159,18.817244413996,
    15.845478686764));
#2049 = CARTESIAN_POINT('',(40.766421336921,18.440932076116,
    15.743127966199));
#2050 = CARTESIAN_POINT('',(40.859490513452,18.064618954894,
    15.640777032577));
#2051 = CARTESIAN_POINT('',(40.950641102605,17.688305009298,
    15.538425874739));
#2052 = CARTESIAN_POINT('',(41.039873101673,17.311990197114,
    15.436074481203));
#2053 = CARTESIAN_POINT('',(41.127186507347,16.935674475003,
    15.333722840183));
#2054 = CARTESIAN_POINT('',(41.212581315668,16.559357798575,
    15.231370939604));
#2055 = CARTESIAN_POINT('',(41.296057521987,16.183040122473,
    15.12901876713));
#2056 = CARTESIAN_POINT('',(41.377615120909,15.806721400478,
    15.02666631019));
#2057 = CARTESIAN_POINT('',(41.457254106256,15.43040158563,
    14.924313556013));
#2058 = CARTESIAN_POINT('',(41.534974471012,15.05408063037,
    14.821960491663));
#2059 = CARTESIAN_POINT('',(41.610776207279,14.677758486699,
    14.719607104084));
#2060 = CARTESIAN_POINT('',(41.684659306228,14.301435106359,
    14.617253380152));
#2061 = CARTESIAN_POINT('',(41.756623758057,13.925110441043,
    14.514899306728));
#2062 = CARTESIAN_POINT('',(41.826669551945,13.548784442618,
    14.41254487072));
#2063 = CARTESIAN_POINT('',(41.894796676013,13.172457063381,
    14.310190059154));
#2064 = CARTESIAN_POINT('',(41.961005117287,12.796128256334,
    14.207834859248));
#2065 = CARTESIAN_POINT('',(42.02529486166,12.419797975491,
    14.105479258494));
#2066 = CARTESIAN_POINT('',(42.087665893874,12.0434661762,
    14.003123244747));
#2067 = CARTESIAN_POINT('',(42.148118197489,11.667132815502,
    13.900766806322));
#2068 = CARTESIAN_POINT('',(42.206651754872,11.290797852501,
    13.798409932099));
#2069 = CARTESIAN_POINT('',(42.263266547193,10.914461248767,
    13.696052611622));
#2070 = CARTESIAN_POINT('',(42.317962554425,10.538122968751,
    13.593694835225));
#2071 = CARTESIAN_POINT('',(42.370739755357,10.161782980228,
    13.491336594143));
#2072 = CARTESIAN_POINT('',(42.421598127621,9.785441254742,
    13.388977880635));
#2073 = CARTESIAN_POINT('',(42.470537647727,9.409097768075,
    13.286618688115));
#2074 = CARTESIAN_POINT('',(42.517558291115,9.032752500714,
    13.184259011276));
#2075 = CARTESIAN_POINT('',(42.56266003222,8.656405438323,
    13.081898846219));
#2076 = CARTESIAN_POINT('',(42.605842844549,8.28005657221,
    12.979538190579));
#2077 = CARTESIAN_POINT('',(42.647106700778,7.903705899787,
    12.877177043652));
#2078 = CARTESIAN_POINT('',(42.686451572862,7.527353425004,
    12.774815406514));
#2079 = CARTESIAN_POINT('',(42.723877432164,7.150999158769,
    12.67245328213));
#2080 = CARTESIAN_POINT('',(42.759384249593,6.774643119326,
    12.570090675463));
#2081 = CARTESIAN_POINT('',(42.792971995766,6.398285332594,
    12.467727593563));
#2082 = CARTESIAN_POINT('',(42.824640641177,6.021925832465,
    12.365364045647));
#2083 = CARTESIAN_POINT('',(42.854390156383,5.645564661029,
    12.263000043163));
#2084 = CARTESIAN_POINT('',(42.882220512204,5.269201868749,
    12.160635599836));
#2085 = CARTESIAN_POINT('',(42.908131679924,4.892837514554,
    12.058270731695));
#2086 = CARTESIAN_POINT('',(42.932123631515,4.516471665856,
    11.955905457073));
#2087 = CARTESIAN_POINT('',(42.954196339846,4.140104398483,
    11.853539796595));
#2088 = CARTESIAN_POINT('',(42.974349778919,3.763735796519,
    11.751173773131));
#2089 = CARTESIAN_POINT('',(42.992583924072,3.387365952055,
    11.648807411727));
#2090 = CARTESIAN_POINT('',(43.008898752241,3.01099496485,
    11.546440739516));
#2091 = CARTESIAN_POINT('',(43.023294242034,2.634622941862,
    11.44407378559));
#2092 = CARTESIAN_POINT('',(43.035770374417,2.258249996846,
    11.341706580887));
#2093 = CARTESIAN_POINT('',(43.04632713112,1.881876249253,
    11.239339157897));
#2094 = CARTESIAN_POINT('',(43.054964501405,1.505501825335,
    11.136971550958));
#2095 = CARTESIAN_POINT('',(43.061682457677,1.129126850645,
    11.034603794217));
#2096 = CARTESIAN_POINT('',(43.066481046986,0.752751474265,
    10.932235928224));
#2097 = CARTESIAN_POINT('',(43.069360050608,0.37637577448,10.82986797427
    ));
#2098 = CARTESIAN_POINT('',(43.070000223546,0.125443970528,
    10.76161868143));
#2099 = CARTESIAN_POINT('',(43.07,0.,10.7275));
#2100 = CARTESIAN_POINT('',(36.93,0.,18.9155));
#2101 = CARTESIAN_POINT('',(36.980945493795,0.,18.881530697632));
#2102 = CARTESIAN_POINT('',(37.082201491754,0.,18.813594946935));
#2103 = CARTESIAN_POINT('',(37.232828598948,0.,18.711247008987));
#2104 = CARTESIAN_POINT('',(37.381537137095,0.,18.608899081368));
#2105 = CARTESIAN_POINT('',(37.528327029385,0.,18.506551113331));
#2106 = CARTESIAN_POINT('',(37.673198299454,0.,18.404203114436));
#2107 = CARTESIAN_POINT('',(37.816150944397,0.,18.301855078071));
#2108 = CARTESIAN_POINT('',(37.957184968339,0.,18.199507001669));
#2109 = CARTESIAN_POINT('',(38.096300373553,0.,18.09715888135));
#2110 = CARTESIAN_POINT('',(38.233497162799,0.,17.994810713327));
#2111 = CARTESIAN_POINT('',(38.368775338699,0.,17.892462493521));
#2112 = CARTESIAN_POINT('',(38.502134903889,0.,17.790114217652));
#2113 = CARTESIAN_POINT('',(38.633575860972,0.,17.687765881206));
#2114 = CARTESIAN_POINT('',(38.763098212515,0.,17.585417479426));
#2115 = CARTESIAN_POINT('',(38.890701961039,0.,17.483069007308));
#2116 = CARTESIAN_POINT('',(39.016387109008,0.,17.380720459585));
#2117 = CARTESIAN_POINT('',(39.140153658811,0.,17.278371830722));
#2118 = CARTESIAN_POINT('',(39.262001612756,0.,17.176023114902));
#2119 = CARTESIAN_POINT('',(39.381930973049,0.,17.073674306023));
#2120 = CARTESIAN_POINT('',(39.499941741782,0.,16.971325397681));
#2121 = CARTESIAN_POINT('',(39.616033920909,0.,16.868976383165));
#2122 = CARTESIAN_POINT('',(39.730207512235,0.,16.766627255448));
#2123 = CARTESIAN_POINT('',(39.842462517388,0.,16.664278007179));
#2124 = CARTESIAN_POINT('',(39.9527989378,0.,16.561928630675));
#2125 = CARTESIAN_POINT('',(40.061216774685,0.,16.459579117913));
#2126 = CARTESIAN_POINT('',(40.167716029007,0.,16.357229460527));
#2127 = CARTESIAN_POINT('',(40.27229670146,0.,16.254879649799));
#2128 = CARTESIAN_POINT('',(40.374958792433,0.,16.152529676661));
#2129 = CARTESIAN_POINT('',(40.475702301982,0.,16.050179531687));
#2130 = CARTESIAN_POINT('',(40.574527229795,0.,15.9478292051));
#2131 = CARTESIAN_POINT('',(40.671433575159,0.,15.845478686764));
#2132 = CARTESIAN_POINT('',(40.766421336921,0.,15.743127966199));
#2133 = CARTESIAN_POINT('',(40.859490513452,0.,15.640777032577));
#2134 = CARTESIAN_POINT('',(40.950641102605,0.,15.538425874739));
#2135 = CARTESIAN_POINT('',(41.039873101673,0.,15.436074481203));
#2136 = CARTESIAN_POINT('',(41.127186507347,0.,15.333722840183));
#2137 = CARTESIAN_POINT('',(41.212581315668,0.,15.231370939604));
#2138 = CARTESIAN_POINT('',(41.296057521987,0.,15.12901876713));
#2139 = CARTESIAN_POINT('',(41.377615120909,0.,15.02666631019));
#2140 = CARTESIAN_POINT('',(41.457254106256,0.,14.924313556013));
#2141 = CARTESIAN_POINT('',(41.534974471012,0.,14.821960491663));
#2142 = CARTESIAN_POINT('',(41.610776207279,0.,14.719607104084));
#2143 = CARTESIAN_POINT('',(41.684659306228,0.,14.617253380152));
#2144 = CARTESIAN_POINT('',(41.756623758057,0.,14.514899306728));
#2145 = CARTESIAN_POINT('',(41.826669551945,0.,14.41254487072));
#2146 = CARTESIAN_POINT('',(41.894796676013,0.,14.310190059154));
#2147 = CARTESIAN_POINT('',(41.961005117287,0.,14.207834859248));
#2148 = CARTESIAN_POINT('',(42.02529486166,0.,14.105479258494));
#2149 = CARTESIAN_POINT('',(42.087665893874,0.,14.003123244747));
#2150 = CARTESIAN_POINT('',(42.148118197489,0.,13.900766806322));
#2151 = CARTESIAN_POINT('',(42.206651754872,0.,13.798409932099));
#2152 = CARTESIAN_POINT('',(42.263266547193,0.,13.696052611622));
#2153 = CARTESIAN_POINT('',(42.317962554425,0.,13.593694835225));
#2154 = CARTESIAN_POINT('',(42.370739755357,0.,13.491336594143));
#2155 = CARTESIAN_POINT('',(42.421598127621,0.,13.388977880635));
#2156 = CARTESIAN_POINT('',(42.470537647727,0.,13.286618688115));
#2157 = CARTESIAN_POINT('',(42.517558291115,0.,13.184259011276));
#2158 = CARTESIAN_POINT('',(42.56266003222,0.,13.081898846219));
#2159 = CARTESIAN_POINT('',(42.605842844549,0.,12.979538190579));
#2160 = CARTESIAN_POINT('',(42.647106700778,0.,12.877177043652));
#2161 = CARTESIAN_POINT('',(42.686451572862,0.,12.774815406514));
#2162 = CARTESIAN_POINT('',(42.723877432164,0.,12.67245328213));
#2163 = CARTESIAN_POINT('',(42.759384249593,0.,12.570090675463));
#2164 = CARTESIAN_POINT('',(42.792971995766,0.,12.467727593563));
#2165 = CARTESIAN_POINT('',(42.824640641177,0.,12.365364045647));
#2166 = CARTESIAN_POINT('',(42.854390156383,0.,12.263000043163));
#2167 = CARTESIAN_POINT('',(42.882220512204,0.,12.160635599836));
#2168 = CARTESIAN_POINT('',(42.908131679924,0.,12.058270731695));
#2169 = CARTESIAN_POINT('',(42.932123631515,0.,11.955905457073));
#2170 = CARTESIAN_POINT('',(42.954196339846,0.,11.853539796595));
#2171 = CARTESIAN_POINT('',(42.974349778919,0.,11.751173773131));
#2172 = CARTESIAN_POINT('',(42.992583924072,0.,11.648807411727));
#2173 = CARTESIAN_POINT('',(43.008898752241,0.,11.546440739516));
#2174 = CARTESIAN_POINT('',(43.023294242034,0.,11.44407378559));
#2175 = CARTESIAN_POINT('',(43.035770374417,0.,11.341706580887));
#2176 = CARTESIAN_POINT('',(43.04632713112,0.,11.239339157897));
#2177 = CARTESIAN_POINT('',(43.054964501405,0.,11.136971550958));
#2178 = CARTESIAN_POINT('',(43.061682457677,0.,11.034603794217));
#2179 = CARTESIAN_POINT('',(43.066481046986,0.,10.932235928224));
#2180 = CARTESIAN_POINT('',(43.069360050608,0.,10.82986797427));
#2181 = CARTESIAN_POINT('',(43.070000223546,0.,10.76161868143));
#2182 = CARTESIAN_POINT('',(43.07,0.,10.7275));
#2183 = ADVANCED_FACE('',(#2184,#2202),#2255,.T.);
#2184 = FACE_BOUND('',#2185,.T.);
#2185 = EDGE_LOOP('',(#2186,#2187,#2195,#2201));
#2186 = ORIENTED_EDGE('',*,*,#550,.T.);
#2187 = ORIENTED_EDGE('',*,*,#2188,.T.);
#2188 = EDGE_CURVE('',#543,#2189,#2191,.T.);
#2189 = VERTEX_POINT('',#2190);
#2190 = CARTESIAN_POINT('',(30.451,-12.048,23.170305000738));
#2191 = LINE('',#2192,#2193);
#2192 = CARTESIAN_POINT('',(30.451,-130.7523948921,-37.66401315341));
#2193 = VECTOR('',#2194,1.);
#2194 = DIRECTION('',(0.,0.889938375606,0.456080790677));
#2195 = ORIENTED_EDGE('',*,*,#2196,.F.);
#2196 = EDGE_CURVE('',#94,#2189,#2197,.T.);
#2197 = LINE('',#2198,#2199);
#2198 = CARTESIAN_POINT('',(14.374133635227,-12.048,37.096137741507));
#2199 = VECTOR('',#2200,1.);
#2200 = DIRECTION('',(-0.755862444725,-0.,0.654730451907));
#2201 = ORIENTED_EDGE('',*,*,#101,.F.);
#2202 = FACE_BOUND('',#2203,.T.);
#2203 = EDGE_LOOP('',(#2204,#2215,#2223,#2232,#2240,#2249));
#2204 = ORIENTED_EDGE('',*,*,#2205,.F.);
#2205 = EDGE_CURVE('',#2206,#2208,#2210,.T.);
#2206 = VERTEX_POINT('',#2207);
#2207 = CARTESIAN_POINT('',(33.855,-16.9875,17.690325715835));
#2208 = VERTEX_POINT('',#2209);
#2209 = CARTESIAN_POINT('',(33.854973728591,-16.9940337852,17.687));
#2210 = ELLIPSE('',#2211,1.152762462247,0.8125);
#2211 = AXIS2_PLACEMENT_3D('',#2212,#2213,#2214);
#2212 = CARTESIAN_POINT('',(33.0425,-16.9875,18.394115798128));
#2213 = DIRECTION('',(-0.61052480918,0.361214678257,-0.704828641294));
#2214 = DIRECTION('',(-0.606609750187,0.358898348514,0.709377604955));
#2215 = ORIENTED_EDGE('',*,*,#2216,.F.);
#2216 = EDGE_CURVE('',#2217,#2206,#2219,.T.);
#2217 = VERTEX_POINT('',#2218);
#2218 = CARTESIAN_POINT('',(33.855,-15.8695,18.263284853179));
#2219 = LINE('',#2220,#2221);
#2220 = CARTESIAN_POINT('',(33.855,-127.3324475756,-38.85989429596));
#2221 = VECTOR('',#2222,1.);
#2222 = DIRECTION('',(0.,-0.889938375606,-0.456080790677));
#2223 = ORIENTED_EDGE('',*,*,#2224,.F.);
#2224 = EDGE_CURVE('',#2225,#2217,#2227,.T.);
#2225 = VERTEX_POINT('',#2226);
#2226 = CARTESIAN_POINT('',(32.23,-15.8695,19.670865017764));
#2227 = ELLIPSE('',#2228,1.152762462247,0.8125);
#2228 = AXIS2_PLACEMENT_3D('',#2229,#2230,#2231);
#2229 = CARTESIAN_POINT('',(33.0425,-15.8695,18.967074935472));
#2230 = DIRECTION('',(-0.61052480918,0.361214678257,-0.704828641294));
#2231 = DIRECTION('',(-0.606609750187,0.358898348514,0.709377604955));
#2232 = ORIENTED_EDGE('',*,*,#2233,.T.);
#2233 = EDGE_CURVE('',#2225,#2234,#2236,.T.);
#2234 = VERTEX_POINT('',#2235);
#2235 = CARTESIAN_POINT('',(32.23,-16.9875,19.097905880421));
#2236 = LINE('',#2237,#2238);
#2237 = CARTESIAN_POINT('',(32.23,-127.9037615588,-37.74510444171));
#2238 = VECTOR('',#2239,1.);
#2239 = DIRECTION('',(0.,-0.889938375606,-0.456080790677));
#2240 = ORIENTED_EDGE('',*,*,#2241,.F.);
#2241 = EDGE_CURVE('',#2242,#2234,#2244,.T.);
#2242 = VERTEX_POINT('',#2243);
#2243 = CARTESIAN_POINT('',(33.439377496086,-17.69647426124,17.687));
#2244 = ELLIPSE('',#2245,1.152762462247,0.8125);
#2245 = AXIS2_PLACEMENT_3D('',#2246,#2247,#2248);
#2246 = CARTESIAN_POINT('',(33.0425,-16.9875,18.394115798128));
#2247 = DIRECTION('',(-0.61052480918,0.361214678257,-0.704828641294));
#2248 = DIRECTION('',(-0.606609750187,0.358898348514,0.709377604955));
#2249 = ORIENTED_EDGE('',*,*,#2250,.T.);
#2250 = EDGE_CURVE('',#2242,#2208,#2251,.T.);
#2251 = LINE('',#2252,#2253);
#2252 = CARTESIAN_POINT('',(-36.66678819292,-136.1898689266,17.687));
#2253 = VECTOR('',#2254,1.);
#2254 = DIRECTION('',(0.509199438682,0.860648552922,-0.));
#2255 = PLANE('',#2256);
#2256 = AXIS2_PLACEMENT_3D('',#2257,#2258,#2259);
#2257 = CARTESIAN_POINT('',(-72.88886139409,-275.2048210719,
    -22.18051564356));
#2258 = DIRECTION('',(-0.61052480918,0.361214678257,-0.704828641294));
#2259 = DIRECTION('',(-0.262793735333,0.747127104344,0.61052480918));
#2260 = ADVANCED_FACE('',(#2261),#2279,.T.);
#2261 = FACE_BOUND('',#2262,.T.);
#2262 = EDGE_LOOP('',(#2263,#2264,#2265,#2273));
#2263 = ORIENTED_EDGE('',*,*,#93,.F.);
#2264 = ORIENTED_EDGE('',*,*,#2196,.T.);
#2265 = ORIENTED_EDGE('',*,*,#2266,.T.);
#2266 = EDGE_CURVE('',#2189,#2267,#2269,.T.);
#2267 = VERTEX_POINT('',#2268);
#2268 = CARTESIAN_POINT('',(30.451,-12.048,27.));
#2269 = LINE('',#2270,#2271);
#2270 = CARTESIAN_POINT('',(30.451,-12.048,14.191));
#2271 = VECTOR('',#2272,1.);
#2272 = DIRECTION('',(0.,0.,1.));
#2273 = ORIENTED_EDGE('',*,*,#2274,.T.);
#2274 = EDGE_CURVE('',#2267,#86,#2275,.T.);
#2275 = LINE('',#2276,#2277);
#2276 = CARTESIAN_POINT('',(30.451,-12.048,27.));
#2277 = VECTOR('',#2278,1.);
#2278 = DIRECTION('',(1.,0.,-0.));
#2279 = PLANE('',#2280);
#2280 = AXIS2_PLACEMENT_3D('',#2281,#2282,#2283);
#2281 = CARTESIAN_POINT('',(30.451,-12.048,14.191));
#2282 = DIRECTION('',(-0.,1.,0.));
#2283 = DIRECTION('',(0.,0.,1.));
#2284 = ADVANCED_FACE('',(#2285),#2310,.F.);
#2285 = FACE_BOUND('',#2286,.F.);
#2286 = EDGE_LOOP('',(#2287,#2288,#2296,#2304));
#2287 = ORIENTED_EDGE('',*,*,#77,.F.);
#2288 = ORIENTED_EDGE('',*,*,#2289,.T.);
#2289 = EDGE_CURVE('',#70,#2290,#2292,.T.);
#2290 = VERTEX_POINT('',#2291);
#2291 = CARTESIAN_POINT('',(30.451,12.048,23.170305000738));
#2292 = LINE('',#2293,#2294);
#2293 = CARTESIAN_POINT('',(135.4970947835,12.048,-67.82095615892));
#2294 = VECTOR('',#2295,1.);
#2295 = DIRECTION('',(-0.755862444725,-0.,0.654730451907));
#2296 = ORIENTED_EDGE('',*,*,#2297,.T.);
#2297 = EDGE_CURVE('',#2290,#2298,#2300,.T.);
#2298 = VERTEX_POINT('',#2299);
#2299 = CARTESIAN_POINT('',(30.451,12.048,27.));
#2300 = LINE('',#2301,#2302);
#2301 = CARTESIAN_POINT('',(30.451,12.048,14.191));
#2302 = VECTOR('',#2303,1.);
#2303 = DIRECTION('',(0.,0.,1.));
#2304 = ORIENTED_EDGE('',*,*,#2305,.T.);
#2305 = EDGE_CURVE('',#2298,#78,#2306,.T.);
#2306 = LINE('',#2307,#2308);
#2307 = CARTESIAN_POINT('',(30.451,12.048,27.));
#2308 = VECTOR('',#2309,1.);
#2309 = DIRECTION('',(1.,0.,-0.));
#2310 = PLANE('',#2311);
#2311 = AXIS2_PLACEMENT_3D('',#2312,#2313,#2314);
#2312 = CARTESIAN_POINT('',(30.451,12.048,14.191));
#2313 = DIRECTION('',(-0.,1.,0.));
#2314 = DIRECTION('',(0.,0.,1.));
#2315 = ADVANCED_FACE('',(#2316,#2327),#2380,.T.);
#2316 = FACE_BOUND('',#2317,.T.);
#2317 = EDGE_LOOP('',(#2318,#2319,#2320,#2326));
#2318 = ORIENTED_EDGE('',*,*,#69,.F.);
#2319 = ORIENTED_EDGE('',*,*,#2289,.T.);
#2320 = ORIENTED_EDGE('',*,*,#2321,.T.);
#2321 = EDGE_CURVE('',#2290,#426,#2322,.T.);
#2322 = LINE('',#2323,#2324);
#2323 = CARTESIAN_POINT('',(30.451,68.224332609878,-5.619268408297));
#2324 = VECTOR('',#2325,1.);
#2325 = DIRECTION('',(-0.,0.889938375606,-0.456080790677));
#2326 = ORIENTED_EDGE('',*,*,#433,.F.);
#2327 = FACE_BOUND('',#2328,.T.);
#2328 = EDGE_LOOP('',(#2329,#2340,#2348,#2357,#2365,#2374));
#2329 = ORIENTED_EDGE('',*,*,#2330,.F.);
#2330 = EDGE_CURVE('',#2331,#2333,#2335,.T.);
#2331 = VERTEX_POINT('',#2332);
#2332 = CARTESIAN_POINT('',(33.855,15.8695,18.263284853179));
#2333 = VERTEX_POINT('',#2334);
#2334 = CARTESIAN_POINT('',(32.23,15.8695,19.670865017765));
#2335 = ELLIPSE('',#2336,1.152762462247,0.8125);
#2336 = AXIS2_PLACEMENT_3D('',#2337,#2338,#2339);
#2337 = CARTESIAN_POINT('',(33.0425,15.8695,18.967074935472));
#2338 = DIRECTION('',(-0.61052480918,-0.361214678257,-0.704828641294));
#2339 = DIRECTION('',(-0.606609750187,-0.358898348514,0.709377604955));
#2340 = ORIENTED_EDGE('',*,*,#2341,.F.);
#2341 = EDGE_CURVE('',#2342,#2331,#2344,.T.);
#2342 = VERTEX_POINT('',#2343);
#2343 = CARTESIAN_POINT('',(33.855,16.9875,17.690325715835));
#2344 = LINE('',#2345,#2346);
#2345 = CARTESIAN_POINT('',(33.855,67.83137226725,-8.366437426802));
#2346 = VECTOR('',#2347,1.);
#2347 = DIRECTION('',(0.,-0.889938375606,0.456080790677));
#2348 = ORIENTED_EDGE('',*,*,#2349,.F.);
#2349 = EDGE_CURVE('',#2350,#2342,#2352,.T.);
#2350 = VERTEX_POINT('',#2351);
#2351 = CARTESIAN_POINT('',(33.854973728591,16.994033785203,17.687));
#2352 = ELLIPSE('',#2353,1.152762462247,0.8125);
#2353 = AXIS2_PLACEMENT_3D('',#2354,#2355,#2356);
#2354 = CARTESIAN_POINT('',(33.0425,16.9875,18.394115798128));
#2355 = DIRECTION('',(-0.61052480918,-0.361214678257,-0.704828641294));
#2356 = DIRECTION('',(-0.606609750187,-0.358898348514,0.709377604955));
#2357 = ORIENTED_EDGE('',*,*,#2358,.T.);
#2358 = EDGE_CURVE('',#2350,#2359,#2361,.T.);
#2359 = VERTEX_POINT('',#2360);
#2360 = CARTESIAN_POINT('',(33.439377496086,17.69647426124,17.687));
#2361 = LINE('',#2362,#2363);
#2362 = CARTESIAN_POINT('',(50.981563817083,-11.95331740257,17.687));
#2363 = VECTOR('',#2364,1.);
#2364 = DIRECTION('',(-0.509199438682,0.860648552922,0.));
#2365 = ORIENTED_EDGE('',*,*,#2366,.F.);
#2366 = EDGE_CURVE('',#2367,#2359,#2369,.T.);
#2367 = VERTEX_POINT('',#2368);
#2368 = CARTESIAN_POINT('',(32.23,16.9875,19.097905880421));
#2369 = ELLIPSE('',#2370,1.152762462247,0.8125);
#2370 = AXIS2_PLACEMENT_3D('',#2371,#2372,#2373);
#2371 = CARTESIAN_POINT('',(33.0425,16.9875,18.394115798128));
#2372 = DIRECTION('',(-0.61052480918,-0.361214678257,-0.704828641294));
#2373 = DIRECTION('',(-0.606609750187,-0.358898348514,0.709377604955));
#2374 = ORIENTED_EDGE('',*,*,#2375,.T.);
#2375 = EDGE_CURVE('',#2367,#2333,#2376,.T.);
#2376 = LINE('',#2377,#2378);
#2377 = CARTESIAN_POINT('',(32.23,68.402686250441,-7.251647572558));
#2378 = VECTOR('',#2379,1.);
#2379 = DIRECTION('',(0.,-0.889938375606,0.456080790677));
#2380 = PLANE('',#2381);
#2381 = AXIS2_PLACEMENT_3D('',#2382,#2383,#2384);
#2382 = CARTESIAN_POINT('',(225.96198034363,52.018783456378,
    -166.6663869462));
#2383 = DIRECTION('',(-0.61052480918,-0.361214678257,-0.704828641294));
#2384 = DIRECTION('',(-0.262793735333,-0.747127104344,0.61052480918));
#2385 = ADVANCED_FACE('',(#2386),#2392,.T.);
#2386 = FACE_BOUND('',#2387,.T.);
#2387 = EDGE_LOOP('',(#2388,#2389,#2390,#2391));
#2388 = ORIENTED_EDGE('',*,*,#457,.F.);
#2389 = ORIENTED_EDGE('',*,*,#511,.T.);
#2390 = ORIENTED_EDGE('',*,*,#53,.T.);
#2391 = ORIENTED_EDGE('',*,*,#385,.F.);
#2392 = PLANE('',#2393);
#2393 = AXIS2_PLACEMENT_3D('',#2394,#2395,#2396);
#2394 = CARTESIAN_POINT('',(-35.63,-20.8,1.6));
#2395 = DIRECTION('',(0.,0.,1.));
#2396 = DIRECTION('',(1.,0.,-0.));
#2397 = ADVANCED_FACE('',(#2398),#2409,.T.);
#2398 = FACE_BOUND('',#2399,.T.);
#2399 = EDGE_LOOP('',(#2400,#2401,#2407,#2408));
#2400 = ORIENTED_EDGE('',*,*,#109,.T.);
#2401 = ORIENTED_EDGE('',*,*,#2402,.T.);
#2402 = EDGE_CURVE('',#110,#1458,#2403,.T.);
#2403 = LINE('',#2404,#2405);
#2404 = CARTESIAN_POINT('',(34.63,10.80799588,11.1795));
#2405 = VECTOR('',#2406,1.);
#2406 = DIRECTION('',(0.928207587462,-0.372062729358,-0.));
#2407 = ORIENTED_EDGE('',*,*,#1457,.F.);
#2408 = ORIENTED_EDGE('',*,*,#2402,.F.);
#2409 = SURFACE_OF_LINEAR_EXTRUSION('',#2410,#2415);
#2410 = ELLIPSE('',#2411,1.20895,1.0565);
#2411 = AXIS2_PLACEMENT_3D('',#2412,#2413,#2414);
#2412 = CARTESIAN_POINT('',(34.63,9.59904588,11.1795));
#2413 = DIRECTION('',(1.,0.,0.));
#2414 = DIRECTION('',(-0.,1.,0.));
#2415 = VECTOR('',#2416,1.);
#2416 = DIRECTION('',(-0.928207587462,0.372062729358,0.));
#2417 = ADVANCED_FACE('',(#2418),#2429,.T.);
#2418 = FACE_BOUND('',#2419,.T.);
#2419 = EDGE_LOOP('',(#2420,#2421,#2427,#2428));
#2420 = ORIENTED_EDGE('',*,*,#249,.T.);
#2421 = ORIENTED_EDGE('',*,*,#2422,.T.);
#2422 = EDGE_CURVE('',#250,#1317,#2423,.T.);
#2423 = LINE('',#2424,#2425);
#2424 = CARTESIAN_POINT('',(34.63,-8.78393581,11.179));
#2425 = VECTOR('',#2426,1.);
#2426 = DIRECTION('',(0.928210793017,0.372054732165,0.));
#2427 = ORIENTED_EDGE('',*,*,#1316,.F.);
#2428 = ORIENTED_EDGE('',*,*,#2422,.F.);
#2429 = SURFACE_OF_LINEAR_EXTRUSION('',#2430,#2435);
#2430 = ELLIPSE('',#2431,1.2091,1.057);
#2431 = AXIS2_PLACEMENT_3D('',#2432,#2433,#2434);
#2432 = CARTESIAN_POINT('',(34.63,-9.99303581,11.179));
#2433 = DIRECTION('',(1.,0.,0.));
#2434 = DIRECTION('',(-0.,1.,0.));
#2435 = VECTOR('',#2436,1.);
#2436 = DIRECTION('',(-0.928210793017,-0.372054732165,-0.));
#2437 = ADVANCED_FACE('',(#2438),#2449,.F.);
#2438 = FACE_BOUND('',#2439,.F.);
#2439 = EDGE_LOOP('',(#2440,#2441,#2442,#2443));
#2440 = ORIENTED_EDGE('',*,*,#2297,.F.);
#2441 = ORIENTED_EDGE('',*,*,#2321,.T.);
#2442 = ORIENTED_EDGE('',*,*,#425,.F.);
#2443 = ORIENTED_EDGE('',*,*,#2444,.F.);
#2444 = EDGE_CURVE('',#2298,#418,#2445,.T.);
#2445 = LINE('',#2446,#2447);
#2446 = CARTESIAN_POINT('',(30.451,12.048,27.));
#2447 = VECTOR('',#2448,1.);
#2448 = DIRECTION('',(-0.,1.,0.));
#2449 = PLANE('',#2450);
#2450 = AXIS2_PLACEMENT_3D('',#2451,#2452,#2453);
#2451 = CARTESIAN_POINT('',(30.451,12.048,14.191));
#2452 = DIRECTION('',(1.,0.,-0.));
#2453 = DIRECTION('',(0.,0.,1.));
#2454 = ADVANCED_FACE('',(#2455),#2480,.T.);
#2455 = FACE_BOUND('',#2456,.T.);
#2456 = EDGE_LOOP('',(#2457,#2467,#2473,#2474));
#2457 = ORIENTED_EDGE('',*,*,#2458,.F.);
#2458 = EDGE_CURVE('',#2459,#2461,#2463,.T.);
#2459 = VERTEX_POINT('',#2460);
#2460 = CARTESIAN_POINT('',(-30.451,12.048,23.170305000738));
#2461 = VERTEX_POINT('',#2462);
#2462 = CARTESIAN_POINT('',(-30.451,12.048,27.));
#2463 = LINE('',#2464,#2465);
#2464 = CARTESIAN_POINT('',(-30.451,12.048,14.191));
#2465 = VECTOR('',#2466,1.);
#2466 = DIRECTION('',(0.,0.,1.));
#2467 = ORIENTED_EDGE('',*,*,#2468,.T.);
#2468 = EDGE_CURVE('',#2459,#402,#2469,.T.);
#2469 = LINE('',#2470,#2471);
#2470 = CARTESIAN_POINT('',(-30.451,-99.67957880552,80.429103900506));
#2471 = VECTOR('',#2472,1.);
#2472 = DIRECTION('',(-0.,0.889938375606,-0.456080790677));
#2473 = ORIENTED_EDGE('',*,*,#409,.F.);
#2474 = ORIENTED_EDGE('',*,*,#2475,.F.);
#2475 = EDGE_CURVE('',#2461,#410,#2476,.T.);
#2476 = LINE('',#2477,#2478);
#2477 = CARTESIAN_POINT('',(-30.451,12.048,27.));
#2478 = VECTOR('',#2479,1.);
#2479 = DIRECTION('',(-0.,1.,0.));
#2480 = PLANE('',#2481);
#2481 = AXIS2_PLACEMENT_3D('',#2482,#2483,#2484);
#2482 = CARTESIAN_POINT('',(-30.451,12.048,14.191));
#2483 = DIRECTION('',(1.,0.,-0.));
#2484 = DIRECTION('',(0.,0.,1.));
#2485 = ADVANCED_FACE('',(#2486,#2497),#2550,.T.);
#2486 = FACE_BOUND('',#2487,.T.);
#2487 = EDGE_LOOP('',(#2488,#2489,#2495,#2496));
#2488 = ORIENTED_EDGE('',*,*,#2468,.F.);
#2489 = ORIENTED_EDGE('',*,*,#2490,.T.);
#2490 = EDGE_CURVE('',#2459,#465,#2491,.T.);
#2491 = LINE('',#2492,#2493);
#2492 = CARTESIAN_POINT('',(-46.52135000366,12.048,9.250116752668));
#2493 = VECTOR('',#2494,1.);
#2494 = DIRECTION('',(-0.755862444725,0.,-0.654730451907));
#2495 = ORIENTED_EDGE('',*,*,#464,.T.);
#2496 = ORIENTED_EDGE('',*,*,#401,.F.);
#2497 = FACE_BOUND('',#2498,.T.);
#2498 = EDGE_LOOP('',(#2499,#2510,#2518,#2527,#2535,#2544));
#2499 = ORIENTED_EDGE('',*,*,#2500,.F.);
#2500 = EDGE_CURVE('',#2501,#2503,#2505,.T.);
#2501 = VERTEX_POINT('',#2502);
#2502 = CARTESIAN_POINT('',(-32.23,15.8695,19.670865017765));
#2503 = VERTEX_POINT('',#2504);
#2504 = CARTESIAN_POINT('',(-33.855,15.8695,18.263284853179));
#2505 = ELLIPSE('',#2506,1.152762462247,0.8125);
#2506 = AXIS2_PLACEMENT_3D('',#2507,#2508,#2509);
#2507 = CARTESIAN_POINT('',(-33.0425,15.8695,18.967074935472));
#2508 = DIRECTION('',(0.61052480918,-0.361214678257,-0.704828641294));
#2509 = DIRECTION('',(0.606609750187,-0.358898348514,0.709377604955));
#2510 = ORIENTED_EDGE('',*,*,#2511,.F.);
#2511 = EDGE_CURVE('',#2512,#2501,#2514,.T.);
#2512 = VERTEX_POINT('',#2513);
#2513 = CARTESIAN_POINT('',(-32.23,16.9875,19.097905880421));
#2514 = LINE('',#2515,#2516);
#2515 = CARTESIAN_POINT('',(-32.23,-99.50122516496,78.796724736245));
#2516 = VECTOR('',#2517,1.);
#2517 = DIRECTION('',(0.,-0.889938375606,0.456080790677));
#2518 = ORIENTED_EDGE('',*,*,#2519,.F.);
#2519 = EDGE_CURVE('',#2520,#2512,#2522,.T.);
#2520 = VERTEX_POINT('',#2521);
#2521 = CARTESIAN_POINT('',(-33.43937749608,17.69647426124,17.687));
#2522 = ELLIPSE('',#2523,1.152762462247,0.8125);
#2523 = AXIS2_PLACEMENT_3D('',#2524,#2525,#2526);
#2524 = CARTESIAN_POINT('',(-33.0425,16.9875,18.394115798128));
#2525 = DIRECTION('',(0.61052480918,-0.361214678257,-0.704828641294));
#2526 = DIRECTION('',(0.606609750187,-0.358898348514,0.709377604955));
#2527 = ORIENTED_EDGE('',*,*,#2528,.T.);
#2528 = EDGE_CURVE('',#2520,#2529,#2531,.T.);
#2529 = VERTEX_POINT('',#2530);
#2530 = CARTESIAN_POINT('',(-33.85497372859,16.994033785204,17.687));
#2531 = LINE('',#2532,#2533);
#2532 = CARTESIAN_POINT('',(-102.8383774878,-99.60166941258,17.687));
#2533 = VECTOR('',#2534,1.);
#2534 = DIRECTION('',(-0.509199438682,-0.860648552922,0.));
#2535 = ORIENTED_EDGE('',*,*,#2536,.F.);
#2536 = EDGE_CURVE('',#2537,#2529,#2539,.T.);
#2537 = VERTEX_POINT('',#2538);
#2538 = CARTESIAN_POINT('',(-33.855,16.9875,17.690325715835));
#2539 = ELLIPSE('',#2540,1.152762462247,0.8125);
#2540 = AXIS2_PLACEMENT_3D('',#2541,#2542,#2543);
#2541 = CARTESIAN_POINT('',(-33.0425,16.9875,18.394115798128));
#2542 = DIRECTION('',(0.61052480918,-0.361214678257,-0.704828641294));
#2543 = DIRECTION('',(0.606609750187,-0.358898348514,0.709377604955));
#2544 = ORIENTED_EDGE('',*,*,#2545,.T.);
#2545 = EDGE_CURVE('',#2537,#2503,#2546,.T.);
#2546 = LINE('',#2547,#2548);
#2547 = CARTESIAN_POINT('',(-33.855,-100.0725391481,77.681934882001));
#2548 = VECTOR('',#2549,1.);
#2549 = DIRECTION('',(0.,-0.889938375606,0.456080790677));
#2550 = PLANE('',#2551);
#2551 = AXIS2_PLACEMENT_3D('',#2552,#2553,#2554);
#2552 = CARTESIAN_POINT('',(-120.8444862105,-246.8320582813,
    77.543536725637));
#2553 = DIRECTION('',(0.61052480918,-0.361214678257,-0.704828641294));
#2554 = DIRECTION('',(-0.262793735333,0.747127104344,-0.61052480918));
#2555 = ADVANCED_FACE('',(#2556,#2574),#2610,.F.);
#2556 = FACE_BOUND('',#2557,.F.);
#2557 = EDGE_LOOP('',(#2558,#2566,#2567,#2568));
#2558 = ORIENTED_EDGE('',*,*,#2559,.F.);
#2559 = EDGE_CURVE('',#489,#2560,#2562,.T.);
#2560 = VERTEX_POINT('',#2561);
#2561 = CARTESIAN_POINT('',(-30.451,-10.72,24.002));
#2562 = LINE('',#2563,#2564);
#2563 = CARTESIAN_POINT('',(-35.634,-10.72,24.002));
#2564 = VECTOR('',#2565,1.);
#2565 = DIRECTION('',(1.,0.,-0.));
#2566 = ORIENTED_EDGE('',*,*,#496,.T.);
#2567 = ORIENTED_EDGE('',*,*,#518,.T.);
#2568 = ORIENTED_EDGE('',*,*,#2569,.T.);
#2569 = EDGE_CURVE('',#519,#2560,#2570,.T.);
#2570 = LINE('',#2571,#2572);
#2571 = CARTESIAN_POINT('',(-30.451,-20.81,24.002));
#2572 = VECTOR('',#2573,1.);
#2573 = DIRECTION('',(-0.,1.,0.));
#2574 = FACE_BOUND('',#2575,.F.);
#2575 = EDGE_LOOP('',(#2576,#2587,#2595,#2604));
#2576 = ORIENTED_EDGE('',*,*,#2577,.F.);
#2577 = EDGE_CURVE('',#2578,#2580,#2582,.T.);
#2578 = VERTEX_POINT('',#2579);
#2579 = CARTESIAN_POINT('',(-33.855,-16.5315,24.002));
#2580 = VERTEX_POINT('',#2581);
#2581 = CARTESIAN_POINT('',(-32.23,-16.5315,24.002));
#2582 = CIRCLE('',#2583,0.8125);
#2583 = AXIS2_PLACEMENT_3D('',#2584,#2585,#2586);
#2584 = CARTESIAN_POINT('',(-33.0425,-16.5315,24.002));
#2585 = DIRECTION('',(0.,0.,1.));
#2586 = DIRECTION('',(1.,0.,-0.));
#2587 = ORIENTED_EDGE('',*,*,#2588,.T.);
#2588 = EDGE_CURVE('',#2578,#2589,#2591,.T.);
#2589 = VERTEX_POINT('',#2590);
#2590 = CARTESIAN_POINT('',(-33.855,-14.9985,24.002));
#2591 = LINE('',#2592,#2593);
#2592 = CARTESIAN_POINT('',(-33.855,-16.5315,24.002));
#2593 = VECTOR('',#2594,1.);
#2594 = DIRECTION('',(-0.,1.,0.));
#2595 = ORIENTED_EDGE('',*,*,#2596,.F.);
#2596 = EDGE_CURVE('',#2597,#2589,#2599,.T.);
#2597 = VERTEX_POINT('',#2598);
#2598 = CARTESIAN_POINT('',(-32.23,-14.9985,24.002));
#2599 = CIRCLE('',#2600,0.8125);
#2600 = AXIS2_PLACEMENT_3D('',#2601,#2602,#2603);
#2601 = CARTESIAN_POINT('',(-33.0425,-14.9985,24.002));
#2602 = DIRECTION('',(0.,0.,1.));
#2603 = DIRECTION('',(1.,0.,-0.));
#2604 = ORIENTED_EDGE('',*,*,#2605,.F.);
#2605 = EDGE_CURVE('',#2580,#2597,#2606,.T.);
#2606 = LINE('',#2607,#2608);
#2607 = CARTESIAN_POINT('',(-32.23,-16.5315,24.002));
#2608 = VECTOR('',#2609,1.);
#2609 = DIRECTION('',(-0.,1.,0.));
#2610 = PLANE('',#2611);
#2611 = AXIS2_PLACEMENT_3D('',#2612,#2613,#2614);
#2612 = CARTESIAN_POINT('',(-35.634,-20.81,24.002));
#2613 = DIRECTION('',(0.,0.,1.));
#2614 = DIRECTION('',(1.,0.,-0.));
#2615 = ADVANCED_FACE('',(#2616),#2634,.T.);
#2616 = FACE_BOUND('',#2617,.T.);
#2617 = EDGE_LOOP('',(#2618,#2619,#2620,#2628));
#2618 = ORIENTED_EDGE('',*,*,#2559,.F.);
#2619 = ORIENTED_EDGE('',*,*,#488,.T.);
#2620 = ORIENTED_EDGE('',*,*,#2621,.T.);
#2621 = EDGE_CURVE('',#481,#2622,#2624,.T.);
#2622 = VERTEX_POINT('',#2623);
#2623 = CARTESIAN_POINT('',(-30.451,-10.72,27.));
#2624 = LINE('',#2625,#2626);
#2625 = CARTESIAN_POINT('',(-35.634,-10.72,27.));
#2626 = VECTOR('',#2627,1.);
#2627 = DIRECTION('',(1.,0.,-0.));
#2628 = ORIENTED_EDGE('',*,*,#2629,.F.);
#2629 = EDGE_CURVE('',#2560,#2622,#2630,.T.);
#2630 = LINE('',#2631,#2632);
#2631 = CARTESIAN_POINT('',(-30.451,-10.72,24.002));
#2632 = VECTOR('',#2633,1.);
#2633 = DIRECTION('',(0.,0.,1.));
#2634 = PLANE('',#2635);
#2635 = AXIS2_PLACEMENT_3D('',#2636,#2637,#2638);
#2636 = CARTESIAN_POINT('',(-35.634,-10.72,24.002));
#2637 = DIRECTION('',(-0.,1.,0.));
#2638 = DIRECTION('',(0.,0.,1.));
#2639 = ADVANCED_FACE('',(#2640),#2651,.F.);
#2640 = FACE_BOUND('',#2641,.F.);
#2641 = EDGE_LOOP('',(#2642,#2643,#2644,#2645));
#2642 = ORIENTED_EDGE('',*,*,#2458,.F.);
#2643 = ORIENTED_EDGE('',*,*,#2490,.T.);
#2644 = ORIENTED_EDGE('',*,*,#472,.T.);
#2645 = ORIENTED_EDGE('',*,*,#2646,.T.);
#2646 = EDGE_CURVE('',#473,#2461,#2647,.T.);
#2647 = LINE('',#2648,#2649);
#2648 = CARTESIAN_POINT('',(-35.634,12.048,27.));
#2649 = VECTOR('',#2650,1.);
#2650 = DIRECTION('',(1.,0.,-0.));
#2651 = PLANE('',#2652);
#2652 = AXIS2_PLACEMENT_3D('',#2653,#2654,#2655);
#2653 = CARTESIAN_POINT('',(-35.634,12.048,14.191));
#2654 = DIRECTION('',(-0.,1.,0.));
#2655 = DIRECTION('',(0.,0.,1.));
#2656 = ADVANCED_FACE('',(#2657),#2668,.F.);
#2657 = FACE_BOUND('',#2658,.F.);
#2658 = EDGE_LOOP('',(#2659,#2660,#2661,#2662));
#2659 = ORIENTED_EDGE('',*,*,#542,.T.);
#2660 = ORIENTED_EDGE('',*,*,#2188,.T.);
#2661 = ORIENTED_EDGE('',*,*,#2266,.T.);
#2662 = ORIENTED_EDGE('',*,*,#2663,.F.);
#2663 = EDGE_CURVE('',#535,#2267,#2664,.T.);
#2664 = LINE('',#2665,#2666);
#2665 = CARTESIAN_POINT('',(30.451,-20.81,27.));
#2666 = VECTOR('',#2667,1.);
#2667 = DIRECTION('',(-0.,1.,0.));
#2668 = PLANE('',#2669);
#2669 = AXIS2_PLACEMENT_3D('',#2670,#2671,#2672);
#2670 = CARTESIAN_POINT('',(30.451,-20.81,14.191));
#2671 = DIRECTION('',(1.,0.,-0.));
#2672 = DIRECTION('',(0.,0.,1.));
#2673 = ADVANCED_FACE('',(#2674),#2685,.T.);
#2674 = FACE_BOUND('',#2675,.T.);
#2675 = EDGE_LOOP('',(#2676,#2677,#2678,#2679));
#2676 = ORIENTED_EDGE('',*,*,#526,.T.);
#2677 = ORIENTED_EDGE('',*,*,#2569,.T.);
#2678 = ORIENTED_EDGE('',*,*,#2629,.T.);
#2679 = ORIENTED_EDGE('',*,*,#2680,.F.);
#2680 = EDGE_CURVE('',#527,#2622,#2681,.T.);
#2681 = LINE('',#2682,#2683);
#2682 = CARTESIAN_POINT('',(-30.451,-20.81,27.));
#2683 = VECTOR('',#2684,1.);
#2684 = DIRECTION('',(-0.,1.,0.));
#2685 = PLANE('',#2686);
#2686 = AXIS2_PLACEMENT_3D('',#2687,#2688,#2689);
#2687 = CARTESIAN_POINT('',(-30.451,-20.81,24.002));
#2688 = DIRECTION('',(1.,0.,-0.));
#2689 = DIRECTION('',(0.,0.,1.));
#2690 = ADVANCED_FACE('',(#2691),#2718,.T.);
#2691 = FACE_BOUND('',#2692,.T.);
#2692 = EDGE_LOOP('',(#2693,#2702,#2710,#2717));
#2693 = ORIENTED_EDGE('',*,*,#2694,.F.);
#2694 = EDGE_CURVE('',#2695,#561,#2697,.T.);
#2695 = VERTEX_POINT('',#2696);
#2696 = CARTESIAN_POINT('',(-4.155,-20.75023811859,24.89));
#2697 = CIRCLE('',#2698,2.986);
#2698 = AXIS2_PLACEMENT_3D('',#2699,#2700,#2701);
#2699 = CARTESIAN_POINT('',(-4.155,-17.886,24.046));
#2700 = DIRECTION('',(1.,0.,0.));
#2701 = DIRECTION('',(-0.,0.,1.));
#2702 = ORIENTED_EDGE('',*,*,#2703,.F.);
#2703 = EDGE_CURVE('',#2704,#2695,#2706,.T.);
#2704 = VERTEX_POINT('',#2705);
#2705 = CARTESIAN_POINT('',(-6.001,-20.75023811859,24.89));
#2706 = LINE('',#2707,#2708);
#2707 = CARTESIAN_POINT('',(-6.001,-20.75023811859,24.89));
#2708 = VECTOR('',#2709,1.);
#2709 = DIRECTION('',(1.,0.,0.));
#2710 = ORIENTED_EDGE('',*,*,#2711,.T.);
#2711 = EDGE_CURVE('',#2704,#559,#2712,.T.);
#2712 = CIRCLE('',#2713,2.986);
#2713 = AXIS2_PLACEMENT_3D('',#2714,#2715,#2716);
#2714 = CARTESIAN_POINT('',(-6.001,-17.886,24.046));
#2715 = DIRECTION('',(1.,0.,0.));
#2716 = DIRECTION('',(-0.,0.,1.));
#2717 = ORIENTED_EDGE('',*,*,#558,.T.);
#2718 = CYLINDRICAL_SURFACE('',#2719,2.986);
#2719 = AXIS2_PLACEMENT_3D('',#2720,#2721,#2722);
#2720 = CARTESIAN_POINT('',(-6.001,-17.886,24.046));
#2721 = DIRECTION('',(1.,0.,0.));
#2722 = DIRECTION('',(-0.,0.,1.));
#2723 = ADVANCED_FACE('',(#2724),#2777,.T.);
#2724 = FACE_BOUND('',#2725,.T.);
#2725 = EDGE_LOOP('',(#2726,#2737,#2743,#2744,#2745,#2754,#2762,#2771));
#2726 = ORIENTED_EDGE('',*,*,#2727,.T.);
#2727 = EDGE_CURVE('',#2728,#2730,#2732,.T.);
#2728 = VERTEX_POINT('',#2729);
#2729 = CARTESIAN_POINT('',(-4.155,-14.961,24.646475644802));
#2730 = VERTEX_POINT('',#2731);
#2731 = CARTESIAN_POINT('',(-4.155,-15.0217618814,24.89));
#2732 = CIRCLE('',#2733,2.986);
#2733 = AXIS2_PLACEMENT_3D('',#2734,#2735,#2736);
#2734 = CARTESIAN_POINT('',(-4.155,-17.886,24.046));
#2735 = DIRECTION('',(1.,0.,0.));
#2736 = DIRECTION('',(-0.,0.,1.));
#2737 = ORIENTED_EDGE('',*,*,#2738,.T.);
#2738 = EDGE_CURVE('',#2730,#2695,#2739,.T.);
#2739 = LINE('',#2740,#2741);
#2740 = CARTESIAN_POINT('',(-4.155,-19.349,24.89));
#2741 = VECTOR('',#2742,1.);
#2742 = DIRECTION('',(0.,-1.,0.));
#2743 = ORIENTED_EDGE('',*,*,#2694,.T.);
#2744 = ORIENTED_EDGE('',*,*,#584,.T.);
#2745 = ORIENTED_EDGE('',*,*,#2746,.T.);
#2746 = EDGE_CURVE('',#577,#2747,#2749,.T.);
#2747 = VERTEX_POINT('',#2748);
#2748 = CARTESIAN_POINT('',(-4.155,-20.75023811859,23.202));
#2749 = CIRCLE('',#2750,2.986);
#2750 = AXIS2_PLACEMENT_3D('',#2751,#2752,#2753);
#2751 = CARTESIAN_POINT('',(-4.155,-17.886,24.046));
#2752 = DIRECTION('',(1.,0.,0.));
#2753 = DIRECTION('',(-0.,0.,1.));
#2754 = ORIENTED_EDGE('',*,*,#2755,.F.);
#2755 = EDGE_CURVE('',#2756,#2747,#2758,.T.);
#2756 = VERTEX_POINT('',#2757);
#2757 = CARTESIAN_POINT('',(-4.155,-15.0217618814,23.202));
#2758 = LINE('',#2759,#2760);
#2759 = CARTESIAN_POINT('',(-4.155,-19.349,23.202));
#2760 = VECTOR('',#2761,1.);
#2761 = DIRECTION('',(0.,-1.,0.));
#2762 = ORIENTED_EDGE('',*,*,#2763,.T.);
#2763 = EDGE_CURVE('',#2756,#2764,#2766,.T.);
#2764 = VERTEX_POINT('',#2765);
#2765 = CARTESIAN_POINT('',(-4.155,-14.961,23.445524355198));
#2766 = CIRCLE('',#2767,2.986);
#2767 = AXIS2_PLACEMENT_3D('',#2768,#2769,#2770);
#2768 = CARTESIAN_POINT('',(-4.155,-17.886,24.046));
#2769 = DIRECTION('',(1.,0.,0.));
#2770 = DIRECTION('',(-0.,0.,1.));
#2771 = ORIENTED_EDGE('',*,*,#2772,.T.);
#2772 = EDGE_CURVE('',#2764,#2728,#2773,.T.);
#2773 = LINE('',#2774,#2775);
#2774 = CARTESIAN_POINT('',(-4.155,-14.961,23.624));
#2775 = VECTOR('',#2776,1.);
#2776 = DIRECTION('',(0.,-0.,1.));
#2777 = PLANE('',#2778);
#2778 = AXIS2_PLACEMENT_3D('',#2779,#2780,#2781);
#2779 = CARTESIAN_POINT('',(-4.155,-17.886,24.046));
#2780 = DIRECTION('',(1.,0.,0.));
#2781 = DIRECTION('',(-0.,0.,1.));
#2782 = ADVANCED_FACE('',(#2783),#2802,.T.);
#2783 = FACE_BOUND('',#2784,.T.);
#2784 = EDGE_LOOP('',(#2785,#2786,#2787,#2796));
#2785 = ORIENTED_EDGE('',*,*,#2746,.F.);
#2786 = ORIENTED_EDGE('',*,*,#576,.F.);
#2787 = ORIENTED_EDGE('',*,*,#2788,.T.);
#2788 = EDGE_CURVE('',#569,#2789,#2791,.T.);
#2789 = VERTEX_POINT('',#2790);
#2790 = CARTESIAN_POINT('',(-6.001,-20.75023811859,23.202));
#2791 = CIRCLE('',#2792,2.986);
#2792 = AXIS2_PLACEMENT_3D('',#2793,#2794,#2795);
#2793 = CARTESIAN_POINT('',(-6.001,-17.886,24.046));
#2794 = DIRECTION('',(1.,0.,0.));
#2795 = DIRECTION('',(-0.,0.,1.));
#2796 = ORIENTED_EDGE('',*,*,#2797,.T.);
#2797 = EDGE_CURVE('',#2789,#2747,#2798,.T.);
#2798 = LINE('',#2799,#2800);
#2799 = CARTESIAN_POINT('',(-6.001,-20.75023811859,23.202));
#2800 = VECTOR('',#2801,1.);
#2801 = DIRECTION('',(1.,0.,0.));
#2802 = CYLINDRICAL_SURFACE('',#2803,2.986);
#2803 = AXIS2_PLACEMENT_3D('',#2804,#2805,#2806);
#2804 = CARTESIAN_POINT('',(-6.001,-17.886,24.046));
#2805 = DIRECTION('',(1.,0.,0.));
#2806 = DIRECTION('',(-0.,0.,1.));
#2807 = ADVANCED_FACE('',(#2808),#2853,.F.);
#2808 = FACE_BOUND('',#2809,.F.);
#2809 = EDGE_LOOP('',(#2810,#2821,#2827,#2828,#2829,#2830,#2838,#2847));
#2810 = ORIENTED_EDGE('',*,*,#2811,.T.);
#2811 = EDGE_CURVE('',#2812,#2814,#2816,.T.);
#2812 = VERTEX_POINT('',#2813);
#2813 = CARTESIAN_POINT('',(-6.001,-14.961,24.646475644802));
#2814 = VERTEX_POINT('',#2815);
#2815 = CARTESIAN_POINT('',(-6.001,-15.0217618814,24.89));
#2816 = CIRCLE('',#2817,2.986);
#2817 = AXIS2_PLACEMENT_3D('',#2818,#2819,#2820);
#2818 = CARTESIAN_POINT('',(-6.001,-17.886,24.046));
#2819 = DIRECTION('',(1.,0.,0.));
#2820 = DIRECTION('',(-0.,0.,1.));
#2821 = ORIENTED_EDGE('',*,*,#2822,.T.);
#2822 = EDGE_CURVE('',#2814,#2704,#2823,.T.);
#2823 = LINE('',#2824,#2825);
#2824 = CARTESIAN_POINT('',(-6.001,-19.349,24.89));
#2825 = VECTOR('',#2826,1.);
#2826 = DIRECTION('',(0.,-1.,0.));
#2827 = ORIENTED_EDGE('',*,*,#2711,.T.);
#2828 = ORIENTED_EDGE('',*,*,#568,.T.);
#2829 = ORIENTED_EDGE('',*,*,#2788,.T.);
#2830 = ORIENTED_EDGE('',*,*,#2831,.F.);
#2831 = EDGE_CURVE('',#2832,#2789,#2834,.T.);
#2832 = VERTEX_POINT('',#2833);
#2833 = CARTESIAN_POINT('',(-6.001,-15.0217618814,23.202));
#2834 = LINE('',#2835,#2836);
#2835 = CARTESIAN_POINT('',(-6.001,-19.349,23.202));
#2836 = VECTOR('',#2837,1.);
#2837 = DIRECTION('',(0.,-1.,0.));
#2838 = ORIENTED_EDGE('',*,*,#2839,.T.);
#2839 = EDGE_CURVE('',#2832,#2840,#2842,.T.);
#2840 = VERTEX_POINT('',#2841);
#2841 = CARTESIAN_POINT('',(-6.001,-14.961,23.445524355198));
#2842 = CIRCLE('',#2843,2.986);
#2843 = AXIS2_PLACEMENT_3D('',#2844,#2845,#2846);
#2844 = CARTESIAN_POINT('',(-6.001,-17.886,24.046));
#2845 = DIRECTION('',(1.,0.,0.));
#2846 = DIRECTION('',(-0.,0.,1.));
#2847 = ORIENTED_EDGE('',*,*,#2848,.T.);
#2848 = EDGE_CURVE('',#2840,#2812,#2849,.T.);
#2849 = LINE('',#2850,#2851);
#2850 = CARTESIAN_POINT('',(-6.001,-14.961,23.624));
#2851 = VECTOR('',#2852,1.);
#2852 = DIRECTION('',(0.,-0.,1.));
#2853 = PLANE('',#2854);
#2854 = AXIS2_PLACEMENT_3D('',#2855,#2856,#2857);
#2855 = CARTESIAN_POINT('',(-6.001,-17.886,24.046));
#2856 = DIRECTION('',(1.,0.,0.));
#2857 = DIRECTION('',(-0.,0.,1.));
#2858 = ADVANCED_FACE('',(#2859),#2886,.T.);
#2859 = FACE_BOUND('',#2860,.T.);
#2860 = EDGE_LOOP('',(#2861,#2870,#2878,#2885));
#2861 = ORIENTED_EDGE('',*,*,#2862,.F.);
#2862 = EDGE_CURVE('',#2863,#629,#2865,.T.);
#2863 = VERTEX_POINT('',#2864);
#2864 = CARTESIAN_POINT('',(9.694,-20.75023811859,24.89));
#2865 = CIRCLE('',#2866,2.986);
#2866 = AXIS2_PLACEMENT_3D('',#2867,#2868,#2869);
#2867 = CARTESIAN_POINT('',(9.694,-17.886,24.046));
#2868 = DIRECTION('',(1.,0.,0.));
#2869 = DIRECTION('',(-0.,0.,1.));
#2870 = ORIENTED_EDGE('',*,*,#2871,.F.);
#2871 = EDGE_CURVE('',#2872,#2863,#2874,.T.);
#2872 = VERTEX_POINT('',#2873);
#2873 = CARTESIAN_POINT('',(7.848,-20.75023811859,24.89));
#2874 = LINE('',#2875,#2876);
#2875 = CARTESIAN_POINT('',(7.848,-20.75023811859,24.89));
#2876 = VECTOR('',#2877,1.);
#2877 = DIRECTION('',(1.,0.,0.));
#2878 = ORIENTED_EDGE('',*,*,#2879,.T.);
#2879 = EDGE_CURVE('',#2872,#627,#2880,.T.);
#2880 = CIRCLE('',#2881,2.986);
#2881 = AXIS2_PLACEMENT_3D('',#2882,#2883,#2884);
#2882 = CARTESIAN_POINT('',(7.848,-17.886,24.046));
#2883 = DIRECTION('',(1.,0.,0.));
#2884 = DIRECTION('',(-0.,0.,1.));
#2885 = ORIENTED_EDGE('',*,*,#626,.T.);
#2886 = CYLINDRICAL_SURFACE('',#2887,2.986);
#2887 = AXIS2_PLACEMENT_3D('',#2888,#2889,#2890);
#2888 = CARTESIAN_POINT('',(7.848,-17.886,24.046));
#2889 = DIRECTION('',(1.,0.,0.));
#2890 = DIRECTION('',(-0.,0.,1.));
#2891 = ADVANCED_FACE('',(#2892),#2945,.F.);
#2892 = FACE_BOUND('',#2893,.F.);
#2893 = EDGE_LOOP('',(#2894,#2905,#2911,#2912,#2913,#2922,#2930,#2939));
#2894 = ORIENTED_EDGE('',*,*,#2895,.T.);
#2895 = EDGE_CURVE('',#2896,#2898,#2900,.T.);
#2896 = VERTEX_POINT('',#2897);
#2897 = CARTESIAN_POINT('',(7.848,-14.961,24.646475644802));
#2898 = VERTEX_POINT('',#2899);
#2899 = CARTESIAN_POINT('',(7.848,-15.0217618814,24.89));
#2900 = CIRCLE('',#2901,2.986);
#2901 = AXIS2_PLACEMENT_3D('',#2902,#2903,#2904);
#2902 = CARTESIAN_POINT('',(7.848,-17.886,24.046));
#2903 = DIRECTION('',(1.,0.,0.));
#2904 = DIRECTION('',(-0.,0.,1.));
#2905 = ORIENTED_EDGE('',*,*,#2906,.T.);
#2906 = EDGE_CURVE('',#2898,#2872,#2907,.T.);
#2907 = LINE('',#2908,#2909);
#2908 = CARTESIAN_POINT('',(7.848,-19.349,24.89));
#2909 = VECTOR('',#2910,1.);
#2910 = DIRECTION('',(0.,-1.,0.));
#2911 = ORIENTED_EDGE('',*,*,#2879,.T.);
#2912 = ORIENTED_EDGE('',*,*,#636,.T.);
#2913 = ORIENTED_EDGE('',*,*,#2914,.T.);
#2914 = EDGE_CURVE('',#637,#2915,#2917,.T.);
#2915 = VERTEX_POINT('',#2916);
#2916 = CARTESIAN_POINT('',(7.848,-20.75023811859,23.202));
#2917 = CIRCLE('',#2918,2.986);
#2918 = AXIS2_PLACEMENT_3D('',#2919,#2920,#2921);
#2919 = CARTESIAN_POINT('',(7.848,-17.886,24.046));
#2920 = DIRECTION('',(1.,0.,0.));
#2921 = DIRECTION('',(-0.,0.,1.));
#2922 = ORIENTED_EDGE('',*,*,#2923,.F.);
#2923 = EDGE_CURVE('',#2924,#2915,#2926,.T.);
#2924 = VERTEX_POINT('',#2925);
#2925 = CARTESIAN_POINT('',(7.848,-15.0217618814,23.202));
#2926 = LINE('',#2927,#2928);
#2927 = CARTESIAN_POINT('',(7.848,-19.349,23.202));
#2928 = VECTOR('',#2929,1.);
#2929 = DIRECTION('',(0.,-1.,0.));
#2930 = ORIENTED_EDGE('',*,*,#2931,.T.);
#2931 = EDGE_CURVE('',#2924,#2932,#2934,.T.);
#2932 = VERTEX_POINT('',#2933);
#2933 = CARTESIAN_POINT('',(7.848,-14.961,23.445524355198));
#2934 = CIRCLE('',#2935,2.986);
#2935 = AXIS2_PLACEMENT_3D('',#2936,#2937,#2938);
#2936 = CARTESIAN_POINT('',(7.848,-17.886,24.046));
#2937 = DIRECTION('',(1.,0.,0.));
#2938 = DIRECTION('',(-0.,0.,1.));
#2939 = ORIENTED_EDGE('',*,*,#2940,.T.);
#2940 = EDGE_CURVE('',#2932,#2896,#2941,.T.);
#2941 = LINE('',#2942,#2943);
#2942 = CARTESIAN_POINT('',(7.848,-14.961,23.624));
#2943 = VECTOR('',#2944,1.);
#2944 = DIRECTION('',(0.,-0.,1.));
#2945 = PLANE('',#2946);
#2946 = AXIS2_PLACEMENT_3D('',#2947,#2948,#2949);
#2947 = CARTESIAN_POINT('',(7.848,-17.886,24.046));
#2948 = DIRECTION('',(1.,0.,0.));
#2949 = DIRECTION('',(-0.,0.,1.));
#2950 = ADVANCED_FACE('',(#2951),#3004,.T.);
#2951 = FACE_BOUND('',#2952,.T.);
#2952 = EDGE_LOOP('',(#2953,#2964,#2970,#2971,#2972,#2981,#2989,#2998));
#2953 = ORIENTED_EDGE('',*,*,#2954,.T.);
#2954 = EDGE_CURVE('',#2955,#2957,#2959,.T.);
#2955 = VERTEX_POINT('',#2956);
#2956 = CARTESIAN_POINT('',(9.694,-14.961,24.646475644802));
#2957 = VERTEX_POINT('',#2958);
#2958 = CARTESIAN_POINT('',(9.694,-15.0217618814,24.89));
#2959 = CIRCLE('',#2960,2.986);
#2960 = AXIS2_PLACEMENT_3D('',#2961,#2962,#2963);
#2961 = CARTESIAN_POINT('',(9.694,-17.886,24.046));
#2962 = DIRECTION('',(1.,0.,0.));
#2963 = DIRECTION('',(-0.,0.,1.));
#2964 = ORIENTED_EDGE('',*,*,#2965,.T.);
#2965 = EDGE_CURVE('',#2957,#2863,#2966,.T.);
#2966 = LINE('',#2967,#2968);
#2967 = CARTESIAN_POINT('',(9.694,-19.349,24.89));
#2968 = VECTOR('',#2969,1.);
#2969 = DIRECTION('',(0.,-1.,0.));
#2970 = ORIENTED_EDGE('',*,*,#2862,.T.);
#2971 = ORIENTED_EDGE('',*,*,#652,.T.);
#2972 = ORIENTED_EDGE('',*,*,#2973,.T.);
#2973 = EDGE_CURVE('',#645,#2974,#2976,.T.);
#2974 = VERTEX_POINT('',#2975);
#2975 = CARTESIAN_POINT('',(9.694,-20.75023811859,23.202));
#2976 = CIRCLE('',#2977,2.986);
#2977 = AXIS2_PLACEMENT_3D('',#2978,#2979,#2980);
#2978 = CARTESIAN_POINT('',(9.694,-17.886,24.046));
#2979 = DIRECTION('',(1.,0.,0.));
#2980 = DIRECTION('',(-0.,0.,1.));
#2981 = ORIENTED_EDGE('',*,*,#2982,.F.);
#2982 = EDGE_CURVE('',#2983,#2974,#2985,.T.);
#2983 = VERTEX_POINT('',#2984);
#2984 = CARTESIAN_POINT('',(9.694,-15.0217618814,23.202));
#2985 = LINE('',#2986,#2987);
#2986 = CARTESIAN_POINT('',(9.694,-19.349,23.202));
#2987 = VECTOR('',#2988,1.);
#2988 = DIRECTION('',(0.,-1.,0.));
#2989 = ORIENTED_EDGE('',*,*,#2990,.T.);
#2990 = EDGE_CURVE('',#2983,#2991,#2993,.T.);
#2991 = VERTEX_POINT('',#2992);
#2992 = CARTESIAN_POINT('',(9.694,-14.961,23.445524355198));
#2993 = CIRCLE('',#2994,2.986);
#2994 = AXIS2_PLACEMENT_3D('',#2995,#2996,#2997);
#2995 = CARTESIAN_POINT('',(9.694,-17.886,24.046));
#2996 = DIRECTION('',(1.,0.,0.));
#2997 = DIRECTION('',(-0.,0.,1.));
#2998 = ORIENTED_EDGE('',*,*,#2999,.T.);
#2999 = EDGE_CURVE('',#2991,#2955,#3000,.T.);
#3000 = LINE('',#3001,#3002);
#3001 = CARTESIAN_POINT('',(9.694,-14.961,23.624));
#3002 = VECTOR('',#3003,1.);
#3003 = DIRECTION('',(0.,-0.,1.));
#3004 = PLANE('',#3005);
#3005 = AXIS2_PLACEMENT_3D('',#3006,#3007,#3008);
#3006 = CARTESIAN_POINT('',(9.694,-17.886,24.046));
#3007 = DIRECTION('',(1.,0.,0.));
#3008 = DIRECTION('',(-0.,0.,1.));
#3009 = ADVANCED_FACE('',(#3010),#3021,.T.);
#3010 = FACE_BOUND('',#3011,.T.);
#3011 = EDGE_LOOP('',(#3012,#3013,#3014,#3015));
#3012 = ORIENTED_EDGE('',*,*,#2973,.F.);
#3013 = ORIENTED_EDGE('',*,*,#644,.F.);
#3014 = ORIENTED_EDGE('',*,*,#2914,.T.);
#3015 = ORIENTED_EDGE('',*,*,#3016,.T.);
#3016 = EDGE_CURVE('',#2915,#2974,#3017,.T.);
#3017 = LINE('',#3018,#3019);
#3018 = CARTESIAN_POINT('',(7.848,-20.75023811859,23.202));
#3019 = VECTOR('',#3020,1.);
#3020 = DIRECTION('',(1.,0.,0.));
#3021 = CYLINDRICAL_SURFACE('',#3022,2.986);
#3022 = AXIS2_PLACEMENT_3D('',#3023,#3024,#3025);
#3023 = CARTESIAN_POINT('',(7.848,-17.886,24.046));
#3024 = DIRECTION('',(1.,0.,0.));
#3025 = DIRECTION('',(-0.,0.,1.));
#3026 = ADVANCED_FACE('',(#3027),#3053,.T.);
#3027 = FACE_BOUND('',#3028,.T.);
#3028 = EDGE_LOOP('',(#3029,#3030,#3038,#3047));
#3029 = ORIENTED_EDGE('',*,*,#1153,.F.);
#3030 = ORIENTED_EDGE('',*,*,#3031,.F.);
#3031 = EDGE_CURVE('',#3032,#1154,#3034,.T.);
#3032 = VERTEX_POINT('',#3033);
#3033 = CARTESIAN_POINT('',(-36.93,-12.88915,23.7264));
#3034 = LINE('',#3035,#3036);
#3035 = CARTESIAN_POINT('',(-36.93,-12.88915,23.7264));
#3036 = VECTOR('',#3037,1.);
#3037 = DIRECTION('',(1.,0.,0.));
#3038 = ORIENTED_EDGE('',*,*,#3039,.T.);
#3039 = EDGE_CURVE('',#3032,#3040,#3042,.T.);
#3040 = VERTEX_POINT('',#3041);
#3041 = CARTESIAN_POINT('',(-36.93,-12.88915,20.7214));
#3042 = CIRCLE('',#3043,1.5025);
#3043 = AXIS2_PLACEMENT_3D('',#3044,#3045,#3046);
#3044 = CARTESIAN_POINT('',(-36.93,-12.88915,22.2239));
#3045 = DIRECTION('',(1.,0.,0.));
#3046 = DIRECTION('',(-0.,0.,1.));
#3047 = ORIENTED_EDGE('',*,*,#3048,.T.);
#3048 = EDGE_CURVE('',#3040,#1156,#3049,.T.);
#3049 = LINE('',#3050,#3051);
#3050 = CARTESIAN_POINT('',(-36.93,-12.88915,20.7214));
#3051 = VECTOR('',#3052,1.);
#3052 = DIRECTION('',(1.,0.,-0.));
#3053 = CYLINDRICAL_SURFACE('',#3054,1.5025);
#3054 = AXIS2_PLACEMENT_3D('',#3055,#3056,#3057);
#3055 = CARTESIAN_POINT('',(-36.93,-12.88915,22.2239));
#3056 = DIRECTION('',(1.,0.,0.));
#3057 = DIRECTION('',(-0.,0.,1.));
#3058 = ADVANCED_FACE('',(#3059),#3077,.F.);
#3059 = FACE_BOUND('',#3060,.F.);
#3060 = EDGE_LOOP('',(#3061,#3069,#3070,#3071));
#3061 = ORIENTED_EDGE('',*,*,#3062,.F.);
#3062 = EDGE_CURVE('',#3040,#3063,#3065,.T.);
#3063 = VERTEX_POINT('',#3064);
#3064 = CARTESIAN_POINT('',(-36.93,-6.43405,20.7214));
#3065 = LINE('',#3066,#3067);
#3066 = CARTESIAN_POINT('',(-36.93,-12.88915,20.7214));
#3067 = VECTOR('',#3068,1.);
#3068 = DIRECTION('',(-0.,1.,0.));
#3069 = ORIENTED_EDGE('',*,*,#3048,.T.);
#3070 = ORIENTED_EDGE('',*,*,#1181,.T.);
#3071 = ORIENTED_EDGE('',*,*,#3072,.F.);
#3072 = EDGE_CURVE('',#3063,#1173,#3073,.T.);
#3073 = LINE('',#3074,#3075);
#3074 = CARTESIAN_POINT('',(-36.93,-6.43405,20.7214));
#3075 = VECTOR('',#3076,1.);
#3076 = DIRECTION('',(1.,0.,-0.));
#3077 = PLANE('',#3078);
#3078 = AXIS2_PLACEMENT_3D('',#3079,#3080,#3081);
#3079 = CARTESIAN_POINT('',(-36.93,-12.88915,20.7214));
#3080 = DIRECTION('',(0.,0.,1.));
#3081 = DIRECTION('',(1.,0.,-0.));
#3082 = ADVANCED_FACE('',(#3083),#3102,.T.);
#3083 = FACE_BOUND('',#3084,.T.);
#3084 = EDGE_LOOP('',(#3085,#3093,#3094,#3095));
#3085 = ORIENTED_EDGE('',*,*,#3086,.T.);
#3086 = EDGE_CURVE('',#3087,#1165,#3089,.T.);
#3087 = VERTEX_POINT('',#3088);
#3088 = CARTESIAN_POINT('',(-36.93,-6.43405,23.7264));
#3089 = LINE('',#3090,#3091);
#3090 = CARTESIAN_POINT('',(-36.93,-6.43405,23.7264));
#3091 = VECTOR('',#3092,1.);
#3092 = DIRECTION('',(1.,0.,0.));
#3093 = ORIENTED_EDGE('',*,*,#1172,.F.);
#3094 = ORIENTED_EDGE('',*,*,#3072,.F.);
#3095 = ORIENTED_EDGE('',*,*,#3096,.T.);
#3096 = EDGE_CURVE('',#3063,#3087,#3097,.T.);
#3097 = CIRCLE('',#3098,1.5025);
#3098 = AXIS2_PLACEMENT_3D('',#3099,#3100,#3101);
#3099 = CARTESIAN_POINT('',(-36.93,-6.43405,22.2239));
#3100 = DIRECTION('',(1.,0.,0.));
#3101 = DIRECTION('',(-0.,0.,1.));
#3102 = CYLINDRICAL_SURFACE('',#3103,1.5025);
#3103 = AXIS2_PLACEMENT_3D('',#3104,#3105,#3106);
#3104 = CARTESIAN_POINT('',(-36.93,-6.43405,22.2239));
#3105 = DIRECTION('',(1.,0.,0.));
#3106 = DIRECTION('',(-0.,0.,1.));
#3107 = ADVANCED_FACE('',(#3108),#3119,.T.);
#3108 = FACE_BOUND('',#3109,.T.);
#3109 = EDGE_LOOP('',(#3110,#3116,#3117,#3118));
#3110 = ORIENTED_EDGE('',*,*,#3111,.F.);
#3111 = EDGE_CURVE('',#3032,#3087,#3112,.T.);
#3112 = LINE('',#3113,#3114);
#3113 = CARTESIAN_POINT('',(-36.93,-12.88915,23.7264));
#3114 = VECTOR('',#3115,1.);
#3115 = DIRECTION('',(-0.,1.,0.));
#3116 = ORIENTED_EDGE('',*,*,#3031,.T.);
#3117 = ORIENTED_EDGE('',*,*,#1164,.T.);
#3118 = ORIENTED_EDGE('',*,*,#3086,.F.);
#3119 = PLANE('',#3120);
#3120 = AXIS2_PLACEMENT_3D('',#3121,#3122,#3123);
#3121 = CARTESIAN_POINT('',(-36.93,-12.88915,23.7264));
#3122 = DIRECTION('',(0.,0.,1.));
#3123 = DIRECTION('',(1.,0.,-0.));
#3124 = ADVANCED_FACE('',(#3125),#3159,.F.);
#3125 = FACE_BOUND('',#3126,.F.);
#3126 = EDGE_LOOP('',(#3127,#3128,#3135,#3136,#3144,#3153));
#3127 = ORIENTED_EDGE('',*,*,#2241,.F.);
#3128 = ORIENTED_EDGE('',*,*,#3129,.T.);
#3129 = EDGE_CURVE('',#2242,#2208,#3130,.T.);
#3130 = CIRCLE('',#3131,0.8125);
#3131 = AXIS2_PLACEMENT_3D('',#3132,#3133,#3134);
#3132 = CARTESIAN_POINT('',(33.0425,-16.9875,17.687));
#3133 = DIRECTION('',(0.,0.,1.));
#3134 = DIRECTION('',(1.,0.,-0.));
#3135 = ORIENTED_EDGE('',*,*,#2205,.F.);
#3136 = ORIENTED_EDGE('',*,*,#3137,.T.);
#3137 = EDGE_CURVE('',#2206,#3138,#3140,.T.);
#3138 = VERTEX_POINT('',#3139);
#3139 = CARTESIAN_POINT('',(33.855,-16.9875,27.));
#3140 = LINE('',#3141,#3142);
#3141 = CARTESIAN_POINT('',(33.855,-16.9875,17.687));
#3142 = VECTOR('',#3143,1.);
#3143 = DIRECTION('',(0.,0.,1.));
#3144 = ORIENTED_EDGE('',*,*,#3145,.F.);
#3145 = EDGE_CURVE('',#3146,#3138,#3148,.T.);
#3146 = VERTEX_POINT('',#3147);
#3147 = CARTESIAN_POINT('',(32.23,-16.9875,27.));
#3148 = CIRCLE('',#3149,0.8125);
#3149 = AXIS2_PLACEMENT_3D('',#3150,#3151,#3152);
#3150 = CARTESIAN_POINT('',(33.0425,-16.9875,27.));
#3151 = DIRECTION('',(0.,0.,1.));
#3152 = DIRECTION('',(1.,0.,-0.));
#3153 = ORIENTED_EDGE('',*,*,#3154,.F.);
#3154 = EDGE_CURVE('',#2234,#3146,#3155,.T.);
#3155 = LINE('',#3156,#3157);
#3156 = CARTESIAN_POINT('',(32.23,-16.9875,17.687));
#3157 = VECTOR('',#3158,1.);
#3158 = DIRECTION('',(0.,0.,1.));
#3159 = CYLINDRICAL_SURFACE('',#3160,0.8125);
#3160 = AXIS2_PLACEMENT_3D('',#3161,#3162,#3163);
#3161 = CARTESIAN_POINT('',(33.0425,-16.9875,17.687));
#3162 = DIRECTION('',(0.,0.,1.));
#3163 = DIRECTION('',(1.,0.,-0.));
#3164 = ADVANCED_FACE('',(#3165),#3169,.T.);
#3165 = FACE_BOUND('',#3166,.T.);
#3166 = EDGE_LOOP('',(#3167,#3168));
#3167 = ORIENTED_EDGE('',*,*,#2250,.F.);
#3168 = ORIENTED_EDGE('',*,*,#3129,.T.);
#3169 = PLANE('',#3170);
#3170 = AXIS2_PLACEMENT_3D('',#3171,#3172,#3173);
#3171 = CARTESIAN_POINT('',(33.0425,-16.9875,17.687));
#3172 = DIRECTION('',(0.,0.,1.));
#3173 = DIRECTION('',(1.,0.,-0.));
#3174 = ADVANCED_FACE('',(#3175),#3193,.T.);
#3175 = FACE_BOUND('',#3176,.T.);
#3176 = EDGE_LOOP('',(#3177,#3178,#3179,#3187));
#3177 = ORIENTED_EDGE('',*,*,#3154,.F.);
#3178 = ORIENTED_EDGE('',*,*,#2233,.F.);
#3179 = ORIENTED_EDGE('',*,*,#3180,.T.);
#3180 = EDGE_CURVE('',#2225,#3181,#3183,.T.);
#3181 = VERTEX_POINT('',#3182);
#3182 = CARTESIAN_POINT('',(32.23,-15.8695,27.));
#3183 = LINE('',#3184,#3185);
#3184 = CARTESIAN_POINT('',(32.23,-15.8695,17.687));
#3185 = VECTOR('',#3186,1.);
#3186 = DIRECTION('',(0.,0.,1.));
#3187 = ORIENTED_EDGE('',*,*,#3188,.F.);
#3188 = EDGE_CURVE('',#3146,#3181,#3189,.T.);
#3189 = LINE('',#3190,#3191);
#3190 = CARTESIAN_POINT('',(32.23,-18.89875,27.));
#3191 = VECTOR('',#3192,1.);
#3192 = DIRECTION('',(-0.,1.,0.));
#3193 = PLANE('',#3194);
#3194 = AXIS2_PLACEMENT_3D('',#3195,#3196,#3197);
#3195 = CARTESIAN_POINT('',(32.23,-16.9875,17.687));
#3196 = DIRECTION('',(1.,0.,-0.));
#3197 = DIRECTION('',(0.,0.,1.));
#3198 = ADVANCED_FACE('',(#3199),#3218,.F.);
#3199 = FACE_BOUND('',#3200,.F.);
#3200 = EDGE_LOOP('',(#3201,#3210,#3216,#3217));
#3201 = ORIENTED_EDGE('',*,*,#3202,.F.);
#3202 = EDGE_CURVE('',#3203,#3181,#3205,.T.);
#3203 = VERTEX_POINT('',#3204);
#3204 = CARTESIAN_POINT('',(33.855,-15.8695,27.));
#3205 = CIRCLE('',#3206,0.8125);
#3206 = AXIS2_PLACEMENT_3D('',#3207,#3208,#3209);
#3207 = CARTESIAN_POINT('',(33.0425,-15.8695,27.));
#3208 = DIRECTION('',(0.,0.,1.));
#3209 = DIRECTION('',(1.,0.,-0.));
#3210 = ORIENTED_EDGE('',*,*,#3211,.F.);
#3211 = EDGE_CURVE('',#2217,#3203,#3212,.T.);
#3212 = LINE('',#3213,#3214);
#3213 = CARTESIAN_POINT('',(33.855,-15.8695,17.687));
#3214 = VECTOR('',#3215,1.);
#3215 = DIRECTION('',(0.,0.,1.));
#3216 = ORIENTED_EDGE('',*,*,#2224,.F.);
#3217 = ORIENTED_EDGE('',*,*,#3180,.T.);
#3218 = CYLINDRICAL_SURFACE('',#3219,0.8125);
#3219 = AXIS2_PLACEMENT_3D('',#3220,#3221,#3222);
#3220 = CARTESIAN_POINT('',(33.0425,-15.8695,17.687));
#3221 = DIRECTION('',(0.,0.,1.));
#3222 = DIRECTION('',(1.,0.,-0.));
#3223 = ADVANCED_FACE('',(#3224),#3235,.F.);
#3224 = FACE_BOUND('',#3225,.F.);
#3225 = EDGE_LOOP('',(#3226,#3227,#3228,#3229));
#3226 = ORIENTED_EDGE('',*,*,#3137,.F.);
#3227 = ORIENTED_EDGE('',*,*,#2216,.F.);
#3228 = ORIENTED_EDGE('',*,*,#3211,.T.);
#3229 = ORIENTED_EDGE('',*,*,#3230,.F.);
#3230 = EDGE_CURVE('',#3138,#3203,#3231,.T.);
#3231 = LINE('',#3232,#3233);
#3232 = CARTESIAN_POINT('',(33.855,-18.89875,27.));
#3233 = VECTOR('',#3234,1.);
#3234 = DIRECTION('',(-0.,1.,0.));
#3235 = PLANE('',#3236);
#3236 = AXIS2_PLACEMENT_3D('',#3237,#3238,#3239);
#3237 = CARTESIAN_POINT('',(33.855,-16.9875,17.687));
#3238 = DIRECTION('',(1.,0.,-0.));
#3239 = DIRECTION('',(0.,0.,1.));
#3240 = ADVANCED_FACE('',(#3241),#3267,.F.);
#3241 = FACE_BOUND('',#3242,.F.);
#3242 = EDGE_LOOP('',(#3243,#3251,#3252,#3260));
#3243 = ORIENTED_EDGE('',*,*,#3244,.F.);
#3244 = EDGE_CURVE('',#2333,#3245,#3247,.T.);
#3245 = VERTEX_POINT('',#3246);
#3246 = CARTESIAN_POINT('',(32.23,15.8695,27.));
#3247 = LINE('',#3248,#3249);
#3248 = CARTESIAN_POINT('',(32.23,15.8695,17.687));
#3249 = VECTOR('',#3250,1.);
#3250 = DIRECTION('',(0.,0.,1.));
#3251 = ORIENTED_EDGE('',*,*,#2330,.F.);
#3252 = ORIENTED_EDGE('',*,*,#3253,.T.);
#3253 = EDGE_CURVE('',#2331,#3254,#3256,.T.);
#3254 = VERTEX_POINT('',#3255);
#3255 = CARTESIAN_POINT('',(33.855,15.8695,27.));
#3256 = LINE('',#3257,#3258);
#3257 = CARTESIAN_POINT('',(33.855,15.8695,17.687));
#3258 = VECTOR('',#3259,1.);
#3259 = DIRECTION('',(0.,0.,1.));
#3260 = ORIENTED_EDGE('',*,*,#3261,.F.);
#3261 = EDGE_CURVE('',#3245,#3254,#3262,.T.);
#3262 = CIRCLE('',#3263,0.8125);
#3263 = AXIS2_PLACEMENT_3D('',#3264,#3265,#3266);
#3264 = CARTESIAN_POINT('',(33.0425,15.8695,27.));
#3265 = DIRECTION('',(0.,0.,1.));
#3266 = DIRECTION('',(1.,0.,-0.));
#3267 = CYLINDRICAL_SURFACE('',#3268,0.8125);
#3268 = AXIS2_PLACEMENT_3D('',#3269,#3270,#3271);
#3269 = CARTESIAN_POINT('',(33.0425,15.8695,17.687));
#3270 = DIRECTION('',(0.,0.,1.));
#3271 = DIRECTION('',(1.,0.,-0.));
#3272 = ADVANCED_FACE('',(#3273),#3291,.T.);
#3273 = FACE_BOUND('',#3274,.T.);
#3274 = EDGE_LOOP('',(#3275,#3276,#3277,#3285));
#3275 = ORIENTED_EDGE('',*,*,#3244,.F.);
#3276 = ORIENTED_EDGE('',*,*,#2375,.F.);
#3277 = ORIENTED_EDGE('',*,*,#3278,.T.);
#3278 = EDGE_CURVE('',#2367,#3279,#3281,.T.);
#3279 = VERTEX_POINT('',#3280);
#3280 = CARTESIAN_POINT('',(32.23,16.9875,27.));
#3281 = LINE('',#3282,#3283);
#3282 = CARTESIAN_POINT('',(32.23,16.9875,17.687));
#3283 = VECTOR('',#3284,1.);
#3284 = DIRECTION('',(0.,0.,1.));
#3285 = ORIENTED_EDGE('',*,*,#3286,.F.);
#3286 = EDGE_CURVE('',#3245,#3279,#3287,.T.);
#3287 = LINE('',#3288,#3289);
#3288 = CARTESIAN_POINT('',(32.23,13.95875,27.));
#3289 = VECTOR('',#3290,1.);
#3290 = DIRECTION('',(-0.,1.,0.));
#3291 = PLANE('',#3292);
#3292 = AXIS2_PLACEMENT_3D('',#3293,#3294,#3295);
#3293 = CARTESIAN_POINT('',(32.23,15.8695,17.687));
#3294 = DIRECTION('',(1.,0.,-0.));
#3295 = DIRECTION('',(0.,0.,1.));
#3296 = ADVANCED_FACE('',(#3297),#3324,.F.);
#3297 = FACE_BOUND('',#3298,.F.);
#3298 = EDGE_LOOP('',(#3299,#3308,#3314,#3315,#3322,#3323));
#3299 = ORIENTED_EDGE('',*,*,#3300,.F.);
#3300 = EDGE_CURVE('',#3301,#3279,#3303,.T.);
#3301 = VERTEX_POINT('',#3302);
#3302 = CARTESIAN_POINT('',(33.855,16.9875,27.));
#3303 = CIRCLE('',#3304,0.8125);
#3304 = AXIS2_PLACEMENT_3D('',#3305,#3306,#3307);
#3305 = CARTESIAN_POINT('',(33.0425,16.9875,27.));
#3306 = DIRECTION('',(0.,0.,1.));
#3307 = DIRECTION('',(1.,0.,-0.));
#3308 = ORIENTED_EDGE('',*,*,#3309,.F.);
#3309 = EDGE_CURVE('',#2342,#3301,#3310,.T.);
#3310 = LINE('',#3311,#3312);
#3311 = CARTESIAN_POINT('',(33.855,16.9875,17.687));
#3312 = VECTOR('',#3313,1.);
#3313 = DIRECTION('',(0.,0.,1.));
#3314 = ORIENTED_EDGE('',*,*,#2349,.F.);
#3315 = ORIENTED_EDGE('',*,*,#3316,.T.);
#3316 = EDGE_CURVE('',#2350,#2359,#3317,.T.);
#3317 = CIRCLE('',#3318,0.8125);
#3318 = AXIS2_PLACEMENT_3D('',#3319,#3320,#3321);
#3319 = CARTESIAN_POINT('',(33.0425,16.9875,17.687));
#3320 = DIRECTION('',(0.,0.,1.));
#3321 = DIRECTION('',(1.,0.,-0.));
#3322 = ORIENTED_EDGE('',*,*,#2366,.F.);
#3323 = ORIENTED_EDGE('',*,*,#3278,.T.);
#3324 = CYLINDRICAL_SURFACE('',#3325,0.8125);
#3325 = AXIS2_PLACEMENT_3D('',#3326,#3327,#3328);
#3326 = CARTESIAN_POINT('',(33.0425,16.9875,17.687));
#3327 = DIRECTION('',(0.,0.,1.));
#3328 = DIRECTION('',(1.,0.,-0.));
#3329 = ADVANCED_FACE('',(#3330),#3334,.T.);
#3330 = FACE_BOUND('',#3331,.T.);
#3331 = EDGE_LOOP('',(#3332,#3333));
#3332 = ORIENTED_EDGE('',*,*,#3316,.T.);
#3333 = ORIENTED_EDGE('',*,*,#2358,.F.);
#3334 = PLANE('',#3335);
#3335 = AXIS2_PLACEMENT_3D('',#3336,#3337,#3338);
#3336 = CARTESIAN_POINT('',(33.0425,16.9875,17.687));
#3337 = DIRECTION('',(0.,0.,1.));
#3338 = DIRECTION('',(1.,0.,-0.));
#3339 = ADVANCED_FACE('',(#3340),#3351,.F.);
#3340 = FACE_BOUND('',#3341,.F.);
#3341 = EDGE_LOOP('',(#3342,#3343,#3344,#3345));
#3342 = ORIENTED_EDGE('',*,*,#3253,.F.);
#3343 = ORIENTED_EDGE('',*,*,#2341,.F.);
#3344 = ORIENTED_EDGE('',*,*,#3309,.T.);
#3345 = ORIENTED_EDGE('',*,*,#3346,.F.);
#3346 = EDGE_CURVE('',#3254,#3301,#3347,.T.);
#3347 = LINE('',#3348,#3349);
#3348 = CARTESIAN_POINT('',(33.855,13.95875,27.));
#3349 = VECTOR('',#3350,1.);
#3350 = DIRECTION('',(-0.,1.,0.));
#3351 = PLANE('',#3352);
#3352 = AXIS2_PLACEMENT_3D('',#3353,#3354,#3355);
#3353 = CARTESIAN_POINT('',(33.855,15.8695,17.687));
#3354 = DIRECTION('',(1.,0.,-0.));
#3355 = DIRECTION('',(0.,0.,1.));
#3356 = ADVANCED_FACE('',(#3357),#3383,.F.);
#3357 = FACE_BOUND('',#3358,.F.);
#3358 = EDGE_LOOP('',(#3359,#3367,#3368,#3376));
#3359 = ORIENTED_EDGE('',*,*,#3360,.F.);
#3360 = EDGE_CURVE('',#2503,#3361,#3363,.T.);
#3361 = VERTEX_POINT('',#3362);
#3362 = CARTESIAN_POINT('',(-33.855,15.8695,27.));
#3363 = LINE('',#3364,#3365);
#3364 = CARTESIAN_POINT('',(-33.855,15.8695,17.687));
#3365 = VECTOR('',#3366,1.);
#3366 = DIRECTION('',(0.,0.,1.));
#3367 = ORIENTED_EDGE('',*,*,#2500,.F.);
#3368 = ORIENTED_EDGE('',*,*,#3369,.T.);
#3369 = EDGE_CURVE('',#2501,#3370,#3372,.T.);
#3370 = VERTEX_POINT('',#3371);
#3371 = CARTESIAN_POINT('',(-32.23,15.8695,27.));
#3372 = LINE('',#3373,#3374);
#3373 = CARTESIAN_POINT('',(-32.23,15.8695,17.687));
#3374 = VECTOR('',#3375,1.);
#3375 = DIRECTION('',(0.,0.,1.));
#3376 = ORIENTED_EDGE('',*,*,#3377,.F.);
#3377 = EDGE_CURVE('',#3361,#3370,#3378,.T.);
#3378 = CIRCLE('',#3379,0.8125);
#3379 = AXIS2_PLACEMENT_3D('',#3380,#3381,#3382);
#3380 = CARTESIAN_POINT('',(-33.0425,15.8695,27.));
#3381 = DIRECTION('',(0.,0.,1.));
#3382 = DIRECTION('',(1.,0.,-0.));
#3383 = CYLINDRICAL_SURFACE('',#3384,0.8125);
#3384 = AXIS2_PLACEMENT_3D('',#3385,#3386,#3387);
#3385 = CARTESIAN_POINT('',(-33.0425,15.8695,17.687));
#3386 = DIRECTION('',(0.,0.,1.));
#3387 = DIRECTION('',(1.,0.,-0.));
#3388 = ADVANCED_FACE('',(#3389),#3407,.T.);
#3389 = FACE_BOUND('',#3390,.T.);
#3390 = EDGE_LOOP('',(#3391,#3392,#3393,#3401));
#3391 = ORIENTED_EDGE('',*,*,#3360,.F.);
#3392 = ORIENTED_EDGE('',*,*,#2545,.F.);
#3393 = ORIENTED_EDGE('',*,*,#3394,.T.);
#3394 = EDGE_CURVE('',#2537,#3395,#3397,.T.);
#3395 = VERTEX_POINT('',#3396);
#3396 = CARTESIAN_POINT('',(-33.855,16.9875,27.));
#3397 = LINE('',#3398,#3399);
#3398 = CARTESIAN_POINT('',(-33.855,16.9875,17.687));
#3399 = VECTOR('',#3400,1.);
#3400 = DIRECTION('',(0.,0.,1.));
#3401 = ORIENTED_EDGE('',*,*,#3402,.F.);
#3402 = EDGE_CURVE('',#3361,#3395,#3403,.T.);
#3403 = LINE('',#3404,#3405);
#3404 = CARTESIAN_POINT('',(-33.855,13.95875,27.));
#3405 = VECTOR('',#3406,1.);
#3406 = DIRECTION('',(-0.,1.,0.));
#3407 = PLANE('',#3408);
#3408 = AXIS2_PLACEMENT_3D('',#3409,#3410,#3411);
#3409 = CARTESIAN_POINT('',(-33.855,15.8695,17.687));
#3410 = DIRECTION('',(1.,0.,-0.));
#3411 = DIRECTION('',(0.,0.,1.));
#3412 = ADVANCED_FACE('',(#3413),#3440,.F.);
#3413 = FACE_BOUND('',#3414,.F.);
#3414 = EDGE_LOOP('',(#3415,#3424,#3430,#3431,#3438,#3439));
#3415 = ORIENTED_EDGE('',*,*,#3416,.F.);
#3416 = EDGE_CURVE('',#3417,#3395,#3419,.T.);
#3417 = VERTEX_POINT('',#3418);
#3418 = CARTESIAN_POINT('',(-32.23,16.9875,27.));
#3419 = CIRCLE('',#3420,0.8125);
#3420 = AXIS2_PLACEMENT_3D('',#3421,#3422,#3423);
#3421 = CARTESIAN_POINT('',(-33.0425,16.9875,27.));
#3422 = DIRECTION('',(0.,0.,1.));
#3423 = DIRECTION('',(1.,0.,-0.));
#3424 = ORIENTED_EDGE('',*,*,#3425,.F.);
#3425 = EDGE_CURVE('',#2512,#3417,#3426,.T.);
#3426 = LINE('',#3427,#3428);
#3427 = CARTESIAN_POINT('',(-32.23,16.9875,17.687));
#3428 = VECTOR('',#3429,1.);
#3429 = DIRECTION('',(0.,0.,1.));
#3430 = ORIENTED_EDGE('',*,*,#2519,.F.);
#3431 = ORIENTED_EDGE('',*,*,#3432,.T.);
#3432 = EDGE_CURVE('',#2520,#2529,#3433,.T.);
#3433 = CIRCLE('',#3434,0.8125);
#3434 = AXIS2_PLACEMENT_3D('',#3435,#3436,#3437);
#3435 = CARTESIAN_POINT('',(-33.0425,16.9875,17.687));
#3436 = DIRECTION('',(0.,0.,1.));
#3437 = DIRECTION('',(1.,0.,-0.));
#3438 = ORIENTED_EDGE('',*,*,#2536,.F.);
#3439 = ORIENTED_EDGE('',*,*,#3394,.T.);
#3440 = CYLINDRICAL_SURFACE('',#3441,0.8125);
#3441 = AXIS2_PLACEMENT_3D('',#3442,#3443,#3444);
#3442 = CARTESIAN_POINT('',(-33.0425,16.9875,17.687));
#3443 = DIRECTION('',(0.,0.,1.));
#3444 = DIRECTION('',(1.,0.,-0.));
#3445 = ADVANCED_FACE('',(#3446),#3450,.T.);
#3446 = FACE_BOUND('',#3447,.T.);
#3447 = EDGE_LOOP('',(#3448,#3449));
#3448 = ORIENTED_EDGE('',*,*,#3432,.T.);
#3449 = ORIENTED_EDGE('',*,*,#2528,.F.);
#3450 = PLANE('',#3451);
#3451 = AXIS2_PLACEMENT_3D('',#3452,#3453,#3454);
#3452 = CARTESIAN_POINT('',(-33.0425,16.9875,17.687));
#3453 = DIRECTION('',(0.,0.,1.));
#3454 = DIRECTION('',(1.,0.,-0.));
#3455 = ADVANCED_FACE('',(#3456),#3467,.F.);
#3456 = FACE_BOUND('',#3457,.F.);
#3457 = EDGE_LOOP('',(#3458,#3459,#3460,#3461));
#3458 = ORIENTED_EDGE('',*,*,#3369,.F.);
#3459 = ORIENTED_EDGE('',*,*,#2511,.F.);
#3460 = ORIENTED_EDGE('',*,*,#3425,.T.);
#3461 = ORIENTED_EDGE('',*,*,#3462,.F.);
#3462 = EDGE_CURVE('',#3370,#3417,#3463,.T.);
#3463 = LINE('',#3464,#3465);
#3464 = CARTESIAN_POINT('',(-32.23,13.95875,27.));
#3465 = VECTOR('',#3466,1.);
#3466 = DIRECTION('',(-0.,1.,0.));
#3467 = PLANE('',#3468);
#3468 = AXIS2_PLACEMENT_3D('',#3469,#3470,#3471);
#3469 = CARTESIAN_POINT('',(-32.23,15.8695,17.687));
#3470 = DIRECTION('',(1.,0.,-0.));
#3471 = DIRECTION('',(0.,0.,1.));
#3472 = ADVANCED_FACE('',(#3473),#3499,.F.);
#3473 = FACE_BOUND('',#3474,.F.);
#3474 = EDGE_LOOP('',(#3475,#3483,#3484,#3492));
#3475 = ORIENTED_EDGE('',*,*,#3476,.F.);
#3476 = EDGE_CURVE('',#2578,#3477,#3479,.T.);
#3477 = VERTEX_POINT('',#3478);
#3478 = CARTESIAN_POINT('',(-33.855,-16.5315,27.));
#3479 = LINE('',#3480,#3481);
#3480 = CARTESIAN_POINT('',(-33.855,-16.5315,24.002));
#3481 = VECTOR('',#3482,1.);
#3482 = DIRECTION('',(0.,0.,1.));
#3483 = ORIENTED_EDGE('',*,*,#2577,.T.);
#3484 = ORIENTED_EDGE('',*,*,#3485,.T.);
#3485 = EDGE_CURVE('',#2580,#3486,#3488,.T.);
#3486 = VERTEX_POINT('',#3487);
#3487 = CARTESIAN_POINT('',(-32.23,-16.5315,27.));
#3488 = LINE('',#3489,#3490);
#3489 = CARTESIAN_POINT('',(-32.23,-16.5315,24.002));
#3490 = VECTOR('',#3491,1.);
#3491 = DIRECTION('',(0.,0.,1.));
#3492 = ORIENTED_EDGE('',*,*,#3493,.F.);
#3493 = EDGE_CURVE('',#3477,#3486,#3494,.T.);
#3494 = CIRCLE('',#3495,0.8125);
#3495 = AXIS2_PLACEMENT_3D('',#3496,#3497,#3498);
#3496 = CARTESIAN_POINT('',(-33.0425,-16.5315,27.));
#3497 = DIRECTION('',(0.,0.,1.));
#3498 = DIRECTION('',(1.,0.,-0.));
#3499 = CYLINDRICAL_SURFACE('',#3500,0.8125);
#3500 = AXIS2_PLACEMENT_3D('',#3501,#3502,#3503);
#3501 = CARTESIAN_POINT('',(-33.0425,-16.5315,24.002));
#3502 = DIRECTION('',(0.,0.,1.));
#3503 = DIRECTION('',(1.,0.,-0.));
#3504 = ADVANCED_FACE('',(#3505),#3523,.F.);
#3505 = FACE_BOUND('',#3506,.F.);
#3506 = EDGE_LOOP('',(#3507,#3508,#3509,#3517));
#3507 = ORIENTED_EDGE('',*,*,#3485,.F.);
#3508 = ORIENTED_EDGE('',*,*,#2605,.T.);
#3509 = ORIENTED_EDGE('',*,*,#3510,.T.);
#3510 = EDGE_CURVE('',#2597,#3511,#3513,.T.);
#3511 = VERTEX_POINT('',#3512);
#3512 = CARTESIAN_POINT('',(-32.23,-14.9985,27.));
#3513 = LINE('',#3514,#3515);
#3514 = CARTESIAN_POINT('',(-32.23,-14.9985,24.002));
#3515 = VECTOR('',#3516,1.);
#3516 = DIRECTION('',(0.,0.,1.));
#3517 = ORIENTED_EDGE('',*,*,#3518,.F.);
#3518 = EDGE_CURVE('',#3486,#3511,#3519,.T.);
#3519 = LINE('',#3520,#3521);
#3520 = CARTESIAN_POINT('',(-32.23,-18.67075,27.));
#3521 = VECTOR('',#3522,1.);
#3522 = DIRECTION('',(-0.,1.,0.));
#3523 = PLANE('',#3524);
#3524 = AXIS2_PLACEMENT_3D('',#3525,#3526,#3527);
#3525 = CARTESIAN_POINT('',(-32.23,-16.5315,24.002));
#3526 = DIRECTION('',(1.,0.,-0.));
#3527 = DIRECTION('',(0.,0.,1.));
#3528 = ADVANCED_FACE('',(#3529),#3548,.F.);
#3529 = FACE_BOUND('',#3530,.F.);
#3530 = EDGE_LOOP('',(#3531,#3540,#3541,#3542));
#3531 = ORIENTED_EDGE('',*,*,#3532,.F.);
#3532 = EDGE_CURVE('',#3511,#3533,#3535,.T.);
#3533 = VERTEX_POINT('',#3534);
#3534 = CARTESIAN_POINT('',(-33.855,-14.9985,27.));
#3535 = CIRCLE('',#3536,0.8125);
#3536 = AXIS2_PLACEMENT_3D('',#3537,#3538,#3539);
#3537 = CARTESIAN_POINT('',(-33.0425,-14.9985,27.));
#3538 = DIRECTION('',(0.,0.,1.));
#3539 = DIRECTION('',(1.,0.,-0.));
#3540 = ORIENTED_EDGE('',*,*,#3510,.F.);
#3541 = ORIENTED_EDGE('',*,*,#2596,.T.);
#3542 = ORIENTED_EDGE('',*,*,#3543,.T.);
#3543 = EDGE_CURVE('',#2589,#3533,#3544,.T.);
#3544 = LINE('',#3545,#3546);
#3545 = CARTESIAN_POINT('',(-33.855,-14.9985,24.002));
#3546 = VECTOR('',#3547,1.);
#3547 = DIRECTION('',(0.,0.,1.));
#3548 = CYLINDRICAL_SURFACE('',#3549,0.8125);
#3549 = AXIS2_PLACEMENT_3D('',#3550,#3551,#3552);
#3550 = CARTESIAN_POINT('',(-33.0425,-14.9985,24.002));
#3551 = DIRECTION('',(0.,0.,1.));
#3552 = DIRECTION('',(1.,0.,-0.));
#3553 = ADVANCED_FACE('',(#3554),#3565,.T.);
#3554 = FACE_BOUND('',#3555,.T.);
#3555 = EDGE_LOOP('',(#3556,#3557,#3558,#3559));
#3556 = ORIENTED_EDGE('',*,*,#3476,.F.);
#3557 = ORIENTED_EDGE('',*,*,#2588,.T.);
#3558 = ORIENTED_EDGE('',*,*,#3543,.T.);
#3559 = ORIENTED_EDGE('',*,*,#3560,.F.);
#3560 = EDGE_CURVE('',#3477,#3533,#3561,.T.);
#3561 = LINE('',#3562,#3563);
#3562 = CARTESIAN_POINT('',(-33.855,-18.67075,27.));
#3563 = VECTOR('',#3564,1.);
#3564 = DIRECTION('',(-0.,1.,0.));
#3565 = PLANE('',#3566);
#3566 = AXIS2_PLACEMENT_3D('',#3567,#3568,#3569);
#3567 = CARTESIAN_POINT('',(-33.855,-16.5315,24.002));
#3568 = DIRECTION('',(1.,0.,-0.));
#3569 = DIRECTION('',(0.,0.,1.));
#3570 = ADVANCED_FACE('',(#3571),#3582,.T.);
#3571 = FACE_BOUND('',#3572,.T.);
#3572 = EDGE_LOOP('',(#3573,#3579,#3580,#3581));
#3573 = ORIENTED_EDGE('',*,*,#3574,.F.);
#3574 = EDGE_CURVE('',#2814,#2730,#3575,.T.);
#3575 = LINE('',#3576,#3577);
#3576 = CARTESIAN_POINT('',(-6.001,-15.0217618814,24.89));
#3577 = VECTOR('',#3578,1.);
#3578 = DIRECTION('',(1.,0.,0.));
#3579 = ORIENTED_EDGE('',*,*,#2822,.T.);
#3580 = ORIENTED_EDGE('',*,*,#2703,.T.);
#3581 = ORIENTED_EDGE('',*,*,#2738,.F.);
#3582 = PLANE('',#3583);
#3583 = AXIS2_PLACEMENT_3D('',#3584,#3585,#3586);
#3584 = CARTESIAN_POINT('',(-6.501,-20.812,24.89));
#3585 = DIRECTION('',(0.,0.,1.));
#3586 = DIRECTION('',(1.,0.,-0.));
#3587 = ADVANCED_FACE('',(#3588),#3599,.T.);
#3588 = FACE_BOUND('',#3589,.T.);
#3589 = EDGE_LOOP('',(#3590,#3591,#3592,#3598));
#3590 = ORIENTED_EDGE('',*,*,#3574,.T.);
#3591 = ORIENTED_EDGE('',*,*,#2727,.F.);
#3592 = ORIENTED_EDGE('',*,*,#3593,.F.);
#3593 = EDGE_CURVE('',#2812,#2728,#3594,.T.);
#3594 = LINE('',#3595,#3596);
#3595 = CARTESIAN_POINT('',(-6.001,-14.961,24.646475644802));
#3596 = VECTOR('',#3597,1.);
#3597 = DIRECTION('',(1.,0.,0.));
#3598 = ORIENTED_EDGE('',*,*,#2811,.T.);
#3599 = CYLINDRICAL_SURFACE('',#3600,2.986);
#3600 = AXIS2_PLACEMENT_3D('',#3601,#3602,#3603);
#3601 = CARTESIAN_POINT('',(-6.001,-17.886,24.046));
#3602 = DIRECTION('',(1.,0.,0.));
#3603 = DIRECTION('',(-0.,0.,1.));
#3604 = ADVANCED_FACE('',(#3605),#3616,.T.);
#3605 = FACE_BOUND('',#3606,.T.);
#3606 = EDGE_LOOP('',(#3607,#3613,#3614,#3615));
#3607 = ORIENTED_EDGE('',*,*,#3608,.F.);
#3608 = EDGE_CURVE('',#2840,#2764,#3609,.T.);
#3609 = LINE('',#3610,#3611);
#3610 = CARTESIAN_POINT('',(-6.001,-14.961,23.445524355198));
#3611 = VECTOR('',#3612,1.);
#3612 = DIRECTION('',(1.,0.,0.));
#3613 = ORIENTED_EDGE('',*,*,#2848,.T.);
#3614 = ORIENTED_EDGE('',*,*,#3593,.T.);
#3615 = ORIENTED_EDGE('',*,*,#2772,.F.);
#3616 = PLANE('',#3617);
#3617 = AXIS2_PLACEMENT_3D('',#3618,#3619,#3620);
#3618 = CARTESIAN_POINT('',(-6.501,-14.961,23.202));
#3619 = DIRECTION('',(-0.,1.,0.));
#3620 = DIRECTION('',(0.,0.,1.));
#3621 = ADVANCED_FACE('',(#3622),#3633,.T.);
#3622 = FACE_BOUND('',#3623,.T.);
#3623 = EDGE_LOOP('',(#3624,#3625,#3626,#3632));
#3624 = ORIENTED_EDGE('',*,*,#3608,.T.);
#3625 = ORIENTED_EDGE('',*,*,#2763,.F.);
#3626 = ORIENTED_EDGE('',*,*,#3627,.F.);
#3627 = EDGE_CURVE('',#2832,#2756,#3628,.T.);
#3628 = LINE('',#3629,#3630);
#3629 = CARTESIAN_POINT('',(-6.001,-15.0217618814,23.202));
#3630 = VECTOR('',#3631,1.);
#3631 = DIRECTION('',(1.,0.,0.));
#3632 = ORIENTED_EDGE('',*,*,#2839,.T.);
#3633 = CYLINDRICAL_SURFACE('',#3634,2.986);
#3634 = AXIS2_PLACEMENT_3D('',#3635,#3636,#3637);
#3635 = CARTESIAN_POINT('',(-6.001,-17.886,24.046));
#3636 = DIRECTION('',(1.,0.,0.));
#3637 = DIRECTION('',(-0.,0.,1.));
#3638 = ADVANCED_FACE('',(#3639),#3645,.F.);
#3639 = FACE_BOUND('',#3640,.F.);
#3640 = EDGE_LOOP('',(#3641,#3642,#3643,#3644));
#3641 = ORIENTED_EDGE('',*,*,#3627,.F.);
#3642 = ORIENTED_EDGE('',*,*,#2831,.T.);
#3643 = ORIENTED_EDGE('',*,*,#2797,.T.);
#3644 = ORIENTED_EDGE('',*,*,#2755,.F.);
#3645 = PLANE('',#3646);
#3646 = AXIS2_PLACEMENT_3D('',#3647,#3648,#3649);
#3647 = CARTESIAN_POINT('',(-6.501,-20.812,23.202));
#3648 = DIRECTION('',(0.,0.,1.));
#3649 = DIRECTION('',(1.,0.,-0.));
#3650 = ADVANCED_FACE('',(#3651),#3662,.T.);
#3651 = FACE_BOUND('',#3652,.T.);
#3652 = EDGE_LOOP('',(#3653,#3659,#3660,#3661));
#3653 = ORIENTED_EDGE('',*,*,#3654,.F.);
#3654 = EDGE_CURVE('',#2898,#2957,#3655,.T.);
#3655 = LINE('',#3656,#3657);
#3656 = CARTESIAN_POINT('',(7.848,-15.0217618814,24.89));
#3657 = VECTOR('',#3658,1.);
#3658 = DIRECTION('',(1.,0.,0.));
#3659 = ORIENTED_EDGE('',*,*,#2906,.T.);
#3660 = ORIENTED_EDGE('',*,*,#2871,.T.);
#3661 = ORIENTED_EDGE('',*,*,#2965,.F.);
#3662 = PLANE('',#3663);
#3663 = AXIS2_PLACEMENT_3D('',#3664,#3665,#3666);
#3664 = CARTESIAN_POINT('',(7.348,-20.812,24.89));
#3665 = DIRECTION('',(0.,0.,1.));
#3666 = DIRECTION('',(1.,0.,-0.));
#3667 = ADVANCED_FACE('',(#3668),#3679,.T.);
#3668 = FACE_BOUND('',#3669,.T.);
#3669 = EDGE_LOOP('',(#3670,#3671,#3672,#3678));
#3670 = ORIENTED_EDGE('',*,*,#3654,.T.);
#3671 = ORIENTED_EDGE('',*,*,#2954,.F.);
#3672 = ORIENTED_EDGE('',*,*,#3673,.F.);
#3673 = EDGE_CURVE('',#2896,#2955,#3674,.T.);
#3674 = LINE('',#3675,#3676);
#3675 = CARTESIAN_POINT('',(7.848,-14.961,24.646475644802));
#3676 = VECTOR('',#3677,1.);
#3677 = DIRECTION('',(1.,0.,0.));
#3678 = ORIENTED_EDGE('',*,*,#2895,.T.);
#3679 = CYLINDRICAL_SURFACE('',#3680,2.986);
#3680 = AXIS2_PLACEMENT_3D('',#3681,#3682,#3683);
#3681 = CARTESIAN_POINT('',(7.848,-17.886,24.046));
#3682 = DIRECTION('',(1.,0.,0.));
#3683 = DIRECTION('',(-0.,0.,1.));
#3684 = ADVANCED_FACE('',(#3685),#3696,.T.);
#3685 = FACE_BOUND('',#3686,.T.);
#3686 = EDGE_LOOP('',(#3687,#3693,#3694,#3695));
#3687 = ORIENTED_EDGE('',*,*,#3688,.F.);
#3688 = EDGE_CURVE('',#2932,#2991,#3689,.T.);
#3689 = LINE('',#3690,#3691);
#3690 = CARTESIAN_POINT('',(7.848,-14.961,23.445524355198));
#3691 = VECTOR('',#3692,1.);
#3692 = DIRECTION('',(1.,0.,0.));
#3693 = ORIENTED_EDGE('',*,*,#2940,.T.);
#3694 = ORIENTED_EDGE('',*,*,#3673,.T.);
#3695 = ORIENTED_EDGE('',*,*,#2999,.F.);
#3696 = PLANE('',#3697);
#3697 = AXIS2_PLACEMENT_3D('',#3698,#3699,#3700);
#3698 = CARTESIAN_POINT('',(7.348,-14.961,23.202));
#3699 = DIRECTION('',(-0.,1.,0.));
#3700 = DIRECTION('',(0.,0.,1.));
#3701 = ADVANCED_FACE('',(#3702),#3713,.T.);
#3702 = FACE_BOUND('',#3703,.T.);
#3703 = EDGE_LOOP('',(#3704,#3705,#3706,#3712));
#3704 = ORIENTED_EDGE('',*,*,#3688,.T.);
#3705 = ORIENTED_EDGE('',*,*,#2990,.F.);
#3706 = ORIENTED_EDGE('',*,*,#3707,.F.);
#3707 = EDGE_CURVE('',#2924,#2983,#3708,.T.);
#3708 = LINE('',#3709,#3710);
#3709 = CARTESIAN_POINT('',(7.848,-15.0217618814,23.202));
#3710 = VECTOR('',#3711,1.);
#3711 = DIRECTION('',(1.,0.,0.));
#3712 = ORIENTED_EDGE('',*,*,#2931,.T.);
#3713 = CYLINDRICAL_SURFACE('',#3714,2.986);
#3714 = AXIS2_PLACEMENT_3D('',#3715,#3716,#3717);
#3715 = CARTESIAN_POINT('',(7.848,-17.886,24.046));
#3716 = DIRECTION('',(1.,0.,0.));
#3717 = DIRECTION('',(-0.,0.,1.));
#3718 = ADVANCED_FACE('',(#3719),#3725,.F.);
#3719 = FACE_BOUND('',#3720,.F.);
#3720 = EDGE_LOOP('',(#3721,#3722,#3723,#3724));
#3721 = ORIENTED_EDGE('',*,*,#3707,.F.);
#3722 = ORIENTED_EDGE('',*,*,#2923,.T.);
#3723 = ORIENTED_EDGE('',*,*,#3016,.T.);
#3724 = ORIENTED_EDGE('',*,*,#2982,.F.);
#3725 = PLANE('',#3726);
#3726 = AXIS2_PLACEMENT_3D('',#3727,#3728,#3729);
#3727 = CARTESIAN_POINT('',(7.348,-20.812,23.202));
#3728 = DIRECTION('',(0.,0.,1.));
#3729 = DIRECTION('',(1.,0.,-0.));
#3730 = ADVANCED_FACE('',(#3731),#3737,.T.);
#3731 = FACE_BOUND('',#3732,.T.);
#3732 = EDGE_LOOP('',(#3733,#3734,#3735,#3736));
#3733 = ORIENTED_EDGE('',*,*,#3039,.F.);
#3734 = ORIENTED_EDGE('',*,*,#3111,.T.);
#3735 = ORIENTED_EDGE('',*,*,#3096,.F.);
#3736 = ORIENTED_EDGE('',*,*,#3062,.F.);
#3737 = PLANE('',#3738);
#3738 = AXIS2_PLACEMENT_3D('',#3739,#3740,#3741);
#3739 = CARTESIAN_POINT('',(-36.93,-9.6616,22.2239));
#3740 = DIRECTION('',(-1.,-0.,-0.));
#3741 = DIRECTION('',(0.,0.,-1.));
#3742 = ADVANCED_FACE('',(#3743,#3749,#3763,#3769,#3775,#3781),#3787,.T.
  );
#3743 = FACE_BOUND('',#3744,.T.);
#3744 = EDGE_LOOP('',(#3745,#3746,#3747,#3748));
#3745 = ORIENTED_EDGE('',*,*,#692,.F.);
#3746 = ORIENTED_EDGE('',*,*,#757,.T.);
#3747 = ORIENTED_EDGE('',*,*,#973,.T.);
#3748 = ORIENTED_EDGE('',*,*,#855,.F.);
#3749 = FACE_BOUND('',#3750,.T.);
#3750 = EDGE_LOOP('',(#3751,#3752,#3753,#3754,#3755,#3756,#3757,#3758,
    #3759,#3760,#3761,#3762));
#3751 = ORIENTED_EDGE('',*,*,#85,.F.);
#3752 = ORIENTED_EDGE('',*,*,#2274,.F.);
#3753 = ORIENTED_EDGE('',*,*,#2663,.F.);
#3754 = ORIENTED_EDGE('',*,*,#534,.T.);
#3755 = ORIENTED_EDGE('',*,*,#2680,.T.);
#3756 = ORIENTED_EDGE('',*,*,#2621,.F.);
#3757 = ORIENTED_EDGE('',*,*,#480,.T.);
#3758 = ORIENTED_EDGE('',*,*,#2646,.T.);
#3759 = ORIENTED_EDGE('',*,*,#2475,.T.);
#3760 = ORIENTED_EDGE('',*,*,#417,.F.);
#3761 = ORIENTED_EDGE('',*,*,#2444,.F.);
#3762 = ORIENTED_EDGE('',*,*,#2305,.T.);
#3763 = FACE_BOUND('',#3764,.T.);
#3764 = EDGE_LOOP('',(#3765,#3766,#3767,#3768));
#3765 = ORIENTED_EDGE('',*,*,#3493,.F.);
#3766 = ORIENTED_EDGE('',*,*,#3560,.T.);
#3767 = ORIENTED_EDGE('',*,*,#3532,.F.);
#3768 = ORIENTED_EDGE('',*,*,#3518,.F.);
#3769 = FACE_BOUND('',#3770,.T.);
#3770 = EDGE_LOOP('',(#3771,#3772,#3773,#3774));
#3771 = ORIENTED_EDGE('',*,*,#3261,.F.);
#3772 = ORIENTED_EDGE('',*,*,#3286,.T.);
#3773 = ORIENTED_EDGE('',*,*,#3300,.F.);
#3774 = ORIENTED_EDGE('',*,*,#3346,.F.);
#3775 = FACE_BOUND('',#3776,.T.);
#3776 = EDGE_LOOP('',(#3777,#3778,#3779,#3780));
#3777 = ORIENTED_EDGE('',*,*,#3377,.F.);
#3778 = ORIENTED_EDGE('',*,*,#3402,.T.);
#3779 = ORIENTED_EDGE('',*,*,#3416,.F.);
#3780 = ORIENTED_EDGE('',*,*,#3462,.F.);
#3781 = FACE_BOUND('',#3782,.T.);
#3782 = EDGE_LOOP('',(#3783,#3784,#3785,#3786));
#3783 = ORIENTED_EDGE('',*,*,#3145,.F.);
#3784 = ORIENTED_EDGE('',*,*,#3188,.T.);
#3785 = ORIENTED_EDGE('',*,*,#3202,.F.);
#3786 = ORIENTED_EDGE('',*,*,#3230,.F.);
#3787 = PLANE('',#3788);
#3788 = AXIS2_PLACEMENT_3D('',#3789,#3790,#3791);
#3789 = CARTESIAN_POINT('',(-36.93,-23.,27.));
#3790 = DIRECTION('',(0.,0.,1.));
#3791 = DIRECTION('',(1.,0.,-0.));
#3792 = ( GEOMETRIC_REPRESENTATION_CONTEXT(3) 
GLOBAL_UNCERTAINTY_ASSIGNED_CONTEXT((#3796)) 
GLOBAL_UNIT_ASSIGNED_CONTEXT((#3793,#3794,#3795)) REPRESENTATION_CONTEXT
('Context #1','3D Context with UNIT and UNCERTAINTY') );
#3793 = ( LENGTH_UNIT() NAMED_UNIT(*) SI_UNIT(.MILLI.,.METRE.) );
#3794 = ( NAMED_UNIT(*) PLANE_ANGLE_UNIT() SI_UNIT($,.RADIAN.) );
#3795 = ( NAMED_UNIT(*) SI_UNIT($,.STERADIAN.) SOLID_ANGLE_UNIT() );
#3796 = UNCERTAINTY_MEASURE_WITH_UNIT(LENGTH_MEASURE(2.E-07),#3793,
  'distance_accuracy_value','confusion accuracy');
#3797 = CONTEXT_DEPENDENT_SHAPE_REPRESENTATION(#3798,#3800);
#3798 = ( REPRESENTATION_RELATIONSHIP('','',#36,#10) 
REPRESENTATION_RELATIONSHIP_WITH_TRANSFORMATION(#3799) 
SHAPE_REPRESENTATION_RELATIONSHIP() );
#3799 = ITEM_DEFINED_TRANSFORMATION('','',#11,#15);
#3800 = PRODUCT_DEFINITION_SHAPE('Placement','Placement of an item',
  #3801);
#3801 = NEXT_ASSEMBLY_USAGE_OCCURRENCE('1','Scatola','',#5,#31,$);
#3802 = PRODUCT_RELATED_PRODUCT_CATEGORY('part',$,(#33));
#3803 = SHAPE_DEFINITION_REPRESENTATION(#3804,#3810);
#3804 = PRODUCT_DEFINITION_SHAPE('','',#3805);
#3805 = PRODUCT_DEFINITION('design','',#3806,#3809);
#3806 = PRODUCT_DEFINITION_FORMATION('','',#3807);
#3807 = PRODUCT('Coperchio','Coperchio','',(#3808));
#3808 = PRODUCT_CONTEXT('',#2,'mechanical');
#3809 = PRODUCT_DEFINITION_CONTEXT('part definition',#2,'design');
#3810 = ADVANCED_BREP_SHAPE_REPRESENTATION('',(#11,#3811),#5246);
#3811 = MANIFOLD_SOLID_BREP('',#3812);
#3812 = CLOSED_SHELL('',(#3813,#3853,#3884,#3917,#4357,#4381,#4398,#4423
    ,#4591,#4609,#4631,#4648,#4665,#4677,#4708,#4732,#4756,#4773,#4795,
    #4812,#4829,#4841,#4869,#4897,#4919,#4936,#4953,#4965,#4987,#5004,
    #5021,#5033,#5045,#5191,#5200,#5209,#5237));
#3813 = ADVANCED_FACE('',(#3814),#3848,.F.);
#3814 = FACE_BOUND('',#3815,.F.);
#3815 = EDGE_LOOP('',(#3816,#3826,#3834,#3842));
#3816 = ORIENTED_EDGE('',*,*,#3817,.F.);
#3817 = EDGE_CURVE('',#3818,#3820,#3822,.T.);
#3818 = VERTEX_POINT('',#3819);
#3819 = CARTESIAN_POINT('',(-36.93,-23.,1.5));
#3820 = VERTEX_POINT('',#3821);
#3821 = CARTESIAN_POINT('',(-36.93,-23.,2.5));
#3822 = LINE('',#3823,#3824);
#3823 = CARTESIAN_POINT('',(-36.93,-23.,0.));
#3824 = VECTOR('',#3825,1.);
#3825 = DIRECTION('',(0.,0.,1.));
#3826 = ORIENTED_EDGE('',*,*,#3827,.T.);
#3827 = EDGE_CURVE('',#3818,#3828,#3830,.T.);
#3828 = VERTEX_POINT('',#3829);
#3829 = CARTESIAN_POINT('',(-36.93,23.,1.5));
#3830 = LINE('',#3831,#3832);
#3831 = CARTESIAN_POINT('',(-36.93,-23.,1.5));
#3832 = VECTOR('',#3833,1.);
#3833 = DIRECTION('',(-0.,1.,0.));
#3834 = ORIENTED_EDGE('',*,*,#3835,.T.);
#3835 = EDGE_CURVE('',#3828,#3836,#3838,.T.);
#3836 = VERTEX_POINT('',#3837);
#3837 = CARTESIAN_POINT('',(-36.93,23.,2.5));
#3838 = LINE('',#3839,#3840);
#3839 = CARTESIAN_POINT('',(-36.93,23.,0.));
#3840 = VECTOR('',#3841,1.);
#3841 = DIRECTION('',(0.,0.,1.));
#3842 = ORIENTED_EDGE('',*,*,#3843,.F.);
#3843 = EDGE_CURVE('',#3820,#3836,#3844,.T.);
#3844 = LINE('',#3845,#3846);
#3845 = CARTESIAN_POINT('',(-36.93,-23.,2.5));
#3846 = VECTOR('',#3847,1.);
#3847 = DIRECTION('',(-0.,1.,0.));
#3848 = PLANE('',#3849);
#3849 = AXIS2_PLACEMENT_3D('',#3850,#3851,#3852);
#3850 = CARTESIAN_POINT('',(-36.93,-23.,0.));
#3851 = DIRECTION('',(1.,0.,-0.));
#3852 = DIRECTION('',(0.,0.,1.));
#3853 = ADVANCED_FACE('',(#3854),#3879,.F.);
#3854 = FACE_BOUND('',#3855,.F.);
#3855 = EDGE_LOOP('',(#3856,#3866,#3872,#3873));
#3856 = ORIENTED_EDGE('',*,*,#3857,.F.);
#3857 = EDGE_CURVE('',#3858,#3860,#3862,.T.);
#3858 = VERTEX_POINT('',#3859);
#3859 = CARTESIAN_POINT('',(36.93,-23.,1.5));
#3860 = VERTEX_POINT('',#3861);
#3861 = CARTESIAN_POINT('',(36.93,-23.,2.5));
#3862 = LINE('',#3863,#3864);
#3863 = CARTESIAN_POINT('',(36.93,-23.,0.));
#3864 = VECTOR('',#3865,1.);
#3865 = DIRECTION('',(0.,0.,1.));
#3866 = ORIENTED_EDGE('',*,*,#3867,.F.);
#3867 = EDGE_CURVE('',#3818,#3858,#3868,.T.);
#3868 = LINE('',#3869,#3870);
#3869 = CARTESIAN_POINT('',(-36.93,-23.,1.5));
#3870 = VECTOR('',#3871,1.);
#3871 = DIRECTION('',(1.,0.,-0.));
#3872 = ORIENTED_EDGE('',*,*,#3817,.T.);
#3873 = ORIENTED_EDGE('',*,*,#3874,.T.);
#3874 = EDGE_CURVE('',#3820,#3860,#3875,.T.);
#3875 = LINE('',#3876,#3877);
#3876 = CARTESIAN_POINT('',(-36.93,-23.,2.5));
#3877 = VECTOR('',#3878,1.);
#3878 = DIRECTION('',(1.,0.,-0.));
#3879 = PLANE('',#3880);
#3880 = AXIS2_PLACEMENT_3D('',#3881,#3882,#3883);
#3881 = CARTESIAN_POINT('',(-36.93,-23.,0.));
#3882 = DIRECTION('',(-0.,1.,0.));
#3883 = DIRECTION('',(0.,0.,1.));
#3884 = ADVANCED_FACE('',(#3885),#3912,.T.);
#3885 = FACE_BOUND('',#3886,.F.);
#3886 = EDGE_LOOP('',(#3887,#3896,#3904,#3911));
#3887 = ORIENTED_EDGE('',*,*,#3888,.T.);
#3888 = EDGE_CURVE('',#3818,#3889,#3891,.T.);
#3889 = VERTEX_POINT('',#3890);
#3890 = CARTESIAN_POINT('',(-35.43,-21.5,-2.22044604925E-16));
#3891 = ELLIPSE('',#3892,2.12132034356,1.5);
#3892 = AXIS2_PLACEMENT_3D('',#3893,#3894,#3895);
#3893 = CARTESIAN_POINT('',(-35.43,-21.5,1.5));
#3894 = DIRECTION('',(0.707106781187,-0.707106781187,-0.));
#3895 = DIRECTION('',(0.707106781187,0.707106781187,0.));
#3896 = ORIENTED_EDGE('',*,*,#3897,.T.);
#3897 = EDGE_CURVE('',#3889,#3898,#3900,.T.);
#3898 = VERTEX_POINT('',#3899);
#3899 = CARTESIAN_POINT('',(-35.43,21.5,-2.22044604925E-16));
#3900 = LINE('',#3901,#3902);
#3901 = CARTESIAN_POINT('',(-35.43,-23.,-2.22044604925E-16));
#3902 = VECTOR('',#3903,1.);
#3903 = DIRECTION('',(-0.,1.,0.));
#3904 = ORIENTED_EDGE('',*,*,#3905,.F.);
#3905 = EDGE_CURVE('',#3828,#3898,#3906,.T.);
#3906 = ELLIPSE('',#3907,2.12132034356,1.5);
#3907 = AXIS2_PLACEMENT_3D('',#3908,#3909,#3910);
#3908 = CARTESIAN_POINT('',(-35.43,21.5,1.5));
#3909 = DIRECTION('',(-0.707106781187,-0.707106781187,-0.));
#3910 = DIRECTION('',(-0.707106781187,0.707106781187,0.));
#3911 = ORIENTED_EDGE('',*,*,#3827,.F.);
#3912 = CYLINDRICAL_SURFACE('',#3913,1.5);
#3913 = AXIS2_PLACEMENT_3D('',#3914,#3915,#3916);
#3914 = CARTESIAN_POINT('',(-35.43,-23.,1.5));
#3915 = DIRECTION('',(-0.,1.,0.));
#3916 = DIRECTION('',(-1.,-0.,0.));
#3917 = ADVANCED_FACE('',(#3918,#3936,#3972,#4006,#4042,#4161,#4280,
    #4316),#4352,.T.);
#3918 = FACE_BOUND('',#3919,.T.);
#3919 = EDGE_LOOP('',(#3920,#3921,#3922,#3930));
#3920 = ORIENTED_EDGE('',*,*,#3843,.F.);
#3921 = ORIENTED_EDGE('',*,*,#3874,.T.);
#3922 = ORIENTED_EDGE('',*,*,#3923,.T.);
#3923 = EDGE_CURVE('',#3860,#3924,#3926,.T.);
#3924 = VERTEX_POINT('',#3925);
#3925 = CARTESIAN_POINT('',(36.93,23.,2.5));
#3926 = LINE('',#3927,#3928);
#3927 = CARTESIAN_POINT('',(36.93,-23.,2.5));
#3928 = VECTOR('',#3929,1.);
#3929 = DIRECTION('',(-0.,1.,0.));
#3930 = ORIENTED_EDGE('',*,*,#3931,.F.);
#3931 = EDGE_CURVE('',#3836,#3924,#3932,.T.);
#3932 = LINE('',#3933,#3934);
#3933 = CARTESIAN_POINT('',(-36.93,23.,2.5));
#3934 = VECTOR('',#3935,1.);
#3935 = DIRECTION('',(1.,0.,-0.));
#3936 = FACE_BOUND('',#3937,.T.);
#3937 = EDGE_LOOP('',(#3938,#3949,#3957,#3966));
#3938 = ORIENTED_EDGE('',*,*,#3939,.F.);
#3939 = EDGE_CURVE('',#3940,#3942,#3944,.T.);
#3940 = VERTEX_POINT('',#3941);
#3941 = CARTESIAN_POINT('',(-34.01652243243,-17.09984648648,2.5));
#3942 = VERTEX_POINT('',#3943);
#3943 = CARTESIAN_POINT('',(-32.0682154054,-17.09984648648,2.5));
#3944 = CIRCLE('',#3945,0.974153513514);
#3945 = AXIS2_PLACEMENT_3D('',#3946,#3947,#3948);
#3946 = CARTESIAN_POINT('',(-33.04236891891,-17.09984648648,2.5));
#3947 = DIRECTION('',(0.,0.,1.));
#3948 = DIRECTION('',(1.,0.,-0.));
#3949 = ORIENTED_EDGE('',*,*,#3950,.T.);
#3950 = EDGE_CURVE('',#3940,#3951,#3953,.T.);
#3951 = VERTEX_POINT('',#3952);
#3952 = CARTESIAN_POINT('',(-34.01652243243,-15.75715351351,2.5));
#3953 = LINE('',#3954,#3955);
#3954 = CARTESIAN_POINT('',(-34.01652243243,-20.04992324324,2.5));
#3955 = VECTOR('',#3956,1.);
#3956 = DIRECTION('',(-0.,1.,0.));
#3957 = ORIENTED_EDGE('',*,*,#3958,.F.);
#3958 = EDGE_CURVE('',#3959,#3951,#3961,.T.);
#3959 = VERTEX_POINT('',#3960);
#3960 = CARTESIAN_POINT('',(-32.0682154054,-15.75715351351,2.5));
#3961 = CIRCLE('',#3962,0.974153513514);
#3962 = AXIS2_PLACEMENT_3D('',#3963,#3964,#3965);
#3963 = CARTESIAN_POINT('',(-33.04236891891,-15.75715351351,2.5));
#3964 = DIRECTION('',(0.,0.,1.));
#3965 = DIRECTION('',(1.,0.,-0.));
#3966 = ORIENTED_EDGE('',*,*,#3967,.F.);
#3967 = EDGE_CURVE('',#3942,#3959,#3968,.T.);
#3968 = LINE('',#3969,#3970);
#3969 = CARTESIAN_POINT('',(-32.0682154054,-20.04992324324,2.5));
#3970 = VECTOR('',#3971,1.);
#3971 = DIRECTION('',(-0.,1.,0.));
#3972 = FACE_BOUND('',#3973,.T.);
#3973 = EDGE_LOOP('',(#3974,#3984,#3992,#4000));
#3974 = ORIENTED_EDGE('',*,*,#3975,.T.);
#3975 = EDGE_CURVE('',#3976,#3978,#3980,.T.);
#3976 = VERTEX_POINT('',#3977);
#3977 = CARTESIAN_POINT('',(-15.23112972973,-17.067,2.5));
#3978 = VERTEX_POINT('',#3979);
#3979 = CARTESIAN_POINT('',(-27.23837027027,-17.067,2.5));
#3980 = LINE('',#3981,#3982);
#3981 = CARTESIAN_POINT('',(-32.08418513513,-17.067,2.5));
#3982 = VECTOR('',#3983,1.);
#3983 = DIRECTION('',(-1.,-0.,0.));
#3984 = ORIENTED_EDGE('',*,*,#3985,.T.);
#3985 = EDGE_CURVE('',#3978,#3986,#3988,.T.);
#3986 = VERTEX_POINT('',#3987);
#3987 = CARTESIAN_POINT('',(-27.23837027027,-4.202,2.5));
#3988 = LINE('',#3989,#3990);
#3989 = CARTESIAN_POINT('',(-27.23837027027,-20.0335,2.5));
#3990 = VECTOR('',#3991,1.);
#3991 = DIRECTION('',(-0.,1.,0.));
#3992 = ORIENTED_EDGE('',*,*,#3993,.F.);
#3993 = EDGE_CURVE('',#3994,#3986,#3996,.T.);
#3994 = VERTEX_POINT('',#3995);
#3995 = CARTESIAN_POINT('',(-15.23112972973,-4.202,2.5));
#3996 = LINE('',#3997,#3998);
#3997 = CARTESIAN_POINT('',(-32.08418513513,-4.202,2.5));
#3998 = VECTOR('',#3999,1.);
#3999 = DIRECTION('',(-1.,-0.,0.));
#4000 = ORIENTED_EDGE('',*,*,#4001,.F.);
#4001 = EDGE_CURVE('',#3976,#3994,#4002,.T.);
#4002 = LINE('',#4003,#4004);
#4003 = CARTESIAN_POINT('',(-15.23112972973,-20.0335,2.5));
#4004 = VECTOR('',#4005,1.);
#4005 = DIRECTION('',(-0.,1.,0.));
#4006 = FACE_BOUND('',#4007,.T.);
#4007 = EDGE_LOOP('',(#4008,#4019,#4027,#4036));
#4008 = ORIENTED_EDGE('',*,*,#4009,.F.);
#4009 = EDGE_CURVE('',#4010,#4012,#4014,.T.);
#4010 = VERTEX_POINT('',#4011);
#4011 = CARTESIAN_POINT('',(32.068215405405,-17.09984648648,2.5));
#4012 = VERTEX_POINT('',#4013);
#4013 = CARTESIAN_POINT('',(34.016522432432,-17.09984648648,2.5));
#4014 = CIRCLE('',#4015,0.974153513514);
#4015 = AXIS2_PLACEMENT_3D('',#4016,#4017,#4018);
#4016 = CARTESIAN_POINT('',(33.042368918919,-17.09984648648,2.5));
#4017 = DIRECTION('',(0.,0.,1.));
#4018 = DIRECTION('',(1.,0.,-0.));
#4019 = ORIENTED_EDGE('',*,*,#4020,.T.);
#4020 = EDGE_CURVE('',#4010,#4021,#4023,.T.);
#4021 = VERTEX_POINT('',#4022);
#4022 = CARTESIAN_POINT('',(32.068215405405,-15.75715351351,2.5));
#4023 = LINE('',#4024,#4025);
#4024 = CARTESIAN_POINT('',(32.068215405405,-20.04992324324,2.5));
#4025 = VECTOR('',#4026,1.);
#4026 = DIRECTION('',(-0.,1.,0.));
#4027 = ORIENTED_EDGE('',*,*,#4028,.F.);
#4028 = EDGE_CURVE('',#4029,#4021,#4031,.T.);
#4029 = VERTEX_POINT('',#4030);
#4030 = CARTESIAN_POINT('',(34.016522432432,-15.75715351351,2.5));
#4031 = CIRCLE('',#4032,0.974153513514);
#4032 = AXIS2_PLACEMENT_3D('',#4033,#4034,#4035);
#4033 = CARTESIAN_POINT('',(33.042368918919,-15.75715351351,2.5));
#4034 = DIRECTION('',(0.,0.,1.));
#4035 = DIRECTION('',(1.,0.,-0.));
#4036 = ORIENTED_EDGE('',*,*,#4037,.F.);
#4037 = EDGE_CURVE('',#4012,#4029,#4038,.T.);
#4038 = LINE('',#4039,#4040);
#4039 = CARTESIAN_POINT('',(34.016522432432,-20.04992324324,2.5));
#4040 = VECTOR('',#4041,1.);
#4041 = DIRECTION('',(-0.,1.,0.));
#4042 = FACE_BOUND('',#4043,.T.);
#4043 = EDGE_LOOP('',(#4044));
#4044 = ORIENTED_EDGE('',*,*,#4045,.F.);
#4045 = EDGE_CURVE('',#4046,#4046,#4048,.T.);
#4046 = VERTEX_POINT('',#4047);
#4047 = CARTESIAN_POINT('',(23.08125,-2.223,2.5));
#4048 = B_SPLINE_CURVE_WITH_KNOTS('',6,(#4049,#4050,#4051,#4052,#4053,
    #4054,#4055,#4056,#4057,#4058,#4059,#4060,#4061,#4062,#4063,#4064,
    #4065,#4066,#4067,#4068,#4069,#4070,#4071,#4072,#4073,#4074,#4075,
    #4076,#4077,#4078,#4079,#4080,#4081,#4082,#4083,#4084,#4085,#4086,
    #4087,#4088,#4089,#4090,#4091,#4092,#4093,#4094,#4095,#4096,#4097,
    #4098,#4099,#4100,#4101,#4102,#4103,#4104,#4105,#4106,#4107,#4108,
    #4109,#4110,#4111,#4112,#4113,#4114,#4115,#4116,#4117,#4118,#4119,
    #4120,#4121,#4122,#4123,#4124,#4125,#4126,#4127,#4128,#4129,#4130,
    #4131,#4132,#4133,#4134,#4135,#4136,#4137,#4138,#4139,#4140,#4141,
    #4142,#4143,#4144,#4145,#4146,#4147,#4148,#4149,#4150,#4151,#4152,
    #4153,#4154,#4155,#4156,#4157,#4158,#4159,#4160),.UNSPECIFIED.,.T.,
  .F.,(7,5,5,5,5,5,5,5,5,5,5,5,5,5,5,5,5,5,5,5,5,5,7),(0.,
    7.744155581934E-02,0.118149592848,0.160347699249,0.18771919778,
    0.249997311096,0.312275424411,0.339646922942,0.381845029343,
    0.422553066372,0.447165831347,0.5,0.552834168653,0.577446933628,
    0.618154970657,0.660353077057,0.687724575589,0.750002688904,
    0.81228080222,0.839652300751,0.881850407152,0.922558444181,1.),
  .UNSPECIFIED.);
#4049 = CARTESIAN_POINT('',(23.08125,-2.223,2.5));
#4050 = CARTESIAN_POINT('',(22.966044995654,-2.223,2.5));
#4051 = CARTESIAN_POINT('',(22.850815664132,-2.23530008039,2.5));
#4052 = CARTESIAN_POINT('',(22.737191469392,-2.259909152652,2.5));
#4053 = CARTESIAN_POINT('',(22.62669623912,-2.29644389562,2.5));
#4054 = CARTESIAN_POINT('',(22.520728969243,-2.344251708357,2.5));
#4055 = CARTESIAN_POINT('',(22.367861213765,-2.432960675208,2.5));
#4056 = CARTESIAN_POINT('',(22.316777621723,-2.466385870718,2.5));
#4057 = CARTESIAN_POINT('',(22.267454799189,-2.502541316742,2.5));
#4058 = CARTESIAN_POINT('',(22.220048976607,-2.541282176905,2.5));
#4059 = CARTESIAN_POINT('',(22.174699446647,-2.582452461416,2.5));
#4060 = CARTESIAN_POINT('',(22.08677976917,-2.670913720542,2.5));
#4061 = CARTESIAN_POINT('',(22.04437153857,-2.718374155605,2.5));
#4062 = CARTESIAN_POINT('',(22.00444186994,-2.768087201043,2.5));
#4063 = CARTESIAN_POINT('',(21.967107649491,-2.819863522597,2.5));
#4064 = CARTESIAN_POINT('',(21.932467843256,-2.873509146136,2.5));
#4065 = CARTESIAN_POINT('',(21.879938311957,-2.96471003295,2.5));
#4066 = CARTESIAN_POINT('',(21.860439640922,-3.00129624829,2.5));
#4067 = CARTESIAN_POINT('',(21.842132001169,-3.038533059287,2.5));
#4068 = CARTESIAN_POINT('',(21.825035205348,-3.076366804474,2.5));
#4069 = CARTESIAN_POINT('',(21.80916642028,-3.114743660207,2.5));
#4070 = CARTESIAN_POINT('',(21.761261190259,-3.242041040679,2.5));
#4071 = CARTESIAN_POINT('',(21.734415417218,-3.333003862876,2.5));
#4072 = CARTESIAN_POINT('',(21.714173730335,-3.425864813287,2.5));
#4073 = CARTESIAN_POINT('',(21.700644598111,-3.519989463453,2.5));
#4074 = CARTESIAN_POINT('',(21.69387972973,-3.614744504298,2.5));
#4075 = CARTESIAN_POINT('',(21.69387972973,-3.804255495702,2.5));
#4076 = CARTESIAN_POINT('',(21.700644598111,-3.899010536547,2.5));
#4077 = CARTESIAN_POINT('',(21.714173730335,-3.993135186713,2.5));
#4078 = CARTESIAN_POINT('',(21.734415417218,-4.085996137124,2.5));
#4079 = CARTESIAN_POINT('',(21.761261190259,-4.17695895932,2.5));
#4080 = CARTESIAN_POINT('',(21.80916642028,-4.304256339793,2.5));
#4081 = CARTESIAN_POINT('',(21.825035205348,-4.342633195526,2.5));
#4082 = CARTESIAN_POINT('',(21.842132001169,-4.380466940713,2.5));
#4083 = CARTESIAN_POINT('',(21.860439640922,-4.41770375171,2.5));
#4084 = CARTESIAN_POINT('',(21.879938311957,-4.45428996705,2.5));
#4085 = CARTESIAN_POINT('',(21.932467843255,-4.545490853864,2.5));
#4086 = CARTESIAN_POINT('',(21.967107649491,-4.599136477403,2.5));
#4087 = CARTESIAN_POINT('',(22.00444186994,-4.650912798957,2.5));
#4088 = CARTESIAN_POINT('',(22.04437153857,-4.700625844395,2.5));
#4089 = CARTESIAN_POINT('',(22.08677976917,-4.748086279458,2.5));
#4090 = CARTESIAN_POINT('',(22.174699446646,-4.836547538583,2.5));
#4091 = CARTESIAN_POINT('',(22.220048976607,-4.877717823094,2.5));
#4092 = CARTESIAN_POINT('',(22.267454799188,-4.916458683258,2.5));
#4093 = CARTESIAN_POINT('',(22.316777621722,-4.952614129282,2.5));
#4094 = CARTESIAN_POINT('',(22.367861213765,-4.986039324792,2.5));
#4095 = CARTESIAN_POINT('',(22.452376480788,-5.035083428287,2.5));
#4096 = CARTESIAN_POINT('',(22.484801841436,-5.05251753639,2.5));
#4097 = CARTESIAN_POINT('',(22.51776890442,-5.068877068317,2.5));
#4098 = CARTESIAN_POINT('',(22.551237235755,-5.084135522008,2.5));
#4099 = CARTESIAN_POINT('',(22.585164419662,-5.098268844437,2.5));
#4100 = CARTESIAN_POINT('',(22.69322438901,-5.139132654557,2.5));
#4101 = CARTESIAN_POINT('',(22.768857074067,-5.161727523488,2.5));
#4102 = CARTESIAN_POINT('',(22.845957619986,-5.178824842651,2.5));
#4103 = CARTESIAN_POINT('',(22.924054062483,-5.190274966429,2.5));
#4104 = CARTESIAN_POINT('',(23.002654062172,-5.196,2.5));
#4105 = CARTESIAN_POINT('',(23.159845937828,-5.196,2.5));
#4106 = CARTESIAN_POINT('',(23.238445937517,-5.190274966429,2.5));
#4107 = CARTESIAN_POINT('',(23.316542380014,-5.178824842651,2.5));
#4108 = CARTESIAN_POINT('',(23.393642925932,-5.161727523488,2.5));
#4109 = CARTESIAN_POINT('',(23.469275610989,-5.139132654557,2.5));
#4110 = CARTESIAN_POINT('',(23.577335580338,-5.098268844437,2.5));
#4111 = CARTESIAN_POINT('',(23.611262764245,-5.084135522008,2.5));
#4112 = CARTESIAN_POINT('',(23.64473109558,-5.068877068317,2.5));
#4113 = CARTESIAN_POINT('',(23.677698158564,-5.05251753639,2.5));
#4114 = CARTESIAN_POINT('',(23.710123519212,-5.035083428287,2.5));
#4115 = CARTESIAN_POINT('',(23.794638786235,-4.986039324792,2.5));
#4116 = CARTESIAN_POINT('',(23.845722378277,-4.952614129282,2.5));
#4117 = CARTESIAN_POINT('',(23.895045200811,-4.916458683258,2.5));
#4118 = CARTESIAN_POINT('',(23.942451023393,-4.877717823095,2.5));
#4119 = CARTESIAN_POINT('',(23.987800553353,-4.836547538584,2.5));
#4120 = CARTESIAN_POINT('',(24.07572023083,-4.748086279458,2.5));
#4121 = CARTESIAN_POINT('',(24.118128461429,-4.700625844395,2.5));
#4122 = CARTESIAN_POINT('',(24.15805813006,-4.650912798957,2.5));
#4123 = CARTESIAN_POINT('',(24.195392350509,-4.599136477403,2.5));
#4124 = CARTESIAN_POINT('',(24.230032156744,-4.545490853864,2.5));
#4125 = CARTESIAN_POINT('',(24.282561688043,-4.45428996705,2.5));
#4126 = CARTESIAN_POINT('',(24.302060359078,-4.417703751711,2.5));
#4127 = CARTESIAN_POINT('',(24.320367998831,-4.380466940713,2.5));
#4128 = CARTESIAN_POINT('',(24.337464794652,-4.342633195526,2.5));
#4129 = CARTESIAN_POINT('',(24.35333357972,-4.304256339793,2.5));
#4130 = CARTESIAN_POINT('',(24.401238809741,-4.176958959321,2.5));
#4131 = CARTESIAN_POINT('',(24.428084582782,-4.085996137124,2.5));
#4132 = CARTESIAN_POINT('',(24.448326269665,-3.993135186714,2.5));
#4133 = CARTESIAN_POINT('',(24.461855401889,-3.899010536547,2.5));
#4134 = CARTESIAN_POINT('',(24.46862027027,-3.804255495702,2.5));
#4135 = CARTESIAN_POINT('',(24.46862027027,-3.614744504299,2.5));
#4136 = CARTESIAN_POINT('',(24.461855401889,-3.519989463453,2.5));
#4137 = CARTESIAN_POINT('',(24.448326269665,-3.425864813287,2.5));
#4138 = CARTESIAN_POINT('',(24.428084582782,-3.333003862876,2.5));
#4139 = CARTESIAN_POINT('',(24.401238809741,-3.24204104068,2.5));
#4140 = CARTESIAN_POINT('',(24.35333357972,-3.114743660207,2.5));
#4141 = CARTESIAN_POINT('',(24.337464794652,-3.076366804474,2.5));
#4142 = CARTESIAN_POINT('',(24.320367998831,-3.038533059287,2.5));
#4143 = CARTESIAN_POINT('',(24.302060359078,-3.00129624829,2.5));
#4144 = CARTESIAN_POINT('',(24.282561688043,-2.96471003295,2.5));
#4145 = CARTESIAN_POINT('',(24.230032156745,-2.873509146136,2.5));
#4146 = CARTESIAN_POINT('',(24.195392350509,-2.819863522597,2.5));
#4147 = CARTESIAN_POINT('',(24.15805813006,-2.768087201043,2.5));
#4148 = CARTESIAN_POINT('',(24.11812846143,-2.718374155605,2.5));
#4149 = CARTESIAN_POINT('',(24.07572023083,-2.670913720542,2.5));
#4150 = CARTESIAN_POINT('',(23.987800553354,-2.582452461417,2.5));
#4151 = CARTESIAN_POINT('',(23.942451023393,-2.541282176906,2.5));
#4152 = CARTESIAN_POINT('',(23.895045200812,-2.502541316742,2.5));
#4153 = CARTESIAN_POINT('',(23.845722378278,-2.466385870718,2.5));
#4154 = CARTESIAN_POINT('',(23.794638786235,-2.432960675208,2.5));
#4155 = CARTESIAN_POINT('',(23.641771030758,-2.344251708357,2.5));
#4156 = CARTESIAN_POINT('',(23.53580376088,-2.29644389562,2.5));
#4157 = CARTESIAN_POINT('',(23.425308530608,-2.259909152652,2.5));
#4158 = CARTESIAN_POINT('',(23.311684335868,-2.23530008039,2.5));
#4159 = CARTESIAN_POINT('',(23.196455004346,-2.223,2.5));
#4160 = CARTESIAN_POINT('',(23.08125,-2.223,2.5));
#4161 = FACE_BOUND('',#4162,.T.);
#4162 = EDGE_LOOP('',(#4163));
#4163 = ORIENTED_EDGE('',*,*,#4164,.F.);
#4164 = EDGE_CURVE('',#4165,#4165,#4167,.T.);
#4165 = VERTEX_POINT('',#4166);
#4166 = CARTESIAN_POINT('',(27.6975,-2.223,2.5));
#4167 = B_SPLINE_CURVE_WITH_KNOTS('',6,(#4168,#4169,#4170,#4171,#4172,
    #4173,#4174,#4175,#4176,#4177,#4178,#4179,#4180,#4181,#4182,#4183,
    #4184,#4185,#4186,#4187,#4188,#4189,#4190,#4191,#4192,#4193,#4194,
    #4195,#4196,#4197,#4198,#4199,#4200,#4201,#4202,#4203,#4204,#4205,
    #4206,#4207,#4208,#4209,#4210,#4211,#4212,#4213,#4214,#4215,#4216,
    #4217,#4218,#4219,#4220,#4221,#4222,#4223,#4224,#4225,#4226,#4227,
    #4228,#4229,#4230,#4231,#4232,#4233,#4234,#4235,#4236,#4237,#4238,
    #4239,#4240,#4241,#4242,#4243,#4244,#4245,#4246,#4247,#4248,#4249,
    #4250,#4251,#4252,#4253,#4254,#4255,#4256,#4257,#4258,#4259,#4260,
    #4261,#4262,#4263,#4264,#4265,#4266,#4267,#4268,#4269,#4270,#4271,
    #4272,#4273,#4274,#4275,#4276,#4277,#4278,#4279),.UNSPECIFIED.,.T.,
  .F.,(7,5,5,5,5,5,5,5,5,5,5,5,5,5,5,5,5,5,5,5,5,5,7),(0.,
    7.744155581917E-02,0.118149592848,0.160347699249,0.18771919778,
    0.249997311096,0.312275424411,0.339646922942,0.381845029343,
    0.422553066372,0.447165831347,0.5,0.552834168653,0.577446933628,
    0.618154970657,0.660353077058,0.687724575589,0.750002688904,
    0.81228080222,0.839652300751,0.881850407152,0.922558444181,1.),
  .UNSPECIFIED.);
#4168 = CARTESIAN_POINT('',(27.6975,-2.223,2.5));
#4169 = CARTESIAN_POINT('',(27.582294995654,-2.223,2.5));
#4170 = CARTESIAN_POINT('',(27.467065664133,-2.23530008039,2.5));
#4171 = CARTESIAN_POINT('',(27.353441469391,-2.259909152652,2.5));
#4172 = CARTESIAN_POINT('',(27.242946239121,-2.29644389562,2.5));
#4173 = CARTESIAN_POINT('',(27.136978969242,-2.344251708357,2.5));
#4174 = CARTESIAN_POINT('',(26.984111213765,-2.432960675208,2.5));
#4175 = CARTESIAN_POINT('',(26.933027621723,-2.466385870718,2.5));
#4176 = CARTESIAN_POINT('',(26.883704799189,-2.502541316742,2.5));
#4177 = CARTESIAN_POINT('',(26.836298976607,-2.541282176905,2.5));
#4178 = CARTESIAN_POINT('',(26.790949446647,-2.582452461416,2.5));
#4179 = CARTESIAN_POINT('',(26.70302976917,-2.670913720542,2.5));
#4180 = CARTESIAN_POINT('',(26.66062153857,-2.718374155605,2.5));
#4181 = CARTESIAN_POINT('',(26.62069186994,-2.768087201043,2.5));
#4182 = CARTESIAN_POINT('',(26.583357649491,-2.819863522597,2.5));
#4183 = CARTESIAN_POINT('',(26.548717843256,-2.873509146136,2.5));
#4184 = CARTESIAN_POINT('',(26.496188311957,-2.96471003295,2.5));
#4185 = CARTESIAN_POINT('',(26.476689640922,-3.00129624829,2.5));
#4186 = CARTESIAN_POINT('',(26.458382001169,-3.038533059287,2.5));
#4187 = CARTESIAN_POINT('',(26.441285205348,-3.076366804474,2.5));
#4188 = CARTESIAN_POINT('',(26.42541642028,-3.114743660207,2.5));
#4189 = CARTESIAN_POINT('',(26.377511190259,-3.242041040679,2.5));
#4190 = CARTESIAN_POINT('',(26.350665417218,-3.333003862876,2.5));
#4191 = CARTESIAN_POINT('',(26.330423730335,-3.425864813287,2.5));
#4192 = CARTESIAN_POINT('',(26.316894598111,-3.519989463453,2.5));
#4193 = CARTESIAN_POINT('',(26.31012972973,-3.614744504298,2.5));
#4194 = CARTESIAN_POINT('',(26.31012972973,-3.804255495702,2.5));
#4195 = CARTESIAN_POINT('',(26.316894598111,-3.899010536547,2.5));
#4196 = CARTESIAN_POINT('',(26.330423730335,-3.993135186713,2.5));
#4197 = CARTESIAN_POINT('',(26.350665417218,-4.085996137124,2.5));
#4198 = CARTESIAN_POINT('',(26.377511190259,-4.176958959321,2.5));
#4199 = CARTESIAN_POINT('',(26.42541642028,-4.304256339793,2.5));
#4200 = CARTESIAN_POINT('',(26.441285205348,-4.342633195526,2.5));
#4201 = CARTESIAN_POINT('',(26.458382001169,-4.380466940713,2.5));
#4202 = CARTESIAN_POINT('',(26.476689640922,-4.41770375171,2.5));
#4203 = CARTESIAN_POINT('',(26.496188311957,-4.45428996705,2.5));
#4204 = CARTESIAN_POINT('',(26.548717843255,-4.545490853864,2.5));
#4205 = CARTESIAN_POINT('',(26.583357649491,-4.599136477403,2.5));
#4206 = CARTESIAN_POINT('',(26.62069186994,-4.650912798957,2.5));
#4207 = CARTESIAN_POINT('',(26.66062153857,-4.700625844395,2.5));
#4208 = CARTESIAN_POINT('',(26.70302976917,-4.748086279458,2.5));
#4209 = CARTESIAN_POINT('',(26.790949446646,-4.836547538583,2.5));
#4210 = CARTESIAN_POINT('',(26.836298976607,-4.877717823094,2.5));
#4211 = CARTESIAN_POINT('',(26.883704799188,-4.916458683258,2.5));
#4212 = CARTESIAN_POINT('',(26.933027621722,-4.952614129282,2.5));
#4213 = CARTESIAN_POINT('',(26.984111213765,-4.986039324792,2.5));
#4214 = CARTESIAN_POINT('',(27.068626480788,-5.035083428287,2.5));
#4215 = CARTESIAN_POINT('',(27.101051841436,-5.05251753639,2.5));
#4216 = CARTESIAN_POINT('',(27.13401890442,-5.068877068317,2.5));
#4217 = CARTESIAN_POINT('',(27.167487235755,-5.084135522008,2.5));
#4218 = CARTESIAN_POINT('',(27.201414419662,-5.098268844437,2.5));
#4219 = CARTESIAN_POINT('',(27.30947438901,-5.139132654557,2.5));
#4220 = CARTESIAN_POINT('',(27.385107074067,-5.161727523488,2.5));
#4221 = CARTESIAN_POINT('',(27.462207619986,-5.178824842651,2.5));
#4222 = CARTESIAN_POINT('',(27.540304062483,-5.190274966429,2.5));
#4223 = CARTESIAN_POINT('',(27.618904062172,-5.196,2.5));
#4224 = CARTESIAN_POINT('',(27.776095937828,-5.196,2.5));
#4225 = CARTESIAN_POINT('',(27.854695937517,-5.190274966429,2.5));
#4226 = CARTESIAN_POINT('',(27.932792380014,-5.178824842651,2.5));
#4227 = CARTESIAN_POINT('',(28.009892925932,-5.161727523488,2.5));
#4228 = CARTESIAN_POINT('',(28.085525610989,-5.139132654557,2.5));
#4229 = CARTESIAN_POINT('',(28.193585580338,-5.098268844437,2.5));
#4230 = CARTESIAN_POINT('',(28.227512764245,-5.084135522008,2.5));
#4231 = CARTESIAN_POINT('',(28.26098109558,-5.068877068317,2.5));
#4232 = CARTESIAN_POINT('',(28.293948158564,-5.05251753639,2.5));
#4233 = CARTESIAN_POINT('',(28.326373519212,-5.035083428287,2.5));
#4234 = CARTESIAN_POINT('',(28.410888786235,-4.986039324792,2.5));
#4235 = CARTESIAN_POINT('',(28.461972378277,-4.952614129282,2.5));
#4236 = CARTESIAN_POINT('',(28.511295200811,-4.916458683258,2.5));
#4237 = CARTESIAN_POINT('',(28.558701023393,-4.877717823095,2.5));
#4238 = CARTESIAN_POINT('',(28.604050553353,-4.836547538584,2.5));
#4239 = CARTESIAN_POINT('',(28.69197023083,-4.748086279458,2.5));
#4240 = CARTESIAN_POINT('',(28.73437846143,-4.700625844395,2.5));
#4241 = CARTESIAN_POINT('',(28.77430813006,-4.650912798957,2.5));
#4242 = CARTESIAN_POINT('',(28.811642350509,-4.599136477403,2.5));
#4243 = CARTESIAN_POINT('',(28.846282156744,-4.545490853864,2.5));
#4244 = CARTESIAN_POINT('',(28.898811688043,-4.45428996705,2.5));
#4245 = CARTESIAN_POINT('',(28.918310359078,-4.417703751711,2.5));
#4246 = CARTESIAN_POINT('',(28.936617998831,-4.380466940713,2.5));
#4247 = CARTESIAN_POINT('',(28.953714794652,-4.342633195526,2.5));
#4248 = CARTESIAN_POINT('',(28.96958357972,-4.304256339793,2.5));
#4249 = CARTESIAN_POINT('',(29.017488809741,-4.176958959321,2.5));
#4250 = CARTESIAN_POINT('',(29.044334582782,-4.085996137124,2.5));
#4251 = CARTESIAN_POINT('',(29.064576269665,-3.993135186714,2.5));
#4252 = CARTESIAN_POINT('',(29.078105401889,-3.899010536547,2.5));
#4253 = CARTESIAN_POINT('',(29.08487027027,-3.804255495702,2.5));
#4254 = CARTESIAN_POINT('',(29.08487027027,-3.614744504299,2.5));
#4255 = CARTESIAN_POINT('',(29.078105401889,-3.519989463453,2.5));
#4256 = CARTESIAN_POINT('',(29.064576269665,-3.425864813287,2.5));
#4257 = CARTESIAN_POINT('',(29.044334582782,-3.333003862876,2.5));
#4258 = CARTESIAN_POINT('',(29.017488809741,-3.242041040679,2.5));
#4259 = CARTESIAN_POINT('',(28.96958357972,-3.114743660207,2.5));
#4260 = CARTESIAN_POINT('',(28.953714794652,-3.076366804474,2.5));
#4261 = CARTESIAN_POINT('',(28.936617998831,-3.038533059287,2.5));
#4262 = CARTESIAN_POINT('',(28.918310359078,-3.00129624829,2.5));
#4263 = CARTESIAN_POINT('',(28.898811688043,-2.96471003295,2.5));
#4264 = CARTESIAN_POINT('',(28.846282156745,-2.873509146136,2.5));
#4265 = CARTESIAN_POINT('',(28.811642350509,-2.819863522597,2.5));
#4266 = CARTESIAN_POINT('',(28.77430813006,-2.768087201043,2.5));
#4267 = CARTESIAN_POINT('',(28.73437846143,-2.718374155605,2.5));
#4268 = CARTESIAN_POINT('',(28.69197023083,-2.670913720542,2.5));
#4269 = CARTESIAN_POINT('',(28.604050553354,-2.582452461417,2.5));
#4270 = CARTESIAN_POINT('',(28.558701023393,-2.541282176906,2.5));
#4271 = CARTESIAN_POINT('',(28.511295200812,-2.502541316742,2.5));
#4272 = CARTESIAN_POINT('',(28.461972378278,-2.466385870718,2.5));
#4273 = CARTESIAN_POINT('',(28.410888786235,-2.432960675208,2.5));
#4274 = CARTESIAN_POINT('',(28.258021030758,-2.344251708357,2.5));
#4275 = CARTESIAN_POINT('',(28.15205376088,-2.29644389562,2.5));
#4276 = CARTESIAN_POINT('',(28.041558530608,-2.259909152652,2.5));
#4277 = CARTESIAN_POINT('',(27.927934335868,-2.23530008039,2.5));
#4278 = CARTESIAN_POINT('',(27.812705004346,-2.223,2.5));
#4279 = CARTESIAN_POINT('',(27.6975,-2.223,2.5));
#4280 = FACE_BOUND('',#4281,.T.);
#4281 = EDGE_LOOP('',(#4282,#4293,#4301,#4310));
#4282 = ORIENTED_EDGE('',*,*,#4283,.F.);
#4283 = EDGE_CURVE('',#4284,#4286,#4288,.T.);
#4284 = VERTEX_POINT('',#4285);
#4285 = CARTESIAN_POINT('',(-34.01652243243,15.757153513514,2.5));
#4286 = VERTEX_POINT('',#4287);
#4287 = CARTESIAN_POINT('',(-32.0682154054,15.757153513514,2.5));
#4288 = CIRCLE('',#4289,0.974153513514);
#4289 = AXIS2_PLACEMENT_3D('',#4290,#4291,#4292);
#4290 = CARTESIAN_POINT('',(-33.04236891891,15.757153513514,2.5));
#4291 = DIRECTION('',(0.,0.,1.));
#4292 = DIRECTION('',(1.,0.,-0.));
#4293 = ORIENTED_EDGE('',*,*,#4294,.T.);
#4294 = EDGE_CURVE('',#4284,#4295,#4297,.T.);
#4295 = VERTEX_POINT('',#4296);
#4296 = CARTESIAN_POINT('',(-34.01652243243,17.099846486486,2.5));
#4297 = LINE('',#4298,#4299);
#4298 = CARTESIAN_POINT('',(-34.01652243243,-3.621423243243,2.5));
#4299 = VECTOR('',#4300,1.);
#4300 = DIRECTION('',(-0.,1.,0.));
#4301 = ORIENTED_EDGE('',*,*,#4302,.F.);
#4302 = EDGE_CURVE('',#4303,#4295,#4305,.T.);
#4303 = VERTEX_POINT('',#4304);
#4304 = CARTESIAN_POINT('',(-32.0682154054,17.099846486486,2.5));
#4305 = CIRCLE('',#4306,0.974153513514);
#4306 = AXIS2_PLACEMENT_3D('',#4307,#4308,#4309);
#4307 = CARTESIAN_POINT('',(-33.04236891891,17.099846486486,2.5));
#4308 = DIRECTION('',(0.,0.,1.));
#4309 = DIRECTION('',(1.,0.,-0.));
#4310 = ORIENTED_EDGE('',*,*,#4311,.F.);
#4311 = EDGE_CURVE('',#4286,#4303,#4312,.T.);
#4312 = LINE('',#4313,#4314);
#4313 = CARTESIAN_POINT('',(-32.0682154054,-3.621423243243,2.5));
#4314 = VECTOR('',#4315,1.);
#4315 = DIRECTION('',(-0.,1.,0.));
#4316 = FACE_BOUND('',#4317,.T.);
#4317 = EDGE_LOOP('',(#4318,#4329,#4337,#4346));
#4318 = ORIENTED_EDGE('',*,*,#4319,.F.);
#4319 = EDGE_CURVE('',#4320,#4322,#4324,.T.);
#4320 = VERTEX_POINT('',#4321);
#4321 = CARTESIAN_POINT('',(32.068215405405,15.757153513514,2.5));
#4322 = VERTEX_POINT('',#4323);
#4323 = CARTESIAN_POINT('',(34.016522432432,15.757153513514,2.5));
#4324 = CIRCLE('',#4325,0.974153513514);
#4325 = AXIS2_PLACEMENT_3D('',#4326,#4327,#4328);
#4326 = CARTESIAN_POINT('',(33.042368918919,15.757153513514,2.5));
#4327 = DIRECTION('',(0.,0.,1.));
#4328 = DIRECTION('',(1.,0.,-0.));
#4329 = ORIENTED_EDGE('',*,*,#4330,.T.);
#4330 = EDGE_CURVE('',#4320,#4331,#4333,.T.);
#4331 = VERTEX_POINT('',#4332);
#4332 = CARTESIAN_POINT('',(32.068215405405,17.099846486486,2.5));
#4333 = LINE('',#4334,#4335);
#4334 = CARTESIAN_POINT('',(32.068215405405,-3.621423243243,2.5));
#4335 = VECTOR('',#4336,1.);
#4336 = DIRECTION('',(-0.,1.,0.));
#4337 = ORIENTED_EDGE('',*,*,#4338,.F.);
#4338 = EDGE_CURVE('',#4339,#4331,#4341,.T.);
#4339 = VERTEX_POINT('',#4340);
#4340 = CARTESIAN_POINT('',(34.016522432432,17.099846486486,2.5));
#4341 = CIRCLE('',#4342,0.974153513514);
#4342 = AXIS2_PLACEMENT_3D('',#4343,#4344,#4345);
#4343 = CARTESIAN_POINT('',(33.042368918919,17.099846486486,2.5));
#4344 = DIRECTION('',(0.,0.,1.));
#4345 = DIRECTION('',(1.,0.,-0.));
#4346 = ORIENTED_EDGE('',*,*,#4347,.F.);
#4347 = EDGE_CURVE('',#4322,#4339,#4348,.T.);
#4348 = LINE('',#4349,#4350);
#4349 = CARTESIAN_POINT('',(34.016522432432,-3.621423243243,2.5));
#4350 = VECTOR('',#4351,1.);
#4351 = DIRECTION('',(-0.,1.,0.));
#4352 = PLANE('',#4353);
#4353 = AXIS2_PLACEMENT_3D('',#4354,#4355,#4356);
#4354 = CARTESIAN_POINT('',(-36.93,-23.,2.5));
#4355 = DIRECTION('',(0.,0.,1.));
#4356 = DIRECTION('',(1.,0.,-0.));
#4357 = ADVANCED_FACE('',(#4358),#4376,.T.);
#4358 = FACE_BOUND('',#4359,.T.);
#4359 = EDGE_LOOP('',(#4360,#4368,#4374,#4375));
#4360 = ORIENTED_EDGE('',*,*,#4361,.F.);
#4361 = EDGE_CURVE('',#4362,#3924,#4364,.T.);
#4362 = VERTEX_POINT('',#4363);
#4363 = CARTESIAN_POINT('',(36.93,23.,1.5));
#4364 = LINE('',#4365,#4366);
#4365 = CARTESIAN_POINT('',(36.93,23.,0.));
#4366 = VECTOR('',#4367,1.);
#4367 = DIRECTION('',(0.,0.,1.));
#4368 = ORIENTED_EDGE('',*,*,#4369,.F.);
#4369 = EDGE_CURVE('',#3828,#4362,#4370,.T.);
#4370 = LINE('',#4371,#4372);
#4371 = CARTESIAN_POINT('',(-36.93,23.,1.5));
#4372 = VECTOR('',#4373,1.);
#4373 = DIRECTION('',(1.,0.,-0.));
#4374 = ORIENTED_EDGE('',*,*,#3835,.T.);
#4375 = ORIENTED_EDGE('',*,*,#3931,.T.);
#4376 = PLANE('',#4377);
#4377 = AXIS2_PLACEMENT_3D('',#4378,#4379,#4380);
#4378 = CARTESIAN_POINT('',(-36.93,23.,0.));
#4379 = DIRECTION('',(-0.,1.,0.));
#4380 = DIRECTION('',(0.,0.,1.));
#4381 = ADVANCED_FACE('',(#4382),#4393,.T.);
#4382 = FACE_BOUND('',#4383,.T.);
#4383 = EDGE_LOOP('',(#4384,#4385,#4391,#4392));
#4384 = ORIENTED_EDGE('',*,*,#3857,.F.);
#4385 = ORIENTED_EDGE('',*,*,#4386,.T.);
#4386 = EDGE_CURVE('',#3858,#4362,#4387,.T.);
#4387 = LINE('',#4388,#4389);
#4388 = CARTESIAN_POINT('',(36.93,-23.,1.5));
#4389 = VECTOR('',#4390,1.);
#4390 = DIRECTION('',(-0.,1.,0.));
#4391 = ORIENTED_EDGE('',*,*,#4361,.T.);
#4392 = ORIENTED_EDGE('',*,*,#3923,.F.);
#4393 = PLANE('',#4394);
#4394 = AXIS2_PLACEMENT_3D('',#4395,#4396,#4397);
#4395 = CARTESIAN_POINT('',(36.93,-23.,0.));
#4396 = DIRECTION('',(1.,0.,-0.));
#4397 = DIRECTION('',(0.,0.,1.));
#4398 = ADVANCED_FACE('',(#4399),#4418,.T.);
#4399 = FACE_BOUND('',#4400,.T.);
#4400 = EDGE_LOOP('',(#4401,#4402,#4410,#4417));
#4401 = ORIENTED_EDGE('',*,*,#3888,.T.);
#4402 = ORIENTED_EDGE('',*,*,#4403,.T.);
#4403 = EDGE_CURVE('',#3889,#4404,#4406,.T.);
#4404 = VERTEX_POINT('',#4405);
#4405 = CARTESIAN_POINT('',(35.43,-21.5,-2.22044604925E-16));
#4406 = LINE('',#4407,#4408);
#4407 = CARTESIAN_POINT('',(-36.93,-21.5,-2.22044604925E-16));
#4408 = VECTOR('',#4409,1.);
#4409 = DIRECTION('',(1.,0.,-0.));
#4410 = ORIENTED_EDGE('',*,*,#4411,.F.);
#4411 = EDGE_CURVE('',#3858,#4404,#4412,.T.);
#4412 = ELLIPSE('',#4413,2.12132034356,1.5);
#4413 = AXIS2_PLACEMENT_3D('',#4414,#4415,#4416);
#4414 = CARTESIAN_POINT('',(35.43,-21.5,1.5));
#4415 = DIRECTION('',(0.707106781187,0.707106781187,0.));
#4416 = DIRECTION('',(-0.707106781187,0.707106781187,0.));
#4417 = ORIENTED_EDGE('',*,*,#3867,.F.);
#4418 = CYLINDRICAL_SURFACE('',#4419,1.5);
#4419 = AXIS2_PLACEMENT_3D('',#4420,#4421,#4422);
#4420 = CARTESIAN_POINT('',(-36.93,-21.5,1.5));
#4421 = DIRECTION('',(1.,0.,-0.));
#4422 = DIRECTION('',(0.,-1.,0.));
#4423 = ADVANCED_FACE('',(#4424,#4442,#4478,#4514,#4550),#4586,.F.);
#4424 = FACE_BOUND('',#4425,.F.);
#4425 = EDGE_LOOP('',(#4426,#4427,#4428,#4436));
#4426 = ORIENTED_EDGE('',*,*,#3897,.F.);
#4427 = ORIENTED_EDGE('',*,*,#4403,.T.);
#4428 = ORIENTED_EDGE('',*,*,#4429,.T.);
#4429 = EDGE_CURVE('',#4404,#4430,#4432,.T.);
#4430 = VERTEX_POINT('',#4431);
#4431 = CARTESIAN_POINT('',(35.43,21.5,-2.22044604925E-16));
#4432 = LINE('',#4433,#4434);
#4433 = CARTESIAN_POINT('',(35.43,-23.,-2.22044604925E-16));
#4434 = VECTOR('',#4435,1.);
#4435 = DIRECTION('',(-0.,1.,0.));
#4436 = ORIENTED_EDGE('',*,*,#4437,.F.);
#4437 = EDGE_CURVE('',#3898,#4430,#4438,.T.);
#4438 = LINE('',#4439,#4440);
#4439 = CARTESIAN_POINT('',(-36.93,21.5,-2.22044604925E-16));
#4440 = VECTOR('',#4441,1.);
#4441 = DIRECTION('',(1.,0.,-0.));
#4442 = FACE_BOUND('',#4443,.F.);
#4443 = EDGE_LOOP('',(#4444,#4455,#4463,#4472));
#4444 = ORIENTED_EDGE('',*,*,#4445,.F.);
#4445 = EDGE_CURVE('',#4446,#4448,#4450,.T.);
#4446 = VERTEX_POINT('',#4447);
#4447 = CARTESIAN_POINT('',(-34.01652243243,-17.09984648648,0.));
#4448 = VERTEX_POINT('',#4449);
#4449 = CARTESIAN_POINT('',(-32.0682154054,-17.09984648648,0.));
#4450 = CIRCLE('',#4451,0.974153513514);
#4451 = AXIS2_PLACEMENT_3D('',#4452,#4453,#4454);
#4452 = CARTESIAN_POINT('',(-33.04236891891,-17.09984648648,0.));
#4453 = DIRECTION('',(0.,0.,1.));
#4454 = DIRECTION('',(1.,0.,-0.));
#4455 = ORIENTED_EDGE('',*,*,#4456,.T.);
#4456 = EDGE_CURVE('',#4446,#4457,#4459,.T.);
#4457 = VERTEX_POINT('',#4458);
#4458 = CARTESIAN_POINT('',(-34.01652243243,-15.75715351351,0.));
#4459 = LINE('',#4460,#4461);
#4460 = CARTESIAN_POINT('',(-34.01652243243,-20.04992324324,0.));
#4461 = VECTOR('',#4462,1.);
#4462 = DIRECTION('',(-0.,1.,0.));
#4463 = ORIENTED_EDGE('',*,*,#4464,.F.);
#4464 = EDGE_CURVE('',#4465,#4457,#4467,.T.);
#4465 = VERTEX_POINT('',#4466);
#4466 = CARTESIAN_POINT('',(-32.0682154054,-15.75715351351,0.));
#4467 = CIRCLE('',#4468,0.974153513514);
#4468 = AXIS2_PLACEMENT_3D('',#4469,#4470,#4471);
#4469 = CARTESIAN_POINT('',(-33.04236891891,-15.75715351351,0.));
#4470 = DIRECTION('',(0.,0.,1.));
#4471 = DIRECTION('',(1.,0.,-0.));
#4472 = ORIENTED_EDGE('',*,*,#4473,.F.);
#4473 = EDGE_CURVE('',#4448,#4465,#4474,.T.);
#4474 = LINE('',#4475,#4476);
#4475 = CARTESIAN_POINT('',(-32.0682154054,-20.04992324324,0.));
#4476 = VECTOR('',#4477,1.);
#4477 = DIRECTION('',(-0.,1.,0.));
#4478 = FACE_BOUND('',#4479,.F.);
#4479 = EDGE_LOOP('',(#4480,#4491,#4499,#4508));
#4480 = ORIENTED_EDGE('',*,*,#4481,.F.);
#4481 = EDGE_CURVE('',#4482,#4484,#4486,.T.);
#4482 = VERTEX_POINT('',#4483);
#4483 = CARTESIAN_POINT('',(32.068215405405,-17.09984648648,0.));
#4484 = VERTEX_POINT('',#4485);
#4485 = CARTESIAN_POINT('',(34.016522432432,-17.09984648648,0.));
#4486 = CIRCLE('',#4487,0.974153513514);
#4487 = AXIS2_PLACEMENT_3D('',#4488,#4489,#4490);
#4488 = CARTESIAN_POINT('',(33.042368918919,-17.09984648648,0.));
#4489 = DIRECTION('',(0.,0.,1.));
#4490 = DIRECTION('',(1.,0.,-0.));
#4491 = ORIENTED_EDGE('',*,*,#4492,.T.);
#4492 = EDGE_CURVE('',#4482,#4493,#4495,.T.);
#4493 = VERTEX_POINT('',#4494);
#4494 = CARTESIAN_POINT('',(32.068215405405,-15.75715351351,0.));
#4495 = LINE('',#4496,#4497);
#4496 = CARTESIAN_POINT('',(32.068215405405,-20.04992324324,0.));
#4497 = VECTOR('',#4498,1.);
#4498 = DIRECTION('',(-0.,1.,0.));
#4499 = ORIENTED_EDGE('',*,*,#4500,.F.);
#4500 = EDGE_CURVE('',#4501,#4493,#4503,.T.);
#4501 = VERTEX_POINT('',#4502);
#4502 = CARTESIAN_POINT('',(34.016522432432,-15.75715351351,0.));
#4503 = CIRCLE('',#4504,0.974153513514);
#4504 = AXIS2_PLACEMENT_3D('',#4505,#4506,#4507);
#4505 = CARTESIAN_POINT('',(33.042368918919,-15.75715351351,0.));
#4506 = DIRECTION('',(0.,0.,1.));
#4507 = DIRECTION('',(1.,0.,-0.));
#4508 = ORIENTED_EDGE('',*,*,#4509,.F.);
#4509 = EDGE_CURVE('',#4484,#4501,#4510,.T.);
#4510 = LINE('',#4511,#4512);
#4511 = CARTESIAN_POINT('',(34.016522432432,-20.04992324324,0.));
#4512 = VECTOR('',#4513,1.);
#4513 = DIRECTION('',(-0.,1.,0.));
#4514 = FACE_BOUND('',#4515,.F.);
#4515 = EDGE_LOOP('',(#4516,#4527,#4535,#4544));
#4516 = ORIENTED_EDGE('',*,*,#4517,.F.);
#4517 = EDGE_CURVE('',#4518,#4520,#4522,.T.);
#4518 = VERTEX_POINT('',#4519);
#4519 = CARTESIAN_POINT('',(-34.01652243243,15.757153513514,0.));
#4520 = VERTEX_POINT('',#4521);
#4521 = CARTESIAN_POINT('',(-32.0682154054,15.757153513514,0.));
#4522 = CIRCLE('',#4523,0.974153513514);
#4523 = AXIS2_PLACEMENT_3D('',#4524,#4525,#4526);
#4524 = CARTESIAN_POINT('',(-33.04236891891,15.757153513514,0.));
#4525 = DIRECTION('',(0.,0.,1.));
#4526 = DIRECTION('',(1.,0.,-0.));
#4527 = ORIENTED_EDGE('',*,*,#4528,.T.);
#4528 = EDGE_CURVE('',#4518,#4529,#4531,.T.);
#4529 = VERTEX_POINT('',#4530);
#4530 = CARTESIAN_POINT('',(-34.01652243243,17.099846486486,0.));
#4531 = LINE('',#4532,#4533);
#4532 = CARTESIAN_POINT('',(-34.01652243243,-3.621423243243,0.));
#4533 = VECTOR('',#4534,1.);
#4534 = DIRECTION('',(-0.,1.,0.));
#4535 = ORIENTED_EDGE('',*,*,#4536,.F.);
#4536 = EDGE_CURVE('',#4537,#4529,#4539,.T.);
#4537 = VERTEX_POINT('',#4538);
#4538 = CARTESIAN_POINT('',(-32.0682154054,17.099846486486,0.));
#4539 = CIRCLE('',#4540,0.974153513514);
#4540 = AXIS2_PLACEMENT_3D('',#4541,#4542,#4543);
#4541 = CARTESIAN_POINT('',(-33.04236891891,17.099846486486,0.));
#4542 = DIRECTION('',(0.,0.,1.));
#4543 = DIRECTION('',(1.,0.,-0.));
#4544 = ORIENTED_EDGE('',*,*,#4545,.F.);
#4545 = EDGE_CURVE('',#4520,#4537,#4546,.T.);
#4546 = LINE('',#4547,#4548);
#4547 = CARTESIAN_POINT('',(-32.0682154054,-3.621423243243,0.));
#4548 = VECTOR('',#4549,1.);
#4549 = DIRECTION('',(-0.,1.,0.));
#4550 = FACE_BOUND('',#4551,.F.);
#4551 = EDGE_LOOP('',(#4552,#4563,#4571,#4580));
#4552 = ORIENTED_EDGE('',*,*,#4553,.F.);
#4553 = EDGE_CURVE('',#4554,#4556,#4558,.T.);
#4554 = VERTEX_POINT('',#4555);
#4555 = CARTESIAN_POINT('',(32.068215405405,15.757153513514,0.));
#4556 = VERTEX_POINT('',#4557);
#4557 = CARTESIAN_POINT('',(34.016522432432,15.757153513514,0.));
#4558 = CIRCLE('',#4559,0.974153513514);
#4559 = AXIS2_PLACEMENT_3D('',#4560,#4561,#4562);
#4560 = CARTESIAN_POINT('',(33.042368918919,15.757153513514,0.));
#4561 = DIRECTION('',(0.,0.,1.));
#4562 = DIRECTION('',(1.,0.,-0.));
#4563 = ORIENTED_EDGE('',*,*,#4564,.T.);
#4564 = EDGE_CURVE('',#4554,#4565,#4567,.T.);
#4565 = VERTEX_POINT('',#4566);
#4566 = CARTESIAN_POINT('',(32.068215405405,17.099846486486,0.));
#4567 = LINE('',#4568,#4569);
#4568 = CARTESIAN_POINT('',(32.068215405405,-3.621423243243,0.));
#4569 = VECTOR('',#4570,1.);
#4570 = DIRECTION('',(-0.,1.,0.));
#4571 = ORIENTED_EDGE('',*,*,#4572,.F.);
#4572 = EDGE_CURVE('',#4573,#4565,#4575,.T.);
#4573 = VERTEX_POINT('',#4574);
#4574 = CARTESIAN_POINT('',(34.016522432432,17.099846486486,0.));
#4575 = CIRCLE('',#4576,0.974153513514);
#4576 = AXIS2_PLACEMENT_3D('',#4577,#4578,#4579);
#4577 = CARTESIAN_POINT('',(33.042368918919,17.099846486486,0.));
#4578 = DIRECTION('',(0.,0.,1.));
#4579 = DIRECTION('',(1.,0.,-0.));
#4580 = ORIENTED_EDGE('',*,*,#4581,.F.);
#4581 = EDGE_CURVE('',#4556,#4573,#4582,.T.);
#4582 = LINE('',#4583,#4584);
#4583 = CARTESIAN_POINT('',(34.016522432432,-3.621423243243,0.));
#4584 = VECTOR('',#4585,1.);
#4585 = DIRECTION('',(-0.,1.,0.));
#4586 = PLANE('',#4587);
#4587 = AXIS2_PLACEMENT_3D('',#4588,#4589,#4590);
#4588 = CARTESIAN_POINT('',(-36.93,-23.,0.));
#4589 = DIRECTION('',(0.,0.,1.));
#4590 = DIRECTION('',(1.,0.,-0.));
#4591 = ADVANCED_FACE('',(#4592),#4604,.T.);
#4592 = FACE_BOUND('',#4593,.F.);
#4593 = EDGE_LOOP('',(#4594,#4595,#4596,#4603));
#4594 = ORIENTED_EDGE('',*,*,#3905,.T.);
#4595 = ORIENTED_EDGE('',*,*,#4437,.T.);
#4596 = ORIENTED_EDGE('',*,*,#4597,.F.);
#4597 = EDGE_CURVE('',#4362,#4430,#4598,.T.);
#4598 = ELLIPSE('',#4599,2.12132034356,1.5);
#4599 = AXIS2_PLACEMENT_3D('',#4600,#4601,#4602);
#4600 = CARTESIAN_POINT('',(35.43,21.5,1.5));
#4601 = DIRECTION('',(-0.707106781187,0.707106781187,0.));
#4602 = DIRECTION('',(0.707106781187,0.707106781187,0.));
#4603 = ORIENTED_EDGE('',*,*,#4369,.F.);
#4604 = CYLINDRICAL_SURFACE('',#4605,1.5);
#4605 = AXIS2_PLACEMENT_3D('',#4606,#4607,#4608);
#4606 = CARTESIAN_POINT('',(-36.93,21.5,1.5));
#4607 = DIRECTION('',(1.,0.,-0.));
#4608 = DIRECTION('',(0.,1.,0.));
#4609 = ADVANCED_FACE('',(#4610),#4626,.F.);
#4610 = FACE_BOUND('',#4611,.F.);
#4611 = EDGE_LOOP('',(#4612,#4618,#4619,#4625));
#4612 = ORIENTED_EDGE('',*,*,#4613,.F.);
#4613 = EDGE_CURVE('',#4446,#3940,#4614,.T.);
#4614 = LINE('',#4615,#4616);
#4615 = CARTESIAN_POINT('',(-34.01652243243,-17.09984648648,-1.));
#4616 = VECTOR('',#4617,1.);
#4617 = DIRECTION('',(0.,0.,1.));
#4618 = ORIENTED_EDGE('',*,*,#4445,.T.);
#4619 = ORIENTED_EDGE('',*,*,#4620,.T.);
#4620 = EDGE_CURVE('',#4448,#3942,#4621,.T.);
#4621 = LINE('',#4622,#4623);
#4622 = CARTESIAN_POINT('',(-32.0682154054,-17.09984648648,-1.));
#4623 = VECTOR('',#4624,1.);
#4624 = DIRECTION('',(0.,0.,1.));
#4625 = ORIENTED_EDGE('',*,*,#3939,.F.);
#4626 = CYLINDRICAL_SURFACE('',#4627,0.974153513514);
#4627 = AXIS2_PLACEMENT_3D('',#4628,#4629,#4630);
#4628 = CARTESIAN_POINT('',(-33.04236891891,-17.09984648648,-1.));
#4629 = DIRECTION('',(0.,0.,1.));
#4630 = DIRECTION('',(1.,0.,-0.));
#4631 = ADVANCED_FACE('',(#4632),#4643,.T.);
#4632 = FACE_BOUND('',#4633,.T.);
#4633 = EDGE_LOOP('',(#4634,#4635,#4636,#4642));
#4634 = ORIENTED_EDGE('',*,*,#4613,.F.);
#4635 = ORIENTED_EDGE('',*,*,#4456,.T.);
#4636 = ORIENTED_EDGE('',*,*,#4637,.T.);
#4637 = EDGE_CURVE('',#4457,#3951,#4638,.T.);
#4638 = LINE('',#4639,#4640);
#4639 = CARTESIAN_POINT('',(-34.01652243243,-15.75715351351,-1.));
#4640 = VECTOR('',#4641,1.);
#4641 = DIRECTION('',(0.,0.,1.));
#4642 = ORIENTED_EDGE('',*,*,#3950,.F.);
#4643 = PLANE('',#4644);
#4644 = AXIS2_PLACEMENT_3D('',#4645,#4646,#4647);
#4645 = CARTESIAN_POINT('',(-34.01652243243,-17.09984648648,-1.));
#4646 = DIRECTION('',(1.,0.,-0.));
#4647 = DIRECTION('',(0.,0.,1.));
#4648 = ADVANCED_FACE('',(#4649),#4660,.F.);
#4649 = FACE_BOUND('',#4650,.F.);
#4650 = EDGE_LOOP('',(#4651,#4652,#4653,#4659));
#4651 = ORIENTED_EDGE('',*,*,#4620,.F.);
#4652 = ORIENTED_EDGE('',*,*,#4473,.T.);
#4653 = ORIENTED_EDGE('',*,*,#4654,.T.);
#4654 = EDGE_CURVE('',#4465,#3959,#4655,.T.);
#4655 = LINE('',#4656,#4657);
#4656 = CARTESIAN_POINT('',(-32.0682154054,-15.75715351351,-1.));
#4657 = VECTOR('',#4658,1.);
#4658 = DIRECTION('',(0.,0.,1.));
#4659 = ORIENTED_EDGE('',*,*,#3967,.F.);
#4660 = PLANE('',#4661);
#4661 = AXIS2_PLACEMENT_3D('',#4662,#4663,#4664);
#4662 = CARTESIAN_POINT('',(-32.0682154054,-17.09984648648,-1.));
#4663 = DIRECTION('',(1.,0.,-0.));
#4664 = DIRECTION('',(0.,0.,1.));
#4665 = ADVANCED_FACE('',(#4666),#4672,.F.);
#4666 = FACE_BOUND('',#4667,.F.);
#4667 = EDGE_LOOP('',(#4668,#4669,#4670,#4671));
#4668 = ORIENTED_EDGE('',*,*,#3958,.F.);
#4669 = ORIENTED_EDGE('',*,*,#4654,.F.);
#4670 = ORIENTED_EDGE('',*,*,#4464,.T.);
#4671 = ORIENTED_EDGE('',*,*,#4637,.T.);
#4672 = CYLINDRICAL_SURFACE('',#4673,0.974153513514);
#4673 = AXIS2_PLACEMENT_3D('',#4674,#4675,#4676);
#4674 = CARTESIAN_POINT('',(-33.04236891891,-15.75715351351,-1.));
#4675 = DIRECTION('',(0.,0.,1.));
#4676 = DIRECTION('',(1.,0.,-0.));
#4677 = ADVANCED_FACE('',(#4678),#4703,.T.);
#4678 = FACE_BOUND('',#4679,.T.);
#4679 = EDGE_LOOP('',(#4680,#4688,#4696,#4702));
#4680 = ORIENTED_EDGE('',*,*,#4681,.F.);
#4681 = EDGE_CURVE('',#4682,#3976,#4684,.T.);
#4682 = VERTEX_POINT('',#4683);
#4683 = CARTESIAN_POINT('',(-15.23112972973,-17.067,1.998));
#4684 = LINE('',#4685,#4686);
#4685 = CARTESIAN_POINT('',(-15.23112972973,-17.067,1.998));
#4686 = VECTOR('',#4687,1.);
#4687 = DIRECTION('',(0.,0.,1.));
#4688 = ORIENTED_EDGE('',*,*,#4689,.F.);
#4689 = EDGE_CURVE('',#4690,#4682,#4692,.T.);
#4690 = VERTEX_POINT('',#4691);
#4691 = CARTESIAN_POINT('',(-27.23837027027,-17.067,1.998));
#4692 = LINE('',#4693,#4694);
#4693 = CARTESIAN_POINT('',(-27.23837027027,-17.067,1.998));
#4694 = VECTOR('',#4695,1.);
#4695 = DIRECTION('',(1.,0.,-0.));
#4696 = ORIENTED_EDGE('',*,*,#4697,.T.);
#4697 = EDGE_CURVE('',#4690,#3978,#4698,.T.);
#4698 = LINE('',#4699,#4700);
#4699 = CARTESIAN_POINT('',(-27.23837027027,-17.067,1.998));
#4700 = VECTOR('',#4701,1.);
#4701 = DIRECTION('',(0.,0.,1.));
#4702 = ORIENTED_EDGE('',*,*,#3975,.F.);
#4703 = PLANE('',#4704);
#4704 = AXIS2_PLACEMENT_3D('',#4705,#4706,#4707);
#4705 = CARTESIAN_POINT('',(-27.23837027027,-17.067,1.998));
#4706 = DIRECTION('',(-0.,1.,0.));
#4707 = DIRECTION('',(0.,0.,1.));
#4708 = ADVANCED_FACE('',(#4709),#4727,.F.);
#4709 = FACE_BOUND('',#4710,.F.);
#4710 = EDGE_LOOP('',(#4711,#4712,#4720,#4726));
#4711 = ORIENTED_EDGE('',*,*,#4681,.F.);
#4712 = ORIENTED_EDGE('',*,*,#4713,.T.);
#4713 = EDGE_CURVE('',#4682,#4714,#4716,.T.);
#4714 = VERTEX_POINT('',#4715);
#4715 = CARTESIAN_POINT('',(-15.23112972973,-4.202,1.998));
#4716 = LINE('',#4717,#4718);
#4717 = CARTESIAN_POINT('',(-15.23112972973,-17.067,1.998));
#4718 = VECTOR('',#4719,1.);
#4719 = DIRECTION('',(-0.,1.,0.));
#4720 = ORIENTED_EDGE('',*,*,#4721,.T.);
#4721 = EDGE_CURVE('',#4714,#3994,#4722,.T.);
#4722 = LINE('',#4723,#4724);
#4723 = CARTESIAN_POINT('',(-15.23112972973,-4.202,1.998));
#4724 = VECTOR('',#4725,1.);
#4725 = DIRECTION('',(0.,0.,1.));
#4726 = ORIENTED_EDGE('',*,*,#4001,.F.);
#4727 = PLANE('',#4728);
#4728 = AXIS2_PLACEMENT_3D('',#4729,#4730,#4731);
#4729 = CARTESIAN_POINT('',(-15.23112972973,-17.067,1.998));
#4730 = DIRECTION('',(1.,0.,-0.));
#4731 = DIRECTION('',(0.,0.,1.));
#4732 = ADVANCED_FACE('',(#4733),#4751,.T.);
#4733 = FACE_BOUND('',#4734,.T.);
#4734 = EDGE_LOOP('',(#4735,#4736,#4744,#4750));
#4735 = ORIENTED_EDGE('',*,*,#4697,.F.);
#4736 = ORIENTED_EDGE('',*,*,#4737,.T.);
#4737 = EDGE_CURVE('',#4690,#4738,#4740,.T.);
#4738 = VERTEX_POINT('',#4739);
#4739 = CARTESIAN_POINT('',(-27.23837027027,-4.202,1.998));
#4740 = LINE('',#4741,#4742);
#4741 = CARTESIAN_POINT('',(-27.23837027027,-17.067,1.998));
#4742 = VECTOR('',#4743,1.);
#4743 = DIRECTION('',(-0.,1.,0.));
#4744 = ORIENTED_EDGE('',*,*,#4745,.T.);
#4745 = EDGE_CURVE('',#4738,#3986,#4746,.T.);
#4746 = LINE('',#4747,#4748);
#4747 = CARTESIAN_POINT('',(-27.23837027027,-4.202,1.998));
#4748 = VECTOR('',#4749,1.);
#4749 = DIRECTION('',(0.,0.,1.));
#4750 = ORIENTED_EDGE('',*,*,#3985,.F.);
#4751 = PLANE('',#4752);
#4752 = AXIS2_PLACEMENT_3D('',#4753,#4754,#4755);
#4753 = CARTESIAN_POINT('',(-27.23837027027,-17.067,1.998));
#4754 = DIRECTION('',(1.,0.,-0.));
#4755 = DIRECTION('',(0.,0.,1.));
#4756 = ADVANCED_FACE('',(#4757),#4768,.F.);
#4757 = FACE_BOUND('',#4758,.F.);
#4758 = EDGE_LOOP('',(#4759,#4760,#4766,#4767));
#4759 = ORIENTED_EDGE('',*,*,#4721,.F.);
#4760 = ORIENTED_EDGE('',*,*,#4761,.F.);
#4761 = EDGE_CURVE('',#4738,#4714,#4762,.T.);
#4762 = LINE('',#4763,#4764);
#4763 = CARTESIAN_POINT('',(-27.23837027027,-4.202,1.998));
#4764 = VECTOR('',#4765,1.);
#4765 = DIRECTION('',(1.,0.,-0.));
#4766 = ORIENTED_EDGE('',*,*,#4745,.T.);
#4767 = ORIENTED_EDGE('',*,*,#3993,.F.);
#4768 = PLANE('',#4769);
#4769 = AXIS2_PLACEMENT_3D('',#4770,#4771,#4772);
#4770 = CARTESIAN_POINT('',(-27.23837027027,-4.202,1.998));
#4771 = DIRECTION('',(-0.,1.,0.));
#4772 = DIRECTION('',(0.,0.,1.));
#4773 = ADVANCED_FACE('',(#4774),#4790,.F.);
#4774 = FACE_BOUND('',#4775,.F.);
#4775 = EDGE_LOOP('',(#4776,#4782,#4783,#4789));
#4776 = ORIENTED_EDGE('',*,*,#4777,.F.);
#4777 = EDGE_CURVE('',#4482,#4010,#4778,.T.);
#4778 = LINE('',#4779,#4780);
#4779 = CARTESIAN_POINT('',(32.068215405405,-17.09984648648,-1.));
#4780 = VECTOR('',#4781,1.);
#4781 = DIRECTION('',(0.,0.,1.));
#4782 = ORIENTED_EDGE('',*,*,#4481,.T.);
#4783 = ORIENTED_EDGE('',*,*,#4784,.T.);
#4784 = EDGE_CURVE('',#4484,#4012,#4785,.T.);
#4785 = LINE('',#4786,#4787);
#4786 = CARTESIAN_POINT('',(34.016522432432,-17.09984648648,-1.));
#4787 = VECTOR('',#4788,1.);
#4788 = DIRECTION('',(0.,0.,1.));
#4789 = ORIENTED_EDGE('',*,*,#4009,.F.);
#4790 = CYLINDRICAL_SURFACE('',#4791,0.974153513514);
#4791 = AXIS2_PLACEMENT_3D('',#4792,#4793,#4794);
#4792 = CARTESIAN_POINT('',(33.042368918919,-17.09984648648,-1.));
#4793 = DIRECTION('',(0.,0.,1.));
#4794 = DIRECTION('',(1.,0.,-0.));
#4795 = ADVANCED_FACE('',(#4796),#4807,.T.);
#4796 = FACE_BOUND('',#4797,.T.);
#4797 = EDGE_LOOP('',(#4798,#4799,#4800,#4806));
#4798 = ORIENTED_EDGE('',*,*,#4777,.F.);
#4799 = ORIENTED_EDGE('',*,*,#4492,.T.);
#4800 = ORIENTED_EDGE('',*,*,#4801,.T.);
#4801 = EDGE_CURVE('',#4493,#4021,#4802,.T.);
#4802 = LINE('',#4803,#4804);
#4803 = CARTESIAN_POINT('',(32.068215405405,-15.75715351351,-1.));
#4804 = VECTOR('',#4805,1.);
#4805 = DIRECTION('',(0.,0.,1.));
#4806 = ORIENTED_EDGE('',*,*,#4020,.F.);
#4807 = PLANE('',#4808);
#4808 = AXIS2_PLACEMENT_3D('',#4809,#4810,#4811);
#4809 = CARTESIAN_POINT('',(32.068215405405,-17.09984648648,-1.));
#4810 = DIRECTION('',(1.,0.,-0.));
#4811 = DIRECTION('',(0.,0.,1.));
#4812 = ADVANCED_FACE('',(#4813),#4824,.F.);
#4813 = FACE_BOUND('',#4814,.F.);
#4814 = EDGE_LOOP('',(#4815,#4816,#4817,#4823));
#4815 = ORIENTED_EDGE('',*,*,#4784,.F.);
#4816 = ORIENTED_EDGE('',*,*,#4509,.T.);
#4817 = ORIENTED_EDGE('',*,*,#4818,.T.);
#4818 = EDGE_CURVE('',#4501,#4029,#4819,.T.);
#4819 = LINE('',#4820,#4821);
#4820 = CARTESIAN_POINT('',(34.016522432432,-15.75715351351,-1.));
#4821 = VECTOR('',#4822,1.);
#4822 = DIRECTION('',(0.,0.,1.));
#4823 = ORIENTED_EDGE('',*,*,#4037,.F.);
#4824 = PLANE('',#4825);
#4825 = AXIS2_PLACEMENT_3D('',#4826,#4827,#4828);
#4826 = CARTESIAN_POINT('',(34.016522432432,-17.09984648648,-1.));
#4827 = DIRECTION('',(1.,0.,-0.));
#4828 = DIRECTION('',(0.,0.,1.));
#4829 = ADVANCED_FACE('',(#4830),#4836,.F.);
#4830 = FACE_BOUND('',#4831,.F.);
#4831 = EDGE_LOOP('',(#4832,#4833,#4834,#4835));
#4832 = ORIENTED_EDGE('',*,*,#4028,.F.);
#4833 = ORIENTED_EDGE('',*,*,#4818,.F.);
#4834 = ORIENTED_EDGE('',*,*,#4500,.T.);
#4835 = ORIENTED_EDGE('',*,*,#4801,.T.);
#4836 = CYLINDRICAL_SURFACE('',#4837,0.974153513514);
#4837 = AXIS2_PLACEMENT_3D('',#4838,#4839,#4840);
#4838 = CARTESIAN_POINT('',(33.042368918919,-15.75715351351,-1.));
#4839 = DIRECTION('',(0.,0.,1.));
#4840 = DIRECTION('',(1.,0.,-0.));
#4841 = ADVANCED_FACE('',(#4842),#4861,.F.);
#4842 = FACE_BOUND('',#4843,.F.);
#4843 = EDGE_LOOP('',(#4844,#4853,#4859,#4860));
#4844 = ORIENTED_EDGE('',*,*,#4845,.F.);
#4845 = EDGE_CURVE('',#4846,#4846,#4848,.T.);
#4846 = VERTEX_POINT('',#4847);
#4847 = CARTESIAN_POINT('',(23.08125,-2.223,0.998));
#4848 = ELLIPSE('',#4849,1.4865,1.38737027027);
#4849 = AXIS2_PLACEMENT_3D('',#4850,#4851,#4852);
#4850 = CARTESIAN_POINT('',(23.08125,-3.7095,0.998));
#4851 = DIRECTION('',(0.,0.,-1.));
#4852 = DIRECTION('',(0.,1.,0.));
#4853 = ORIENTED_EDGE('',*,*,#4854,.T.);
#4854 = EDGE_CURVE('',#4846,#4046,#4855,.T.);
#4855 = LINE('',#4856,#4857);
#4856 = CARTESIAN_POINT('',(23.08125,-2.223,0.998));
#4857 = VECTOR('',#4858,1.);
#4858 = DIRECTION('',(0.,0.,1.));
#4859 = ORIENTED_EDGE('',*,*,#4045,.F.);
#4860 = ORIENTED_EDGE('',*,*,#4854,.F.);
#4861 = SURFACE_OF_LINEAR_EXTRUSION('',#4862,#4867);
#4862 = ELLIPSE('',#4863,1.4865,1.38737027027);
#4863 = AXIS2_PLACEMENT_3D('',#4864,#4865,#4866);
#4864 = CARTESIAN_POINT('',(23.08125,-3.7095,0.998));
#4865 = DIRECTION('',(0.,0.,-1.));
#4866 = DIRECTION('',(0.,1.,0.));
#4867 = VECTOR('',#4868,1.);
#4868 = DIRECTION('',(-0.,-0.,-1.));
#4869 = ADVANCED_FACE('',(#4870),#4889,.F.);
#4870 = FACE_BOUND('',#4871,.F.);
#4871 = EDGE_LOOP('',(#4872,#4881,#4887,#4888));
#4872 = ORIENTED_EDGE('',*,*,#4873,.F.);
#4873 = EDGE_CURVE('',#4874,#4874,#4876,.T.);
#4874 = VERTEX_POINT('',#4875);
#4875 = CARTESIAN_POINT('',(27.6975,-2.223,0.998));
#4876 = ELLIPSE('',#4877,1.4865,1.38737027027);
#4877 = AXIS2_PLACEMENT_3D('',#4878,#4879,#4880);
#4878 = CARTESIAN_POINT('',(27.6975,-3.7095,0.998));
#4879 = DIRECTION('',(0.,0.,-1.));
#4880 = DIRECTION('',(0.,1.,0.));
#4881 = ORIENTED_EDGE('',*,*,#4882,.T.);
#4882 = EDGE_CURVE('',#4874,#4165,#4883,.T.);
#4883 = LINE('',#4884,#4885);
#4884 = CARTESIAN_POINT('',(27.6975,-2.223,0.998));
#4885 = VECTOR('',#4886,1.);
#4886 = DIRECTION('',(0.,0.,1.));
#4887 = ORIENTED_EDGE('',*,*,#4164,.F.);
#4888 = ORIENTED_EDGE('',*,*,#4882,.F.);
#4889 = SURFACE_OF_LINEAR_EXTRUSION('',#4890,#4895);
#4890 = ELLIPSE('',#4891,1.4865,1.38737027027);
#4891 = AXIS2_PLACEMENT_3D('',#4892,#4893,#4894);
#4892 = CARTESIAN_POINT('',(27.6975,-3.7095,0.998));
#4893 = DIRECTION('',(0.,0.,-1.));
#4894 = DIRECTION('',(0.,1.,0.));
#4895 = VECTOR('',#4896,1.);
#4896 = DIRECTION('',(-0.,-0.,-1.));
#4897 = ADVANCED_FACE('',(#4898),#4914,.F.);
#4898 = FACE_BOUND('',#4899,.F.);
#4899 = EDGE_LOOP('',(#4900,#4906,#4907,#4913));
#4900 = ORIENTED_EDGE('',*,*,#4901,.F.);
#4901 = EDGE_CURVE('',#4518,#4284,#4902,.T.);
#4902 = LINE('',#4903,#4904);
#4903 = CARTESIAN_POINT('',(-34.01652243243,15.757153513514,-1.));
#4904 = VECTOR('',#4905,1.);
#4905 = DIRECTION('',(0.,0.,1.));
#4906 = ORIENTED_EDGE('',*,*,#4517,.T.);
#4907 = ORIENTED_EDGE('',*,*,#4908,.T.);
#4908 = EDGE_CURVE('',#4520,#4286,#4909,.T.);
#4909 = LINE('',#4910,#4911);
#4910 = CARTESIAN_POINT('',(-32.0682154054,15.757153513514,-1.));
#4911 = VECTOR('',#4912,1.);
#4912 = DIRECTION('',(0.,0.,1.));
#4913 = ORIENTED_EDGE('',*,*,#4283,.F.);
#4914 = CYLINDRICAL_SURFACE('',#4915,0.974153513514);
#4915 = AXIS2_PLACEMENT_3D('',#4916,#4917,#4918);
#4916 = CARTESIAN_POINT('',(-33.04236891891,15.757153513514,-1.));
#4917 = DIRECTION('',(0.,0.,1.));
#4918 = DIRECTION('',(1.,0.,-0.));
#4919 = ADVANCED_FACE('',(#4920),#4931,.T.);
#4920 = FACE_BOUND('',#4921,.T.);
#4921 = EDGE_LOOP('',(#4922,#4923,#4924,#4930));
#4922 = ORIENTED_EDGE('',*,*,#4901,.F.);
#4923 = ORIENTED_EDGE('',*,*,#4528,.T.);
#4924 = ORIENTED_EDGE('',*,*,#4925,.T.);
#4925 = EDGE_CURVE('',#4529,#4295,#4926,.T.);
#4926 = LINE('',#4927,#4928);
#4927 = CARTESIAN_POINT('',(-34.01652243243,17.099846486486,-1.));
#4928 = VECTOR('',#4929,1.);
#4929 = DIRECTION('',(0.,0.,1.));
#4930 = ORIENTED_EDGE('',*,*,#4294,.F.);
#4931 = PLANE('',#4932);
#4932 = AXIS2_PLACEMENT_3D('',#4933,#4934,#4935);
#4933 = CARTESIAN_POINT('',(-34.01652243243,15.757153513514,-1.));
#4934 = DIRECTION('',(1.,0.,-0.));
#4935 = DIRECTION('',(0.,0.,1.));
#4936 = ADVANCED_FACE('',(#4937),#4948,.F.);
#4937 = FACE_BOUND('',#4938,.F.);
#4938 = EDGE_LOOP('',(#4939,#4940,#4941,#4947));
#4939 = ORIENTED_EDGE('',*,*,#4908,.F.);
#4940 = ORIENTED_EDGE('',*,*,#4545,.T.);
#4941 = ORIENTED_EDGE('',*,*,#4942,.T.);
#4942 = EDGE_CURVE('',#4537,#4303,#4943,.T.);
#4943 = LINE('',#4944,#4945);
#4944 = CARTESIAN_POINT('',(-32.0682154054,17.099846486486,-1.));
#4945 = VECTOR('',#4946,1.);
#4946 = DIRECTION('',(0.,0.,1.));
#4947 = ORIENTED_EDGE('',*,*,#4311,.F.);
#4948 = PLANE('',#4949);
#4949 = AXIS2_PLACEMENT_3D('',#4950,#4951,#4952);
#4950 = CARTESIAN_POINT('',(-32.0682154054,15.757153513514,-1.));
#4951 = DIRECTION('',(1.,0.,-0.));
#4952 = DIRECTION('',(0.,0.,1.));
#4953 = ADVANCED_FACE('',(#4954),#4960,.F.);
#4954 = FACE_BOUND('',#4955,.F.);
#4955 = EDGE_LOOP('',(#4956,#4957,#4958,#4959));
#4956 = ORIENTED_EDGE('',*,*,#4302,.F.);
#4957 = ORIENTED_EDGE('',*,*,#4942,.F.);
#4958 = ORIENTED_EDGE('',*,*,#4536,.T.);
#4959 = ORIENTED_EDGE('',*,*,#4925,.T.);
#4960 = CYLINDRICAL_SURFACE('',#4961,0.974153513514);
#4961 = AXIS2_PLACEMENT_3D('',#4962,#4963,#4964);
#4962 = CARTESIAN_POINT('',(-33.04236891891,17.099846486486,-1.));
#4963 = DIRECTION('',(0.,0.,1.));
#4964 = DIRECTION('',(1.,0.,-0.));
#4965 = ADVANCED_FACE('',(#4966),#4982,.F.);
#4966 = FACE_BOUND('',#4967,.F.);
#4967 = EDGE_LOOP('',(#4968,#4974,#4975,#4981));
#4968 = ORIENTED_EDGE('',*,*,#4969,.F.);
#4969 = EDGE_CURVE('',#4554,#4320,#4970,.T.);
#4970 = LINE('',#4971,#4972);
#4971 = CARTESIAN_POINT('',(32.068215405405,15.757153513514,-1.));
#4972 = VECTOR('',#4973,1.);
#4973 = DIRECTION('',(0.,0.,1.));
#4974 = ORIENTED_EDGE('',*,*,#4553,.T.);
#4975 = ORIENTED_EDGE('',*,*,#4976,.T.);
#4976 = EDGE_CURVE('',#4556,#4322,#4977,.T.);
#4977 = LINE('',#4978,#4979);
#4978 = CARTESIAN_POINT('',(34.016522432432,15.757153513514,-1.));
#4979 = VECTOR('',#4980,1.);
#4980 = DIRECTION('',(0.,0.,1.));
#4981 = ORIENTED_EDGE('',*,*,#4319,.F.);
#4982 = CYLINDRICAL_SURFACE('',#4983,0.974153513514);
#4983 = AXIS2_PLACEMENT_3D('',#4984,#4985,#4986);
#4984 = CARTESIAN_POINT('',(33.042368918919,15.757153513514,-1.));
#4985 = DIRECTION('',(0.,0.,1.));
#4986 = DIRECTION('',(1.,0.,-0.));
#4987 = ADVANCED_FACE('',(#4988),#4999,.T.);
#4988 = FACE_BOUND('',#4989,.T.);
#4989 = EDGE_LOOP('',(#4990,#4991,#4992,#4998));
#4990 = ORIENTED_EDGE('',*,*,#4969,.F.);
#4991 = ORIENTED_EDGE('',*,*,#4564,.T.);
#4992 = ORIENTED_EDGE('',*,*,#4993,.T.);
#4993 = EDGE_CURVE('',#4565,#4331,#4994,.T.);
#4994 = LINE('',#4995,#4996);
#4995 = CARTESIAN_POINT('',(32.068215405405,17.099846486486,-1.));
#4996 = VECTOR('',#4997,1.);
#4997 = DIRECTION('',(0.,0.,1.));
#4998 = ORIENTED_EDGE('',*,*,#4330,.F.);
#4999 = PLANE('',#5000);
#5000 = AXIS2_PLACEMENT_3D('',#5001,#5002,#5003);
#5001 = CARTESIAN_POINT('',(32.068215405405,15.757153513514,-1.));
#5002 = DIRECTION('',(1.,0.,-0.));
#5003 = DIRECTION('',(0.,0.,1.));
#5004 = ADVANCED_FACE('',(#5005),#5016,.F.);
#5005 = FACE_BOUND('',#5006,.F.);
#5006 = EDGE_LOOP('',(#5007,#5008,#5009,#5015));
#5007 = ORIENTED_EDGE('',*,*,#4976,.F.);
#5008 = ORIENTED_EDGE('',*,*,#4581,.T.);
#5009 = ORIENTED_EDGE('',*,*,#5010,.T.);
#5010 = EDGE_CURVE('',#4573,#4339,#5011,.T.);
#5011 = LINE('',#5012,#5013);
#5012 = CARTESIAN_POINT('',(34.016522432432,17.099846486486,-1.));
#5013 = VECTOR('',#5014,1.);
#5014 = DIRECTION('',(0.,0.,1.));
#5015 = ORIENTED_EDGE('',*,*,#4347,.F.);
#5016 = PLANE('',#5017);
#5017 = AXIS2_PLACEMENT_3D('',#5018,#5019,#5020);
#5018 = CARTESIAN_POINT('',(34.016522432432,15.757153513514,-1.));
#5019 = DIRECTION('',(1.,0.,-0.));
#5020 = DIRECTION('',(0.,0.,1.));
#5021 = ADVANCED_FACE('',(#5022),#5028,.F.);
#5022 = FACE_BOUND('',#5023,.F.);
#5023 = EDGE_LOOP('',(#5024,#5025,#5026,#5027));
#5024 = ORIENTED_EDGE('',*,*,#4338,.F.);
#5025 = ORIENTED_EDGE('',*,*,#5010,.F.);
#5026 = ORIENTED_EDGE('',*,*,#4572,.T.);
#5027 = ORIENTED_EDGE('',*,*,#4993,.T.);
#5028 = CYLINDRICAL_SURFACE('',#5029,0.974153513514);
#5029 = AXIS2_PLACEMENT_3D('',#5030,#5031,#5032);
#5030 = CARTESIAN_POINT('',(33.042368918919,17.099846486486,-1.));
#5031 = DIRECTION('',(0.,0.,1.));
#5032 = DIRECTION('',(1.,0.,-0.));
#5033 = ADVANCED_FACE('',(#5034),#5040,.T.);
#5034 = FACE_BOUND('',#5035,.T.);
#5035 = EDGE_LOOP('',(#5036,#5037,#5038,#5039));
#5036 = ORIENTED_EDGE('',*,*,#4411,.T.);
#5037 = ORIENTED_EDGE('',*,*,#4429,.T.);
#5038 = ORIENTED_EDGE('',*,*,#4597,.F.);
#5039 = ORIENTED_EDGE('',*,*,#4386,.F.);
#5040 = CYLINDRICAL_SURFACE('',#5041,1.5);
#5041 = AXIS2_PLACEMENT_3D('',#5042,#5043,#5044);
#5042 = CARTESIAN_POINT('',(35.43,-23.,1.5));
#5043 = DIRECTION('',(-0.,1.,0.));
#5044 = DIRECTION('',(1.,0.,-0.));
#5045 = ADVANCED_FACE('',(#5046,#5052),#5186,.T.);
#5046 = FACE_BOUND('',#5047,.T.);
#5047 = EDGE_LOOP('',(#5048,#5049,#5050,#5051));
#5048 = ORIENTED_EDGE('',*,*,#4737,.F.);
#5049 = ORIENTED_EDGE('',*,*,#4689,.T.);
#5050 = ORIENTED_EDGE('',*,*,#4713,.T.);
#5051 = ORIENTED_EDGE('',*,*,#4761,.F.);
#5052 = FACE_BOUND('',#5053,.T.);
#5053 = EDGE_LOOP('',(#5054));
#5054 = ORIENTED_EDGE('',*,*,#5055,.F.);
#5055 = EDGE_CURVE('',#5056,#5056,#5058,.T.);
#5056 = VERTEX_POINT('',#5057);
#5057 = CARTESIAN_POINT('',(-21.23475,-8.159,1.998));
#5058 = B_SPLINE_CURVE_WITH_KNOTS('',6,(#5059,#5060,#5061,#5062,#5063,
    #5064,#5065,#5066,#5067,#5068,#5069,#5070,#5071,#5072,#5073,#5074,
    #5075,#5076,#5077,#5078,#5079,#5080,#5081,#5082,#5083,#5084,#5085,
    #5086,#5087,#5088,#5089,#5090,#5091,#5092,#5093,#5094,#5095,#5096,
    #5097,#5098,#5099,#5100,#5101,#5102,#5103,#5104,#5105,#5106,#5107,
    #5108,#5109,#5110,#5111,#5112,#5113,#5114,#5115,#5116,#5117,#5118,
    #5119,#5120,#5121,#5122,#5123,#5124,#5125,#5126,#5127,#5128,#5129,
    #5130,#5131,#5132,#5133,#5134,#5135,#5136,#5137,#5138,#5139,#5140,
    #5141,#5142,#5143,#5144,#5145,#5146,#5147,#5148,#5149,#5150,#5151,
    #5152,#5153,#5154,#5155,#5156,#5157,#5158,#5159,#5160,#5161,#5162,
    #5163,#5164,#5165,#5166,#5167,#5168,#5169,#5170,#5171,#5172,#5173,
    #5174,#5175,#5176,#5177,#5178,#5179,#5180,#5181,#5182,#5183,#5184,
    #5185),.UNSPECIFIED.,.T.,.F.,(7,5,5,5,5,5,5,5,5,5,5,5,5,5,5,5,5,5,5,
    5,5,5,5,5,5,7),(0.,7.604706293688E-02,0.116665755516,0.158902515378,
    0.186363838914,0.249996388607,0.294190266295,0.313628815399,
    0.341090283137,0.383327264791,0.423946170665,0.447473782134,
    0.50000079977,0.536921919923,0.552528595589,0.57605608204,
    0.616674772079,0.6589115293,0.686372851118,0.705811296932,
    0.750004939788,0.81363715136,0.841098328975,0.883334864406,
    0.923953341151,1.),.UNSPECIFIED.);
#5059 = CARTESIAN_POINT('',(-21.23475,-8.159,1.998));
#5060 = CARTESIAN_POINT('',(-21.42436540873,-8.159,1.998));
#5061 = CARTESIAN_POINT('',(-21.61403293531,-8.179005091533,1.998));
#5062 = CARTESIAN_POINT('',(-21.80103665707,-8.219033731339,1.998));
#5063 = CARTESIAN_POINT('',(-21.98289433124,-8.278417527567,1.998));
#5064 = CARTESIAN_POINT('',(-22.15734059961,-8.35606315896,1.998));
#5065 = CARTESIAN_POINT('',(-22.41051345181,-8.500769429842,1.998));
#5066 = CARTESIAN_POINT('',(-22.49598949022,-8.555919500624,1.998));
#5067 = CARTESIAN_POINT('',(-22.57850452031,-8.615609672534,1.998));
#5068 = CARTESIAN_POINT('',(-22.65780135895,-8.679588433519,1.998));
#5069 = CARTESIAN_POINT('',(-22.73365395452,-8.747587240301,1.998));
#5070 = CARTESIAN_POINT('',(-22.88095069296,-8.893923307861,1.998));
#5071 = CARTESIAN_POINT('',(-22.95209999956,-8.972565617067,1.998));
#5072 = CARTESIAN_POINT('',(-23.01909095167,-9.054940157763,1.998));
#5073 = CARTESIAN_POINT('',(-23.08173831306,-9.140724952074,1.998));
#5074 = CARTESIAN_POINT('',(-23.13988789661,-9.229593581395,1.998));
#5075 = CARTESIAN_POINT('',(-23.22821178821,-9.380792568851,1.998));
#5076 = CARTESIAN_POINT('',(-23.26105639926,-9.441531420854,1.998));
#5077 = CARTESIAN_POINT('',(-23.29191098065,-9.503346497258,1.998));
#5078 = CARTESIAN_POINT('',(-23.32074514756,-9.566148442475,1.998));
#5079 = CARTESIAN_POINT('',(-23.34753280456,-9.629848167324,1.998));
#5080 = CARTESIAN_POINT('',(-23.42953105648,-9.843834418438,1.998));
#5081 = CARTESIAN_POINT('',(-23.47570259868,-9.99765214196,1.998));
#5082 = CARTESIAN_POINT('',(-23.51049671941,-10.15471306033,1.998));
#5083 = CARTESIAN_POINT('',(-23.53374539684,-10.31392684813,1.998));
#5084 = CARTESIAN_POINT('',(-23.54537027027,-10.47421233049,1.998));
#5085 = CARTESIAN_POINT('',(-23.54537027027,-10.7458224866,1.998));
#5086 = CARTESIAN_POINT('',(-23.53976301115,-10.85714451917,1.998));
#5087 = CARTESIAN_POINT('',(-23.5285486298,-10.96810683599,1.998));
#5088 = CARTESIAN_POINT('',(-23.51174570863,-11.07834831197,1.998));
#5089 = CARTESIAN_POINT('',(-23.48939271924,-11.18750611706,1.998));
#5090 = CARTESIAN_POINT('',(-23.44930269169,-11.34259169944,1.998));
#5091 = CARTESIAN_POINT('',(-23.43599378492,-11.38968726537,1.998));
#5092 = CARTESIAN_POINT('',(-23.42162783915,-11.43647146839,1.998));
#5093 = CARTESIAN_POINT('',(-23.40621084405,-11.48291309056,1.998));
#5094 = CARTESIAN_POINT('',(-23.38974968552,-11.52898080003,1.998));
#5095 = CARTESIAN_POINT('',(-23.34753280456,-11.63915183267,1.998));
#5096 = CARTESIAN_POINT('',(-23.32074514756,-11.70285155752,1.998));
#5097 = CARTESIAN_POINT('',(-23.29191098065,-11.76565350274,1.998));
#5098 = CARTESIAN_POINT('',(-23.26105639926,-11.82746857914,1.998));
#5099 = CARTESIAN_POINT('',(-23.22821178821,-11.88820743114,1.998));
#5100 = CARTESIAN_POINT('',(-23.13988789661,-12.0394064186,1.998));
#5101 = CARTESIAN_POINT('',(-23.08173831306,-12.12827504792,1.998));
#5102 = CARTESIAN_POINT('',(-23.01909095167,-12.21405984223,1.998));
#5103 = CARTESIAN_POINT('',(-22.95209999956,-12.29643438293,1.998));
#5104 = CARTESIAN_POINT('',(-22.88095069296,-12.37507669213,1.998));
#5105 = CARTESIAN_POINT('',(-22.73365395452,-12.52141275969,1.998));
#5106 = CARTESIAN_POINT('',(-22.65780135895,-12.58941156648,1.998));
#5107 = CARTESIAN_POINT('',(-22.57850452031,-12.65339032746,1.998));
#5108 = CARTESIAN_POINT('',(-22.49598949022,-12.71308049937,1.998));
#5109 = CARTESIAN_POINT('',(-22.41051345181,-12.76823057015,1.998));
#5110 = CARTESIAN_POINT('',(-22.27131175202,-12.84779423072,1.998));
#5111 = CARTESIAN_POINT('',(-22.21935952729,-12.87537692208,1.998));
#5112 = CARTESIAN_POINT('',(-22.16656788549,-12.90131544763,1.998));
#5113 = CARTESIAN_POINT('',(-22.11299653941,-12.9255687577,1.998));
#5114 = CARTESIAN_POINT('',(-22.0587084019,-12.94809931039,1.998));
#5115 = CARTESIAN_POINT('',(-21.88111488465,-13.01525192831,1.998));
#5116 = CARTESIAN_POINT('',(-21.75520638645,-13.05287819879,1.998));
#5117 = CARTESIAN_POINT('',(-21.62679815052,-13.08136890153,1.998));
#5118 = CARTESIAN_POINT('',(-21.49668824859,-13.10045623647,1.998));
#5119 = CARTESIAN_POINT('',(-21.36571446556,-13.11,1.998));
#5120 = CARTESIAN_POINT('',(-21.14269537769,-13.11,1.998));
#5121 = CARTESIAN_POINT('',(-21.05063899102,-13.10528496638,1.998));
#5122 = CARTESIAN_POINT('',(-20.95888053083,-13.09585490458,1.998));
#5123 = CARTESIAN_POINT('',(-20.8677134125,-13.0817437715,1.998));
#5124 = CARTESIAN_POINT('',(-20.7774239656,-13.06301788859,1.998));
#5125 = CARTESIAN_POINT('',(-20.6506136746,-13.02994923871,1.998));
#5126 = CARTESIAN_POINT('',(-20.61314294764,-13.01931683011,1.998));
#5127 = CARTESIAN_POINT('',(-20.57589922305,-13.00788442315,1.998));
#5128 = CARTESIAN_POINT('',(-20.53890278431,-12.99566017314,1.998));
#5129 = CARTESIAN_POINT('',(-20.50217341807,-12.98265309668,1.998));
#5130 = CARTESIAN_POINT('',(-20.41079159809,-12.94809931039,1.998));
#5131 = CARTESIAN_POINT('',(-20.35650346059,-12.9255687577,1.998));
#5132 = CARTESIAN_POINT('',(-20.3029321145,-12.90131544763,1.998));
#5133 = CARTESIAN_POINT('',(-20.2501404727,-12.87537692208,1.998));
#5134 = CARTESIAN_POINT('',(-20.19818824798,-12.84779423072,1.998));
#5135 = CARTESIAN_POINT('',(-20.05898654818,-12.76823057015,1.998));
#5136 = CARTESIAN_POINT('',(-19.97351050977,-12.71308049937,1.998));
#5137 = CARTESIAN_POINT('',(-19.89099547968,-12.65339032746,1.998));
#5138 = CARTESIAN_POINT('',(-19.81169864104,-12.58941156648,1.998));
#5139 = CARTESIAN_POINT('',(-19.73584604547,-12.5214127597,1.998));
#5140 = CARTESIAN_POINT('',(-19.58854930703,-12.37507669213,1.998));
#5141 = CARTESIAN_POINT('',(-19.51740000043,-12.29643438293,1.998));
#5142 = CARTESIAN_POINT('',(-19.45040904832,-12.21405984223,1.998));
#5143 = CARTESIAN_POINT('',(-19.38776168693,-12.12827504792,1.998));
#5144 = CARTESIAN_POINT('',(-19.32961210338,-12.0394064186,1.998));
#5145 = CARTESIAN_POINT('',(-19.24128821178,-11.88820743114,1.998));
#5146 = CARTESIAN_POINT('',(-19.20844360073,-11.82746857914,1.998));
#5147 = CARTESIAN_POINT('',(-19.17758901934,-11.76565350274,1.998));
#5148 = CARTESIAN_POINT('',(-19.14875485243,-11.70285155752,1.998));
#5149 = CARTESIAN_POINT('',(-19.12196719543,-11.63915183267,1.998));
#5150 = CARTESIAN_POINT('',(-19.07975031447,-11.52898080003,1.998));
#5151 = CARTESIAN_POINT('',(-19.06328915594,-11.48291309056,1.998));
#5152 = CARTESIAN_POINT('',(-19.04787216085,-11.43647146839,1.998));
#5153 = CARTESIAN_POINT('',(-19.03350621507,-11.38968726537,1.998));
#5154 = CARTESIAN_POINT('',(-19.0201973083,-11.34259169944,1.998));
#5155 = CARTESIAN_POINT('',(-18.98010728075,-11.18750611706,1.998));
#5156 = CARTESIAN_POINT('',(-18.95775429136,-11.07834831198,1.998));
#5157 = CARTESIAN_POINT('',(-18.94095137019,-10.96810683599,1.998));
#5158 = CARTESIAN_POINT('',(-18.92973698884,-10.85714451917,1.998));
#5159 = CARTESIAN_POINT('',(-18.92412972973,-10.7458224866,1.998));
#5160 = CARTESIAN_POINT('',(-18.92412972973,-10.47421233049,1.998));
#5161 = CARTESIAN_POINT('',(-18.93575460315,-10.31392684813,1.998));
#5162 = CARTESIAN_POINT('',(-18.95900328058,-10.15471306034,1.998));
#5163 = CARTESIAN_POINT('',(-18.99379740131,-9.997652141961,1.998));
#5164 = CARTESIAN_POINT('',(-19.03996894351,-9.843834418439,1.998));
#5165 = CARTESIAN_POINT('',(-19.12196719543,-9.629848167324,1.998));
#5166 = CARTESIAN_POINT('',(-19.14875485243,-9.566148442475,1.998));
#5167 = CARTESIAN_POINT('',(-19.17758901934,-9.503346497259,1.998));
#5168 = CARTESIAN_POINT('',(-19.20844360073,-9.441531420854,1.998));
#5169 = CARTESIAN_POINT('',(-19.24128821178,-9.380792568852,1.998));
#5170 = CARTESIAN_POINT('',(-19.32961210338,-9.229593581395,1.998));
#5171 = CARTESIAN_POINT('',(-19.38776168693,-9.140724952074,1.998));
#5172 = CARTESIAN_POINT('',(-19.45040904832,-9.054940157763,1.998));
#5173 = CARTESIAN_POINT('',(-19.51740000043,-8.972565617067,1.998));
#5174 = CARTESIAN_POINT('',(-19.58854930703,-8.893923307861,1.998));
#5175 = CARTESIAN_POINT('',(-19.73584604547,-8.747587240301,1.998));
#5176 = CARTESIAN_POINT('',(-19.81169864104,-8.679588433519,1.998));
#5177 = CARTESIAN_POINT('',(-19.89099547968,-8.615609672534,1.998));
#5178 = CARTESIAN_POINT('',(-19.97351050977,-8.555919500625,1.998));
#5179 = CARTESIAN_POINT('',(-20.05898654818,-8.500769429842,1.998));
#5180 = CARTESIAN_POINT('',(-20.31215940038,-8.35606315896,1.998));
#5181 = CARTESIAN_POINT('',(-20.48660566875,-8.278417527567,1.998));
#5182 = CARTESIAN_POINT('',(-20.66846334292,-8.219033731339,1.998));
#5183 = CARTESIAN_POINT('',(-20.85546706468,-8.179005091533,1.998));
#5184 = CARTESIAN_POINT('',(-21.04513459126,-8.159,1.998));
#5185 = CARTESIAN_POINT('',(-21.23475,-8.159,1.998));
#5186 = PLANE('',#5187);
#5187 = AXIS2_PLACEMENT_3D('',#5188,#5189,#5190);
#5188 = CARTESIAN_POINT('',(-27.23837027027,-17.067,1.998));
#5189 = DIRECTION('',(0.,0.,1.));
#5190 = DIRECTION('',(1.,0.,-0.));
#5191 = ADVANCED_FACE('',(#5192),#5195,.F.);
#5192 = FACE_BOUND('',#5193,.F.);
#5193 = EDGE_LOOP('',(#5194));
#5194 = ORIENTED_EDGE('',*,*,#4845,.T.);
#5195 = PLANE('',#5196);
#5196 = AXIS2_PLACEMENT_3D('',#5197,#5198,#5199);
#5197 = CARTESIAN_POINT('',(23.08125,-3.696576503761,0.998));
#5198 = DIRECTION('',(-0.,-0.,-1.));
#5199 = DIRECTION('',(-1.,0.,0.));
#5200 = ADVANCED_FACE('',(#5201),#5204,.F.);
#5201 = FACE_BOUND('',#5202,.F.);
#5202 = EDGE_LOOP('',(#5203));
#5203 = ORIENTED_EDGE('',*,*,#4873,.T.);
#5204 = PLANE('',#5205);
#5205 = AXIS2_PLACEMENT_3D('',#5206,#5207,#5208);
#5206 = CARTESIAN_POINT('',(27.6975,-3.696576503761,0.998));
#5207 = DIRECTION('',(-0.,-0.,-1.));
#5208 = DIRECTION('',(-1.,0.,0.));
#5209 = ADVANCED_FACE('',(#5210),#5229,.F.);
#5210 = FACE_BOUND('',#5211,.F.);
#5211 = EDGE_LOOP('',(#5212,#5221,#5227,#5228));
#5212 = ORIENTED_EDGE('',*,*,#5213,.F.);
#5213 = EDGE_CURVE('',#5214,#5214,#5216,.T.);
#5214 = VERTEX_POINT('',#5215);
#5215 = CARTESIAN_POINT('',(-21.23475,-8.159,0.998));
#5216 = ELLIPSE('',#5217,2.4755,2.31062027027);
#5217 = AXIS2_PLACEMENT_3D('',#5218,#5219,#5220);
#5218 = CARTESIAN_POINT('',(-21.23475,-10.6345,0.998));
#5219 = DIRECTION('',(0.,0.,-1.));
#5220 = DIRECTION('',(0.,1.,0.));
#5221 = ORIENTED_EDGE('',*,*,#5222,.T.);
#5222 = EDGE_CURVE('',#5214,#5056,#5223,.T.);
#5223 = LINE('',#5224,#5225);
#5224 = CARTESIAN_POINT('',(-21.23475,-8.159,0.998));
#5225 = VECTOR('',#5226,1.);
#5226 = DIRECTION('',(0.,0.,1.));
#5227 = ORIENTED_EDGE('',*,*,#5055,.F.);
#5228 = ORIENTED_EDGE('',*,*,#5222,.F.);
#5229 = SURFACE_OF_LINEAR_EXTRUSION('',#5230,#5235);
#5230 = ELLIPSE('',#5231,2.4755,2.31062027027);
#5231 = AXIS2_PLACEMENT_3D('',#5232,#5233,#5234);
#5232 = CARTESIAN_POINT('',(-21.23475,-10.6345,0.998));
#5233 = DIRECTION('',(0.,0.,-1.));
#5234 = DIRECTION('',(0.,1.,0.));
#5235 = VECTOR('',#5236,1.);
#5236 = DIRECTION('',(-0.,-0.,-1.));
#5237 = ADVANCED_FACE('',(#5238),#5241,.F.);
#5238 = FACE_BOUND('',#5239,.F.);
#5239 = EDGE_LOOP('',(#5240));
#5240 = ORIENTED_EDGE('',*,*,#5213,.T.);
#5241 = PLANE('',#5242);
#5242 = AXIS2_PLACEMENT_3D('',#5243,#5244,#5245);
#5243 = CARTESIAN_POINT('',(-21.23475,-10.61300582948,0.998));
#5244 = DIRECTION('',(-0.,-0.,-1.));
#5245 = DIRECTION('',(-1.,0.,0.));
#5246 = ( GEOMETRIC_REPRESENTATION_CONTEXT(3) 
GLOBAL_UNCERTAINTY_ASSIGNED_CONTEXT((#5250)) 
GLOBAL_UNIT_ASSIGNED_CONTEXT((#5247,#5248,#5249)) REPRESENTATION_CONTEXT
('Context #1','3D Context with UNIT and UNCERTAINTY') );
#5247 = ( LENGTH_UNIT() NAMED_UNIT(*) SI_UNIT(.MILLI.,.METRE.) );
#5248 = ( NAMED_UNIT(*) PLANE_ANGLE_UNIT() SI_UNIT($,.RADIAN.) );
#5249 = ( NAMED_UNIT(*) SI_UNIT($,.STERADIAN.) SOLID_ANGLE_UNIT() );
#5250 = UNCERTAINTY_MEASURE_WITH_UNIT(LENGTH_MEASURE(5.E-07),#5247,
  'distance_accuracy_value','confusion accuracy');
#5251 = CONTEXT_DEPENDENT_SHAPE_REPRESENTATION(#5252,#5254);
#5252 = ( REPRESENTATION_RELATIONSHIP('','',#3810,#10) 
REPRESENTATION_RELATIONSHIP_WITH_TRANSFORMATION(#5253) 
SHAPE_REPRESENTATION_RELATIONSHIP() );
#5253 = ITEM_DEFINED_TRANSFORMATION('','',#11,#19);
#5254 = PRODUCT_DEFINITION_SHAPE('Placement','Placement of an item',
  #5255);
#5255 = NEXT_ASSEMBLY_USAGE_OCCURRENCE('2','Coperchio','',#5,#3805,$);
#5256 = PRODUCT_RELATED_PRODUCT_CATEGORY('part',$,(#3807));
ENDSEC;
END-ISO-10303-21;
