ISO-10303-21;
HEADER;
FILE_DESCRIPTION(('FreeCAD Model'),'2;1');
FILE_NAME('Open CASCADE Shape Model','2026-08-19T22:34:00',('Author'),(
    ''),'Open CASCADE STEP processor 7.8','FreeCAD','Unknown');
FILE_SCHEMA(('AUTOMOTIVE_DESIGN { 1 0 10303 214 1 1 1 1 }'));
ENDSEC;
DATA;
#1 = APPLICATION_PROTOCOL_DEFINITION('international standard',
  'automotive_design',2000,#2);
#2 = APPLICATION_CONTEXT(
  'core data for automotive mechanical design processes');
#3 = SHAPE_DEFINITION_REPRESENTATION(#4,#10);
#4 = PRODUCT_DEFINITION_SHAPE('','',#5);
#5 = PRODUCT_DEFINITION('design','',#6,#9);
#6 = PRODUCT_DEFINITION_FORMATION('','',#7);
#7 = PRODUCT('Scatola','Scatola','',(#8));
#8 = PRODUCT_CONTEXT('',#2,'mechanical');
#9 = PRODUCT_DEFINITION_CONTEXT('part definition',#2,'design');
#10 = ADVANCED_BREP_SHAPE_REPRESENTATION('',(#11,#15),#3770);
#11 = AXIS2_PLACEMENT_3D('',#12,#13,#14);
#12 = CARTESIAN_POINT('',(0.,0.,0.));
#13 = DIRECTION('',(0.,0.,1.));
#14 = DIRECTION('',(1.,0.,-0.));
#15 = MANIFOLD_SOLID_BREP('',#16);
#16 = CLOSED_SHELL('',(#17,#358,#421,#484,#640,#714,#779,#812,#843,#874,
    #898,#922,#939,#986,#1011,#1033,#1050,#1067,#1079,#1103,#1121,#1169,
    #1181,#1198,#2161,#2238,#2262,#2293,#2363,#2375,#2395,#2415,#2432,
    #2463,#2533,#2593,#2617,#2634,#2651,#2668,#2701,#2760,#2785,#2836,
    #2869,#2928,#2987,#3004,#3036,#3060,#3085,#3102,#3142,#3152,#3176,
    #3201,#3218,#3250,#3274,#3307,#3317,#3334,#3366,#3390,#3423,#3433,
    #3450,#3482,#3506,#3531,#3548,#3565,#3582,#3599,#3616,#3628,#3645,
    #3662,#3679,#3696,#3708,#3720));
#17 = ADVANCED_FACE('',(#18,#84,#213,#224),#353,.F.);
#18 = FACE_BOUND('',#19,.F.);
#19 = EDGE_LOOP('',(#20,#30,#38,#46,#54,#62,#70,#78));
#20 = ORIENTED_EDGE('',*,*,#21,.F.);
#21 = EDGE_CURVE('',#22,#24,#26,.T.);
#22 = VERTEX_POINT('',#23);
#23 = CARTESIAN_POINT('',(35.63,-20.8,1.6));
#24 = VERTEX_POINT('',#25);
#25 = CARTESIAN_POINT('',(35.63,-20.8,14.198962917878));
#26 = LINE('',#27,#28);
#27 = CARTESIAN_POINT('',(35.63,-20.8,1.6));
#28 = VECTOR('',#29,1.);
#29 = DIRECTION('',(0.,0.,1.));
#30 = ORIENTED_EDGE('',*,*,#31,.T.);
#31 = EDGE_CURVE('',#22,#32,#34,.T.);
#32 = VERTEX_POINT('',#33);
#33 = CARTESIAN_POINT('',(35.63,20.8,1.6));
#34 = LINE('',#35,#36);
#35 = CARTESIAN_POINT('',(35.63,-20.8,1.6));
#36 = VECTOR('',#37,1.);
#37 = DIRECTION('',(-0.,1.,0.));
#38 = ORIENTED_EDGE('',*,*,#39,.T.);
#39 = EDGE_CURVE('',#32,#40,#42,.T.);
#40 = VERTEX_POINT('',#41);
#41 = CARTESIAN_POINT('',(35.63,20.8,14.198962917878));
#42 = LINE('',#43,#44);
#43 = CARTESIAN_POINT('',(35.63,20.8,1.6));
#44 = VECTOR('',#45,1.);
#45 = DIRECTION('',(0.,0.,1.));
#46 = ORIENTED_EDGE('',*,*,#47,.F.);
#47 = EDGE_CURVE('',#48,#40,#50,.T.);
#48 = VERTEX_POINT('',#49);
#49 = CARTESIAN_POINT('',(35.63,12.048,18.684238740806));
#50 = LINE('',#51,#52);
#51 = CARTESIAN_POINT('',(35.63,55.951103558064,-3.81547891693));
#52 = VECTOR('',#53,1.);
#53 = DIRECTION('',(-0.,0.889938375606,-0.456080790677));
#54 = ORIENTED_EDGE('',*,*,#55,.T.);
#55 = EDGE_CURVE('',#48,#56,#58,.T.);
#56 = VERTEX_POINT('',#57);
#57 = CARTESIAN_POINT('',(35.63,12.048,27.));
#58 = LINE('',#59,#60);
#59 = CARTESIAN_POINT('',(35.63,12.048,7.8955));
#60 = VECTOR('',#61,1.);
#61 = DIRECTION('',(0.,0.,1.));
#62 = ORIENTED_EDGE('',*,*,#63,.F.);
#63 = EDGE_CURVE('',#64,#56,#66,.T.);
#64 = VERTEX_POINT('',#65);
#65 = CARTESIAN_POINT('',(35.63,-12.048,27.));
#66 = LINE('',#67,#68);
#67 = CARTESIAN_POINT('',(35.63,-21.9,27.));
#68 = VECTOR('',#69,1.);
#69 = DIRECTION('',(-0.,1.,0.));
#70 = ORIENTED_EDGE('',*,*,#71,.F.);
#71 = EDGE_CURVE('',#72,#64,#74,.T.);
#72 = VERTEX_POINT('',#73);
#73 = CARTESIAN_POINT('',(35.63,-12.048,18.684238740807));
#74 = LINE('',#75,#76);
#75 = CARTESIAN_POINT('',(35.63,-12.048,7.8955));
#76 = VECTOR('',#77,1.);
#77 = DIRECTION('',(0.,0.,1.));
#78 = ORIENTED_EDGE('',*,*,#79,.F.);
#79 = EDGE_CURVE('',#24,#72,#80,.T.);
#80 = LINE('',#81,#82);
#81 = CARTESIAN_POINT('',(35.63,-131.4828547792,-42.5244297414));
#82 = VECTOR('',#83,1.);
#83 = DIRECTION('',(0.,0.889938375606,0.456080790677));
#84 = FACE_BOUND('',#85,.F.);
#85 = EDGE_LOOP('',(#86));
#86 = ORIENTED_EDGE('',*,*,#87,.T.);
#87 = EDGE_CURVE('',#88,#88,#90,.T.);
#88 = VERTEX_POINT('',#89);
#89 = CARTESIAN_POINT('',(35.63,10.40715588,11.1795));
#90 = B_SPLINE_CURVE_WITH_KNOTS('',7,(#91,#92,#93,#94,#95,#96,#97,#98,
    #99,#100,#101,#102,#103,#104,#105,#106,#107,#108,#109,#110,#111,#112
    ,#113,#114,#115,#116,#117,#118,#119,#120,#121,#122,#123,#124,#125,
    #126,#127,#128,#129,#130,#131,#132,#133,#134,#135,#136,#137,#138,
    #139,#140,#141,#142,#143,#144,#145,#146,#147,#148,#149,#150,#151,
    #152,#153,#154,#155,#156,#157,#158,#159,#160,#161,#162,#163,#164,
    #165,#166,#167,#168,#169,#170,#171,#172,#173,#174,#175,#176,#177,
    #178,#179,#180,#181,#182,#183,#184,#185,#186,#187,#188,#189,#190,
    #191,#192,#193,#194,#195,#196,#197,#198,#199,#200,#201,#202,#203,
    #204,#205,#206,#207,#208,#209,#210,#211,#212),.UNSPECIFIED.,.T.,.F.,
  (8,6,6,6,6,6,6,6,6,6,6,6,6,6,6,6,6,6,6,6,8),(0.,0.113963003586,
    0.157252445581,0.184839538434,0.249971734087,0.315103929739,
    0.342691022592,0.385980464587,0.425480452376,0.448865740984,0.5,
    0.551134259016,0.574519547624,0.614019535413,0.657308977407,
    0.684896070261,0.750028265913,0.815160461566,0.842747554419,
    0.886036996414,1.),.UNSPECIFIED.);
#91 = CARTESIAN_POINT('',(35.63,10.40715588,11.1795));
#92 = CARTESIAN_POINT('',(35.63,10.40715588,11.067110907494));
#93 = CARTESIAN_POINT('',(35.63,10.391194582769,10.954650009488));
#94 = CARTESIAN_POINT('',(35.63,10.359236354366,10.844721734958));
#95 = CARTESIAN_POINT('',(35.63,10.312131691435,10.739631247478));
#96 = CARTESIAN_POINT('',(35.63,10.251206434783,10.641313982608));
#97 = CARTESIAN_POINT('',(35.63,10.178152942199,10.551349937288));
#98 = CARTESIAN_POINT('',(35.63,10.063323672864,10.440369218216));
#99 = CARTESIAN_POINT('',(35.63,10.030231466117,10.411179436196));
#100 = CARTESIAN_POINT('',(35.63,9.995755581449,10.383410934536));
#101 = CARTESIAN_POINT('',(35.63,9.959994916527,10.357114956151));
#102 = CARTESIAN_POINT('',(35.63,9.923048760432,10.332335261152));
#103 = CARTESIAN_POINT('',(35.63,9.885015892935,10.309108993342));
#104 = CARTESIAN_POINT('',(35.63,9.821125973387,10.273676086935));
#105 = CARTESIAN_POINT('',(35.63,9.795856466958,10.26052827967));
#106 = CARTESIAN_POINT('',(35.63,9.770210396863,10.248032136983));
#107 = CARTESIAN_POINT('',(35.63,9.744212781758,10.236194865145));
#108 = CARTESIAN_POINT('',(35.63,9.717888426601,10.225022864618));
#109 = CARTESIAN_POINT('',(35.63,9.69126192265,10.214521730061));
#110 = CARTESIAN_POINT('',(35.63,9.600837561291,10.181498624111));
#111 = CARTESIAN_POINT('',(35.63,9.535771006575,10.162068164459));
#112 = CARTESIAN_POINT('',(35.63,9.469475703858,10.146467455654));
#113 = CARTESIAN_POINT('',(35.63,9.402264820278,10.134740221667));
#114 = CARTESIAN_POINT('',(35.63,9.33444715173,10.126913530745));
#115 = CARTESIAN_POINT('',(35.63,9.266327305015,10.123));
#116 = CARTESIAN_POINT('',(35.63,9.130084454986,10.123));
#117 = CARTESIAN_POINT('',(35.63,9.061964608271,10.126913530745));
#118 = CARTESIAN_POINT('',(35.63,8.994146939722,10.134740221667));
#119 = CARTESIAN_POINT('',(35.63,8.926936056142,10.146467455654));
#120 = CARTESIAN_POINT('',(35.63,8.860640753425,10.162068164459));
#121 = CARTESIAN_POINT('',(35.63,8.79557419871,10.181498624111));
#122 = CARTESIAN_POINT('',(35.63,8.70514983735,10.214521730061));
#123 = CARTESIAN_POINT('',(35.63,8.678523333399,10.225022864618));
#124 = CARTESIAN_POINT('',(35.63,8.652198978243,10.236194865145));
#125 = CARTESIAN_POINT('',(35.63,8.626201363138,10.248032136983));
#126 = CARTESIAN_POINT('',(35.63,8.600555293042,10.26052827967));
#127 = CARTESIAN_POINT('',(35.63,8.575285786614,10.273676086935));
#128 = CARTESIAN_POINT('',(35.63,8.511395867065,10.309108993342));
#129 = CARTESIAN_POINT('',(35.63,8.473362999568,10.332335261152));
#130 = CARTESIAN_POINT('',(35.63,8.436416843473,10.357114956151));
#131 = CARTESIAN_POINT('',(35.63,8.400656178552,10.383410934536));
#132 = CARTESIAN_POINT('',(35.63,8.366180293884,10.411179436196));
#133 = CARTESIAN_POINT('',(35.63,8.333088087136,10.440369218216));
#134 = CARTESIAN_POINT('',(35.63,8.272633385172,10.49879775594));
#135 = CARTESIAN_POINT('',(35.63,8.245022771794,10.527808673021));
#136 = CARTESIAN_POINT('',(35.63,8.218719697571,10.557907826633));
#137 = CARTESIAN_POINT('',(35.63,8.193797306143,10.58904395137));
#138 = CARTESIAN_POINT('',(35.63,8.170326476379,10.621159709127));
#139 = CARTESIAN_POINT('',(35.63,8.148374787827,10.654191268805));
#140 = CARTESIAN_POINT('',(35.63,8.115946191345,10.708123954754));
#141 = CARTESIAN_POINT('',(35.63,8.104441431577,10.728476293961));
#142 = CARTESIAN_POINT('',(35.63,8.093504416176,10.749110235989));
#143 = CARTESIAN_POINT('',(35.63,8.08314760848,10.770010373686));
#144 = CARTESIAN_POINT('',(35.63,8.073382725843,10.791160560394));
#145 = CARTESIAN_POINT('',(35.63,8.064220739639,10.812543909946));
#146 = CARTESIAN_POINT('',(35.63,8.036978933186,10.881370910321));
#147 = CARTESIAN_POINT('',(35.63,8.02121619498,10.929632441549));
#148 = CARTESIAN_POINT('',(35.63,8.008491346911,10.97873930953));
#149 = CARTESIAN_POINT('',(35.63,7.998888690084,11.028492164085));
#150 = CARTESIAN_POINT('',(35.63,7.99246674898,11.07868209496));
#151 = CARTESIAN_POINT('',(35.63,7.98925588,11.129092341113));
#152 = CARTESIAN_POINT('',(35.63,7.98925588,11.229907658887));
#153 = CARTESIAN_POINT('',(35.63,7.99246674898,11.28031790504));
#154 = CARTESIAN_POINT('',(35.63,7.998888690084,11.330507835915));
#155 = CARTESIAN_POINT('',(35.63,8.008491346911,11.380260690469));
#156 = CARTESIAN_POINT('',(35.63,8.02121619498,11.429367558451));
#157 = CARTESIAN_POINT('',(35.63,8.036978933185,11.477629089678));
#158 = CARTESIAN_POINT('',(35.63,8.064220739639,11.546456090053));
#159 = CARTESIAN_POINT('',(35.63,8.073382725843,11.567839439606));
#160 = CARTESIAN_POINT('',(35.63,8.08314760848,11.588989626313));
#161 = CARTESIAN_POINT('',(35.63,8.093504416176,11.609889764011));
#162 = CARTESIAN_POINT('',(35.63,8.104441431576,11.630523706039));
#163 = CARTESIAN_POINT('',(35.63,8.115946191345,11.650876045246));
#164 = CARTESIAN_POINT('',(35.63,8.148374787827,11.704808731195));
#165 = CARTESIAN_POINT('',(35.63,8.170326476378,11.737840290872));
#166 = CARTESIAN_POINT('',(35.63,8.193797306143,11.76995604863));
#167 = CARTESIAN_POINT('',(35.63,8.218719697571,11.801092173367));
#168 = CARTESIAN_POINT('',(35.63,8.245022771794,11.831191326978));
#169 = CARTESIAN_POINT('',(35.63,8.272633385172,11.860202244059));
#170 = CARTESIAN_POINT('',(35.63,8.333088087136,11.918630781784));
#171 = CARTESIAN_POINT('',(35.63,8.366180293883,11.947820563804));
#172 = CARTESIAN_POINT('',(35.63,8.400656178551,11.975589065464));
#173 = CARTESIAN_POINT('',(35.63,8.436416843472,12.001885043849));
#174 = CARTESIAN_POINT('',(35.63,8.473362999568,12.026664738848));
#175 = CARTESIAN_POINT('',(35.63,8.511395867065,12.049891006658));
#176 = CARTESIAN_POINT('',(35.63,8.575285786613,12.085323913065));
#177 = CARTESIAN_POINT('',(35.63,8.600555293042,12.09847172033));
#178 = CARTESIAN_POINT('',(35.63,8.626201363137,12.110967863017));
#179 = CARTESIAN_POINT('',(35.63,8.652198978242,12.122805134855));
#180 = CARTESIAN_POINT('',(35.63,8.678523333399,12.133977135382));
#181 = CARTESIAN_POINT('',(35.63,8.70514983735,12.144478269939));
#182 = CARTESIAN_POINT('',(35.63,8.795574198709,12.177501375889));
#183 = CARTESIAN_POINT('',(35.63,8.860640753424,12.196931835541));
#184 = CARTESIAN_POINT('',(35.63,8.926936056142,12.212532544346));
#185 = CARTESIAN_POINT('',(35.63,8.994146939721,12.224259778333));
#186 = CARTESIAN_POINT('',(35.63,9.06196460827,12.232086469255));
#187 = CARTESIAN_POINT('',(35.63,9.130084454985,12.236));
#188 = CARTESIAN_POINT('',(35.63,9.266327305014,12.236));
#189 = CARTESIAN_POINT('',(35.63,9.334447151729,12.232086469255));
#190 = CARTESIAN_POINT('',(35.63,9.402264820278,12.224259778333));
#191 = CARTESIAN_POINT('',(35.63,9.469475703858,12.212532544346));
#192 = CARTESIAN_POINT('',(35.63,9.535771006575,12.196931835541));
#193 = CARTESIAN_POINT('',(35.63,9.60083756129,12.177501375889));
#194 = CARTESIAN_POINT('',(35.63,9.69126192265,12.144478269939));
#195 = CARTESIAN_POINT('',(35.63,9.717888426601,12.133977135382));
#196 = CARTESIAN_POINT('',(35.63,9.744212781757,12.122805134855));
#197 = CARTESIAN_POINT('',(35.63,9.770210396862,12.110967863017));
#198 = CARTESIAN_POINT('',(35.63,9.795856466958,12.09847172033));
#199 = CARTESIAN_POINT('',(35.63,9.821125973386,12.085323913065));
#200 = CARTESIAN_POINT('',(35.63,9.885015892935,12.049891006658));
#201 = CARTESIAN_POINT('',(35.63,9.923048760432,12.026664738848));
#202 = CARTESIAN_POINT('',(35.63,9.959994916527,12.001885043849));
#203 = CARTESIAN_POINT('',(35.63,9.995755581448,11.975589065464));
#204 = CARTESIAN_POINT('',(35.63,10.030231466116,11.947820563804));
#205 = CARTESIAN_POINT('',(35.63,10.063323672864,11.918630781784));
#206 = CARTESIAN_POINT('',(35.63,10.178152942199,11.807650062712));
#207 = CARTESIAN_POINT('',(35.63,10.251206434783,11.717686017393));
#208 = CARTESIAN_POINT('',(35.63,10.312131691435,11.61936875252));
#209 = CARTESIAN_POINT('',(35.63,10.359236354365,11.514278265044));
#210 = CARTESIAN_POINT('',(35.63,10.391194582769,11.404349990511));
#211 = CARTESIAN_POINT('',(35.63,10.40715588,11.291889092506));
#212 = CARTESIAN_POINT('',(35.63,10.40715588,11.1795));
#213 = FACE_BOUND('',#214,.F.);
#214 = EDGE_LOOP('',(#215));
#215 = ORIENTED_EDGE('',*,*,#216,.F.);
#216 = EDGE_CURVE('',#217,#217,#219,.T.);
#217 = VERTEX_POINT('',#218);
#218 = CARTESIAN_POINT('',(35.63,-18.1,5.751));
#219 = CIRCLE('',#220,1.501);
#220 = AXIS2_PLACEMENT_3D('',#221,#222,#223);
#221 = CARTESIAN_POINT('',(35.63,-18.1,4.25));
#222 = DIRECTION('',(1.,0.,0.));
#223 = DIRECTION('',(-0.,0.,1.));
#224 = FACE_BOUND('',#225,.F.);
#225 = EDGE_LOOP('',(#226));
#226 = ORIENTED_EDGE('',*,*,#227,.T.);
#227 = EDGE_CURVE('',#228,#228,#230,.T.);
#228 = VERTEX_POINT('',#229);
#229 = CARTESIAN_POINT('',(35.63,-8.38310581,11.179));
#230 = B_SPLINE_CURVE_WITH_KNOTS('',7,(#231,#232,#233,#234,#235,#236,
    #237,#238,#239,#240,#241,#242,#243,#244,#245,#246,#247,#248,#249,
    #250,#251,#252,#253,#254,#255,#256,#257,#258,#259,#260,#261,#262,
    #263,#264,#265,#266,#267,#268,#269,#270,#271,#272,#273,#274,#275,
    #276,#277,#278,#279,#280,#281,#282,#283,#284,#285,#286,#287,#288,
    #289,#290,#291,#292,#293,#294,#295,#296,#297,#298,#299,#300,#301,
    #302,#303,#304,#305,#306,#307,#308,#309,#310,#311,#312,#313,#314,
    #315,#316,#317,#318,#319,#320,#321,#322,#323,#324,#325,#326,#327,
    #328,#329,#330,#331,#332,#333,#334,#335,#336,#337,#338,#339,#340,
    #341,#342,#343,#344,#345,#346,#347,#348,#349,#350,#351,#352),
  .UNSPECIFIED.,.T.,.F.,(8,6,6,6,6,6,6,6,6,6,6,6,6,6,6,6,6,6,6,6,8),(0.,
    0.113989422239,0.157275991098,0.184860289099,0.249984041397,
    0.315107793696,0.342692091697,0.385978660555,0.425477913053,
    0.448863567962,0.5,0.551136432038,0.574522086946,0.614021339444,
    0.657307908302,0.684892206304,0.750015958602,0.8151397109,
    0.842724008901,0.88601057776,1.),.UNSPECIFIED.);
#231 = CARTESIAN_POINT('',(35.63,-8.38310581,11.179));
#232 = CARTESIAN_POINT('',(35.63,-8.383105773811,11.066586724462));
#233 = CARTESIAN_POINT('',(35.63,-8.399060930554,10.954053250342));
#234 = CARTESIAN_POINT('',(35.63,-8.431031214967,10.844052954895));
#235 = CARTESIAN_POINT('',(35.63,-8.478149803305,10.738916043481));
#236 = CARTESIAN_POINT('',(35.63,-8.539072507238,10.640571936493));
#237 = CARTESIAN_POINT('',(35.63,-8.612114336741,10.550574711399));
#238 = CARTESIAN_POINT('',(35.63,-8.726979883942,10.439520172449));
#239 = CARTESIAN_POINT('',(35.63,-8.760075701331,10.41031692769));
#240 = CARTESIAN_POINT('',(35.63,-8.794555607247,10.382535377598));
#241 = CARTESIAN_POINT('',(35.63,-8.830320665713,10.356226866637));
#242 = CARTESIAN_POINT('',(35.63,-8.867271592403,10.331435207781));
#243 = CARTESIAN_POINT('',(35.63,-8.905309664773,10.308197572833));
#244 = CARTESIAN_POINT('',(35.63,-8.96920812227,10.272747541708));
#245 = CARTESIAN_POINT('',(35.63,-8.994480574654,10.259593597576));
#246 = CARTESIAN_POINT('',(35.63,-9.020129741105,10.247091576039));
#247 = CARTESIAN_POINT('',(35.63,-9.04613059116,10.23524869377));
#248 = CARTESIAN_POINT('',(35.63,-9.07245831213,10.224071358418));
#249 = CARTESIAN_POINT('',(35.63,-9.099088309103,10.213565168611));
#250 = CARTESIAN_POINT('',(35.63,-9.189523031017,10.180526710519));
#251 = CARTESIAN_POINT('',(35.63,-9.254597278606,10.161087058632));
#252 = CARTESIAN_POINT('',(35.63,-9.320900816445,10.145478856413));
#253 = CARTESIAN_POINT('',(35.63,-9.388120214207,10.13374595795));
#254 = CARTESIAN_POINT('',(35.63,-9.455946553555,10.125915460654));
#255 = CARTESIAN_POINT('',(35.63,-9.524075239208,10.121999992624));
#256 = CARTESIAN_POINT('',(35.63,-9.660336380791,10.121999992624));
#257 = CARTESIAN_POINT('',(35.63,-9.728465066444,10.125915460654));
#258 = CARTESIAN_POINT('',(35.63,-9.796291405793,10.13374595795));
#259 = CARTESIAN_POINT('',(35.63,-9.863510803555,10.145478856413));
#260 = CARTESIAN_POINT('',(35.63,-9.929814341394,10.161087058632));
#261 = CARTESIAN_POINT('',(35.63,-9.994888588983,10.180526710519));
#262 = CARTESIAN_POINT('',(35.63,-10.08532331089,10.213565168611));
#263 = CARTESIAN_POINT('',(35.63,-10.11195330786,10.224071358418));
#264 = CARTESIAN_POINT('',(35.63,-10.13828102884,10.23524869377));
#265 = CARTESIAN_POINT('',(35.63,-10.16428187889,10.247091576039));
#266 = CARTESIAN_POINT('',(35.63,-10.18993104534,10.259593597575));
#267 = CARTESIAN_POINT('',(35.63,-10.21520349773,10.272747541708));
#268 = CARTESIAN_POINT('',(35.63,-10.27910195522,10.308197572833));
#269 = CARTESIAN_POINT('',(35.63,-10.31714002759,10.331435207781));
#270 = CARTESIAN_POINT('',(35.63,-10.35409095428,10.356226866637));
#271 = CARTESIAN_POINT('',(35.63,-10.38985601275,10.382535377598));
#272 = CARTESIAN_POINT('',(35.63,-10.42433591866,10.41031692769));
#273 = CARTESIAN_POINT('',(35.63,-10.45743173605,10.439520172449));
#274 = CARTESIAN_POINT('',(35.63,-10.51789382463,10.49797625494));
#275 = CARTESIAN_POINT('',(35.63,-10.54550818162,10.527001324736));
#276 = CARTESIAN_POINT('',(35.63,-10.57181460336,10.557114945455));
#277 = CARTESIAN_POINT('',(35.63,-10.596740011,10.588265843433));
#278 = CARTESIAN_POINT('',(35.63,-10.62021354881,10.620396643169));
#279 = CARTESIAN_POINT('',(35.63,-10.64216763098,10.653443429616));
#280 = CARTESIAN_POINT('',(35.63,-10.6745998953,10.707401099816));
#281 = CARTESIAN_POINT('',(35.63,-10.68610615338,10.72776321576));
#282 = CARTESIAN_POINT('',(35.63,-10.69704455848,10.748406992335));
#283 = CARTESIAN_POINT('',(35.63,-10.70740264947,10.769317019774));
#284 = CARTESIAN_POINT('',(35.63,-10.71716870842,10.790477144513));
#285 = CARTESIAN_POINT('',(35.63,-10.72633176053,10.811870469192));
#286 = CARTESIAN_POINT('',(35.63,-10.75357719273,10.880730626563));
#287 = CARTESIAN_POINT('',(35.63,-10.76934184413,10.929015262143));
#288 = CARTESIAN_POINT('',(35.63,-10.78206814567,10.978145333439));
#289 = CARTESIAN_POINT('',(35.63,-10.79167191079,11.027921594287));
#290 = CARTESIAN_POINT('',(35.63,-10.79809461314,11.078135133105));
#291 = CARTESIAN_POINT('',(35.63,-10.80130585072,11.128569027688));
#292 = CARTESIAN_POINT('',(35.63,-10.80130585072,11.229430972312));
#293 = CARTESIAN_POINT('',(35.63,-10.79809461314,11.279864866895));
#294 = CARTESIAN_POINT('',(35.63,-10.79167191079,11.330078405713));
#295 = CARTESIAN_POINT('',(35.63,-10.78206814567,11.37985466656));
#296 = CARTESIAN_POINT('',(35.63,-10.76934184413,11.428984737857));
#297 = CARTESIAN_POINT('',(35.63,-10.75357719273,11.477269373437));
#298 = CARTESIAN_POINT('',(35.63,-10.72633176053,11.546129530807));
#299 = CARTESIAN_POINT('',(35.63,-10.71716870842,11.567522855486));
#300 = CARTESIAN_POINT('',(35.63,-10.70740264947,11.588682980226));
#301 = CARTESIAN_POINT('',(35.63,-10.69704455848,11.609593007665));
#302 = CARTESIAN_POINT('',(35.63,-10.68610615338,11.63023678424));
#303 = CARTESIAN_POINT('',(35.63,-10.6745998953,11.650598900184));
#304 = CARTESIAN_POINT('',(35.63,-10.64216763098,11.704556570384));
#305 = CARTESIAN_POINT('',(35.63,-10.62021354881,11.737603356831));
#306 = CARTESIAN_POINT('',(35.63,-10.596740011,11.769734156567));
#307 = CARTESIAN_POINT('',(35.63,-10.57181460336,11.800885054545));
#308 = CARTESIAN_POINT('',(35.63,-10.54550818162,11.830998675263));
#309 = CARTESIAN_POINT('',(35.63,-10.51789382463,11.86002374506));
#310 = CARTESIAN_POINT('',(35.63,-10.45743173605,11.918479827551));
#311 = CARTESIAN_POINT('',(35.63,-10.42433591866,11.94768307231));
#312 = CARTESIAN_POINT('',(35.63,-10.38985601275,11.975464622402));
#313 = CARTESIAN_POINT('',(35.63,-10.35409095428,12.001773133363));
#314 = CARTESIAN_POINT('',(35.63,-10.31714002759,12.026564792219));
#315 = CARTESIAN_POINT('',(35.63,-10.27910195522,12.049802427167));
#316 = CARTESIAN_POINT('',(35.63,-10.21520349773,12.085252458292));
#317 = CARTESIAN_POINT('',(35.63,-10.18993104534,12.098406402424));
#318 = CARTESIAN_POINT('',(35.63,-10.16428187889,12.110908423961));
#319 = CARTESIAN_POINT('',(35.63,-10.13828102884,12.12275130623));
#320 = CARTESIAN_POINT('',(35.63,-10.11195330787,12.133928641582));
#321 = CARTESIAN_POINT('',(35.63,-10.08532331089,12.144434831389));
#322 = CARTESIAN_POINT('',(35.63,-9.994888588983,12.177473289481));
#323 = CARTESIAN_POINT('',(35.63,-9.929814341394,12.196912941368));
#324 = CARTESIAN_POINT('',(35.63,-9.863510803555,12.212521143587));
#325 = CARTESIAN_POINT('',(35.63,-9.796291405793,12.22425404205));
#326 = CARTESIAN_POINT('',(35.63,-9.728465066445,12.232084539346));
#327 = CARTESIAN_POINT('',(35.63,-9.660336380792,12.236000007376));
#328 = CARTESIAN_POINT('',(35.63,-9.524075239209,12.236000007376));
#329 = CARTESIAN_POINT('',(35.63,-9.455946553556,12.232084539346));
#330 = CARTESIAN_POINT('',(35.63,-9.388120214207,12.22425404205));
#331 = CARTESIAN_POINT('',(35.63,-9.320900816445,12.212521143587));
#332 = CARTESIAN_POINT('',(35.63,-9.254597278606,12.196912941368));
#333 = CARTESIAN_POINT('',(35.63,-9.189523031017,12.177473289481));
#334 = CARTESIAN_POINT('',(35.63,-9.099088309103,12.144434831389));
#335 = CARTESIAN_POINT('',(35.63,-9.072458312131,12.133928641582));
#336 = CARTESIAN_POINT('',(35.63,-9.04613059116,12.12275130623));
#337 = CARTESIAN_POINT('',(35.63,-9.020129741105,12.110908423961));
#338 = CARTESIAN_POINT('',(35.63,-8.994480574654,12.098406402425));
#339 = CARTESIAN_POINT('',(35.63,-8.96920812227,12.085252458292));
#340 = CARTESIAN_POINT('',(35.63,-8.905309664773,12.049802427167));
#341 = CARTESIAN_POINT('',(35.63,-8.867271592403,12.026564792219));
#342 = CARTESIAN_POINT('',(35.63,-8.830320665713,12.001773133363));
#343 = CARTESIAN_POINT('',(35.63,-8.794555607247,11.975464622402));
#344 = CARTESIAN_POINT('',(35.63,-8.760075701331,11.94768307231));
#345 = CARTESIAN_POINT('',(35.63,-8.726979883943,11.918479827551));
#346 = CARTESIAN_POINT('',(35.63,-8.612114336741,11.8074252886));
#347 = CARTESIAN_POINT('',(35.63,-8.539072507239,11.717428063508));
#348 = CARTESIAN_POINT('',(35.63,-8.478149803304,11.619083956516));
#349 = CARTESIAN_POINT('',(35.63,-8.431031214968,11.513947045108));
#350 = CARTESIAN_POINT('',(35.63,-8.399060930553,11.403946749656));
#351 = CARTESIAN_POINT('',(35.63,-8.383105773811,11.291413275538));
#352 = CARTESIAN_POINT('',(35.63,-8.38310581,11.179));
#353 = PLANE('',#354);
#354 = AXIS2_PLACEMENT_3D('',#355,#356,#357);
#355 = CARTESIAN_POINT('',(35.63,-20.8,1.6));
#356 = DIRECTION('',(1.,0.,-0.));
#357 = DIRECTION('',(0.,0.,1.));
#358 = ADVANCED_FACE('',(#359),#416,.F.);
#359 = FACE_BOUND('',#360,.F.);
#360 = EDGE_LOOP('',(#361,#362,#370,#378,#386,#394,#402,#410));
#361 = ORIENTED_EDGE('',*,*,#39,.F.);
#362 = ORIENTED_EDGE('',*,*,#363,.F.);
#363 = EDGE_CURVE('',#364,#32,#366,.T.);
#364 = VERTEX_POINT('',#365);
#365 = CARTESIAN_POINT('',(-35.63,20.8,1.6));
#366 = LINE('',#367,#368);
#367 = CARTESIAN_POINT('',(-35.63,20.8,1.6));
#368 = VECTOR('',#369,1.);
#369 = DIRECTION('',(1.,0.,-0.));
#370 = ORIENTED_EDGE('',*,*,#371,.T.);
#371 = EDGE_CURVE('',#364,#372,#374,.T.);
#372 = VERTEX_POINT('',#373);
#373 = CARTESIAN_POINT('',(-35.63,20.8,14.198962917878));
#374 = LINE('',#375,#376);
#375 = CARTESIAN_POINT('',(-35.63,20.8,1.6));
#376 = VECTOR('',#377,1.);
#377 = DIRECTION('',(0.,0.,1.));
#378 = ORIENTED_EDGE('',*,*,#379,.F.);
#379 = EDGE_CURVE('',#380,#372,#382,.T.);
#380 = VERTEX_POINT('',#381);
#381 = CARTESIAN_POINT('',(-30.451,20.8,18.68502917781));
#382 = LINE('',#383,#384);
#383 = CARTESIAN_POINT('',(-47.41606223935,20.8,3.989838347609));
#384 = VECTOR('',#385,1.);
#385 = DIRECTION('',(-0.755862444725,0.,-0.654730451907));
#386 = ORIENTED_EDGE('',*,*,#387,.F.);
#387 = EDGE_CURVE('',#388,#380,#390,.T.);
#388 = VERTEX_POINT('',#389);
#389 = CARTESIAN_POINT('',(-30.451,20.8,27.));
#390 = LINE('',#391,#392);
#391 = CARTESIAN_POINT('',(-30.451,20.8,7.8955));
#392 = VECTOR('',#393,1.);
#393 = DIRECTION('',(-0.,0.,-1.));
#394 = ORIENTED_EDGE('',*,*,#395,.F.);
#395 = EDGE_CURVE('',#396,#388,#398,.T.);
#396 = VERTEX_POINT('',#397);
#397 = CARTESIAN_POINT('',(30.451,20.8,27.));
#398 = LINE('',#399,#400);
#399 = CARTESIAN_POINT('',(-36.28,20.8,27.));
#400 = VECTOR('',#401,1.);
#401 = DIRECTION('',(-1.,-0.,0.));
#402 = ORIENTED_EDGE('',*,*,#403,.T.);
#403 = EDGE_CURVE('',#396,#404,#406,.T.);
#404 = VERTEX_POINT('',#405);
#405 = CARTESIAN_POINT('',(30.451,20.8,18.68502917781));
#406 = LINE('',#407,#408);
#407 = CARTESIAN_POINT('',(30.451,20.8,7.8955));
#408 = VECTOR('',#409,1.);
#409 = DIRECTION('',(-0.,0.,-1.));
#410 = ORIENTED_EDGE('',*,*,#411,.F.);
#411 = EDGE_CURVE('',#40,#404,#412,.T.);
#412 = LINE('',#413,#414);
#413 = CARTESIAN_POINT('',(117.51598572344,20.8,-56.73093816634));
#414 = VECTOR('',#415,1.);
#415 = DIRECTION('',(-0.755862444725,-0.,0.654730451907));
#416 = PLANE('',#417);
#417 = AXIS2_PLACEMENT_3D('',#418,#419,#420);
#418 = CARTESIAN_POINT('',(-35.63,20.8,1.6));
#419 = DIRECTION('',(-0.,1.,0.));
#420 = DIRECTION('',(0.,0.,1.));
#421 = ADVANCED_FACE('',(#422),#479,.T.);
#422 = FACE_BOUND('',#423,.T.);
#423 = EDGE_LOOP('',(#424,#434,#440,#441,#449,#457,#465,#473));
#424 = ORIENTED_EDGE('',*,*,#425,.F.);
#425 = EDGE_CURVE('',#426,#428,#430,.T.);
#426 = VERTEX_POINT('',#427);
#427 = CARTESIAN_POINT('',(-35.63,-20.8,1.6));
#428 = VERTEX_POINT('',#429);
#429 = CARTESIAN_POINT('',(-35.63,-20.8,24.002));
#430 = LINE('',#431,#432);
#431 = CARTESIAN_POINT('',(-35.63,-20.8,1.6));
#432 = VECTOR('',#433,1.);
#433 = DIRECTION('',(0.,0.,1.));
#434 = ORIENTED_EDGE('',*,*,#435,.T.);
#435 = EDGE_CURVE('',#426,#364,#436,.T.);
#436 = LINE('',#437,#438);
#437 = CARTESIAN_POINT('',(-35.63,-20.8,1.6));
#438 = VECTOR('',#439,1.);
#439 = DIRECTION('',(-0.,1.,0.));
#440 = ORIENTED_EDGE('',*,*,#371,.T.);
#441 = ORIENTED_EDGE('',*,*,#442,.F.);
#442 = EDGE_CURVE('',#443,#372,#445,.T.);
#443 = VERTEX_POINT('',#444);
#444 = CARTESIAN_POINT('',(-35.63,12.048,18.684238740807));
#445 = LINE('',#446,#447);
#446 = CARTESIAN_POINT('',(-35.63,-111.9528078573,82.232893391873));
#447 = VECTOR('',#448,1.);
#448 = DIRECTION('',(-0.,0.889938375606,-0.456080790677));
#449 = ORIENTED_EDGE('',*,*,#450,.T.);
#450 = EDGE_CURVE('',#443,#451,#453,.T.);
#451 = VERTEX_POINT('',#452);
#452 = CARTESIAN_POINT('',(-35.63,12.048,27.));
#453 = LINE('',#454,#455);
#454 = CARTESIAN_POINT('',(-35.63,12.048,7.8955));
#455 = VECTOR('',#456,1.);
#456 = DIRECTION('',(0.,0.,1.));
#457 = ORIENTED_EDGE('',*,*,#458,.F.);
#458 = EDGE_CURVE('',#459,#451,#461,.T.);
#459 = VERTEX_POINT('',#460);
#460 = CARTESIAN_POINT('',(-35.63,-10.72,27.));
#461 = LINE('',#462,#463);
#462 = CARTESIAN_POINT('',(-35.63,-21.9,27.));
#463 = VECTOR('',#464,1.);
#464 = DIRECTION('',(-0.,1.,0.));
#465 = ORIENTED_EDGE('',*,*,#466,.F.);
#466 = EDGE_CURVE('',#467,#459,#469,.T.);
#467 = VERTEX_POINT('',#468);
#468 = CARTESIAN_POINT('',(-35.63,-10.72,24.002));
#469 = LINE('',#470,#471);
#470 = CARTESIAN_POINT('',(-35.63,-10.72,12.801));
#471 = VECTOR('',#472,1.);
#472 = DIRECTION('',(0.,0.,1.));
#473 = ORIENTED_EDGE('',*,*,#474,.T.);
#474 = EDGE_CURVE('',#467,#428,#475,.T.);
#475 = LINE('',#476,#477);
#476 = CARTESIAN_POINT('',(-35.63,-20.805,24.002));
#477 = VECTOR('',#478,1.);
#478 = DIRECTION('',(0.,-1.,0.));
#479 = PLANE('',#480);
#480 = AXIS2_PLACEMENT_3D('',#481,#482,#483);
#481 = CARTESIAN_POINT('',(-35.63,-20.8,1.6));
#482 = DIRECTION('',(1.,0.,-0.));
#483 = DIRECTION('',(0.,0.,1.));
#484 = ADVANCED_FACE('',(#485,#533,#567,#601),#635,.T.);
#485 = FACE_BOUND('',#486,.T.);
#486 = EDGE_LOOP('',(#487,#488,#494,#495,#503,#511,#519,#527));
#487 = ORIENTED_EDGE('',*,*,#21,.F.);
#488 = ORIENTED_EDGE('',*,*,#489,.F.);
#489 = EDGE_CURVE('',#426,#22,#490,.T.);
#490 = LINE('',#491,#492);
#491 = CARTESIAN_POINT('',(-35.63,-20.8,1.6));
#492 = VECTOR('',#493,1.);
#493 = DIRECTION('',(1.,0.,-0.));
#494 = ORIENTED_EDGE('',*,*,#425,.T.);
#495 = ORIENTED_EDGE('',*,*,#496,.T.);
#496 = EDGE_CURVE('',#428,#497,#499,.T.);
#497 = VERTEX_POINT('',#498);
#498 = CARTESIAN_POINT('',(-30.451,-20.8,24.002));
#499 = LINE('',#500,#501);
#500 = CARTESIAN_POINT('',(-35.632,-20.8,24.002));
#501 = VECTOR('',#502,1.);
#502 = DIRECTION('',(1.,0.,-0.));
#503 = ORIENTED_EDGE('',*,*,#504,.F.);
#504 = EDGE_CURVE('',#505,#497,#507,.T.);
#505 = VERTEX_POINT('',#506);
#506 = CARTESIAN_POINT('',(-30.451,-20.8,27.));
#507 = LINE('',#508,#509);
#508 = CARTESIAN_POINT('',(-30.451,-20.8,12.801));
#509 = VECTOR('',#510,1.);
#510 = DIRECTION('',(-0.,0.,-1.));
#511 = ORIENTED_EDGE('',*,*,#512,.F.);
#512 = EDGE_CURVE('',#513,#505,#515,.T.);
#513 = VERTEX_POINT('',#514);
#514 = CARTESIAN_POINT('',(30.451,-20.8,27.));
#515 = LINE('',#516,#517);
#516 = CARTESIAN_POINT('',(-36.28,-20.8,27.));
#517 = VECTOR('',#518,1.);
#518 = DIRECTION('',(-1.,-0.,0.));
#519 = ORIENTED_EDGE('',*,*,#520,.T.);
#520 = EDGE_CURVE('',#513,#521,#523,.T.);
#521 = VERTEX_POINT('',#522);
#522 = CARTESIAN_POINT('',(30.451,-20.8,18.68502917781));
#523 = LINE('',#524,#525);
#524 = CARTESIAN_POINT('',(30.451,-20.8,7.8955));
#525 = VECTOR('',#526,1.);
#526 = DIRECTION('',(-0.,0.,-1.));
#527 = ORIENTED_EDGE('',*,*,#528,.F.);
#528 = EDGE_CURVE('',#24,#521,#529,.T.);
#529 = LINE('',#530,#531);
#530 = CARTESIAN_POINT('',(-3.606975424835,-20.8,48.186155734084));
#531 = VECTOR('',#532,1.);
#532 = DIRECTION('',(-0.755862444725,-0.,0.654730451907));
#533 = FACE_BOUND('',#534,.T.);
#534 = EDGE_LOOP('',(#535,#545,#553,#561));
#535 = ORIENTED_EDGE('',*,*,#536,.F.);
#536 = EDGE_CURVE('',#537,#539,#541,.T.);
#537 = VERTEX_POINT('',#538);
#538 = CARTESIAN_POINT('',(-6.001,-20.8,24.697766829472));
#539 = VERTEX_POINT('',#540);
#540 = CARTESIAN_POINT('',(-4.155,-20.8,24.697766829472));
#541 = LINE('',#542,#543);
#542 = CARTESIAN_POINT('',(-6.001,-20.8,24.697766829472));
#543 = VECTOR('',#544,1.);
#544 = DIRECTION('',(1.,0.,0.));
#545 = ORIENTED_EDGE('',*,*,#546,.T.);
#546 = EDGE_CURVE('',#537,#547,#549,.T.);
#547 = VERTEX_POINT('',#548);
#548 = CARTESIAN_POINT('',(-6.001,-20.8,23.394233170528));
#549 = LINE('',#550,#551);
#550 = CARTESIAN_POINT('',(-6.001,-20.8,12.823));
#551 = VECTOR('',#552,1.);
#552 = DIRECTION('',(0.,0.,-1.));
#553 = ORIENTED_EDGE('',*,*,#554,.T.);
#554 = EDGE_CURVE('',#547,#555,#557,.T.);
#555 = VERTEX_POINT('',#556);
#556 = CARTESIAN_POINT('',(-4.155,-20.8,23.394233170528));
#557 = LINE('',#558,#559);
#558 = CARTESIAN_POINT('',(-6.001,-20.8,23.394233170528));
#559 = VECTOR('',#560,1.);
#560 = DIRECTION('',(1.,0.,0.));
#561 = ORIENTED_EDGE('',*,*,#562,.F.);
#562 = EDGE_CURVE('',#539,#555,#563,.T.);
#563 = LINE('',#564,#565);
#564 = CARTESIAN_POINT('',(-4.155,-20.8,12.823));
#565 = VECTOR('',#566,1.);
#566 = DIRECTION('',(0.,0.,-1.));
#567 = FACE_BOUND('',#568,.T.);
#568 = EDGE_LOOP('',(#569,#579,#587,#595));
#569 = ORIENTED_EDGE('',*,*,#570,.F.);
#570 = EDGE_CURVE('',#571,#573,#575,.T.);
#571 = VERTEX_POINT('',#572);
#572 = CARTESIAN_POINT('',(-1.387,-20.8,25.752));
#573 = VERTEX_POINT('',#574);
#574 = CARTESIAN_POINT('',(5.08,-20.8,25.752));
#575 = LINE('',#576,#577);
#576 = CARTESIAN_POINT('',(-18.5085,-20.8,25.752));
#577 = VECTOR('',#578,1.);
#578 = DIRECTION('',(1.,0.,-0.));
#579 = ORIENTED_EDGE('',*,*,#580,.T.);
#580 = EDGE_CURVE('',#571,#581,#583,.T.);
#581 = VERTEX_POINT('',#582);
#582 = CARTESIAN_POINT('',(-1.387,-20.8,21.747));
#583 = LINE('',#584,#585);
#584 = CARTESIAN_POINT('',(-1.387,-20.8,11.6735));
#585 = VECTOR('',#586,1.);
#586 = DIRECTION('',(-0.,0.,-1.));
#587 = ORIENTED_EDGE('',*,*,#588,.T.);
#588 = EDGE_CURVE('',#581,#589,#591,.T.);
#589 = VERTEX_POINT('',#590);
#590 = CARTESIAN_POINT('',(5.08,-20.8,21.747));
#591 = LINE('',#592,#593);
#592 = CARTESIAN_POINT('',(-18.5085,-20.8,21.747));
#593 = VECTOR('',#594,1.);
#594 = DIRECTION('',(1.,0.,-0.));
#595 = ORIENTED_EDGE('',*,*,#596,.F.);
#596 = EDGE_CURVE('',#573,#589,#597,.T.);
#597 = LINE('',#598,#599);
#598 = CARTESIAN_POINT('',(5.08,-20.8,11.6735));
#599 = VECTOR('',#600,1.);
#600 = DIRECTION('',(-0.,0.,-1.));
#601 = FACE_BOUND('',#602,.T.);
#602 = EDGE_LOOP('',(#603,#613,#621,#629));
#603 = ORIENTED_EDGE('',*,*,#604,.F.);
#604 = EDGE_CURVE('',#605,#607,#609,.T.);
#605 = VERTEX_POINT('',#606);
#606 = CARTESIAN_POINT('',(7.848,-20.8,24.697766829472));
#607 = VERTEX_POINT('',#608);
#608 = CARTESIAN_POINT('',(9.694,-20.8,24.697766829472));
#609 = LINE('',#610,#611);
#610 = CARTESIAN_POINT('',(7.848,-20.8,24.697766829472));
#611 = VECTOR('',#612,1.);
#612 = DIRECTION('',(1.,0.,0.));
#613 = ORIENTED_EDGE('',*,*,#614,.T.);
#614 = EDGE_CURVE('',#605,#615,#617,.T.);
#615 = VERTEX_POINT('',#616);
#616 = CARTESIAN_POINT('',(7.848,-20.8,23.394233170528));
#617 = LINE('',#618,#619);
#618 = CARTESIAN_POINT('',(7.848,-20.8,12.823));
#619 = VECTOR('',#620,1.);
#620 = DIRECTION('',(0.,0.,-1.));
#621 = ORIENTED_EDGE('',*,*,#622,.T.);
#622 = EDGE_CURVE('',#615,#623,#625,.T.);
#623 = VERTEX_POINT('',#624);
#624 = CARTESIAN_POINT('',(9.694,-20.8,23.394233170528));
#625 = LINE('',#626,#627);
#626 = CARTESIAN_POINT('',(7.848,-20.8,23.394233170528));
#627 = VECTOR('',#628,1.);
#628 = DIRECTION('',(1.,0.,0.));
#629 = ORIENTED_EDGE('',*,*,#630,.F.);
#630 = EDGE_CURVE('',#607,#623,#631,.T.);
#631 = LINE('',#632,#633);
#632 = CARTESIAN_POINT('',(9.694,-20.8,12.823));
#633 = VECTOR('',#634,1.);
#634 = DIRECTION('',(0.,0.,-1.));
#635 = PLANE('',#636);
#636 = AXIS2_PLACEMENT_3D('',#637,#638,#639);
#637 = CARTESIAN_POINT('',(-35.63,-20.8,1.6));
#638 = DIRECTION('',(-0.,1.,0.));
#639 = DIRECTION('',(0.,0.,1.));
#640 = ADVANCED_FACE('',(#641,#675),#709,.F.);
#641 = FACE_BOUND('',#642,.F.);
#642 = EDGE_LOOP('',(#643,#653,#661,#669));
#643 = ORIENTED_EDGE('',*,*,#644,.F.);
#644 = EDGE_CURVE('',#645,#647,#649,.T.);
#645 = VERTEX_POINT('',#646);
#646 = CARTESIAN_POINT('',(-36.93,-23.,1.5));
#647 = VERTEX_POINT('',#648);
#648 = CARTESIAN_POINT('',(-36.93,-23.,27.));
#649 = LINE('',#650,#651);
#650 = CARTESIAN_POINT('',(-36.93,-23.,0.));
#651 = VECTOR('',#652,1.);
#652 = DIRECTION('',(0.,0.,1.));
#653 = ORIENTED_EDGE('',*,*,#654,.T.);
#654 = EDGE_CURVE('',#645,#655,#657,.T.);
#655 = VERTEX_POINT('',#656);
#656 = CARTESIAN_POINT('',(-36.93,23.,1.5));
#657 = LINE('',#658,#659);
#658 = CARTESIAN_POINT('',(-36.93,-23.,1.5));
#659 = VECTOR('',#660,1.);
#660 = DIRECTION('',(-0.,1.,0.));
#661 = ORIENTED_EDGE('',*,*,#662,.T.);
#662 = EDGE_CURVE('',#655,#663,#665,.T.);
#663 = VERTEX_POINT('',#664);
#664 = CARTESIAN_POINT('',(-36.93,23.,27.));
#665 = LINE('',#666,#667);
#666 = CARTESIAN_POINT('',(-36.93,23.,0.));
#667 = VECTOR('',#668,1.);
#668 = DIRECTION('',(0.,0.,1.));
#669 = ORIENTED_EDGE('',*,*,#670,.F.);
#670 = EDGE_CURVE('',#647,#663,#671,.T.);
#671 = LINE('',#672,#673);
#672 = CARTESIAN_POINT('',(-36.93,-23.,27.));
#673 = VECTOR('',#674,1.);
#674 = DIRECTION('',(-0.,1.,0.));
#675 = FACE_BOUND('',#676,.F.);
#676 = EDGE_LOOP('',(#677,#687,#695,#703));
#677 = ORIENTED_EDGE('',*,*,#678,.T.);
#678 = EDGE_CURVE('',#679,#681,#683,.T.);
#679 = VERTEX_POINT('',#680);
#680 = CARTESIAN_POINT('',(-36.93,-0.987,12.997));
#681 = VERTEX_POINT('',#682);
#682 = CARTESIAN_POINT('',(-36.93,-20.777,12.997));
#683 = LINE('',#684,#685);
#684 = CARTESIAN_POINT('',(-36.93,-21.8885,12.997));
#685 = VECTOR('',#686,1.);
#686 = DIRECTION('',(0.,-1.,0.));
#687 = ORIENTED_EDGE('',*,*,#688,.T.);
#688 = EDGE_CURVE('',#681,#689,#691,.T.);
#689 = VERTEX_POINT('',#690);
#690 = CARTESIAN_POINT('',(-36.93,-20.777,24.002));
#691 = LINE('',#692,#693);
#692 = CARTESIAN_POINT('',(-36.93,-20.777,6.4985));
#693 = VECTOR('',#694,1.);
#694 = DIRECTION('',(0.,0.,1.));
#695 = ORIENTED_EDGE('',*,*,#696,.F.);
#696 = EDGE_CURVE('',#697,#689,#699,.T.);
#697 = VERTEX_POINT('',#698);
#698 = CARTESIAN_POINT('',(-36.93,-0.987,24.002));
#699 = LINE('',#700,#701);
#700 = CARTESIAN_POINT('',(-36.93,-21.8885,24.002));
#701 = VECTOR('',#702,1.);
#702 = DIRECTION('',(0.,-1.,0.));
#703 = ORIENTED_EDGE('',*,*,#704,.F.);
#704 = EDGE_CURVE('',#679,#697,#705,.T.);
#705 = LINE('',#706,#707);
#706 = CARTESIAN_POINT('',(-36.93,-0.987,6.4985));
#707 = VECTOR('',#708,1.);
#708 = DIRECTION('',(0.,0.,1.));
#709 = PLANE('',#710);
#710 = AXIS2_PLACEMENT_3D('',#711,#712,#713);
#711 = CARTESIAN_POINT('',(-36.93,-23.,0.));
#712 = DIRECTION('',(1.,0.,-0.));
#713 = DIRECTION('',(0.,0.,1.));
#714 = ADVANCED_FACE('',(#715,#740),#774,.F.);
#715 = FACE_BOUND('',#716,.F.);
#716 = EDGE_LOOP('',(#717,#727,#733,#734));
#717 = ORIENTED_EDGE('',*,*,#718,.F.);
#718 = EDGE_CURVE('',#719,#721,#723,.T.);
#719 = VERTEX_POINT('',#720);
#720 = CARTESIAN_POINT('',(36.93,-23.,1.5));
#721 = VERTEX_POINT('',#722);
#722 = CARTESIAN_POINT('',(36.93,-23.,27.));
#723 = LINE('',#724,#725);
#724 = CARTESIAN_POINT('',(36.93,-23.,0.));
#725 = VECTOR('',#726,1.);
#726 = DIRECTION('',(0.,0.,1.));
#727 = ORIENTED_EDGE('',*,*,#728,.F.);
#728 = EDGE_CURVE('',#645,#719,#729,.T.);
#729 = LINE('',#730,#731);
#730 = CARTESIAN_POINT('',(-36.93,-23.,1.5));
#731 = VECTOR('',#732,1.);
#732 = DIRECTION('',(1.,0.,-0.));
#733 = ORIENTED_EDGE('',*,*,#644,.T.);
#734 = ORIENTED_EDGE('',*,*,#735,.T.);
#735 = EDGE_CURVE('',#647,#721,#736,.T.);
#736 = LINE('',#737,#738);
#737 = CARTESIAN_POINT('',(-36.93,-23.,27.));
#738 = VECTOR('',#739,1.);
#739 = DIRECTION('',(1.,0.,-0.));
#740 = FACE_BOUND('',#741,.F.);
#741 = EDGE_LOOP('',(#742,#752,#760,#768));
#742 = ORIENTED_EDGE('',*,*,#743,.F.);
#743 = EDGE_CURVE('',#744,#746,#748,.T.);
#744 = VERTEX_POINT('',#745);
#745 = CARTESIAN_POINT('',(-1.387,-23.,25.752));
#746 = VERTEX_POINT('',#747);
#747 = CARTESIAN_POINT('',(5.08,-23.,25.752));
#748 = LINE('',#749,#750);
#749 = CARTESIAN_POINT('',(-19.1585,-23.,25.752));
#750 = VECTOR('',#751,1.);
#751 = DIRECTION('',(1.,0.,-0.));
#752 = ORIENTED_EDGE('',*,*,#753,.T.);
#753 = EDGE_CURVE('',#744,#754,#756,.T.);
#754 = VERTEX_POINT('',#755);
#755 = CARTESIAN_POINT('',(-1.387,-23.,21.747));
#756 = LINE('',#757,#758);
#757 = CARTESIAN_POINT('',(-1.387,-23.,10.8735));
#758 = VECTOR('',#759,1.);
#759 = DIRECTION('',(-0.,0.,-1.));
#760 = ORIENTED_EDGE('',*,*,#761,.T.);
#761 = EDGE_CURVE('',#754,#762,#764,.T.);
#762 = VERTEX_POINT('',#763);
#763 = CARTESIAN_POINT('',(5.08,-23.,21.747));
#764 = LINE('',#765,#766);
#765 = CARTESIAN_POINT('',(-19.1585,-23.,21.747));
#766 = VECTOR('',#767,1.);
#767 = DIRECTION('',(1.,0.,-0.));
#768 = ORIENTED_EDGE('',*,*,#769,.F.);
#769 = EDGE_CURVE('',#746,#762,#770,.T.);
#770 = LINE('',#771,#772);
#771 = CARTESIAN_POINT('',(5.08,-23.,10.8735));
#772 = VECTOR('',#773,1.);
#773 = DIRECTION('',(-0.,0.,-1.));
#774 = PLANE('',#775);
#775 = AXIS2_PLACEMENT_3D('',#776,#777,#778);
#776 = CARTESIAN_POINT('',(-36.93,-23.,0.));
#777 = DIRECTION('',(-0.,1.,0.));
#778 = DIRECTION('',(0.,0.,1.));
#779 = ADVANCED_FACE('',(#780),#807,.T.);
#780 = FACE_BOUND('',#781,.F.);
#781 = EDGE_LOOP('',(#782,#791,#799,#806));
#782 = ORIENTED_EDGE('',*,*,#783,.T.);
#783 = EDGE_CURVE('',#645,#784,#786,.T.);
#784 = VERTEX_POINT('',#785);
#785 = CARTESIAN_POINT('',(-35.43,-21.5,-2.22044604925E-16));
#786 = ELLIPSE('',#787,2.12132034356,1.5);
#787 = AXIS2_PLACEMENT_3D('',#788,#789,#790);
#788 = CARTESIAN_POINT('',(-35.43,-21.5,1.5));
#789 = DIRECTION('',(0.707106781187,-0.707106781187,-0.));
#790 = DIRECTION('',(0.707106781187,0.707106781187,0.));
#791 = ORIENTED_EDGE('',*,*,#792,.T.);
#792 = EDGE_CURVE('',#784,#793,#795,.T.);
#793 = VERTEX_POINT('',#794);
#794 = CARTESIAN_POINT('',(-35.43,21.5,-2.22044604925E-16));
#795 = LINE('',#796,#797);
#796 = CARTESIAN_POINT('',(-35.43,-23.,-2.22044604925E-16));
#797 = VECTOR('',#798,1.);
#798 = DIRECTION('',(-0.,1.,0.));
#799 = ORIENTED_EDGE('',*,*,#800,.F.);
#800 = EDGE_CURVE('',#655,#793,#801,.T.);
#801 = ELLIPSE('',#802,2.12132034356,1.5);
#802 = AXIS2_PLACEMENT_3D('',#803,#804,#805);
#803 = CARTESIAN_POINT('',(-35.43,21.5,1.5));
#804 = DIRECTION('',(-0.707106781187,-0.707106781187,-0.));
#805 = DIRECTION('',(-0.707106781187,0.707106781187,0.));
#806 = ORIENTED_EDGE('',*,*,#654,.F.);
#807 = CYLINDRICAL_SURFACE('',#808,1.5);
#808 = AXIS2_PLACEMENT_3D('',#809,#810,#811);
#809 = CARTESIAN_POINT('',(-35.43,-23.,1.5));
#810 = DIRECTION('',(-0.,1.,0.));
#811 = DIRECTION('',(-1.,-0.,0.));
#812 = ADVANCED_FACE('',(#813),#838,.T.);
#813 = FACE_BOUND('',#814,.T.);
#814 = EDGE_LOOP('',(#815,#825,#831,#832));
#815 = ORIENTED_EDGE('',*,*,#816,.F.);
#816 = EDGE_CURVE('',#817,#819,#821,.T.);
#817 = VERTEX_POINT('',#818);
#818 = CARTESIAN_POINT('',(36.93,23.,1.5));
#819 = VERTEX_POINT('',#820);
#820 = CARTESIAN_POINT('',(36.93,23.,27.));
#821 = LINE('',#822,#823);
#822 = CARTESIAN_POINT('',(36.93,23.,0.));
#823 = VECTOR('',#824,1.);
#824 = DIRECTION('',(0.,0.,1.));
#825 = ORIENTED_EDGE('',*,*,#826,.F.);
#826 = EDGE_CURVE('',#655,#817,#827,.T.);
#827 = LINE('',#828,#829);
#828 = CARTESIAN_POINT('',(-36.93,23.,1.5));
#829 = VECTOR('',#830,1.);
#830 = DIRECTION('',(1.,0.,-0.));
#831 = ORIENTED_EDGE('',*,*,#662,.T.);
#832 = ORIENTED_EDGE('',*,*,#833,.T.);
#833 = EDGE_CURVE('',#663,#819,#834,.T.);
#834 = LINE('',#835,#836);
#835 = CARTESIAN_POINT('',(-36.93,23.,27.));
#836 = VECTOR('',#837,1.);
#837 = DIRECTION('',(1.,0.,-0.));
#838 = PLANE('',#839);
#839 = AXIS2_PLACEMENT_3D('',#840,#841,#842);
#840 = CARTESIAN_POINT('',(-36.93,23.,0.));
#841 = DIRECTION('',(-0.,1.,0.));
#842 = DIRECTION('',(0.,0.,1.));
#843 = ADVANCED_FACE('',(#844),#869,.T.);
#844 = FACE_BOUND('',#845,.T.);
#845 = EDGE_LOOP('',(#846,#854,#855,#863));
#846 = ORIENTED_EDGE('',*,*,#847,.F.);
#847 = EDGE_CURVE('',#679,#848,#850,.T.);
#848 = VERTEX_POINT('',#849);
#849 = CARTESIAN_POINT('',(-36.24,-0.987,12.997));
#850 = LINE('',#851,#852);
#851 = CARTESIAN_POINT('',(-37.62,-0.987,12.997));
#852 = VECTOR('',#853,1.);
#853 = DIRECTION('',(1.,0.,-0.));
#854 = ORIENTED_EDGE('',*,*,#678,.T.);
#855 = ORIENTED_EDGE('',*,*,#856,.T.);
#856 = EDGE_CURVE('',#681,#857,#859,.T.);
#857 = VERTEX_POINT('',#858);
#858 = CARTESIAN_POINT('',(-36.24,-20.777,12.997));
#859 = LINE('',#860,#861);
#860 = CARTESIAN_POINT('',(-37.62,-20.777,12.997));
#861 = VECTOR('',#862,1.);
#862 = DIRECTION('',(1.,0.,-0.));
#863 = ORIENTED_EDGE('',*,*,#864,.T.);
#864 = EDGE_CURVE('',#857,#848,#865,.T.);
#865 = LINE('',#866,#867);
#866 = CARTESIAN_POINT('',(-36.24,-20.777,12.997));
#867 = VECTOR('',#868,1.);
#868 = DIRECTION('',(-0.,1.,0.));
#869 = PLANE('',#870);
#870 = AXIS2_PLACEMENT_3D('',#871,#872,#873);
#871 = CARTESIAN_POINT('',(-37.62,-20.777,12.997));
#872 = DIRECTION('',(0.,0.,1.));
#873 = DIRECTION('',(1.,0.,-0.));
#874 = ADVANCED_FACE('',(#875),#893,.F.);
#875 = FACE_BOUND('',#876,.F.);
#876 = EDGE_LOOP('',(#877,#878,#879,#887));
#877 = ORIENTED_EDGE('',*,*,#847,.F.);
#878 = ORIENTED_EDGE('',*,*,#704,.T.);
#879 = ORIENTED_EDGE('',*,*,#880,.T.);
#880 = EDGE_CURVE('',#697,#881,#883,.T.);
#881 = VERTEX_POINT('',#882);
#882 = CARTESIAN_POINT('',(-36.24,-0.987,24.002));
#883 = LINE('',#884,#885);
#884 = CARTESIAN_POINT('',(-37.62,-0.987,24.002));
#885 = VECTOR('',#886,1.);
#886 = DIRECTION('',(1.,0.,-0.));
#887 = ORIENTED_EDGE('',*,*,#888,.F.);
#888 = EDGE_CURVE('',#848,#881,#889,.T.);
#889 = LINE('',#890,#891);
#890 = CARTESIAN_POINT('',(-36.24,-0.987,12.997));
#891 = VECTOR('',#892,1.);
#892 = DIRECTION('',(0.,0.,1.));
#893 = PLANE('',#894);
#894 = AXIS2_PLACEMENT_3D('',#895,#896,#897);
#895 = CARTESIAN_POINT('',(-37.62,-0.987,12.997));
#896 = DIRECTION('',(-0.,1.,0.));
#897 = DIRECTION('',(0.,0.,1.));
#898 = ADVANCED_FACE('',(#899),#917,.F.);
#899 = FACE_BOUND('',#900,.F.);
#900 = EDGE_LOOP('',(#901,#902,#903,#911));
#901 = ORIENTED_EDGE('',*,*,#880,.F.);
#902 = ORIENTED_EDGE('',*,*,#696,.T.);
#903 = ORIENTED_EDGE('',*,*,#904,.T.);
#904 = EDGE_CURVE('',#689,#905,#907,.T.);
#905 = VERTEX_POINT('',#906);
#906 = CARTESIAN_POINT('',(-36.24,-20.777,24.002));
#907 = LINE('',#908,#909);
#908 = CARTESIAN_POINT('',(-37.62,-20.777,24.002));
#909 = VECTOR('',#910,1.);
#910 = DIRECTION('',(1.,0.,-0.));
#911 = ORIENTED_EDGE('',*,*,#912,.T.);
#912 = EDGE_CURVE('',#905,#881,#913,.T.);
#913 = LINE('',#914,#915);
#914 = CARTESIAN_POINT('',(-36.24,-20.777,24.002));
#915 = VECTOR('',#916,1.);
#916 = DIRECTION('',(-0.,1.,0.));
#917 = PLANE('',#918);
#918 = AXIS2_PLACEMENT_3D('',#919,#920,#921);
#919 = CARTESIAN_POINT('',(-37.62,-20.777,24.002));
#920 = DIRECTION('',(0.,0.,1.));
#921 = DIRECTION('',(1.,0.,-0.));
#922 = ADVANCED_FACE('',(#923),#934,.T.);
#923 = FACE_BOUND('',#924,.T.);
#924 = EDGE_LOOP('',(#925,#926,#927,#928));
#925 = ORIENTED_EDGE('',*,*,#856,.F.);
#926 = ORIENTED_EDGE('',*,*,#688,.T.);
#927 = ORIENTED_EDGE('',*,*,#904,.T.);
#928 = ORIENTED_EDGE('',*,*,#929,.F.);
#929 = EDGE_CURVE('',#857,#905,#930,.T.);
#930 = LINE('',#931,#932);
#931 = CARTESIAN_POINT('',(-36.24,-20.777,12.997));
#932 = VECTOR('',#933,1.);
#933 = DIRECTION('',(0.,0.,1.));
#934 = PLANE('',#935);
#935 = AXIS2_PLACEMENT_3D('',#936,#937,#938);
#936 = CARTESIAN_POINT('',(-37.62,-20.777,12.997));
#937 = DIRECTION('',(-0.,1.,0.));
#938 = DIRECTION('',(0.,0.,1.));
#939 = ADVANCED_FACE('',(#940,#956,#967),#981,.T.);
#940 = FACE_BOUND('',#941,.T.);
#941 = EDGE_LOOP('',(#942,#943,#949,#950));
#942 = ORIENTED_EDGE('',*,*,#718,.F.);
#943 = ORIENTED_EDGE('',*,*,#944,.T.);
#944 = EDGE_CURVE('',#719,#817,#945,.T.);
#945 = LINE('',#946,#947);
#946 = CARTESIAN_POINT('',(36.93,-23.,1.5));
#947 = VECTOR('',#948,1.);
#948 = DIRECTION('',(-0.,1.,0.));
#949 = ORIENTED_EDGE('',*,*,#816,.T.);
#950 = ORIENTED_EDGE('',*,*,#951,.F.);
#951 = EDGE_CURVE('',#721,#819,#952,.T.);
#952 = LINE('',#953,#954);
#953 = CARTESIAN_POINT('',(36.93,-23.,27.));
#954 = VECTOR('',#955,1.);
#955 = DIRECTION('',(-0.,1.,0.));
#956 = FACE_BOUND('',#957,.T.);
#957 = EDGE_LOOP('',(#958));
#958 = ORIENTED_EDGE('',*,*,#959,.F.);
#959 = EDGE_CURVE('',#960,#960,#962,.T.);
#960 = VERTEX_POINT('',#961);
#961 = CARTESIAN_POINT('',(36.93,-18.1,5.751));
#962 = CIRCLE('',#963,1.501);
#963 = AXIS2_PLACEMENT_3D('',#964,#965,#966);
#964 = CARTESIAN_POINT('',(36.93,-18.1,4.25));
#965 = DIRECTION('',(1.,0.,0.));
#966 = DIRECTION('',(-0.,0.,1.));
#967 = FACE_BOUND('',#968,.T.);
#968 = EDGE_LOOP('',(#969));
#969 = ORIENTED_EDGE('',*,*,#970,.F.);
#970 = EDGE_CURVE('',#971,#971,#973,.T.);
#971 = VERTEX_POINT('',#972);
#972 = CARTESIAN_POINT('',(36.93,0.,18.9155));
#973 = ( BOUNDED_CURVE() B_SPLINE_CURVE(2,(#974,#975,#976,#977,#978,#979
,#980),.UNSPECIFIED.,.T.,.F.) B_SPLINE_CURVE_WITH_KNOTS((1,2,2,2,2,1),(
    -2.094395102393,0.,2.094395102393,4.188790204786,6.28318530718,
8.377580409573),.UNSPECIFIED.) CURVE() GEOMETRIC_REPRESENTATION_ITEM() 
RATIONAL_B_SPLINE_CURVE((1.,0.5,1.,0.5,1.,0.5,1.)) REPRESENTATION_ITEM(
  '') );
#974 = CARTESIAN_POINT('',(36.93,0.,18.9155));
#975 = CARTESIAN_POINT('',(36.93,-30.10477508635,18.9155));
#976 = CARTESIAN_POINT('',(36.93,-15.05238754317,6.6335));
#977 = CARTESIAN_POINT('',(36.93,-4.257117203196E-15,-5.6485));
#978 = CARTESIAN_POINT('',(36.93,15.052387543177,6.6335));
#979 = CARTESIAN_POINT('',(36.93,30.104775086355,18.9155));
#980 = CARTESIAN_POINT('',(36.93,0.,18.9155));
#981 = PLANE('',#982);
#982 = AXIS2_PLACEMENT_3D('',#983,#984,#985);
#983 = CARTESIAN_POINT('',(36.93,-23.,0.));
#984 = DIRECTION('',(1.,0.,-0.));
#985 = DIRECTION('',(0.,0.,1.));
#986 = ADVANCED_FACE('',(#987),#1006,.T.);
#987 = FACE_BOUND('',#988,.T.);
#988 = EDGE_LOOP('',(#989,#990,#998,#1005));
#989 = ORIENTED_EDGE('',*,*,#783,.T.);
#990 = ORIENTED_EDGE('',*,*,#991,.T.);
#991 = EDGE_CURVE('',#784,#992,#994,.T.);
#992 = VERTEX_POINT('',#993);
#993 = CARTESIAN_POINT('',(35.43,-21.5,-2.22044604925E-16));
#994 = LINE('',#995,#996);
#995 = CARTESIAN_POINT('',(-36.93,-21.5,-2.22044604925E-16));
#996 = VECTOR('',#997,1.);
#997 = DIRECTION('',(1.,0.,-0.));
#998 = ORIENTED_EDGE('',*,*,#999,.F.);
#999 = EDGE_CURVE('',#719,#992,#1000,.T.);
#1000 = ELLIPSE('',#1001,2.12132034356,1.5);
#1001 = AXIS2_PLACEMENT_3D('',#1002,#1003,#1004);
#1002 = CARTESIAN_POINT('',(35.43,-21.5,1.5));
#1003 = DIRECTION('',(0.707106781187,0.707106781187,0.));
#1004 = DIRECTION('',(-0.707106781187,0.707106781187,0.));
#1005 = ORIENTED_EDGE('',*,*,#728,.F.);
#1006 = CYLINDRICAL_SURFACE('',#1007,1.5);
#1007 = AXIS2_PLACEMENT_3D('',#1008,#1009,#1010);
#1008 = CARTESIAN_POINT('',(-36.93,-21.5,1.5));
#1009 = DIRECTION('',(1.,0.,-0.));
#1010 = DIRECTION('',(0.,-1.,0.));
#1011 = ADVANCED_FACE('',(#1012),#1028,.F.);
#1012 = FACE_BOUND('',#1013,.F.);
#1013 = EDGE_LOOP('',(#1014,#1020,#1021,#1027));
#1014 = ORIENTED_EDGE('',*,*,#1015,.F.);
#1015 = EDGE_CURVE('',#744,#571,#1016,.T.);
#1016 = LINE('',#1017,#1018);
#1017 = CARTESIAN_POINT('',(-1.387,-24.,25.752));
#1018 = VECTOR('',#1019,1.);
#1019 = DIRECTION('',(-0.,1.,0.));
#1020 = ORIENTED_EDGE('',*,*,#743,.T.);
#1021 = ORIENTED_EDGE('',*,*,#1022,.T.);
#1022 = EDGE_CURVE('',#746,#573,#1023,.T.);
#1023 = LINE('',#1024,#1025);
#1024 = CARTESIAN_POINT('',(5.08,-24.,25.752));
#1025 = VECTOR('',#1026,1.);
#1026 = DIRECTION('',(-0.,1.,0.));
#1027 = ORIENTED_EDGE('',*,*,#570,.F.);
#1028 = PLANE('',#1029);
#1029 = AXIS2_PLACEMENT_3D('',#1030,#1031,#1032);
#1030 = CARTESIAN_POINT('',(-1.387,-24.,25.752));
#1031 = DIRECTION('',(0.,0.,1.));
#1032 = DIRECTION('',(1.,0.,-0.));
#1033 = ADVANCED_FACE('',(#1034),#1045,.F.);
#1034 = FACE_BOUND('',#1035,.F.);
#1035 = EDGE_LOOP('',(#1036,#1037,#1038,#1044));
#1036 = ORIENTED_EDGE('',*,*,#1022,.F.);
#1037 = ORIENTED_EDGE('',*,*,#769,.T.);
#1038 = ORIENTED_EDGE('',*,*,#1039,.T.);
#1039 = EDGE_CURVE('',#762,#589,#1040,.T.);
#1040 = LINE('',#1041,#1042);
#1041 = CARTESIAN_POINT('',(5.08,-24.,21.747));
#1042 = VECTOR('',#1043,1.);
#1043 = DIRECTION('',(-0.,1.,0.));
#1044 = ORIENTED_EDGE('',*,*,#596,.F.);
#1045 = PLANE('',#1046);
#1046 = AXIS2_PLACEMENT_3D('',#1047,#1048,#1049);
#1047 = CARTESIAN_POINT('',(5.08,-24.,21.747));
#1048 = DIRECTION('',(1.,0.,-0.));
#1049 = DIRECTION('',(0.,0.,1.));
#1050 = ADVANCED_FACE('',(#1051),#1062,.T.);
#1051 = FACE_BOUND('',#1052,.T.);
#1052 = EDGE_LOOP('',(#1053,#1059,#1060,#1061));
#1053 = ORIENTED_EDGE('',*,*,#1054,.F.);
#1054 = EDGE_CURVE('',#754,#581,#1055,.T.);
#1055 = LINE('',#1056,#1057);
#1056 = CARTESIAN_POINT('',(-1.387,-24.,21.747));
#1057 = VECTOR('',#1058,1.);
#1058 = DIRECTION('',(-0.,1.,0.));
#1059 = ORIENTED_EDGE('',*,*,#761,.T.);
#1060 = ORIENTED_EDGE('',*,*,#1039,.T.);
#1061 = ORIENTED_EDGE('',*,*,#588,.F.);
#1062 = PLANE('',#1063);
#1063 = AXIS2_PLACEMENT_3D('',#1064,#1065,#1066);
#1064 = CARTESIAN_POINT('',(-1.387,-24.,21.747));
#1065 = DIRECTION('',(0.,0.,1.));
#1066 = DIRECTION('',(1.,0.,-0.));
#1067 = ADVANCED_FACE('',(#1068),#1074,.T.);
#1068 = FACE_BOUND('',#1069,.T.);
#1069 = EDGE_LOOP('',(#1070,#1071,#1072,#1073));
#1070 = ORIENTED_EDGE('',*,*,#1015,.F.);
#1071 = ORIENTED_EDGE('',*,*,#753,.T.);
#1072 = ORIENTED_EDGE('',*,*,#1054,.T.);
#1073 = ORIENTED_EDGE('',*,*,#580,.F.);
#1074 = PLANE('',#1075);
#1075 = AXIS2_PLACEMENT_3D('',#1076,#1077,#1078);
#1076 = CARTESIAN_POINT('',(-1.387,-24.,21.747));
#1077 = DIRECTION('',(1.,0.,-0.));
#1078 = DIRECTION('',(0.,0.,1.));
#1079 = ADVANCED_FACE('',(#1080),#1098,.F.);
#1080 = FACE_BOUND('',#1081,.F.);
#1081 = EDGE_LOOP('',(#1082,#1083,#1084,#1092));
#1082 = ORIENTED_EDGE('',*,*,#792,.F.);
#1083 = ORIENTED_EDGE('',*,*,#991,.T.);
#1084 = ORIENTED_EDGE('',*,*,#1085,.T.);
#1085 = EDGE_CURVE('',#992,#1086,#1088,.T.);
#1086 = VERTEX_POINT('',#1087);
#1087 = CARTESIAN_POINT('',(35.43,21.5,-2.22044604925E-16));
#1088 = LINE('',#1089,#1090);
#1089 = CARTESIAN_POINT('',(35.43,-23.,-2.22044604925E-16));
#1090 = VECTOR('',#1091,1.);
#1091 = DIRECTION('',(-0.,1.,0.));
#1092 = ORIENTED_EDGE('',*,*,#1093,.F.);
#1093 = EDGE_CURVE('',#793,#1086,#1094,.T.);
#1094 = LINE('',#1095,#1096);
#1095 = CARTESIAN_POINT('',(-36.93,21.5,-2.22044604925E-16));
#1096 = VECTOR('',#1097,1.);
#1097 = DIRECTION('',(1.,0.,-0.));
#1098 = PLANE('',#1099);
#1099 = AXIS2_PLACEMENT_3D('',#1100,#1101,#1102);
#1100 = CARTESIAN_POINT('',(-36.93,-23.,0.));
#1101 = DIRECTION('',(0.,0.,1.));
#1102 = DIRECTION('',(1.,0.,-0.));
#1103 = ADVANCED_FACE('',(#1104),#1116,.T.);
#1104 = FACE_BOUND('',#1105,.F.);
#1105 = EDGE_LOOP('',(#1106,#1107,#1108,#1115));
#1106 = ORIENTED_EDGE('',*,*,#800,.T.);
#1107 = ORIENTED_EDGE('',*,*,#1093,.T.);
#1108 = ORIENTED_EDGE('',*,*,#1109,.F.);
#1109 = EDGE_CURVE('',#817,#1086,#1110,.T.);
#1110 = ELLIPSE('',#1111,2.12132034356,1.5);
#1111 = AXIS2_PLACEMENT_3D('',#1112,#1113,#1114);
#1112 = CARTESIAN_POINT('',(35.43,21.5,1.5));
#1113 = DIRECTION('',(-0.707106781187,0.707106781187,0.));
#1114 = DIRECTION('',(0.707106781187,0.707106781187,0.));
#1115 = ORIENTED_EDGE('',*,*,#826,.F.);
#1116 = CYLINDRICAL_SURFACE('',#1117,1.5);
#1117 = AXIS2_PLACEMENT_3D('',#1118,#1119,#1120);
#1118 = CARTESIAN_POINT('',(-36.93,21.5,1.5));
#1119 = DIRECTION('',(1.,0.,-0.));
#1120 = DIRECTION('',(0.,1.,0.));
#1121 = ADVANCED_FACE('',(#1122,#1128),#1164,.F.);
#1122 = FACE_BOUND('',#1123,.F.);
#1123 = EDGE_LOOP('',(#1124,#1125,#1126,#1127));
#1124 = ORIENTED_EDGE('',*,*,#929,.F.);
#1125 = ORIENTED_EDGE('',*,*,#864,.T.);
#1126 = ORIENTED_EDGE('',*,*,#888,.T.);
#1127 = ORIENTED_EDGE('',*,*,#912,.F.);
#1128 = FACE_BOUND('',#1129,.F.);
#1129 = EDGE_LOOP('',(#1130,#1141,#1149,#1158));
#1130 = ORIENTED_EDGE('',*,*,#1131,.F.);
#1131 = EDGE_CURVE('',#1132,#1134,#1136,.T.);
#1132 = VERTEX_POINT('',#1133);
#1133 = CARTESIAN_POINT('',(-36.24,-12.88915,23.7264));
#1134 = VERTEX_POINT('',#1135);
#1135 = CARTESIAN_POINT('',(-36.24,-12.88915,20.7214));
#1136 = CIRCLE('',#1137,1.5025);
#1137 = AXIS2_PLACEMENT_3D('',#1138,#1139,#1140);
#1138 = CARTESIAN_POINT('',(-36.24,-12.88915,22.2239));
#1139 = DIRECTION('',(1.,0.,0.));
#1140 = DIRECTION('',(-0.,0.,1.));
#1141 = ORIENTED_EDGE('',*,*,#1142,.T.);
#1142 = EDGE_CURVE('',#1132,#1143,#1145,.T.);
#1143 = VERTEX_POINT('',#1144);
#1144 = CARTESIAN_POINT('',(-36.24,-6.43405,23.7264));
#1145 = LINE('',#1146,#1147);
#1146 = CARTESIAN_POINT('',(-36.24,-12.88915,23.7264));
#1147 = VECTOR('',#1148,1.);
#1148 = DIRECTION('',(-0.,1.,0.));
#1149 = ORIENTED_EDGE('',*,*,#1150,.F.);
#1150 = EDGE_CURVE('',#1151,#1143,#1153,.T.);
#1151 = VERTEX_POINT('',#1152);
#1152 = CARTESIAN_POINT('',(-36.24,-6.43405,20.7214));
#1153 = CIRCLE('',#1154,1.5025);
#1154 = AXIS2_PLACEMENT_3D('',#1155,#1156,#1157);
#1155 = CARTESIAN_POINT('',(-36.24,-6.43405,22.2239));
#1156 = DIRECTION('',(1.,0.,0.));
#1157 = DIRECTION('',(-0.,0.,1.));
#1158 = ORIENTED_EDGE('',*,*,#1159,.F.);
#1159 = EDGE_CURVE('',#1134,#1151,#1160,.T.);
#1160 = LINE('',#1161,#1162);
#1161 = CARTESIAN_POINT('',(-36.24,-12.88915,20.7214));
#1162 = VECTOR('',#1163,1.);
#1163 = DIRECTION('',(-0.,1.,0.));
#1164 = PLANE('',#1165);
#1165 = AXIS2_PLACEMENT_3D('',#1166,#1167,#1168);
#1166 = CARTESIAN_POINT('',(-36.24,-20.777,12.997));
#1167 = DIRECTION('',(1.,0.,-0.));
#1168 = DIRECTION('',(0.,0.,1.));
#1169 = ADVANCED_FACE('',(#1170),#1176,.T.);
#1170 = FACE_BOUND('',#1171,.T.);
#1171 = EDGE_LOOP('',(#1172,#1173,#1174,#1175));
#1172 = ORIENTED_EDGE('',*,*,#999,.T.);
#1173 = ORIENTED_EDGE('',*,*,#1085,.T.);
#1174 = ORIENTED_EDGE('',*,*,#1109,.F.);
#1175 = ORIENTED_EDGE('',*,*,#944,.F.);
#1176 = CYLINDRICAL_SURFACE('',#1177,1.5);
#1177 = AXIS2_PLACEMENT_3D('',#1178,#1179,#1180);
#1178 = CARTESIAN_POINT('',(35.43,-23.,1.5));
#1179 = DIRECTION('',(-0.,1.,0.));
#1180 = DIRECTION('',(1.,0.,-0.));
#1181 = ADVANCED_FACE('',(#1182),#1193,.F.);
#1182 = FACE_BOUND('',#1183,.F.);
#1183 = EDGE_LOOP('',(#1184,#1185,#1191,#1192));
#1184 = ORIENTED_EDGE('',*,*,#959,.F.);
#1185 = ORIENTED_EDGE('',*,*,#1186,.F.);
#1186 = EDGE_CURVE('',#217,#960,#1187,.T.);
#1187 = LINE('',#1188,#1189);
#1188 = CARTESIAN_POINT('',(34.63,-18.1,5.751));
#1189 = VECTOR('',#1190,1.);
#1190 = DIRECTION('',(1.,0.,0.));
#1191 = ORIENTED_EDGE('',*,*,#216,.T.);
#1192 = ORIENTED_EDGE('',*,*,#1186,.T.);
#1193 = CYLINDRICAL_SURFACE('',#1194,1.501);
#1194 = AXIS2_PLACEMENT_3D('',#1195,#1196,#1197);
#1195 = CARTESIAN_POINT('',(34.63,-18.1,4.25));
#1196 = DIRECTION('',(1.,0.,0.));
#1197 = DIRECTION('',(-0.,0.,1.));
#1198 = ADVANCED_FACE('',(#1199,#1291,#1432),#1579,.T.);
#1199 = FACE_BOUND('',#1200,.T.);
#1200 = EDGE_LOOP('',(#1201,#1289,#1290));
#1201 = ORIENTED_EDGE('',*,*,#1202,.F.);
#1202 = EDGE_CURVE('',#971,#1203,#1205,.T.);
#1203 = VERTEX_POINT('',#1204);
#1204 = CARTESIAN_POINT('',(43.07,0.,10.7275));
#1205 = B_SPLINE_CURVE_WITH_KNOTS('',3,(#1206,#1207,#1208,#1209,#1210,
    #1211,#1212,#1213,#1214,#1215,#1216,#1217,#1218,#1219,#1220,#1221,
    #1222,#1223,#1224,#1225,#1226,#1227,#1228,#1229,#1230,#1231,#1232,
    #1233,#1234,#1235,#1236,#1237,#1238,#1239,#1240,#1241,#1242,#1243,
    #1244,#1245,#1246,#1247,#1248,#1249,#1250,#1251,#1252,#1253,#1254,
    #1255,#1256,#1257,#1258,#1259,#1260,#1261,#1262,#1263,#1264,#1265,
    #1266,#1267,#1268,#1269,#1270,#1271,#1272,#1273,#1274,#1275,#1276,
    #1277,#1278,#1279,#1280,#1281,#1282,#1283,#1284,#1285,#1286,#1287,
    #1288),.UNSPECIFIED.,.F.,.F.,(4,1,1,1,1,1,1,1,1,1,1,1,1,1,1,1,1,1,1,
    1,1,1,1,1,1,1,1,1,1,1,1,1,1,1,1,1,1,1,1,1,1,1,1,1,1,1,1,1,1,1,1,1,1,
    1,1,1,1,1,1,1,1,1,1,1,1,1,1,1,1,1,1,1,1,1,1,1,1,1,1,1,4),(0.,
    0.183695848552,0.365801509443,0.546323369296,0.725267984315,
    0.9026420856,1.078452584639,1.252706578972,1.425411358039,
    1.596574409216,1.766203424027,1.934306304572,2.100891170126,
    2.265966363959,2.429540460349,2.591622271801,2.752220856478,
    2.911345525843,3.069005852506,3.225211678293,3.379973122519,
    3.533300590481,3.685204782153,3.835696701092,3.984787663554,
    4.1324893078,4.278813603598,4.423772861917,4.567379744784,
    4.709647275317,4.850588847909,4.990218238542,5.128549615227,
    5.26559754854,5.401377022241,5.535903443938,5.669192655783,
    5.801260945151,5.932125055289,6.061802195877,6.190310053469,
    6.31766680177,6.443891111695,6.569002161156,6.693019644527,
    6.815963781716,6.937855326787,7.058715576057,7.178566375597,
    7.297430128063,7.415329798773,7.532288920947,7.648331600032,
    7.763482517013,7.877766930637,7.991210678442,8.103840176522,
    8.215682417929,8.326764969624,8.437115967908,8.546764112245,
    8.655738657411,8.7640694039,8.871786686536,8.978921361247,
    9.085504789956,9.19156882358,9.297145783115,9.402268438828,
    9.506969987559,9.611284028187,9.715244535309,9.818885831195,
    9.922242556123,10.02534963719,10.128242255716,10.230955813398,
    10.333525897336,10.435988244127,10.538378703172,10.640733199411),
  .UNSPECIFIED.);
#1206 = CARTESIAN_POINT('',(36.93,0.,18.9155));
#1207 = CARTESIAN_POINT('',(36.980945493795,0.,18.881530697632));
#1208 = CARTESIAN_POINT('',(37.082201491754,0.,18.813594946935));
#1209 = CARTESIAN_POINT('',(37.232828598948,0.,18.711247008987));
#1210 = CARTESIAN_POINT('',(37.381537137095,0.,18.608899081368));
#1211 = CARTESIAN_POINT('',(37.528327029385,0.,18.506551113331));
#1212 = CARTESIAN_POINT('',(37.673198299454,0.,18.404203114436));
#1213 = CARTESIAN_POINT('',(37.816150944397,0.,18.301855078071));
#1214 = CARTESIAN_POINT('',(37.957184968339,0.,18.199507001669));
#1215 = CARTESIAN_POINT('',(38.096300373553,0.,18.09715888135));
#1216 = CARTESIAN_POINT('',(38.233497162799,0.,17.994810713327));
#1217 = CARTESIAN_POINT('',(38.368775338699,0.,17.892462493521));
#1218 = CARTESIAN_POINT('',(38.502134903889,0.,17.790114217652));
#1219 = CARTESIAN_POINT('',(38.633575860972,0.,17.687765881206));
#1220 = CARTESIAN_POINT('',(38.763098212515,0.,17.585417479426));
#1221 = CARTESIAN_POINT('',(38.890701961039,0.,17.483069007308));
#1222 = CARTESIAN_POINT('',(39.016387109008,0.,17.380720459585));
#1223 = CARTESIAN_POINT('',(39.140153658811,0.,17.278371830722));
#1224 = CARTESIAN_POINT('',(39.262001612756,0.,17.176023114902));
#1225 = CARTESIAN_POINT('',(39.381930973049,0.,17.073674306023));
#1226 = CARTESIAN_POINT('',(39.499941741782,0.,16.971325397681));
#1227 = CARTESIAN_POINT('',(39.616033920909,0.,16.868976383165));
#1228 = CARTESIAN_POINT('',(39.730207512235,0.,16.766627255448));
#1229 = CARTESIAN_POINT('',(39.842462517388,0.,16.664278007179));
#1230 = CARTESIAN_POINT('',(39.9527989378,0.,16.561928630675));
#1231 = CARTESIAN_POINT('',(40.061216774685,0.,16.459579117913));
#1232 = CARTESIAN_POINT('',(40.167716029007,0.,16.357229460527));
#1233 = CARTESIAN_POINT('',(40.27229670146,0.,16.254879649799));
#1234 = CARTESIAN_POINT('',(40.374958792433,0.,16.152529676661));
#1235 = CARTESIAN_POINT('',(40.475702301982,0.,16.050179531687));
#1236 = CARTESIAN_POINT('',(40.574527229795,0.,15.9478292051));
#1237 = CARTESIAN_POINT('',(40.671433575159,0.,15.845478686764));
#1238 = CARTESIAN_POINT('',(40.766421336921,0.,15.743127966199));
#1239 = CARTESIAN_POINT('',(40.859490513452,0.,15.640777032577));
#1240 = CARTESIAN_POINT('',(40.950641102605,0.,15.538425874739));
#1241 = CARTESIAN_POINT('',(41.039873101673,0.,15.436074481203));
#1242 = CARTESIAN_POINT('',(41.127186507347,0.,15.333722840183));
#1243 = CARTESIAN_POINT('',(41.212581315668,0.,15.231370939604));
#1244 = CARTESIAN_POINT('',(41.296057521987,0.,15.12901876713));
#1245 = CARTESIAN_POINT('',(41.377615120909,0.,15.02666631019));
#1246 = CARTESIAN_POINT('',(41.457254106256,0.,14.924313556013));
#1247 = CARTESIAN_POINT('',(41.534974471012,0.,14.821960491663));
#1248 = CARTESIAN_POINT('',(41.610776207279,0.,14.719607104084));
#1249 = CARTESIAN_POINT('',(41.684659306228,0.,14.617253380152));
#1250 = CARTESIAN_POINT('',(41.756623758057,0.,14.514899306728));
#1251 = CARTESIAN_POINT('',(41.826669551945,0.,14.41254487072));
#1252 = CARTESIAN_POINT('',(41.894796676013,0.,14.310190059154));
#1253 = CARTESIAN_POINT('',(41.961005117287,0.,14.207834859248));
#1254 = CARTESIAN_POINT('',(42.02529486166,0.,14.105479258494));
#1255 = CARTESIAN_POINT('',(42.087665893874,0.,14.003123244747));
#1256 = CARTESIAN_POINT('',(42.148118197489,0.,13.900766806322));
#1257 = CARTESIAN_POINT('',(42.206651754872,0.,13.798409932099));
#1258 = CARTESIAN_POINT('',(42.263266547193,0.,13.696052611622));
#1259 = CARTESIAN_POINT('',(42.317962554425,0.,13.593694835225));
#1260 = CARTESIAN_POINT('',(42.370739755357,0.,13.491336594143));
#1261 = CARTESIAN_POINT('',(42.421598127621,0.,13.388977880635));
#1262 = CARTESIAN_POINT('',(42.470537647727,0.,13.286618688115));
#1263 = CARTESIAN_POINT('',(42.517558291115,0.,13.184259011276));
#1264 = CARTESIAN_POINT('',(42.56266003222,0.,13.081898846219));
#1265 = CARTESIAN_POINT('',(42.605842844549,0.,12.979538190579));
#1266 = CARTESIAN_POINT('',(42.647106700778,0.,12.877177043652));
#1267 = CARTESIAN_POINT('',(42.686451572862,0.,12.774815406514));
#1268 = CARTESIAN_POINT('',(42.723877432164,0.,12.67245328213));
#1269 = CARTESIAN_POINT('',(42.759384249593,0.,12.570090675463));
#1270 = CARTESIAN_POINT('',(42.792971995766,0.,12.467727593563));
#1271 = CARTESIAN_POINT('',(42.824640641177,0.,12.365364045647));
#1272 = CARTESIAN_POINT('',(42.854390156383,0.,12.263000043163));
#1273 = CARTESIAN_POINT('',(42.882220512204,0.,12.160635599836));
#1274 = CARTESIAN_POINT('',(42.908131679924,0.,12.058270731695));
#1275 = CARTESIAN_POINT('',(42.932123631515,0.,11.955905457073));
#1276 = CARTESIAN_POINT('',(42.954196339846,0.,11.853539796595));
#1277 = CARTESIAN_POINT('',(42.974349778919,0.,11.751173773131));
#1278 = CARTESIAN_POINT('',(42.992583924072,0.,11.648807411727));
#1279 = CARTESIAN_POINT('',(43.008898752241,0.,11.546440739516));
#1280 = CARTESIAN_POINT('',(43.023294242034,0.,11.44407378559));
#1281 = CARTESIAN_POINT('',(43.035770374417,0.,11.341706580887));
#1282 = CARTESIAN_POINT('',(43.04632713112,0.,11.239339157897));
#1283 = CARTESIAN_POINT('',(43.054964501405,0.,11.136971550958));
#1284 = CARTESIAN_POINT('',(43.061682457677,0.,11.034603794217));
#1285 = CARTESIAN_POINT('',(43.066481046986,0.,10.932235928224));
#1286 = CARTESIAN_POINT('',(43.069360050608,0.,10.82986797427));
#1287 = CARTESIAN_POINT('',(43.070000223546,0.,10.76161868143));
#1288 = CARTESIAN_POINT('',(43.07,0.,10.7275));
#1289 = ORIENTED_EDGE('',*,*,#970,.T.);
#1290 = ORIENTED_EDGE('',*,*,#1202,.T.);
#1291 = FACE_BOUND('',#1292,.T.);
#1292 = EDGE_LOOP('',(#1293));
#1293 = ORIENTED_EDGE('',*,*,#1294,.T.);
#1294 = EDGE_CURVE('',#1295,#1295,#1297,.T.);
#1295 = VERTEX_POINT('',#1296);
#1296 = CARTESIAN_POINT('',(42.397840726136,-5.670352211743,11.179));
#1297 = B_SPLINE_CURVE_WITH_KNOTS('',7,(#1298,#1299,#1300,#1301,#1302,
    #1303,#1304,#1305,#1306,#1307,#1308,#1309,#1310,#1311,#1312,#1313,
    #1314,#1315,#1316,#1317,#1318,#1319,#1320,#1321,#1322,#1323,#1324,
    #1325,#1326,#1327,#1328,#1329,#1330,#1331,#1332,#1333,#1334,#1335,
    #1336,#1337,#1338,#1339,#1340,#1341,#1342,#1343,#1344,#1345,#1346,
    #1347,#1348,#1349,#1350,#1351,#1352,#1353,#1354,#1355,#1356,#1357,
    #1358,#1359,#1360,#1361,#1362,#1363,#1364,#1365,#1366,#1367,#1368,
    #1369,#1370,#1371,#1372,#1373,#1374,#1375,#1376,#1377,#1378,#1379,
    #1380,#1381,#1382,#1383,#1384,#1385,#1386,#1387,#1388,#1389,#1390,
    #1391,#1392,#1393,#1394,#1395,#1396,#1397,#1398,#1399,#1400,#1401,
    #1402,#1403,#1404,#1405,#1406,#1407,#1408,#1409,#1410,#1411,#1412,
    #1413,#1414,#1415,#1416,#1417,#1418,#1419,#1420,#1421,#1422,#1423,
    #1424,#1425,#1426,#1427,#1428,#1429,#1430,#1431),.UNSPECIFIED.,.T.,
  .F.,(8,6,6,6,6,6,6,6,6,6,6,6,6,6,6,6,6,6,6,6,6,6,8),(0.,
    1.779531849754E-02,5.96407550443E-02,8.626858158617E-02,
    0.120735831972,0.148391960398,0.233778379728,0.318373809696,
    0.356117835604,0.411634030396,0.459754163944,0.486089252094,
    0.538249041045,0.57283993781,0.587989669133,0.61109513555,
    0.651333994666,0.697330773937,0.804969239558,0.884732044731,
    0.911772854171,0.945801684317,1.),.UNSPECIFIED.);
#1298 = CARTESIAN_POINT('',(42.397840726136,-5.670352211743,11.179));
#1299 = CARTESIAN_POINT('',(42.399592031331,-5.669650236081,
    11.159779652019));
#1300 = CARTESIAN_POINT('',(42.401144080789,-5.66949446775,
    11.140491665675));
#1301 = CARTESIAN_POINT('',(42.402492286835,-5.669892854026,
    11.121157654607));
#1302 = CARTESIAN_POINT('',(42.403633111502,-5.670850702125,
    11.101799885899));
#1303 = CARTESIAN_POINT('',(42.404564066529,-5.672370679205,
    11.082441280076));
#1304 = CARTESIAN_POINT('',(42.405283713365,-5.674452812363,
    11.06310541111));
#1305 = CARTESIAN_POINT('',(42.406986099841,-5.683306352564,
    10.998458923319));
#1306 = CARTESIAN_POINT('',(42.407010572882,-5.69261369801,
    10.953345905168));
#1307 = CARTESIAN_POINT('',(42.405859224147,-5.704979504178,
    10.908816143862));
#1308 = CARTESIAN_POINT('',(42.403567598098,-5.720276643436,
    10.865151961367));
#1309 = CARTESIAN_POINT('',(42.400199224648,-5.738319528559,
    10.822583622508));
#1310 = CARTESIAN_POINT('',(42.395835034011,-5.758887708889,
    10.781293965434));
#1311 = CARTESIAN_POINT('',(42.387212466583,-5.796284089219,
    10.7160521761));
#1312 = CARTESIAN_POINT('',(42.383491797442,-5.811756427911,
    10.691248393167));
#1313 = CARTESIAN_POINT('',(42.379425665103,-5.828101696154,
    10.667041306058));
#1314 = CARTESIAN_POINT('',(42.375036586175,-5.845263459847,
    10.643451788802));
#1315 = CARTESIAN_POINT('',(42.370346828733,-5.863187113034,
    10.620493523792));
#1316 = CARTESIAN_POINT('',(42.36537771617,-5.881821404805,
    10.598174241205));
#1317 = CARTESIAN_POINT('',(42.353380753899,-5.926100163,10.548437727529
    ));
#1318 = CARTESIAN_POINT('',(42.346178013322,-5.952191447782,
    10.521456223589));
#1319 = CARTESIAN_POINT('',(42.338583273405,-5.979294293895,
    10.495556566095));
#1320 = CARTESIAN_POINT('',(42.330635939732,-6.007317675078,
    10.470735595876));
#1321 = CARTESIAN_POINT('',(42.322371856337,-6.03618003038,
    10.446984455432));
#1322 = CARTESIAN_POINT('',(42.313822902679,-6.065810229076,
    10.424290169271));
#1323 = CARTESIAN_POINT('',(42.297950506311,-6.120491646565,
    10.385263148222));
#1324 = CARTESIAN_POINT('',(42.29071912252,-6.145289359314,
    10.368560430279));
#1325 = CARTESIAN_POINT('',(42.283336888155,-6.170509999235,
    10.352521408142));
#1326 = CARTESIAN_POINT('',(42.275817146438,-6.196124443989,
    10.337138634909));
#1327 = CARTESIAN_POINT('',(42.268172134906,-6.222106123502,
    10.322404879051));
#1328 = CARTESIAN_POINT('',(42.260412985409,-6.248431019969,
    10.308313124413));
#1329 = CARTESIAN_POINT('',(42.228272438598,-6.357347384493,
    10.253310372491));
#1330 = CARTESIAN_POINT('',(42.203013288741,-6.442648868482,
    10.217836538718));
#1331 = CARTESIAN_POINT('',(42.177055095301,-6.530394135905,
    10.188206304734));
#1332 = CARTESIAN_POINT('',(42.150626045693,-6.6200838048,10.16430888073
    ));
#1333 = CARTESIAN_POINT('',(42.123915640688,-6.711275610258,
    10.146091564632));
#1334 = CARTESIAN_POINT('',(42.09708188346,-6.803568775397,
    10.133543291986));
#1335 = CARTESIAN_POINT('',(42.043666102218,-6.988777853649,
    10.119963146246));
#1336 = CARTESIAN_POINT('',(42.017097473179,-7.081633691583,
    10.118828709461));
#1337 = CARTESIAN_POINT('',(41.990673651453,-7.174792502265,
    10.123365346039));
#1338 = CARTESIAN_POINT('',(41.964518516888,-7.267826839409,
    10.133676272673));
#1339 = CARTESIAN_POINT('',(41.938749504846,-7.360250618111,
    10.149891358379));
#1340 = CARTESIAN_POINT('',(41.913476197025,-7.451509013654,
    10.172147597402));
#1341 = CARTESIAN_POINT('',(41.877787304472,-7.580883017699,
    10.213265113332));
#1342 = CARTESIAN_POINT('',(41.86689605719,-7.620435711623,10.227178902)
  );
#1343 = CARTESIAN_POINT('',(41.856133607538,-7.659568702613,
    10.242331876534));
#1344 = CARTESIAN_POINT('',(41.845509354869,-7.698219087195,
    10.258733894893));
#1345 = CARTESIAN_POINT('',(41.835032696047,-7.736319257712,
    10.27639302032));
#1346 = CARTESIAN_POINT('',(41.824712973095,-7.773797021252,
    10.29531479382));
#1347 = CARTESIAN_POINT('',(41.799624962467,-7.864672049727,
    10.345193344026));
#1348 = CARTESIAN_POINT('',(41.785050391566,-7.91725415877,
    10.377620835643));
#1349 = CARTESIAN_POINT('',(41.770865138676,-7.968079967704,
    10.412791633887));
#1350 = CARTESIAN_POINT('',(41.757099492394,-8.016878650719,
    10.450694619268));
#1351 = CARTESIAN_POINT('',(41.743784903717,-8.063356763214,
    10.491292630155));
#1352 = CARTESIAN_POINT('',(41.730954290372,-8.107204370809,
    10.534515192531));
#1353 = CARTESIAN_POINT('',(41.707970632775,-8.183549570467,
    10.619894189807));
#1354 = CARTESIAN_POINT('',(41.697688957481,-8.216779970642,
    10.661424348277));
#1355 = CARTESIAN_POINT('',(41.687820835186,-8.247582800847,
    10.704766905356));
#1356 = CARTESIAN_POINT('',(41.678391475753,-8.275741213385,
    10.749820882007));
#1357 = CARTESIAN_POINT('',(41.669428366919,-8.301039466097,
    10.79645629022));
#1358 = CARTESIAN_POINT('',(41.660961862231,-8.323271297551,
    10.844511283265));
#1359 = CARTESIAN_POINT('',(41.64868252011,-8.352633998489,
    10.920758081274));
#1360 = CARTESIAN_POINT('',(41.64449815338,-8.362044846915,
    10.948093094402));
#1361 = CARTESIAN_POINT('',(41.640478239145,-8.370450023089,
    10.975761887629));
#1362 = CARTESIAN_POINT('',(41.636628615138,-8.377820578707,
    11.003729177544));
#1363 = CARTESIAN_POINT('',(41.632955374928,-8.384130017671,
    11.031956877965));
#1364 = CARTESIAN_POINT('',(41.629464856381,-8.389354872175,
    11.060404122881));
#1365 = CARTESIAN_POINT('',(41.619625157052,-8.401636236454,
    11.145718890982));
#1366 = CARTESIAN_POINT('',(41.613827790907,-8.405466448402,
    11.203113060822));
#1367 = CARTESIAN_POINT('',(41.608825070215,-8.404805885727,
    11.26085462232));
#1368 = CARTESIAN_POINT('',(41.604669508114,-8.399562234063,
    11.318567924774));
#1369 = CARTESIAN_POINT('',(41.601413941614,-8.389714854438,
    11.375862978687));
#1370 = CARTESIAN_POINT('',(41.599107956712,-8.375324879386,
    11.432343586093));
#1371 = CARTESIAN_POINT('',(41.596914952785,-8.344101433108,
    11.524273539618));
#1372 = CARTESIAN_POINT('',(41.596474658193,-8.329721730553,
    11.560404302525));
#1373 = CARTESIAN_POINT('',(41.596479644745,-8.313457116925,
    11.595897403627));
#1374 = CARTESIAN_POINT('',(41.596938844407,-8.295367602623,
    11.630649203285));
#1375 = CARTESIAN_POINT('',(41.597858578286,-8.27552686233,
    11.664565178879));
#1376 = CARTESIAN_POINT('',(41.599242152976,-8.254020669199,
    11.697560330473));
#1377 = CARTESIAN_POINT('',(41.601898518253,-8.220839051495,
    11.743574260201));
#1378 = CARTESIAN_POINT('',(41.602796546452,-8.210431552763,
    11.75739819956));
#1379 = CARTESIAN_POINT('',(41.603783545594,-8.199730828237,
    11.771025284257));
#1380 = CARTESIAN_POINT('',(41.604859407319,-8.188745084081,
    11.784449858844));
#1381 = CARTESIAN_POINT('',(41.606023910806,-8.177482737229,
    11.797666732739));
#1382 = CARTESIAN_POINT('',(41.60727672277,-8.165952415391,
    11.810671180229));
#1383 = CARTESIAN_POINT('',(41.610662114522,-8.136182378522,
    11.842962069498));
#1384 = CARTESIAN_POINT('',(41.612911216004,-8.117598890374,
    11.861961254792));
#1385 = CARTESIAN_POINT('',(41.615363127699,-8.098443704624,
    11.880441291677));
#1386 = CARTESIAN_POINT('',(41.618015705363,-8.078748503507,
    11.898389706253));
#1387 = CARTESIAN_POINT('',(41.620866282286,-8.058545127404,
    11.915796530417));
#1388 = CARTESIAN_POINT('',(41.623911716859,-8.037865262766,
    11.932654076885));
#1389 = CARTESIAN_POINT('',(41.632785290302,-7.979950081134,
    11.977348243502));
#1390 = CARTESIAN_POINT('',(41.63900227731,-7.941809651734,
    12.00405659395));
#1391 = CARTESIAN_POINT('',(41.645780715542,-7.902483262841,
    12.029053033443));
#1392 = CARTESIAN_POINT('',(41.653098343907,-7.862128651529,
    12.052328309763));
#1393 = CARTESIAN_POINT('',(41.660930396429,-7.820894466371,
    12.073888743607));
#1394 = CARTESIAN_POINT('',(41.669250672828,-7.778917862865,
    12.093752321606));
#1395 = CARTESIAN_POINT('',(41.68807118359,-7.68763115687,
    12.132740481423));
#1396 = CARTESIAN_POINT('',(41.698712690607,-7.638132782584,
    12.151351935508));
#1397 = CARTESIAN_POINT('',(41.709917977475,-7.588008859539,
    12.167819675206));
#1398 = CARTESIAN_POINT('',(41.721646780962,-7.537422001017,
    12.18219494423));
#1399 = CARTESIAN_POINT('',(41.733858970105,-7.486515633587,
    12.194535689081));
#1400 = CARTESIAN_POINT('',(41.746515789029,-7.435414080656,
    12.204902541718));
#1401 = CARTESIAN_POINT('',(41.790155631801,-7.264428008979,
    12.233134194759));
#1402 = CARTESIAN_POINT('',(41.822943037818,-7.144235546613,
    12.242413772325));
#1403 = CARTESIAN_POINT('',(41.85750443805,-7.024875839069,
    12.242005172439));
#1404 = CARTESIAN_POINT('',(41.893418801617,-6.907297581792,
    12.232580224315));
#1405 = CARTESIAN_POINT('',(41.930292614605,-6.792257058757,
    12.214688286647));
#1406 = CARTESIAN_POINT('',(41.967774655428,-6.680353344262,
    12.188731317547));
#1407 = CARTESIAN_POINT('',(42.03353790978,-6.491901265919,
    12.129756693524));
#1408 = CARTESIAN_POINT('',(42.061668514105,-6.413757988068,
    12.100325751592));
#1409 = CARTESIAN_POINT('',(42.089807538749,-6.337895948349,
    12.066638739957));
#1410 = CARTESIAN_POINT('',(42.11780614736,-6.264585817695,
    12.02871581104));
#1411 = CARTESIAN_POINT('',(42.145497107396,-6.194148321271,
    11.986543140785));
#1412 = CARTESIAN_POINT('',(42.172689787896,-6.126967556832,
    11.940064577829));
#1413 = CARTESIAN_POINT('',(42.208135633809,-6.042015381303,
    11.871882909311));
#1414 = CARTESIAN_POINT('',(42.217025988423,-6.020938958324,
    11.854112080956));
#1415 = CARTESIAN_POINT('',(42.22582333401,-6.000314163153,
    11.835828566178));
#1416 = CARTESIAN_POINT('',(42.234517658916,-5.980162997226,
    11.817028149571));
#1417 = CARTESIAN_POINT('',(42.243098034505,-5.960509819415,
    11.797706665775));
#1418 = CARTESIAN_POINT('',(42.251552615152,-5.941381346035,
    11.777859999481));
#1419 = CARTESIAN_POINT('',(42.270333729475,-5.899431790359,
    11.731842526135));
#1420 = CARTESIAN_POINT('',(42.280578739355,-5.876935365892,
    11.705364378947));
#1421 = CARTESIAN_POINT('',(42.290578748267,-5.855374144647,
    11.678040587842));
#1422 = CARTESIAN_POINT('',(42.300304820522,-5.834814673526,
    11.649865582381));
#1423 = CARTESIAN_POINT('',(42.309724311238,-5.815332364918,
    11.620838387335));
#1424 = CARTESIAN_POINT('',(42.31880117321,-5.797010582497,
    11.59096373231));
#1425 = CARTESIAN_POINT('',(42.341345087299,-5.752750675555,
    11.511339895441));
#1426 = CARTESIAN_POINT('',(42.354228867162,-5.728728066526,
    11.460294593233));
#1427 = CARTESIAN_POINT('',(42.365983256672,-5.70825144269,
    11.407179670084));
#1428 = CARTESIAN_POINT('',(42.376416497105,-5.69175536553,
    11.352148987027));
#1429 = CARTESIAN_POINT('',(42.385321284036,-5.679699763415,
    11.295470109272));
#1430 = CARTESIAN_POINT('',(42.392505344665,-5.672490792698,
    11.237555121503));
#1431 = CARTESIAN_POINT('',(42.397840726136,-5.670352211743,11.179));
#1432 = FACE_BOUND('',#1433,.T.);
#1433 = EDGE_LOOP('',(#1434));
#1434 = ORIENTED_EDGE('',*,*,#1435,.T.);
#1435 = EDGE_CURVE('',#1436,#1436,#1438,.T.);
#1436 = VERTEX_POINT('',#1437);
#1437 = CARTESIAN_POINT('',(41.767732382309,7.946907231875,11.1795));
#1438 = B_SPLINE_CURVE_WITH_KNOTS('',7,(#1439,#1440,#1441,#1442,#1443,
    #1444,#1445,#1446,#1447,#1448,#1449,#1450,#1451,#1452,#1453,#1454,
    #1455,#1456,#1457,#1458,#1459,#1460,#1461,#1462,#1463,#1464,#1465,
    #1466,#1467,#1468,#1469,#1470,#1471,#1472,#1473,#1474,#1475,#1476,
    #1477,#1478,#1479,#1480,#1481,#1482,#1483,#1484,#1485,#1486,#1487,
    #1488,#1489,#1490,#1491,#1492,#1493,#1494,#1495,#1496,#1497,#1498,
    #1499,#1500,#1501,#1502,#1503,#1504,#1505,#1506,#1507,#1508,#1509,
    #1510,#1511,#1512,#1513,#1514,#1515,#1516,#1517,#1518,#1519,#1520,
    #1521,#1522,#1523,#1524,#1525,#1526,#1527,#1528,#1529,#1530,#1531,
    #1532,#1533,#1534,#1535,#1536,#1537,#1538,#1539,#1540,#1541,#1542,
    #1543,#1544,#1545,#1546,#1547,#1548,#1549,#1550,#1551,#1552,#1553,
    #1554,#1555,#1556,#1557,#1558,#1559,#1560,#1561,#1562,#1563,#1564,
    #1565,#1566,#1567,#1568,#1569,#1570,#1571,#1572,#1573,#1574,#1575,
    #1576,#1577,#1578),.UNSPECIFIED.,.T.,.F.,(8,6,6,6,6,6,6,6,6,6,6,6,6,
    6,6,6,6,6,6,6,6,6,6,8),(0.,9.652183674934E-02,0.149948140825,
    0.185471282583,0.264284394795,0.347773807493,0.375425190959,
    0.410010989751,0.436431217217,0.45075823567,0.479136226474,
    0.507613649151,0.521661714645,0.548434856293,0.583283252137,
    0.610712107513,0.690525602432,0.794476588606,0.840144192445,
    0.880646749503,0.904350492595,0.919639654711,0.955701805453,1.),
  .UNSPECIFIED.);
#1439 = CARTESIAN_POINT('',(41.767732382309,7.946907231875,11.1795));
#1440 = CARTESIAN_POINT('',(41.777742603774,7.942894734703,
    11.074245912176));
#1441 = CARTESIAN_POINT('',(41.790137786071,7.923927083127,
    10.969933076484));
#1442 = CARTESIAN_POINT('',(41.804611128528,7.890579962815,
    10.868816299092));
#1443 = CARTESIAN_POINT('',(41.820899681153,7.844173428585,
    10.77270208989));
#1444 = CARTESIAN_POINT('',(41.838834885509,7.786300587864,
    10.682938194326));
#1445 = CARTESIAN_POINT('',(41.858254435934,7.718692314041,
    10.600428015704));
#1446 = CARTESIAN_POINT('',(41.890489400229,7.601125719141,
    10.484344814267));
#1447 = CARTESIAN_POINT('',(41.902386257216,7.556749386861,
    10.445355408776));
#1448 = CARTESIAN_POINT('',(41.914672268638,7.51015436498,
    10.408819435058));
#1449 = CARTESIAN_POINT('',(41.927325361688,7.461600260843,
    10.374788935902));
#1450 = CARTESIAN_POINT('',(41.940323571057,7.411333320665,
    10.343290836147));
#1451 = CARTESIAN_POINT('',(41.953644787488,7.359582297294,
    10.314332343688));
#1452 = CARTESIAN_POINT('',(41.976323585212,7.27129602229,
    10.270335711473));
#1453 = CARTESIAN_POINT('',(41.985513414011,7.235473719704,
    10.253884916874));
#1454 = CARTESIAN_POINT('',(41.994829396987,7.199148639969,
    10.238551934151));
#1455 = CARTESIAN_POINT('',(42.004264710885,7.162378806363,
    10.224332363795));
#1456 = CARTESIAN_POINT('',(42.013812341593,7.125218957596,
    10.211219954226));
#1457 = CARTESIAN_POINT('',(42.023465120782,7.087720469706,
    10.19920711668));
#1458 = CARTESIAN_POINT('',(42.05484893986,6.966090613477,
    10.164054156553));
#1459 = CARTESIAN_POINT('',(42.076960692502,6.88083113444,
    10.145197504666));
#1460 = CARTESIAN_POINT('',(42.099475281268,6.79466204072,
    10.131616308447));
#1461 = CARTESIAN_POINT('',(42.122307287469,6.708037033366,
    10.123206424315));
#1462 = CARTESIAN_POINT('',(42.145363477052,6.621360212571,
    10.119867170646));
#1463 = CARTESIAN_POINT('',(42.168544005012,6.534992743752,
    10.121515784284));
#1464 = CARTESIAN_POINT('',(42.216318402933,6.358440986868,
    10.13509116086));
#1465 = CARTESIAN_POINT('',(42.240903738575,6.268374017241,
    10.14761919311));
#1466 = CARTESIAN_POINT('',(42.265380819419,6.179416774917,
    10.165632013176));
#1467 = CARTESIAN_POINT('',(42.289602015656,6.091961740321,
    10.189127184574));
#1468 = CARTESIAN_POINT('',(42.313391650938,6.006436568278,
    10.218137488536));
#1469 = CARTESIAN_POINT('',(42.336540583555,5.923317067984,
    10.252744472556));
#1470 = CARTESIAN_POINT('',(42.366164159866,5.816603060814,
    10.306502715793));
#1471 = CARTESIAN_POINT('',(42.373435184229,5.790380664556,
    10.320509460954));
#1472 = CARTESIAN_POINT('',(42.380597372261,5.764507276738,
    10.335153740588));
#1473 = CARTESIAN_POINT('',(42.387640100981,5.73900664216,
    10.350441314824));
#1474 = CARTESIAN_POINT('',(42.394551758374,5.713904861874,
    10.366378079715));
#1475 = CARTESIAN_POINT('',(42.401319743391,5.689230393191,
    10.382970067242));
#1476 = CARTESIAN_POINT('',(42.416199025842,5.634724730324,
    10.421803626391));
#1477 = CARTESIAN_POINT('',(42.42422102576,5.605153978397,
    10.444417199236));
#1478 = CARTESIAN_POINT('',(42.43197027921,5.57636062849,10.468076804312
    ));
#1479 = CARTESIAN_POINT('',(42.439416698521,5.54841413042,
    10.492792491796));
#1480 = CARTESIAN_POINT('',(42.446526694948,5.521393563575,
    10.518570206609));
#1481 = CARTESIAN_POINT('',(42.453263578759,5.495386651257,
    10.545410273442));
#1482 = CARTESIAN_POINT('',(42.464419178485,5.451469189647,
    10.594615446522));
#1483 = CARTESIAN_POINT('',(42.469009426672,5.433097781932,
    10.616539877531));
#1484 = CARTESIAN_POINT('',(42.473341088864,5.415417542379,
    10.639075109479));
#1485 = CARTESIAN_POINT('',(42.477395226667,5.398475633238,
    10.662212821778));
#1486 = CARTESIAN_POINT('',(42.481152162766,5.382322064553,
    10.685939368928));
#1487 = CARTESIAN_POINT('',(42.484592065366,5.367008370181,
    10.710234710842));
#1488 = CARTESIAN_POINT('',(42.489378464128,5.344765552614,
    10.748539618195));
#1489 = CARTESIAN_POINT('',(42.490962478786,5.337207003938,
    10.762166934072));
#1490 = CARTESIAN_POINT('',(42.492444421702,5.329919072833,
    10.77594880402));
#1491 = CARTESIAN_POINT('',(42.493821263311,5.322910009414,
    10.789879999936));
#1492 = CARTESIAN_POINT('',(42.495090099398,5.316187878868,
    10.803954552396));
#1493 = CARTESIAN_POINT('',(42.496248151092,5.309760561457,
    10.818165750652));
#1494 = CARTESIAN_POINT('',(42.499361865303,5.291504144503,
    10.860910622825));
#1495 = CARTESIAN_POINT('',(42.500986227378,5.280557861664,
    10.88982495951));
#1496 = CARTESIAN_POINT('',(42.502145231203,5.270857881144,
    10.919186448277));
#1497 = CARTESIAN_POINT('',(42.502822094025,5.262456514281,
    10.948924623998));
#1498 = CARTESIAN_POINT('',(42.503004964808,5.255394894346,
    10.978961095529));
#1499 = CARTESIAN_POINT('',(42.502688018823,5.249700464297,
    11.009209380401));
#1500 = CARTESIAN_POINT('',(42.501054228372,5.241053342182,
    11.070046493943));
#1501 = CARTESIAN_POINT('',(42.499733743758,5.238109565737,
    11.100641524313));
#1502 = CARTESIAN_POINT('',(42.497912148583,5.236565061072,
    11.131264109805));
#1503 = CARTESIAN_POINT('',(42.495597367585,5.236413335075,
    11.161824310485));
#1504 = CARTESIAN_POINT('',(42.492803191625,5.237632174978,
    11.19223821541));
#1505 = CARTESIAN_POINT('',(42.489548269282,5.240186347697,
    11.222428190718));
#1506 = CARTESIAN_POINT('',(42.484033237439,5.245926541069,
    11.26707046063));
#1507 = CARTESIAN_POINT('',(42.482104609128,5.248136802456,
    11.281746784018));
#1508 = CARTESIAN_POINT('',(42.480071876393,5.250655593082,
    11.296344158322));
#1509 = CARTESIAN_POINT('',(42.477937800608,5.253477087572,
    11.310855299836));
#1510 = CARTESIAN_POINT('',(42.475705241635,5.256595125425,
    11.325273580703));
#1511 = CARTESIAN_POINT('',(42.473377157824,5.260003211016,
    11.339593028917));
#1512 = CARTESIAN_POINT('',(42.466343460065,5.270729486977,
    11.380900188379));
#1513 = CARTESIAN_POINT('',(42.461394437699,5.278793281737,
    11.40761326409));
#1514 = CARTESIAN_POINT('',(42.456130263749,5.287839569702,
    11.433911638479));
#1515 = CARTESIAN_POINT('',(42.450571952526,5.29782033297,
    11.459767255528));
#1516 = CARTESIAN_POINT('',(42.44474019842,5.308687545148,
    11.485159023827));
#1517 = CARTESIAN_POINT('',(42.438654766491,5.320394852592,
    11.510071920233));
#1518 = CARTESIAN_POINT('',(42.424106509114,5.349175208355,
    11.566287030501));
#1519 = CARTESIAN_POINT('',(42.41548082693,5.36680040673,11.597247705941
    ));
#1520 = CARTESIAN_POINT('',(42.406496757212,5.385680385587,
    11.627358932928));
#1521 = CARTESIAN_POINT('',(42.397191426951,5.405727108302,
    11.656609932648));
#1522 = CARTESIAN_POINT('',(42.387598730445,5.426860269696,
    11.684996990096));
#1523 = CARTESIAN_POINT('',(42.377748890329,5.449008598913,11.7125221098
    ));
#1524 = CARTESIAN_POINT('',(42.359733456147,5.490294979796,
    11.760183040989));
#1525 = CARTESIAN_POINT('',(42.351656173334,5.5090690361,11.780643334277
    ));
#1526 = CARTESIAN_POINT('',(42.343449173371,5.528402983287,
    11.800575204045));
#1527 = CARTESIAN_POINT('',(42.335124558646,5.548268877874,
    11.819981508452));
#1528 = CARTESIAN_POINT('',(42.326693530718,5.568641180821,
    11.838865311175));
#1529 = CARTESIAN_POINT('',(42.318166390316,5.589496757531,
    11.857229881407));
#1530 = CARTESIAN_POINT('',(42.284487630286,5.672847130552,
    11.927015826579));
#1531 = CARTESIAN_POINT('',(42.258697289706,5.738774111811,
    11.974567959407));
#1532 = CARTESIAN_POINT('',(42.23240260159,5.808109519171,
    12.017846693391));
#1533 = CARTESIAN_POINT('',(42.205794780197,5.880461122528,
    12.056890704323));
#1534 = CARTESIAN_POINT('',(42.179042926332,5.955499020094,
    12.091700007394));
#1535 = CARTESIAN_POINT('',(42.152298438601,6.032943184471,
    12.122243157144));
#1536 = CARTESIAN_POINT('',(42.091048532679,6.216278538502,
    12.182553362441));
#1537 = CARTESIAN_POINT('',(42.056671802603,6.323600606556,
    12.209263621786));
#1538 = CARTESIAN_POINT('',(42.022861059198,6.434037889966,
    12.228409524767));
#1539 = CARTESIAN_POINT('',(41.989940031669,6.547021972393,
    12.239622355945));
#1540 = CARTESIAN_POINT('',(41.958262534895,6.661861423371,
    12.24240240118));
#1541 = CARTESIAN_POINT('',(41.928205156428,6.777688481253,
    12.236152364342));
#1542 = CARTESIAN_POINT('',(41.887826433846,6.944242327972,
    12.213141625773));
#1543 = CARTESIAN_POINT('',(41.87589208074,6.995042690654,12.20424088544
    ));
#1544 = CARTESIAN_POINT('',(41.864382203383,7.045705057312,
    12.193406372628));
#1545 = CARTESIAN_POINT('',(41.85333294728,7.096110470162,
    12.180580319407));
#1546 = CARTESIAN_POINT('',(41.84278128232,7.146122545378,
    12.165707428989));
#1547 = CARTESIAN_POINT('',(41.832763842126,7.19558734421,
    12.148738588496));
#1548 = CARTESIAN_POINT('',(41.814936270808,7.28756593919,
    12.112691255203));
#1549 = CARTESIAN_POINT('',(41.807004796795,7.330232194622,
    12.09406879098));
#1550 = CARTESIAN_POINT('',(41.799546178047,7.372210831008,
    12.073741057399));
#1551 = CARTESIAN_POINT('',(41.792584491818,7.413367604339,
    12.051689246481));
#1552 = CARTESIAN_POINT('',(41.786142069998,7.453557352722,
    12.02790556475));
#1553 = CARTESIAN_POINT('',(41.780238513174,7.492626143108,
    12.002396924057));
#1554 = CARTESIAN_POINT('',(41.771759364517,7.55252806762,
    11.959265233919));
#1555 = CARTESIAN_POINT('',(41.768819032688,7.574203799138,
    11.942759721723));
#1556 = CARTESIAN_POINT('',(41.766071923187,7.595408349121,
    11.925677334513));
#1557 = CARTESIAN_POINT('',(41.763520774502,7.616108967309,
    11.908025388656));
#1558 = CARTESIAN_POINT('',(41.761167808605,7.636272720362,
    11.88981350715));
#1559 = CARTESIAN_POINT('',(41.759014689916,7.65586679558,
    11.871053848593));
#1560 = CARTESIAN_POINT('',(41.755803291214,7.687108849022,
    11.839317463921));
#1561 = CARTESIAN_POINT('',(41.754627682004,7.699108471427,
    11.826651869954));
#1562 = CARTESIAN_POINT('',(41.753535943092,7.710848947783,
    11.813768532484));
#1563 = CARTESIAN_POINT('',(41.752528253059,7.722321743347,
    11.800671871555));
#1564 = CARTESIAN_POINT('',(41.751604682613,7.733518512692,
    11.787366749011));
#1565 = CARTESIAN_POINT('',(41.750765194591,7.744431099708,
    11.773858468501));
#1566 = CARTESIAN_POINT('',(41.748227546231,7.78010168942,
    11.727825512283));
#1567 = CARTESIAN_POINT('',(41.746912343641,7.803527825769,
    11.694398409429));
#1568 = CARTESIAN_POINT('',(41.746062314605,7.825224097094,
    11.659949133359));
#1569 = CARTESIAN_POINT('',(41.745672086487,7.845095633048,
    11.624566297362));
#1570 = CARTESIAN_POINT('',(41.745733170151,7.863060193854,
    11.588349040163));
#1571 = CARTESIAN_POINT('',(41.74623449453,7.879049821668,
    11.551406604522));
#1572 = CARTESIAN_POINT('',(41.748303430867,7.910164022614,
    11.46773368079));
#1573 = CARTESIAN_POINT('',(41.750088669633,7.924259158299,
    11.420688616004));
#1574 = CARTESIAN_POINT('',(41.752494042332,7.935200414105,
    11.372944252563));
#1575 = CARTESIAN_POINT('',(41.755491339249,7.942932931904,
    11.324726940721));
#1576 = CARTESIAN_POINT('',(41.759050357181,7.94744154483,
    11.276264368714));
#1577 = CARTESIAN_POINT('',(41.763140500516,7.948747841773,
    11.227782081583));
#1578 = CARTESIAN_POINT('',(41.767732382309,7.946907231875,11.1795));
#1579 = ( BOUNDED_SURFACE() B_SPLINE_SURFACE(2,3,(
    (#1580,#1581,#1582,#1583,#1584,#1585,#1586,#1587,#1588,#1589,#1590
      ,#1591,#1592,#1593,#1594,#1595,#1596,#1597,#1598,#1599,#1600,#1601
      ,#1602,#1603,#1604,#1605,#1606,#1607,#1608,#1609,#1610,#1611,#1612
      ,#1613,#1614,#1615,#1616,#1617,#1618,#1619,#1620,#1621,#1622,#1623
      ,#1624,#1625,#1626,#1627,#1628,#1629,#1630,#1631,#1632,#1633,#1634
      ,#1635,#1636,#1637,#1638,#1639,#1640,#1641,#1642,#1643,#1644,#1645
      ,#1646,#1647,#1648,#1649,#1650,#1651,#1652,#1653,#1654,#1655,#1656
      ,#1657,#1658,#1659,#1660,#1661,#1662)
    ,(#1663,#1664,#1665,#1666,#1667,#1668,#1669,#1670,#1671,#1672,#1673
      ,#1674,#1675,#1676,#1677,#1678,#1679,#1680,#1681,#1682,#1683,#1684
      ,#1685,#1686,#1687,#1688,#1689,#1690,#1691,#1692,#1693,#1694,#1695
      ,#1696,#1697,#1698,#1699,#1700,#1701,#1702,#1703,#1704,#1705,#1706
      ,#1707,#1708,#1709,#1710,#1711,#1712,#1713,#1714,#1715,#1716,#1717
      ,#1718,#1719,#1720,#1721,#1722,#1723,#1724,#1725,#1726,#1727,#1728
      ,#1729,#1730,#1731,#1732,#1733,#1734,#1735,#1736,#1737,#1738,#1739
      ,#1740,#1741,#1742,#1743,#1744,#1745)
    ,(#1746,#1747,#1748,#1749,#1750,#1751,#1752,#1753,#1754,#1755,#1756
      ,#1757,#1758,#1759,#1760,#1761,#1762,#1763,#1764,#1765,#1766,#1767
      ,#1768,#1769,#1770,#1771,#1772,#1773,#1774,#1775,#1776,#1777,#1778
      ,#1779,#1780,#1781,#1782,#1783,#1784,#1785,#1786,#1787,#1788,#1789
      ,#1790,#1791,#1792,#1793,#1794,#1795,#1796,#1797,#1798,#1799,#1800
      ,#1801,#1802,#1803,#1804,#1805,#1806,#1807,#1808,#1809,#1810,#1811
      ,#1812,#1813,#1814,#1815,#1816,#1817,#1818,#1819,#1820,#1821,#1822
      ,#1823,#1824,#1825,#1826,#1827,#1828)
    ,(#1829,#1830,#1831,#1832,#1833,#1834,#1835,#1836,#1837,#1838,#1839
      ,#1840,#1841,#1842,#1843,#1844,#1845,#1846,#1847,#1848,#1849,#1850
      ,#1851,#1852,#1853,#1854,#1855,#1856,#1857,#1858,#1859,#1860,#1861
      ,#1862,#1863,#1864,#1865,#1866,#1867,#1868,#1869,#1870,#1871,#1872
      ,#1873,#1874,#1875,#1876,#1877,#1878,#1879,#1880,#1881,#1882,#1883
      ,#1884,#1885,#1886,#1887,#1888,#1889,#1890,#1891,#1892,#1893,#1894
      ,#1895,#1896,#1897,#1898,#1899,#1900,#1901,#1902,#1903,#1904,#1905
      ,#1906,#1907,#1908,#1909,#1910,#1911)
    ,(#1912,#1913,#1914,#1915,#1916,#1917,#1918,#1919,#1920,#1921,#1922
      ,#1923,#1924,#1925,#1926,#1927,#1928,#1929,#1930,#1931,#1932,#1933
      ,#1934,#1935,#1936,#1937,#1938,#1939,#1940,#1941,#1942,#1943,#1944
      ,#1945,#1946,#1947,#1948,#1949,#1950,#1951,#1952,#1953,#1954,#1955
      ,#1956,#1957,#1958,#1959,#1960,#1961,#1962,#1963,#1964,#1965,#1966
      ,#1967,#1968,#1969,#1970,#1971,#1972,#1973,#1974,#1975,#1976,#1977
      ,#1978,#1979,#1980,#1981,#1982,#1983,#1984,#1985,#1986,#1987,#1988
      ,#1989,#1990,#1991,#1992,#1993,#1994)
    ,(#1995,#1996,#1997,#1998,#1999,#2000,#2001,#2002,#2003,#2004,#2005
      ,#2006,#2007,#2008,#2009,#2010,#2011,#2012,#2013,#2014,#2015,#2016
      ,#2017,#2018,#2019,#2020,#2021,#2022,#2023,#2024,#2025,#2026,#2027
      ,#2028,#2029,#2030,#2031,#2032,#2033,#2034,#2035,#2036,#2037,#2038
      ,#2039,#2040,#2041,#2042,#2043,#2044,#2045,#2046,#2047,#2048,#2049
      ,#2050,#2051,#2052,#2053,#2054,#2055,#2056,#2057,#2058,#2059,#2060
      ,#2061,#2062,#2063,#2064,#2065,#2066,#2067,#2068,#2069,#2070,#2071
      ,#2072,#2073,#2074,#2075,#2076,#2077)
    ,(#2078,#2079,#2080,#2081,#2082,#2083,#2084,#2085,#2086,#2087,#2088
      ,#2089,#2090,#2091,#2092,#2093,#2094,#2095,#2096,#2097,#2098,#2099
      ,#2100,#2101,#2102,#2103,#2104,#2105,#2106,#2107,#2108,#2109,#2110
      ,#2111,#2112,#2113,#2114,#2115,#2116,#2117,#2118,#2119,#2120,#2121
      ,#2122,#2123,#2124,#2125,#2126,#2127,#2128,#2129,#2130,#2131,#2132
      ,#2133,#2134,#2135,#2136,#2137,#2138,#2139,#2140,#2141,#2142,#2143
      ,#2144,#2145,#2146,#2147,#2148,#2149,#2150,#2151,#2152,#2153,#2154
      ,#2155,#2156,#2157,#2158,#2159,#2160
)),.UNSPECIFIED.,.T.,.F.,.F.) B_SPLINE_SURFACE_WITH_KNOTS((1,2,2,2,2,1),
  (4,1,1,1,1,1,1,1,1,1,1,1,1,1,1,1,1,1,1,1,1,1,1,1,1,1,1,1,1,1,1,1,1,1,1
    ,1,1,1,1,1,1,1,1,1,1,1,1,1,1,1,1,1,1,1,1,1,1,1,1,1,1,1,1,1,1,1,1,1,1
    ,1,1,1,1,1,1,1,1,1,1,1,4),(-2.094395102393,0.,2.094395102393,
    4.188790204786,6.28318530718,8.377580409573),(0.,0.183695848552,
    0.365801509443,0.546323369296,0.725267984315,0.9026420856,
    1.078452584639,1.252706578972,1.425411358039,1.596574409216,
    1.766203424027,1.934306304572,2.100891170126,2.265966363959,
    2.429540460349,2.591622271801,2.752220856478,2.911345525843,
    3.069005852506,3.225211678293,3.379973122519,3.533300590481,
    3.685204782153,3.835696701092,3.984787663554,4.1324893078,
    4.278813603598,4.423772861917,4.567379744784,4.709647275317,
    4.850588847909,4.990218238542,5.128549615227,5.26559754854,
    5.401377022241,5.535903443938,5.669192655783,5.801260945151,
    5.932125055289,6.061802195877,6.190310053469,6.31766680177,
    6.443891111695,6.569002161156,6.693019644527,6.815963781716,
    6.937855326787,7.058715576057,7.178566375597,7.297430128063,
    7.415329798773,7.532288920947,7.648331600032,7.763482517013,
    7.877766930637,7.991210678442,8.103840176522,8.215682417929,
    8.326764969624,8.437115967908,8.546764112245,8.655738657411,
    8.7640694039,8.871786686536,8.978921361247,9.085504789956,
    9.19156882358,9.297145783115,9.402268438828,9.506969987559,
    9.611284028187,9.715244535309,9.818885831195,9.922242556123,
    10.02534963719,10.128242255716,10.230955813398,10.333525897336,
    10.435988244127,10.538378703172,10.640733199411),.UNSPECIFIED.) 
GEOMETRIC_REPRESENTATION_ITEM() RATIONAL_B_SPLINE_SURFACE((
    (1.,1.,1.,1.,1.,1.,1.,1.,1.,1.,1.,1.,1.,1.,1.,1.,1.,1.,1.,1.,1.,1.
      ,1.,1.,1.,1.,1.,1.,1.,1.,1.,1.,1.,1.,1.,1.,1.,1.,1.,1.,1.,1.,1.,1.
      ,1.,1.,1.,1.,1.,1.,1.,1.,1.,1.,1.,1.,1.,1.,1.,1.,1.,1.,1.,1.,1.,1.
      ,1.,1.,1.,1.,1.,1.,1.,1.,1.,1.,1.,1.,1.,1.,1.,1.,1.)
    ,(0.5,0.5,0.5,0.5,0.5,0.5,0.5,0.5,0.5,0.5,0.5,0.5,0.5,0.5,0.5,0.5
      ,0.5,0.5,0.5,0.5,0.5,0.5,0.5,0.5,0.5,0.5,0.5,0.5,0.5,0.5,0.5,0.5
      ,0.5,0.5,0.5,0.5,0.5,0.5,0.5,0.5,0.5,0.5,0.5,0.5,0.5,0.5,0.5,0.5
      ,0.5,0.5,0.5,0.5,0.5,0.5,0.5,0.5,0.5,0.5,0.5,0.5,0.5,0.5,0.5,0.5
      ,0.5,0.5,0.5,0.5,0.5,0.5,0.5,0.5,0.5,0.5,0.5,0.5,0.5,0.5,0.5,0.5
      ,0.5,0.5,0.5)
    ,(1.,1.,1.,1.,1.,1.,1.,1.,1.,1.,1.,1.,1.,1.,1.,1.,1.,1.,1.,1.,1.,1.
      ,1.,1.,1.,1.,1.,1.,1.,1.,1.,1.,1.,1.,1.,1.,1.,1.,1.,1.,1.,1.,1.,1.
      ,1.,1.,1.,1.,1.,1.,1.,1.,1.,1.,1.,1.,1.,1.,1.,1.,1.,1.,1.,1.,1.,1.
      ,1.,1.,1.,1.,1.,1.,1.,1.,1.,1.,1.,1.,1.,1.,1.,1.,1.)
    ,(0.5,0.5,0.5,0.5,0.5,0.5,0.5,0.5,0.5,0.5,0.5,0.5,0.5,0.5,0.5,0.5
      ,0.5,0.5,0.5,0.5,0.5,0.5,0.5,0.5,0.5,0.5,0.5,0.5,0.5,0.5,0.5,0.5
      ,0.5,0.5,0.5,0.5,0.5,0.5,0.5,0.5,0.5,0.5,0.5,0.5,0.5,0.5,0.5,0.5
      ,0.5,0.5,0.5,0.5,0.5,0.5,0.5,0.5,0.5,0.5,0.5,0.5,0.5,0.5,0.5,0.5
      ,0.5,0.5,0.5,0.5,0.5,0.5,0.5,0.5,0.5,0.5,0.5,0.5,0.5,0.5,0.5,0.5
      ,0.5,0.5,0.5)
    ,(1.,1.,1.,1.,1.,1.,1.,1.,1.,1.,1.,1.,1.,1.,1.,1.,1.,1.,1.,1.,1.,1.
      ,1.,1.,1.,1.,1.,1.,1.,1.,1.,1.,1.,1.,1.,1.,1.,1.,1.,1.,1.,1.,1.,1.
      ,1.,1.,1.,1.,1.,1.,1.,1.,1.,1.,1.,1.,1.,1.,1.,1.,1.,1.,1.,1.,1.,1.
      ,1.,1.,1.,1.,1.,1.,1.,1.,1.,1.,1.,1.,1.,1.,1.,1.,1.)
    ,(0.5,0.5,0.5,0.5,0.5,0.5,0.5,0.5,0.5,0.5,0.5,0.5,0.5,0.5,0.5,0.5
      ,0.5,0.5,0.5,0.5,0.5,0.5,0.5,0.5,0.5,0.5,0.5,0.5,0.5,0.5,0.5,0.5
      ,0.5,0.5,0.5,0.5,0.5,0.5,0.5,0.5,0.5,0.5,0.5,0.5,0.5,0.5,0.5,0.5
      ,0.5,0.5,0.5,0.5,0.5,0.5,0.5,0.5,0.5,0.5,0.5,0.5,0.5,0.5,0.5,0.5
      ,0.5,0.5,0.5,0.5,0.5,0.5,0.5,0.5,0.5,0.5,0.5,0.5,0.5,0.5,0.5,0.5
      ,0.5,0.5,0.5)
    ,(1.,1.,1.,1.,1.,1.,1.,1.,1.,1.,1.,1.,1.,1.,1.,1.,1.,1.,1.,1.,1.,1.
      ,1.,1.,1.,1.,1.,1.,1.,1.,1.,1.,1.,1.,1.,1.,1.,1.,1.,1.,1.,1.,1.,1.
      ,1.,1.,1.,1.,1.,1.,1.,1.,1.,1.,1.,1.,1.,1.,1.,1.,1.,1.,1.,1.,1.,1.
      ,1.,1.,1.,1.,1.,1.,1.,1.,1.,1.,1.,1.,1.,1.,1.,1.,1.
))) REPRESENTATION_ITEM('') SURFACE() );
#1580 = CARTESIAN_POINT('',(36.93,0.,18.9155));
#1581 = CARTESIAN_POINT('',(36.980945493795,0.,18.881530697632));
#1582 = CARTESIAN_POINT('',(37.082201491754,0.,18.813594946935));
#1583 = CARTESIAN_POINT('',(37.232828598948,0.,18.711247008987));
#1584 = CARTESIAN_POINT('',(37.381537137095,0.,18.608899081368));
#1585 = CARTESIAN_POINT('',(37.528327029385,0.,18.506551113331));
#1586 = CARTESIAN_POINT('',(37.673198299454,0.,18.404203114436));
#1587 = CARTESIAN_POINT('',(37.816150944397,0.,18.301855078071));
#1588 = CARTESIAN_POINT('',(37.957184968339,0.,18.199507001669));
#1589 = CARTESIAN_POINT('',(38.096300373553,0.,18.09715888135));
#1590 = CARTESIAN_POINT('',(38.233497162799,0.,17.994810713327));
#1591 = CARTESIAN_POINT('',(38.368775338699,0.,17.892462493521));
#1592 = CARTESIAN_POINT('',(38.502134903889,0.,17.790114217652));
#1593 = CARTESIAN_POINT('',(38.633575860972,0.,17.687765881206));
#1594 = CARTESIAN_POINT('',(38.763098212515,0.,17.585417479426));
#1595 = CARTESIAN_POINT('',(38.890701961039,0.,17.483069007308));
#1596 = CARTESIAN_POINT('',(39.016387109008,0.,17.380720459585));
#1597 = CARTESIAN_POINT('',(39.140153658811,0.,17.278371830722));
#1598 = CARTESIAN_POINT('',(39.262001612756,0.,17.176023114902));
#1599 = CARTESIAN_POINT('',(39.381930973049,0.,17.073674306023));
#1600 = CARTESIAN_POINT('',(39.499941741782,0.,16.971325397681));
#1601 = CARTESIAN_POINT('',(39.616033920909,0.,16.868976383165));
#1602 = CARTESIAN_POINT('',(39.730207512235,0.,16.766627255448));
#1603 = CARTESIAN_POINT('',(39.842462517388,0.,16.664278007179));
#1604 = CARTESIAN_POINT('',(39.9527989378,0.,16.561928630675));
#1605 = CARTESIAN_POINT('',(40.061216774685,0.,16.459579117913));
#1606 = CARTESIAN_POINT('',(40.167716029007,0.,16.357229460527));
#1607 = CARTESIAN_POINT('',(40.27229670146,0.,16.254879649799));
#1608 = CARTESIAN_POINT('',(40.374958792433,0.,16.152529676661));
#1609 = CARTESIAN_POINT('',(40.475702301982,0.,16.050179531687));
#1610 = CARTESIAN_POINT('',(40.574527229795,0.,15.9478292051));
#1611 = CARTESIAN_POINT('',(40.671433575159,0.,15.845478686764));
#1612 = CARTESIAN_POINT('',(40.766421336921,0.,15.743127966199));
#1613 = CARTESIAN_POINT('',(40.859490513452,0.,15.640777032577));
#1614 = CARTESIAN_POINT('',(40.950641102605,0.,15.538425874739));
#1615 = CARTESIAN_POINT('',(41.039873101673,0.,15.436074481203));
#1616 = CARTESIAN_POINT('',(41.127186507347,0.,15.333722840183));
#1617 = CARTESIAN_POINT('',(41.212581315668,0.,15.231370939604));
#1618 = CARTESIAN_POINT('',(41.296057521987,0.,15.12901876713));
#1619 = CARTESIAN_POINT('',(41.377615120909,0.,15.02666631019));
#1620 = CARTESIAN_POINT('',(41.457254106256,0.,14.924313556013));
#1621 = CARTESIAN_POINT('',(41.534974471012,0.,14.821960491663));
#1622 = CARTESIAN_POINT('',(41.610776207279,0.,14.719607104084));
#1623 = CARTESIAN_POINT('',(41.684659306228,0.,14.617253380152));
#1624 = CARTESIAN_POINT('',(41.756623758057,0.,14.514899306728));
#1625 = CARTESIAN_POINT('',(41.826669551945,0.,14.41254487072));
#1626 = CARTESIAN_POINT('',(41.894796676013,0.,14.310190059154));
#1627 = CARTESIAN_POINT('',(41.961005117287,0.,14.207834859248));
#1628 = CARTESIAN_POINT('',(42.02529486166,0.,14.105479258494));
#1629 = CARTESIAN_POINT('',(42.087665893874,0.,14.003123244747));
#1630 = CARTESIAN_POINT('',(42.148118197489,0.,13.900766806322));
#1631 = CARTESIAN_POINT('',(42.206651754872,0.,13.798409932099));
#1632 = CARTESIAN_POINT('',(42.263266547193,0.,13.696052611622));
#1633 = CARTESIAN_POINT('',(42.317962554425,0.,13.593694835225));
#1634 = CARTESIAN_POINT('',(42.370739755357,0.,13.491336594143));
#1635 = CARTESIAN_POINT('',(42.421598127621,0.,13.388977880635));
#1636 = CARTESIAN_POINT('',(42.470537647727,0.,13.286618688115));
#1637 = CARTESIAN_POINT('',(42.517558291115,0.,13.184259011276));
#1638 = CARTESIAN_POINT('',(42.56266003222,0.,13.081898846219));
#1639 = CARTESIAN_POINT('',(42.605842844549,0.,12.979538190579));
#1640 = CARTESIAN_POINT('',(42.647106700778,0.,12.877177043652));
#1641 = CARTESIAN_POINT('',(42.686451572862,0.,12.774815406514));
#1642 = CARTESIAN_POINT('',(42.723877432164,0.,12.67245328213));
#1643 = CARTESIAN_POINT('',(42.759384249593,0.,12.570090675463));
#1644 = CARTESIAN_POINT('',(42.792971995766,0.,12.467727593563));
#1645 = CARTESIAN_POINT('',(42.824640641177,0.,12.365364045647));
#1646 = CARTESIAN_POINT('',(42.854390156383,0.,12.263000043163));
#1647 = CARTESIAN_POINT('',(42.882220512204,0.,12.160635599836));
#1648 = CARTESIAN_POINT('',(42.908131679924,0.,12.058270731695));
#1649 = CARTESIAN_POINT('',(42.932123631515,0.,11.955905457073));
#1650 = CARTESIAN_POINT('',(42.954196339846,0.,11.853539796595));
#1651 = CARTESIAN_POINT('',(42.974349778919,0.,11.751173773131));
#1652 = CARTESIAN_POINT('',(42.992583924072,0.,11.648807411727));
#1653 = CARTESIAN_POINT('',(43.008898752241,0.,11.546440739516));
#1654 = CARTESIAN_POINT('',(43.023294242034,0.,11.44407378559));
#1655 = CARTESIAN_POINT('',(43.035770374417,0.,11.341706580887));
#1656 = CARTESIAN_POINT('',(43.04632713112,0.,11.239339157897));
#1657 = CARTESIAN_POINT('',(43.054964501405,0.,11.136971550958));
#1658 = CARTESIAN_POINT('',(43.061682457677,0.,11.034603794217));
#1659 = CARTESIAN_POINT('',(43.066481046986,0.,10.932235928224));
#1660 = CARTESIAN_POINT('',(43.069360050608,0.,10.82986797427));
#1661 = CARTESIAN_POINT('',(43.070000223546,0.,10.76161868143));
#1662 = CARTESIAN_POINT('',(43.07,0.,10.7275));
#1663 = CARTESIAN_POINT('',(36.93,-30.10477508635,18.9155));
#1664 = CARTESIAN_POINT('',(36.980945493795,-29.97988033701,
    18.881530697632));
#1665 = CARTESIAN_POINT('',(37.082201491754,-29.73010133175,
    18.813594946935));
#1666 = CARTESIAN_POINT('',(37.232828598948,-29.3537992247,
    18.711247008987));
#1667 = CARTESIAN_POINT('',(37.381537137095,-28.97749715564,
    18.608899081368));
#1668 = CARTESIAN_POINT('',(37.528327029385,-28.60119493796,
    18.506551113331));
#1669 = CARTESIAN_POINT('',(37.673198299454,-28.22489260683,
    18.404203114436));
#1670 = CARTESIAN_POINT('',(37.816150944397,-27.84859013794,
    18.301855078071));
#1671 = CARTESIAN_POINT('',(37.957184968339,-27.47228752185,
    18.199507001669));
#1672 = CARTESIAN_POINT('',(38.096300373553,-27.09598474428,
    18.09715888135));
#1673 = CARTESIAN_POINT('',(38.233497162799,-26.71968179132,
    17.994810713327));
#1674 = CARTESIAN_POINT('',(38.368775338699,-26.34337864797,
    17.892462493521));
#1675 = CARTESIAN_POINT('',(38.502134903889,-25.96707529849,
    17.790114217652));
#1676 = CARTESIAN_POINT('',(38.633575860972,-25.59077172629,
    17.687765881206));
#1677 = CARTESIAN_POINT('',(38.763098212515,-25.21446791388,
    17.585417479426));
#1678 = CARTESIAN_POINT('',(38.890701961039,-24.83816384286,
    17.483069007308));
#1679 = CARTESIAN_POINT('',(39.016387109008,-24.46185949386,
    17.380720459585));
#1680 = CARTESIAN_POINT('',(39.140153658811,-24.08555484653,
    17.278371830722));
#1681 = CARTESIAN_POINT('',(39.262001612756,-23.70924987949,
    17.176023114902));
#1682 = CARTESIAN_POINT('',(39.381930973049,-23.3329445703,
    17.073674306023));
#1683 = CARTESIAN_POINT('',(39.499941741782,-22.95663889541,
    16.971325397681));
#1684 = CARTESIAN_POINT('',(39.616033920909,-22.58033283015,
    16.868976383165));
#1685 = CARTESIAN_POINT('',(39.730207512235,-22.20402634869,
    16.766627255448));
#1686 = CARTESIAN_POINT('',(39.842462517388,-21.827719424,
    16.664278007179));
#1687 = CARTESIAN_POINT('',(39.9527989378,-21.45141202782,
    16.561928630675));
#1688 = CARTESIAN_POINT('',(40.061216774685,-21.07510413067,
    16.459579117913));
#1689 = CARTESIAN_POINT('',(40.167716029007,-20.69879570178,
    16.357229460527));
#1690 = CARTESIAN_POINT('',(40.27229670146,-20.32248670909,
    16.254879649799));
#1691 = CARTESIAN_POINT('',(40.374958792433,-19.94617711928,
    16.152529676661));
#1692 = CARTESIAN_POINT('',(40.475702301982,-19.56986689767,
    16.050179531687));
#1693 = CARTESIAN_POINT('',(40.574527229795,-19.19355600833,
    15.9478292051));
#1694 = CARTESIAN_POINT('',(40.671433575159,-18.81724441399,
    15.845478686764));
#1695 = CARTESIAN_POINT('',(40.766421336921,-18.44093207611,
    15.743127966199));
#1696 = CARTESIAN_POINT('',(40.859490513452,-18.06461895489,
    15.640777032577));
#1697 = CARTESIAN_POINT('',(40.950641102605,-17.68830500929,
    15.538425874739));
#1698 = CARTESIAN_POINT('',(41.039873101673,-17.31199019711,
    15.436074481203));
#1699 = CARTESIAN_POINT('',(41.127186507347,-16.935674475,
    15.333722840183));
#1700 = CARTESIAN_POINT('',(41.212581315668,-16.55935779857,
    15.231370939604));
#1701 = CARTESIAN_POINT('',(41.296057521987,-16.18304012247,
    15.12901876713));
#1702 = CARTESIAN_POINT('',(41.377615120909,-15.80672140047,
    15.02666631019));
#1703 = CARTESIAN_POINT('',(41.457254106256,-15.43040158563,
    14.924313556013));
#1704 = CARTESIAN_POINT('',(41.534974471012,-15.05408063037,
    14.821960491663));
#1705 = CARTESIAN_POINT('',(41.610776207279,-14.67775848669,
    14.719607104084));
#1706 = CARTESIAN_POINT('',(41.684659306228,-14.30143510635,
    14.617253380152));
#1707 = CARTESIAN_POINT('',(41.756623758057,-13.92511044104,
    14.514899306728));
#1708 = CARTESIAN_POINT('',(41.826669551945,-13.54878444261,
    14.41254487072));
#1709 = CARTESIAN_POINT('',(41.894796676013,-13.17245706338,
    14.310190059154));
#1710 = CARTESIAN_POINT('',(41.961005117287,-12.79612825633,
    14.207834859248));
#1711 = CARTESIAN_POINT('',(42.02529486166,-12.41979797549,
    14.105479258494));
#1712 = CARTESIAN_POINT('',(42.087665893874,-12.0434661762,
    14.003123244747));
#1713 = CARTESIAN_POINT('',(42.148118197489,-11.6671328155,
    13.900766806322));
#1714 = CARTESIAN_POINT('',(42.206651754872,-11.2907978525,
    13.798409932099));
#1715 = CARTESIAN_POINT('',(42.263266547193,-10.91446124876,
    13.696052611622));
#1716 = CARTESIAN_POINT('',(42.317962554425,-10.53812296875,
    13.593694835225));
#1717 = CARTESIAN_POINT('',(42.370739755357,-10.16178298022,
    13.491336594143));
#1718 = CARTESIAN_POINT('',(42.421598127621,-9.785441254742,
    13.388977880635));
#1719 = CARTESIAN_POINT('',(42.470537647727,-9.409097768075,
    13.286618688115));
#1720 = CARTESIAN_POINT('',(42.517558291115,-9.032752500714,
    13.184259011276));
#1721 = CARTESIAN_POINT('',(42.56266003222,-8.656405438323,
    13.081898846219));
#1722 = CARTESIAN_POINT('',(42.605842844549,-8.28005657221,
    12.979538190579));
#1723 = CARTESIAN_POINT('',(42.647106700778,-7.903705899787,
    12.877177043652));
#1724 = CARTESIAN_POINT('',(42.686451572862,-7.527353425004,
    12.774815406514));
#1725 = CARTESIAN_POINT('',(42.723877432164,-7.150999158769,
    12.67245328213));
#1726 = CARTESIAN_POINT('',(42.759384249593,-6.774643119326,
    12.570090675463));
#1727 = CARTESIAN_POINT('',(42.792971995766,-6.398285332594,
    12.467727593563));
#1728 = CARTESIAN_POINT('',(42.824640641177,-6.021925832465,
    12.365364045647));
#1729 = CARTESIAN_POINT('',(42.854390156383,-5.645564661029,
    12.263000043163));
#1730 = CARTESIAN_POINT('',(42.882220512204,-5.269201868749,
    12.160635599836));
#1731 = CARTESIAN_POINT('',(42.908131679924,-4.892837514554,
    12.058270731695));
#1732 = CARTESIAN_POINT('',(42.932123631515,-4.516471665856,
    11.955905457073));
#1733 = CARTESIAN_POINT('',(42.954196339846,-4.140104398483,
    11.853539796595));
#1734 = CARTESIAN_POINT('',(42.974349778919,-3.763735796519,
    11.751173773131));
#1735 = CARTESIAN_POINT('',(42.992583924072,-3.387365952055,
    11.648807411727));
#1736 = CARTESIAN_POINT('',(43.008898752241,-3.01099496485,
    11.546440739516));
#1737 = CARTESIAN_POINT('',(43.023294242034,-2.634622941862,
    11.44407378559));
#1738 = CARTESIAN_POINT('',(43.035770374417,-2.258249996846,
    11.341706580887));
#1739 = CARTESIAN_POINT('',(43.04632713112,-1.881876249253,
    11.239339157897));
#1740 = CARTESIAN_POINT('',(43.054964501405,-1.505501825335,
    11.136971550958));
#1741 = CARTESIAN_POINT('',(43.061682457677,-1.129126850645,
    11.034603794217));
#1742 = CARTESIAN_POINT('',(43.066481046986,-0.752751474265,
    10.932235928224));
#1743 = CARTESIAN_POINT('',(43.069360050608,-0.37637577448,
    10.82986797427));
#1744 = CARTESIAN_POINT('',(43.070000223546,-0.125443970528,
    10.76161868143));
#1745 = CARTESIAN_POINT('',(43.07,0.,10.7275));
#1746 = CARTESIAN_POINT('',(36.93,-15.05238754317,6.6335));
#1747 = CARTESIAN_POINT('',(36.980945493795,-14.9899401685,
    6.650484651184));
#1748 = CARTESIAN_POINT('',(37.082201491754,-14.86505066587,
    6.684452526532));
#1749 = CARTESIAN_POINT('',(37.232828598948,-14.67689961235,
    6.735626495507));
#1750 = CARTESIAN_POINT('',(37.381537137095,-14.48874857782,
    6.786800459316));
#1751 = CARTESIAN_POINT('',(37.528327029385,-14.30059746898,
    6.837974443335));
#1752 = CARTESIAN_POINT('',(37.673198299454,-14.11244630342,
    6.889148442782));
#1753 = CARTESIAN_POINT('',(37.816150944397,-13.92429506897,
    6.940322460965));
#1754 = CARTESIAN_POINT('',(37.957184968339,-13.73614376092,
    6.991496499165));
#1755 = CARTESIAN_POINT('',(38.096300373553,-13.54799237214,
    7.042670559325));
#1756 = CARTESIAN_POINT('',(38.233497162799,-13.35984089566,
    7.093844643336));
#1757 = CARTESIAN_POINT('',(38.368775338699,-13.17168932398,
    7.14501875324));
#1758 = CARTESIAN_POINT('',(38.502134903889,-12.98353764925,
    7.196192891174));
#1759 = CARTESIAN_POINT('',(38.633575860972,-12.79538586314,
    7.247367059397));
#1760 = CARTESIAN_POINT('',(38.763098212515,-12.60723395694,
    7.298541260287));
#1761 = CARTESIAN_POINT('',(38.890701961039,-12.41908192143,
    7.349715496346));
#1762 = CARTESIAN_POINT('',(39.016387109008,-12.23092974693,
    7.400889770208));
#1763 = CARTESIAN_POINT('',(39.140153658811,-12.04277742326,
    7.452064084639));
#1764 = CARTESIAN_POINT('',(39.262001612756,-11.85462493974,
    7.503238442549));
#1765 = CARTESIAN_POINT('',(39.381930973049,-11.66647228515,
    7.554412846988));
#1766 = CARTESIAN_POINT('',(39.499941741782,-11.4783194477,7.60558730116
    ));
#1767 = CARTESIAN_POINT('',(39.616033920909,-11.29016641507,
    7.656761808418));
#1768 = CARTESIAN_POINT('',(39.730207512235,-11.10201317434,
    7.707936372276));
#1769 = CARTESIAN_POINT('',(39.842462517388,-10.913859712,7.75911099641)
  );
#1770 = CARTESIAN_POINT('',(39.9527989378,-10.72570601391,7.810285684663
    ));
#1771 = CARTESIAN_POINT('',(40.061216774685,-10.53755206533,
    7.861460441043));
#1772 = CARTESIAN_POINT('',(40.167716029007,-10.34939785089,
    7.912635269737));
#1773 = CARTESIAN_POINT('',(40.27229670146,-10.16124335454,
    7.963810175101));
#1774 = CARTESIAN_POINT('',(40.374958792433,-9.97308855964,8.01498516167
    ));
#1775 = CARTESIAN_POINT('',(40.475702301982,-9.784933448839,
    8.066160234156));
#1776 = CARTESIAN_POINT('',(40.574527229795,-9.596778004168,
    8.11733539745));
#1777 = CARTESIAN_POINT('',(40.671433575159,-9.408622206998,
    8.168510656618));
#1778 = CARTESIAN_POINT('',(40.766421336921,-9.220466038058,
    8.219686016901));
#1779 = CARTESIAN_POINT('',(40.859490513452,-9.032309477447,
    8.270861483712));
#1780 = CARTESIAN_POINT('',(40.950641102605,-8.844152504649,
    8.322037062631));
#1781 = CARTESIAN_POINT('',(41.039873101673,-8.655995098557,
    8.373212759398));
#1782 = CARTESIAN_POINT('',(41.127186507347,-8.467837237502,
    8.424388579909));
#1783 = CARTESIAN_POINT('',(41.212581315668,-8.279678899288,
    8.475564530198));
#1784 = CARTESIAN_POINT('',(41.296057521987,-8.091520061236,
    8.526740616435));
#1785 = CARTESIAN_POINT('',(41.377615120909,-7.903360700239,
    8.577916844905));
#1786 = CARTESIAN_POINT('',(41.457254106256,-7.715200792815,
    8.629093221993));
#1787 = CARTESIAN_POINT('',(41.534974471012,-7.527040315185,
    8.680269754169));
#1788 = CARTESIAN_POINT('',(41.610776207279,-7.338879243349,
    8.731446447958));
#1789 = CARTESIAN_POINT('',(41.684659306228,-7.15071755318,
    8.782623309924));
#1790 = CARTESIAN_POINT('',(41.756623758057,-6.962555220522,
    8.833800346636));
#1791 = CARTESIAN_POINT('',(41.826669551945,-6.774392221309,
    8.88497756464));
#1792 = CARTESIAN_POINT('',(41.894796676013,-6.58622853169,
    8.936154970423));
#1793 = CARTESIAN_POINT('',(41.961005117287,-6.398064128167,
    8.987332570376));
#1794 = CARTESIAN_POINT('',(42.02529486166,-6.209898987745,
    9.038510370753));
#1795 = CARTESIAN_POINT('',(42.087665893874,-6.0217330881,9.089688377627
    ));
#1796 = CARTESIAN_POINT('',(42.148118197489,-5.833566407751,
    9.140866596839));
#1797 = CARTESIAN_POINT('',(42.206651754872,-5.645398926251,
    9.192045033951));
#1798 = CARTESIAN_POINT('',(42.263266547193,-5.457230624383,
    9.243223694189));
#1799 = CARTESIAN_POINT('',(42.317962554425,-5.269061484376,
    9.294402582387));
#1800 = CARTESIAN_POINT('',(42.370739755357,-5.080891490114,
    9.345581702929));
#1801 = CARTESIAN_POINT('',(42.421598127621,-4.892720627371,
    9.396761059682));
#1802 = CARTESIAN_POINT('',(42.470537647727,-4.704548884038,
    9.447940655942));
#1803 = CARTESIAN_POINT('',(42.517558291115,-4.516376250357,
    9.499120494362));
#1804 = CARTESIAN_POINT('',(42.56266003222,-4.328202719161,
    9.550300576891));
#1805 = CARTESIAN_POINT('',(42.605842844549,-4.140028286105,
    9.601480904711));
#1806 = CARTESIAN_POINT('',(42.647106700778,-3.951852949893,
    9.652661478174));
#1807 = CARTESIAN_POINT('',(42.686451572862,-3.763676712502,
    9.703842296743));
#1808 = CARTESIAN_POINT('',(42.723877432164,-3.575499579385,
    9.755023358935));
#1809 = CARTESIAN_POINT('',(42.759384249593,-3.387321559663,
    9.806204662268));
#1810 = CARTESIAN_POINT('',(42.792971995766,-3.199142666297,
    9.857386203218));
#1811 = CARTESIAN_POINT('',(42.824640641177,-3.010962916233,
    9.908567977177));
#1812 = CARTESIAN_POINT('',(42.854390156383,-2.822782330515,
    9.959749978419));
#1813 = CARTESIAN_POINT('',(42.882220512204,-2.634600934375,
    10.010932200082));
#1814 = CARTESIAN_POINT('',(42.908131679924,-2.446418757277,
    10.062114634153));
#1815 = CARTESIAN_POINT('',(42.932123631515,-2.258235832928,
    10.113297271464));
#1816 = CARTESIAN_POINT('',(42.954196339846,-2.070052199242,
    10.164480101702));
#1817 = CARTESIAN_POINT('',(42.974349778919,-1.88186789826,
    10.215663113435));
#1818 = CARTESIAN_POINT('',(42.992583924072,-1.693682976027,
    10.266846294137));
#1819 = CARTESIAN_POINT('',(43.008898752241,-1.505497482425,
    10.318029630242));
#1820 = CARTESIAN_POINT('',(43.023294242034,-1.317311470931,
    10.369213107205));
#1821 = CARTESIAN_POINT('',(43.035770374417,-1.129124998423,
    10.420396709556));
#1822 = CARTESIAN_POINT('',(43.04632713112,-0.940938124626,
    10.471580421051));
#1823 = CARTESIAN_POINT('',(43.054964501405,-0.752750912668,
    10.522764224521));
#1824 = CARTESIAN_POINT('',(43.061682457677,-0.564563425322,
    10.573948102891));
#1825 = CARTESIAN_POINT('',(43.066481046986,-0.376375737132,
    10.625132035888));
#1826 = CARTESIAN_POINT('',(43.069360050608,-0.18818788724,
    10.676316012865));
#1827 = CARTESIAN_POINT('',(43.070000223546,-6.272198526406E-02,
    10.710440659285));
#1828 = CARTESIAN_POINT('',(43.07,0.,10.7275));
#1829 = CARTESIAN_POINT('',(36.93,-4.257117203196E-15,-5.6485));
#1830 = CARTESIAN_POINT('',(36.980945493795,-4.239455832716E-15,
    -5.580561395264));
#1831 = CARTESIAN_POINT('',(37.082201491754,-4.204134575632E-15,
    -5.444689893871));
#1832 = CARTESIAN_POINT('',(37.232828598948,-4.150921682697E-15,
    -5.239994017973));
#1833 = CARTESIAN_POINT('',(37.381537137095,-4.097708795132E-15,
    -5.035298162736));
#1834 = CARTESIAN_POINT('',(37.528327029385,-4.044495886554E-15,
    -4.830602226662));
#1835 = CARTESIAN_POINT('',(37.673198299454,-3.991282961931E-15,
    -4.625906228871));
#1836 = CARTESIAN_POINT('',(37.816150944397,-3.938070017827E-15,
    -4.421210156141));
#1837 = CARTESIAN_POINT('',(37.957184968339,-3.884857052907E-15,
    -4.216514003338));
#1838 = CARTESIAN_POINT('',(38.096300373553,-3.831644065154E-15,
    -4.011817762701));
#1839 = CARTESIAN_POINT('',(38.233497162799,-3.778431052598E-15,
    -3.807121426654));
#1840 = CARTESIAN_POINT('',(38.368775338699,-3.725218013119E-15,
    -3.602424987041));
#1841 = CARTESIAN_POINT('',(38.502134903889,-3.672004944492E-15,
    -3.397728435305));
#1842 = CARTESIAN_POINT('',(38.633575860972,-3.61879184437E-15,
    -3.193031762412));
#1843 = CARTESIAN_POINT('',(38.763098212515,-3.565578710279E-15,
    -2.988334958853));
#1844 = CARTESIAN_POINT('',(38.890701961039,-3.512365539618E-15,
    -2.783638014616));
#1845 = CARTESIAN_POINT('',(39.016387109008,-3.459152329648E-15,
    -2.57894091917));
#1846 = CARTESIAN_POINT('',(39.140153658811,-3.405939077491E-15,
    -2.374243661443));
#1847 = CARTESIAN_POINT('',(39.262001612756,-3.352725780124E-15,
    -2.169546229805));
#1848 = CARTESIAN_POINT('',(39.381930973049,-3.299512434374E-15,
    -1.964848612046));
#1849 = CARTESIAN_POINT('',(39.499941741782,-3.24629903691E-15,
    -1.760150795361));
#1850 = CARTESIAN_POINT('',(39.616033920909,-3.193085584244E-15,
    -1.555452766329));
#1851 = CARTESIAN_POINT('',(39.730207512235,-3.139872072723E-15,
    -1.350754510896));
#1852 = CARTESIAN_POINT('',(39.842462517388,-3.086658498524E-15,
    -1.146056014358));
#1853 = CARTESIAN_POINT('',(39.9527989378,-3.033444857653E-15,
    -0.94135726135));
#1854 = CARTESIAN_POINT('',(40.061216774685,-2.980231145939E-15,
    -0.736658235826));
#1855 = CARTESIAN_POINT('',(40.167716029007,-2.927017359031E-15,
    -0.531958921053));
#1856 = CARTESIAN_POINT('',(40.27229670146,-2.873803492398E-15,
    -0.327259299598));
#1857 = CARTESIAN_POINT('',(40.374958792433,-2.820589541324E-15,
    -0.122559353321));
#1858 = CARTESIAN_POINT('',(40.475702301982,-2.767375500909E-15,
    8.214093662513E-02));
#1859 = CARTESIAN_POINT('',(40.574527229795,-2.714161366069E-15,
    0.286841589801));
#1860 = CARTESIAN_POINT('',(40.671433575159,-2.660947131536E-15,
    0.491542626471));
#1861 = CARTESIAN_POINT('',(40.766421336921,-2.607732791858E-15,
    0.696244067603));
#1862 = CARTESIAN_POINT('',(40.859490513452,-2.554518341408E-15,
    0.900945934847));
#1863 = CARTESIAN_POINT('',(40.950641102605,-2.501303774383E-15,
    1.105648250523));
#1864 = CARTESIAN_POINT('',(41.039873101673,-2.448089084814E-15,
    1.310351037594));
#1865 = CARTESIAN_POINT('',(41.127186507347,-2.394874266572E-15,
    1.515054319635));
#1866 = CARTESIAN_POINT('',(41.212581315668,-2.341659313381E-15,
    1.719758120793));
#1867 = CARTESIAN_POINT('',(41.296057521987,-2.288444218825E-15,
    1.924462465741));
#1868 = CARTESIAN_POINT('',(41.377615120909,-2.235228976369E-15,
    2.129167379619));
#1869 = CARTESIAN_POINT('',(41.457254106256,-2.182013579373E-15,
    2.333872887974));
#1870 = CARTESIAN_POINT('',(41.534974471012,-2.128798021112E-15,
    2.538579016675));
#1871 = CARTESIAN_POINT('',(41.610776207279,-2.075582294797E-15,
    2.743285791832));
#1872 = CARTESIAN_POINT('',(41.684659306228,-2.022366393605E-15,
    2.947993239696));
#1873 = CARTESIAN_POINT('',(41.756623758057,-1.969150310704E-15,
    3.152701386544));
#1874 = CARTESIAN_POINT('',(41.826669551945,-1.915934039288E-15,
    3.357410258559));
#1875 = CARTESIAN_POINT('',(41.894796676013,-1.862717572612E-15,
    3.562119881691));
#1876 = CARTESIAN_POINT('',(41.961005117287,-1.809500904029E-15,
    3.766830281504));
#1877 = CARTESIAN_POINT('',(42.02529486166,-1.756284027036E-15,
    3.971541483013));
#1878 = CARTESIAN_POINT('',(42.087665893874,-1.70306693532E-15,
    4.176253510507));
#1879 = CARTESIAN_POINT('',(42.148118197489,-1.649849622805E-15,
    4.380966387355));
#1880 = CARTESIAN_POINT('',(42.206651754872,-1.596632083708E-15,
    4.585680135803));
#1881 = CARTESIAN_POINT('',(42.263266547193,-1.543414312595E-15,
    4.790394776755));
#1882 = CARTESIAN_POINT('',(42.317962554425,-1.490196304439E-15,
    4.995110329549));
#1883 = CARTESIAN_POINT('',(42.370739755357,-1.436978054683E-15,
    5.199826811714));
#1884 = CARTESIAN_POINT('',(42.421598127621,-1.383759559304E-15,
    5.40454423873));
#1885 = CARTESIAN_POINT('',(42.470537647727,-1.330540814875E-15,
    5.609262623769));
#1886 = CARTESIAN_POINT('',(42.517558291115,-1.277321818638E-15,
    5.813981977448));
#1887 = CARTESIAN_POINT('',(42.56266003222,-1.224102568566E-15,
    6.018702307563));
#1888 = CARTESIAN_POINT('',(42.605842844549,-1.17088306343E-15,
    6.223423618842));
#1889 = CARTESIAN_POINT('',(42.647106700778,-1.117663302864E-15,
    6.428145912695));
#1890 = CARTESIAN_POINT('',(42.686451572862,-1.064443287425E-15,
    6.632869186972));
#1891 = CARTESIAN_POINT('',(42.723877432164,-1.011223018658E-15,
    6.837593435739));
#1892 = CARTESIAN_POINT('',(42.759384249593,-9.580024991407E-16,
    7.042318649073));
#1893 = CARTESIAN_POINT('',(42.792971995766,-9.047817325395E-16,
    7.247044812874));
#1894 = CARTESIAN_POINT('',(42.824640641177,-8.515607236467E-16,
    7.451771908706));
#1895 = CARTESIAN_POINT('',(42.854390156383,-7.983394784144E-16,
    7.656499913674));
#1896 = CARTESIAN_POINT('',(42.882220512204,-7.451180039784E-16,
    7.861228800328));
#1897 = CARTESIAN_POINT('',(42.908131679924,-6.91896308672E-16,
    8.065958536611));
#1898 = CARTESIAN_POINT('',(42.932123631515,-6.38674402028E-16,
    8.270689085854));
#1899 = CARTESIAN_POINT('',(42.954196339846,-5.85452294769E-16,
    8.47542040681));
#1900 = CARTESIAN_POINT('',(42.974349778919,-5.322299987855E-16,
    8.680152453739));
#1901 = CARTESIAN_POINT('',(42.992583924072,-4.790075270999E-16,
    8.884885176547));
#1902 = CARTESIAN_POINT('',(43.008898752241,-4.257848938193E-16,
    9.089618520967));
#1903 = CARTESIAN_POINT('',(43.023294242034,-3.725621140687E-16,
    9.29435242882));
#1904 = CARTESIAN_POINT('',(43.035770374417,-3.193392039341E-16,
    9.499086838225));
#1905 = CARTESIAN_POINT('',(43.04632713112,-2.66116180307E-16,
    9.703821684206));
#1906 = CARTESIAN_POINT('',(43.054964501405,-2.128930610408E-16,
    9.908556898084));
#1907 = CARTESIAN_POINT('',(43.061682457677,-1.596698638897E-16,
    10.113292411565));
#1908 = CARTESIAN_POINT('',(43.066481046986,-1.064466099358E-16,
    10.318028143552));
#1909 = CARTESIAN_POINT('',(43.069360050608,-5.322331024931E-17,
    10.52276405146));
#1910 = CARTESIAN_POINT('',(43.070000223546,-1.773903586526E-17,
    10.659262637141));
#1911 = CARTESIAN_POINT('',(43.07,0.,10.7275));
#1912 = CARTESIAN_POINT('',(36.93,15.052387543177,6.6335));
#1913 = CARTESIAN_POINT('',(36.980945493795,14.989940168505,
    6.650484651184));
#1914 = CARTESIAN_POINT('',(37.082201491754,14.865050665877,
    6.684452526532));
#1915 = CARTESIAN_POINT('',(37.232828598948,14.676899612353,
    6.735626495507));
#1916 = CARTESIAN_POINT('',(37.381537137095,14.48874857782,
    6.786800459316));
#1917 = CARTESIAN_POINT('',(37.528327029385,14.300597468984,
    6.837974443334));
#1918 = CARTESIAN_POINT('',(37.673198299454,14.11244630342,
    6.889148442782));
#1919 = CARTESIAN_POINT('',(37.816150944397,13.924295068973,
    6.940322460965));
#1920 = CARTESIAN_POINT('',(37.957184968339,13.736143760925,
    6.991496499165));
#1921 = CARTESIAN_POINT('',(38.096300373553,13.547992372143,
    7.042670559325));
#1922 = CARTESIAN_POINT('',(38.233497162799,13.359840895662,
    7.093844643336));
#1923 = CARTESIAN_POINT('',(38.368775338699,13.171689323987,
    7.14501875324));
#1924 = CARTESIAN_POINT('',(38.502134903889,12.98353764925,
    7.196192891174));
#1925 = CARTESIAN_POINT('',(38.633575860972,12.795385863149,
    7.247367059397));
#1926 = CARTESIAN_POINT('',(38.763098212515,12.607233956944,
    7.298541260287));
#1927 = CARTESIAN_POINT('',(38.890701961039,12.419081921431,
    7.349715496346));
#1928 = CARTESIAN_POINT('',(39.016387109008,12.230929746931,
    7.400889770208));
#1929 = CARTESIAN_POINT('',(39.140153658811,12.042777423266,
    7.452064084639));
#1930 = CARTESIAN_POINT('',(39.262001612756,11.854624939747,
    7.503238442549));
#1931 = CARTESIAN_POINT('',(39.381930973049,11.666472285151,
    7.554412846988));
#1932 = CARTESIAN_POINT('',(39.499941741782,11.478319447707,
    7.60558730116));
#1933 = CARTESIAN_POINT('',(39.616033920909,11.290166415079,
    7.656761808418));
#1934 = CARTESIAN_POINT('',(39.730207512235,11.102013174348,
    7.707936372276));
#1935 = CARTESIAN_POINT('',(39.842462517388,10.913859712002,
    7.75911099641));
#1936 = CARTESIAN_POINT('',(39.9527989378,10.725706013914,7.810285684663
    ));
#1937 = CARTESIAN_POINT('',(40.061216774685,10.537552065337,
    7.861460441043));
#1938 = CARTESIAN_POINT('',(40.167716029007,10.34939785089,
    7.912635269737));
#1939 = CARTESIAN_POINT('',(40.27229670146,10.161243354549,
    7.963810175101));
#1940 = CARTESIAN_POINT('',(40.374958792433,9.97308855964,8.01498516167)
  );
#1941 = CARTESIAN_POINT('',(40.475702301982,9.784933448839,
    8.066160234156));
#1942 = CARTESIAN_POINT('',(40.574527229795,9.596778004168,8.11733539745
    ));
#1943 = CARTESIAN_POINT('',(40.671433575159,9.408622206998,
    8.168510656618));
#1944 = CARTESIAN_POINT('',(40.766421336921,9.220466038058,
    8.219686016901));
#1945 = CARTESIAN_POINT('',(40.859490513452,9.032309477447,
    8.270861483712));
#1946 = CARTESIAN_POINT('',(40.950641102605,8.844152504649,
    8.322037062631));
#1947 = CARTESIAN_POINT('',(41.039873101673,8.655995098557,
    8.373212759398));
#1948 = CARTESIAN_POINT('',(41.127186507347,8.467837237502,
    8.424388579909));
#1949 = CARTESIAN_POINT('',(41.212581315668,8.279678899288,
    8.475564530198));
#1950 = CARTESIAN_POINT('',(41.296057521987,8.091520061236,
    8.526740616435));
#1951 = CARTESIAN_POINT('',(41.377615120909,7.903360700239,
    8.577916844905));
#1952 = CARTESIAN_POINT('',(41.457254106256,7.715200792815,
    8.629093221993));
#1953 = CARTESIAN_POINT('',(41.534974471012,7.527040315185,
    8.680269754169));
#1954 = CARTESIAN_POINT('',(41.610776207279,7.338879243349,
    8.731446447958));
#1955 = CARTESIAN_POINT('',(41.684659306228,7.15071755318,8.782623309924
    ));
#1956 = CARTESIAN_POINT('',(41.756623758057,6.962555220522,
    8.833800346636));
#1957 = CARTESIAN_POINT('',(41.826669551945,6.774392221309,8.88497756464
    ));
#1958 = CARTESIAN_POINT('',(41.894796676013,6.58622853169,8.936154970423
    ));
#1959 = CARTESIAN_POINT('',(41.961005117287,6.398064128167,
    8.987332570376));
#1960 = CARTESIAN_POINT('',(42.02529486166,6.209898987745,9.038510370753
    ));
#1961 = CARTESIAN_POINT('',(42.087665893874,6.0217330881,9.089688377627)
  );
#1962 = CARTESIAN_POINT('',(42.148118197489,5.833566407751,
    9.140866596839));
#1963 = CARTESIAN_POINT('',(42.206651754872,5.645398926251,
    9.192045033951));
#1964 = CARTESIAN_POINT('',(42.263266547193,5.457230624383,
    9.243223694189));
#1965 = CARTESIAN_POINT('',(42.317962554425,5.269061484376,
    9.294402582387));
#1966 = CARTESIAN_POINT('',(42.370739755357,5.080891490114,
    9.345581702929));
#1967 = CARTESIAN_POINT('',(42.421598127621,4.892720627371,
    9.396761059682));
#1968 = CARTESIAN_POINT('',(42.470537647727,4.704548884038,
    9.447940655942));
#1969 = CARTESIAN_POINT('',(42.517558291115,4.516376250357,
    9.499120494362));
#1970 = CARTESIAN_POINT('',(42.56266003222,4.328202719161,9.550300576891
    ));
#1971 = CARTESIAN_POINT('',(42.605842844549,4.140028286105,
    9.601480904711));
#1972 = CARTESIAN_POINT('',(42.647106700778,3.951852949893,
    9.652661478174));
#1973 = CARTESIAN_POINT('',(42.686451572862,3.763676712502,
    9.703842296743));
#1974 = CARTESIAN_POINT('',(42.723877432164,3.575499579385,
    9.755023358935));
#1975 = CARTESIAN_POINT('',(42.759384249593,3.387321559663,
    9.806204662268));
#1976 = CARTESIAN_POINT('',(42.792971995766,3.199142666297,
    9.857386203218));
#1977 = CARTESIAN_POINT('',(42.824640641177,3.010962916233,
    9.908567977177));
#1978 = CARTESIAN_POINT('',(42.854390156383,2.822782330515,
    9.959749978419));
#1979 = CARTESIAN_POINT('',(42.882220512204,2.634600934375,
    10.010932200082));
#1980 = CARTESIAN_POINT('',(42.908131679924,2.446418757277,
    10.062114634153));
#1981 = CARTESIAN_POINT('',(42.932123631515,2.258235832928,
    10.113297271464));
#1982 = CARTESIAN_POINT('',(42.954196339846,2.070052199242,
    10.164480101702));
#1983 = CARTESIAN_POINT('',(42.974349778919,1.88186789826,
    10.215663113435));
#1984 = CARTESIAN_POINT('',(42.992583924072,1.693682976027,
    10.266846294137));
#1985 = CARTESIAN_POINT('',(43.008898752241,1.505497482425,
    10.318029630242));
#1986 = CARTESIAN_POINT('',(43.023294242034,1.317311470931,
    10.369213107205));
#1987 = CARTESIAN_POINT('',(43.035770374417,1.129124998423,
    10.420396709556));
#1988 = CARTESIAN_POINT('',(43.04632713112,0.940938124626,
    10.471580421051));
#1989 = CARTESIAN_POINT('',(43.054964501405,0.752750912668,
    10.522764224521));
#1990 = CARTESIAN_POINT('',(43.061682457677,0.564563425322,
    10.573948102891));
#1991 = CARTESIAN_POINT('',(43.066481046986,0.376375737132,
    10.625132035888));
#1992 = CARTESIAN_POINT('',(43.069360050608,0.18818788724,
    10.676316012865));
#1993 = CARTESIAN_POINT('',(43.070000223546,6.272198526406E-02,
    10.710440659285));
#1994 = CARTESIAN_POINT('',(43.07,0.,10.7275));
#1995 = CARTESIAN_POINT('',(36.93,30.104775086355,18.9155));
#1996 = CARTESIAN_POINT('',(36.980945493795,29.97988033701,
    18.881530697632));
#1997 = CARTESIAN_POINT('',(37.082201491754,29.730101331753,
    18.813594946935));
#1998 = CARTESIAN_POINT('',(37.232828598948,29.353799224707,
    18.711247008987));
#1999 = CARTESIAN_POINT('',(37.381537137095,28.97749715564,
    18.608899081368));
#2000 = CARTESIAN_POINT('',(37.528327029385,28.601194937969,
    18.506551113331));
#2001 = CARTESIAN_POINT('',(37.673198299454,28.224892606839,
    18.404203114436));
#2002 = CARTESIAN_POINT('',(37.816150944397,27.848590137947,
    18.301855078071));
#2003 = CARTESIAN_POINT('',(37.957184968339,27.472287521851,
    18.199507001669));
#2004 = CARTESIAN_POINT('',(38.096300373553,27.095984744285,
    18.09715888135));
#2005 = CARTESIAN_POINT('',(38.233497162799,26.719681791325,
    17.994810713327));
#2006 = CARTESIAN_POINT('',(38.368775338699,26.343378647974,
    17.892462493521));
#2007 = CARTESIAN_POINT('',(38.502134903889,25.967075298499,
    17.790114217652));
#2008 = CARTESIAN_POINT('',(38.633575860972,25.590771726298,
    17.687765881206));
#2009 = CARTESIAN_POINT('',(38.763098212515,25.214467913887,
    17.585417479426));
#2010 = CARTESIAN_POINT('',(38.890701961039,24.838163842862,
    17.483069007308));
#2011 = CARTESIAN_POINT('',(39.016387109008,24.461859493861,
    17.380720459585));
#2012 = CARTESIAN_POINT('',(39.140153658811,24.085554846532,
    17.278371830721));
#2013 = CARTESIAN_POINT('',(39.262001612756,23.709249879494,
    17.176023114902));
#2014 = CARTESIAN_POINT('',(39.381930973049,23.332944570301,
    17.073674306023));
#2015 = CARTESIAN_POINT('',(39.499941741782,22.956638895414,
    16.971325397681));
#2016 = CARTESIAN_POINT('',(39.616033920909,22.580332830157,
    16.868976383165));
#2017 = CARTESIAN_POINT('',(39.730207512235,22.204026348697,
    16.766627255448));
#2018 = CARTESIAN_POINT('',(39.842462517388,21.827719424004,
    16.664278007179));
#2019 = CARTESIAN_POINT('',(39.9527989378,21.451412027828,
    16.561928630675));
#2020 = CARTESIAN_POINT('',(40.061216774685,21.075104130675,
    16.459579117913));
#2021 = CARTESIAN_POINT('',(40.167716029007,20.69879570178,
    16.357229460527));
#2022 = CARTESIAN_POINT('',(40.27229670146,20.322486709097,
    16.254879649799));
#2023 = CARTESIAN_POINT('',(40.374958792433,19.94617711928,
    16.152529676661));
#2024 = CARTESIAN_POINT('',(40.475702301982,19.569866897679,
    16.050179531687));
#2025 = CARTESIAN_POINT('',(40.574527229795,19.193556008336,
    15.9478292051));
#2026 = CARTESIAN_POINT('',(40.671433575159,18.817244413996,
    15.845478686764));
#2027 = CARTESIAN_POINT('',(40.766421336921,18.440932076116,
    15.743127966199));
#2028 = CARTESIAN_POINT('',(40.859490513452,18.064618954894,
    15.640777032577));
#2029 = CARTESIAN_POINT('',(40.950641102605,17.688305009298,
    15.538425874739));
#2030 = CARTESIAN_POINT('',(41.039873101673,17.311990197114,
    15.436074481203));
#2031 = CARTESIAN_POINT('',(41.127186507347,16.935674475003,
    15.333722840183));
#2032 = CARTESIAN_POINT('',(41.212581315668,16.559357798575,
    15.231370939604));
#2033 = CARTESIAN_POINT('',(41.296057521987,16.183040122473,
    15.12901876713));
#2034 = CARTESIAN_POINT('',(41.377615120909,15.806721400478,
    15.02666631019));
#2035 = CARTESIAN_POINT('',(41.457254106256,15.43040158563,
    14.924313556013));
#2036 = CARTESIAN_POINT('',(41.534974471012,15.05408063037,
    14.821960491663));
#2037 = CARTESIAN_POINT('',(41.610776207279,14.677758486699,
    14.719607104084));
#2038 = CARTESIAN_POINT('',(41.684659306228,14.301435106359,
    14.617253380152));
#2039 = CARTESIAN_POINT('',(41.756623758057,13.925110441043,
    14.514899306728));
#2040 = CARTESIAN_POINT('',(41.826669551945,13.548784442618,
    14.41254487072));
#2041 = CARTESIAN_POINT('',(41.894796676013,13.172457063381,
    14.310190059154));
#2042 = CARTESIAN_POINT('',(41.961005117287,12.796128256334,
    14.207834859248));
#2043 = CARTESIAN_POINT('',(42.02529486166,12.419797975491,
    14.105479258494));
#2044 = CARTESIAN_POINT('',(42.087665893874,12.0434661762,
    14.003123244747));
#2045 = CARTESIAN_POINT('',(42.148118197489,11.667132815502,
    13.900766806322));
#2046 = CARTESIAN_POINT('',(42.206651754872,11.290797852501,
    13.798409932099));
#2047 = CARTESIAN_POINT('',(42.263266547193,10.914461248767,
    13.696052611622));
#2048 = CARTESIAN_POINT('',(42.317962554425,10.538122968751,
    13.593694835225));
#2049 = CARTESIAN_POINT('',(42.370739755357,10.161782980228,
    13.491336594143));
#2050 = CARTESIAN_POINT('',(42.421598127621,9.785441254742,
    13.388977880635));
#2051 = CARTESIAN_POINT('',(42.470537647727,9.409097768075,
    13.286618688115));
#2052 = CARTESIAN_POINT('',(42.517558291115,9.032752500714,
    13.184259011276));
#2053 = CARTESIAN_POINT('',(42.56266003222,8.656405438323,
    13.081898846219));
#2054 = CARTESIAN_POINT('',(42.605842844549,8.28005657221,
    12.979538190579));
#2055 = CARTESIAN_POINT('',(42.647106700778,7.903705899787,
    12.877177043652));
#2056 = CARTESIAN_POINT('',(42.686451572862,7.527353425004,
    12.774815406514));
#2057 = CARTESIAN_POINT('',(42.723877432164,7.150999158769,
    12.67245328213));
#2058 = CARTESIAN_POINT('',(42.759384249593,6.774643119326,
    12.570090675463));
#2059 = CARTESIAN_POINT('',(42.792971995766,6.398285332594,
    12.467727593563));
#2060 = CARTESIAN_POINT('',(42.824640641177,6.021925832465,
    12.365364045647));
#2061 = CARTESIAN_POINT('',(42.854390156383,5.645564661029,
    12.263000043163));
#2062 = CARTESIAN_POINT('',(42.882220512204,5.269201868749,
    12.160635599836));
#2063 = CARTESIAN_POINT('',(42.908131679924,4.892837514554,
    12.058270731695));
#2064 = CARTESIAN_POINT('',(42.932123631515,4.516471665856,
    11.955905457073));
#2065 = CARTESIAN_POINT('',(42.954196339846,4.140104398483,
    11.853539796595));
#2066 = CARTESIAN_POINT('',(42.974349778919,3.763735796519,
    11.751173773131));
#2067 = CARTESIAN_POINT('',(42.992583924072,3.387365952055,
    11.648807411727));
#2068 = CARTESIAN_POINT('',(43.008898752241,3.01099496485,
    11.546440739516));
#2069 = CARTESIAN_POINT('',(43.023294242034,2.634622941862,
    11.44407378559));
#2070 = CARTESIAN_POINT('',(43.035770374417,2.258249996846,
    11.341706580887));
#2071 = CARTESIAN_POINT('',(43.04632713112,1.881876249253,
    11.239339157897));
#2072 = CARTESIAN_POINT('',(43.054964501405,1.505501825335,
    11.136971550958));
#2073 = CARTESIAN_POINT('',(43.061682457677,1.129126850645,
    11.034603794217));
#2074 = CARTESIAN_POINT('',(43.066481046986,0.752751474265,
    10.932235928224));
#2075 = CARTESIAN_POINT('',(43.069360050608,0.37637577448,10.82986797427
    ));
#2076 = CARTESIAN_POINT('',(43.070000223546,0.125443970528,
    10.76161868143));
#2077 = CARTESIAN_POINT('',(43.07,0.,10.7275));
#2078 = CARTESIAN_POINT('',(36.93,0.,18.9155));
#2079 = CARTESIAN_POINT('',(36.980945493795,0.,18.881530697632));
#2080 = CARTESIAN_POINT('',(37.082201491754,0.,18.813594946935));
#2081 = CARTESIAN_POINT('',(37.232828598948,0.,18.711247008987));
#2082 = CARTESIAN_POINT('',(37.381537137095,0.,18.608899081368));
#2083 = CARTESIAN_POINT('',(37.528327029385,0.,18.506551113331));
#2084 = CARTESIAN_POINT('',(37.673198299454,0.,18.404203114436));
#2085 = CARTESIAN_POINT('',(37.816150944397,0.,18.301855078071));
#2086 = CARTESIAN_POINT('',(37.957184968339,0.,18.199507001669));
#2087 = CARTESIAN_POINT('',(38.096300373553,0.,18.09715888135));
#2088 = CARTESIAN_POINT('',(38.233497162799,0.,17.994810713327));
#2089 = CARTESIAN_POINT('',(38.368775338699,0.,17.892462493521));
#2090 = CARTESIAN_POINT('',(38.502134903889,0.,17.790114217652));
#2091 = CARTESIAN_POINT('',(38.633575860972,0.,17.687765881206));
#2092 = CARTESIAN_POINT('',(38.763098212515,0.,17.585417479426));
#2093 = CARTESIAN_POINT('',(38.890701961039,0.,17.483069007308));
#2094 = CARTESIAN_POINT('',(39.016387109008,0.,17.380720459585));
#2095 = CARTESIAN_POINT('',(39.140153658811,0.,17.278371830722));
#2096 = CARTESIAN_POINT('',(39.262001612756,0.,17.176023114902));
#2097 = CARTESIAN_POINT('',(39.381930973049,0.,17.073674306023));
#2098 = CARTESIAN_POINT('',(39.499941741782,0.,16.971325397681));
#2099 = CARTESIAN_POINT('',(39.616033920909,0.,16.868976383165));
#2100 = CARTESIAN_POINT('',(39.730207512235,0.,16.766627255448));
#2101 = CARTESIAN_POINT('',(39.842462517388,0.,16.664278007179));
#2102 = CARTESIAN_POINT('',(39.9527989378,0.,16.561928630675));
#2103 = CARTESIAN_POINT('',(40.061216774685,0.,16.459579117913));
#2104 = CARTESIAN_POINT('',(40.167716029007,0.,16.357229460527));
#2105 = CARTESIAN_POINT('',(40.27229670146,0.,16.254879649799));
#2106 = CARTESIAN_POINT('',(40.374958792433,0.,16.152529676661));
#2107 = CARTESIAN_POINT('',(40.475702301982,0.,16.050179531687));
#2108 = CARTESIAN_POINT('',(40.574527229795,0.,15.9478292051));
#2109 = CARTESIAN_POINT('',(40.671433575159,0.,15.845478686764));
#2110 = CARTESIAN_POINT('',(40.766421336921,0.,15.743127966199));
#2111 = CARTESIAN_POINT('',(40.859490513452,0.,15.640777032577));
#2112 = CARTESIAN_POINT('',(40.950641102605,0.,15.538425874739));
#2113 = CARTESIAN_POINT('',(41.039873101673,0.,15.436074481203));
#2114 = CARTESIAN_POINT('',(41.127186507347,0.,15.333722840183));
#2115 = CARTESIAN_POINT('',(41.212581315668,0.,15.231370939604));
#2116 = CARTESIAN_POINT('',(41.296057521987,0.,15.12901876713));
#2117 = CARTESIAN_POINT('',(41.377615120909,0.,15.02666631019));
#2118 = CARTESIAN_POINT('',(41.457254106256,0.,14.924313556013));
#2119 = CARTESIAN_POINT('',(41.534974471012,0.,14.821960491663));
#2120 = CARTESIAN_POINT('',(41.610776207279,0.,14.719607104084));
#2121 = CARTESIAN_POINT('',(41.684659306228,0.,14.617253380152));
#2122 = CARTESIAN_POINT('',(41.756623758057,0.,14.514899306728));
#2123 = CARTESIAN_POINT('',(41.826669551945,0.,14.41254487072));
#2124 = CARTESIAN_POINT('',(41.894796676013,0.,14.310190059154));
#2125 = CARTESIAN_POINT('',(41.961005117287,0.,14.207834859248));
#2126 = CARTESIAN_POINT('',(42.02529486166,0.,14.105479258494));
#2127 = CARTESIAN_POINT('',(42.087665893874,0.,14.003123244747));
#2128 = CARTESIAN_POINT('',(42.148118197489,0.,13.900766806322));
#2129 = CARTESIAN_POINT('',(42.206651754872,0.,13.798409932099));
#2130 = CARTESIAN_POINT('',(42.263266547193,0.,13.696052611622));
#2131 = CARTESIAN_POINT('',(42.317962554425,0.,13.593694835225));
#2132 = CARTESIAN_POINT('',(42.370739755357,0.,13.491336594143));
#2133 = CARTESIAN_POINT('',(42.421598127621,0.,13.388977880635));
#2134 = CARTESIAN_POINT('',(42.470537647727,0.,13.286618688115));
#2135 = CARTESIAN_POINT('',(42.517558291115,0.,13.184259011276));
#2136 = CARTESIAN_POINT('',(42.56266003222,0.,13.081898846219));
#2137 = CARTESIAN_POINT('',(42.605842844549,0.,12.979538190579));
#2138 = CARTESIAN_POINT('',(42.647106700778,0.,12.877177043652));
#2139 = CARTESIAN_POINT('',(42.686451572862,0.,12.774815406514));
#2140 = CARTESIAN_POINT('',(42.723877432164,0.,12.67245328213));
#2141 = CARTESIAN_POINT('',(42.759384249593,0.,12.570090675463));
#2142 = CARTESIAN_POINT('',(42.792971995766,0.,12.467727593563));
#2143 = CARTESIAN_POINT('',(42.824640641177,0.,12.365364045647));
#2144 = CARTESIAN_POINT('',(42.854390156383,0.,12.263000043163));
#2145 = CARTESIAN_POINT('',(42.882220512204,0.,12.160635599836));
#2146 = CARTESIAN_POINT('',(42.908131679924,0.,12.058270731695));
#2147 = CARTESIAN_POINT('',(42.932123631515,0.,11.955905457073));
#2148 = CARTESIAN_POINT('',(42.954196339846,0.,11.853539796595));
#2149 = CARTESIAN_POINT('',(42.974349778919,0.,11.751173773131));
#2150 = CARTESIAN_POINT('',(42.992583924072,0.,11.648807411727));
#2151 = CARTESIAN_POINT('',(43.008898752241,0.,11.546440739516));
#2152 = CARTESIAN_POINT('',(43.023294242034,0.,11.44407378559));
#2153 = CARTESIAN_POINT('',(43.035770374417,0.,11.341706580887));
#2154 = CARTESIAN_POINT('',(43.04632713112,0.,11.239339157897));
#2155 = CARTESIAN_POINT('',(43.054964501405,0.,11.136971550958));
#2156 = CARTESIAN_POINT('',(43.061682457677,0.,11.034603794217));
#2157 = CARTESIAN_POINT('',(43.066481046986,0.,10.932235928224));
#2158 = CARTESIAN_POINT('',(43.069360050608,0.,10.82986797427));
#2159 = CARTESIAN_POINT('',(43.070000223546,0.,10.76161868143));
#2160 = CARTESIAN_POINT('',(43.07,0.,10.7275));
#2161 = ADVANCED_FACE('',(#2162,#2180),#2233,.T.);
#2162 = FACE_BOUND('',#2163,.T.);
#2163 = EDGE_LOOP('',(#2164,#2165,#2173,#2179));
#2164 = ORIENTED_EDGE('',*,*,#528,.T.);
#2165 = ORIENTED_EDGE('',*,*,#2166,.T.);
#2166 = EDGE_CURVE('',#521,#2167,#2169,.T.);
#2167 = VERTEX_POINT('',#2168);
#2168 = CARTESIAN_POINT('',(30.451,-12.048,23.170305000738));
#2169 = LINE('',#2170,#2171);
#2170 = CARTESIAN_POINT('',(30.451,-130.7523948921,-37.66401315341));
#2171 = VECTOR('',#2172,1.);
#2172 = DIRECTION('',(0.,0.889938375606,0.456080790677));
#2173 = ORIENTED_EDGE('',*,*,#2174,.F.);
#2174 = EDGE_CURVE('',#72,#2167,#2175,.T.);
#2175 = LINE('',#2176,#2177);
#2176 = CARTESIAN_POINT('',(14.374133635227,-12.048,37.096137741507));
#2177 = VECTOR('',#2178,1.);
#2178 = DIRECTION('',(-0.755862444725,-0.,0.654730451907));
#2179 = ORIENTED_EDGE('',*,*,#79,.F.);
#2180 = FACE_BOUND('',#2181,.T.);
#2181 = EDGE_LOOP('',(#2182,#2193,#2201,#2210,#2218,#2227));
#2182 = ORIENTED_EDGE('',*,*,#2183,.F.);
#2183 = EDGE_CURVE('',#2184,#2186,#2188,.T.);
#2184 = VERTEX_POINT('',#2185);
#2185 = CARTESIAN_POINT('',(33.855,-16.9875,17.690325715835));
#2186 = VERTEX_POINT('',#2187);
#2187 = CARTESIAN_POINT('',(33.854973728591,-16.9940337852,17.687));
#2188 = ELLIPSE('',#2189,1.152762462247,0.8125);
#2189 = AXIS2_PLACEMENT_3D('',#2190,#2191,#2192);
#2190 = CARTESIAN_POINT('',(33.0425,-16.9875,18.394115798128));
#2191 = DIRECTION('',(-0.61052480918,0.361214678257,-0.704828641294));
#2192 = DIRECTION('',(-0.606609750187,0.358898348514,0.709377604955));
#2193 = ORIENTED_EDGE('',*,*,#2194,.F.);
#2194 = EDGE_CURVE('',#2195,#2184,#2197,.T.);
#2195 = VERTEX_POINT('',#2196);
#2196 = CARTESIAN_POINT('',(33.855,-15.8695,18.263284853179));
#2197 = LINE('',#2198,#2199);
#2198 = CARTESIAN_POINT('',(33.855,-127.3324475756,-38.85989429596));
#2199 = VECTOR('',#2200,1.);
#2200 = DIRECTION('',(0.,-0.889938375606,-0.456080790677));
#2201 = ORIENTED_EDGE('',*,*,#2202,.F.);
#2202 = EDGE_CURVE('',#2203,#2195,#2205,.T.);
#2203 = VERTEX_POINT('',#2204);
#2204 = CARTESIAN_POINT('',(32.23,-15.8695,19.670865017764));
#2205 = ELLIPSE('',#2206,1.152762462247,0.8125);
#2206 = AXIS2_PLACEMENT_3D('',#2207,#2208,#2209);
#2207 = CARTESIAN_POINT('',(33.0425,-15.8695,18.967074935472));
#2208 = DIRECTION('',(-0.61052480918,0.361214678257,-0.704828641294));
#2209 = DIRECTION('',(-0.606609750187,0.358898348514,0.709377604955));
#2210 = ORIENTED_EDGE('',*,*,#2211,.T.);
#2211 = EDGE_CURVE('',#2203,#2212,#2214,.T.);
#2212 = VERTEX_POINT('',#2213);
#2213 = CARTESIAN_POINT('',(32.23,-16.9875,19.097905880421));
#2214 = LINE('',#2215,#2216);
#2215 = CARTESIAN_POINT('',(32.23,-127.9037615588,-37.74510444171));
#2216 = VECTOR('',#2217,1.);
#2217 = DIRECTION('',(0.,-0.889938375606,-0.456080790677));
#2218 = ORIENTED_EDGE('',*,*,#2219,.F.);
#2219 = EDGE_CURVE('',#2220,#2212,#2222,.T.);
#2220 = VERTEX_POINT('',#2221);
#2221 = CARTESIAN_POINT('',(33.439377496086,-17.69647426124,17.687));
#2222 = ELLIPSE('',#2223,1.152762462247,0.8125);
#2223 = AXIS2_PLACEMENT_3D('',#2224,#2225,#2226);
#2224 = CARTESIAN_POINT('',(33.0425,-16.9875,18.394115798128));
#2225 = DIRECTION('',(-0.61052480918,0.361214678257,-0.704828641294));
#2226 = DIRECTION('',(-0.606609750187,0.358898348514,0.709377604955));
#2227 = ORIENTED_EDGE('',*,*,#2228,.T.);
#2228 = EDGE_CURVE('',#2220,#2186,#2229,.T.);
#2229 = LINE('',#2230,#2231);
#2230 = CARTESIAN_POINT('',(-36.66678819292,-136.1898689266,17.687));
#2231 = VECTOR('',#2232,1.);
#2232 = DIRECTION('',(0.509199438682,0.860648552922,-0.));
#2233 = PLANE('',#2234);
#2234 = AXIS2_PLACEMENT_3D('',#2235,#2236,#2237);
#2235 = CARTESIAN_POINT('',(-72.88886139409,-275.2048210719,
    -22.18051564356));
#2236 = DIRECTION('',(-0.61052480918,0.361214678257,-0.704828641294));
#2237 = DIRECTION('',(-0.262793735333,0.747127104344,0.61052480918));
#2238 = ADVANCED_FACE('',(#2239),#2257,.T.);
#2239 = FACE_BOUND('',#2240,.T.);
#2240 = EDGE_LOOP('',(#2241,#2242,#2243,#2251));
#2241 = ORIENTED_EDGE('',*,*,#71,.F.);
#2242 = ORIENTED_EDGE('',*,*,#2174,.T.);
#2243 = ORIENTED_EDGE('',*,*,#2244,.T.);
#2244 = EDGE_CURVE('',#2167,#2245,#2247,.T.);
#2245 = VERTEX_POINT('',#2246);
#2246 = CARTESIAN_POINT('',(30.451,-12.048,27.));
#2247 = LINE('',#2248,#2249);
#2248 = CARTESIAN_POINT('',(30.451,-12.048,14.191));
#2249 = VECTOR('',#2250,1.);
#2250 = DIRECTION('',(0.,0.,1.));
#2251 = ORIENTED_EDGE('',*,*,#2252,.T.);
#2252 = EDGE_CURVE('',#2245,#64,#2253,.T.);
#2253 = LINE('',#2254,#2255);
#2254 = CARTESIAN_POINT('',(30.451,-12.048,27.));
#2255 = VECTOR('',#2256,1.);
#2256 = DIRECTION('',(1.,0.,-0.));
#2257 = PLANE('',#2258);
#2258 = AXIS2_PLACEMENT_3D('',#2259,#2260,#2261);
#2259 = CARTESIAN_POINT('',(30.451,-12.048,14.191));
#2260 = DIRECTION('',(-0.,1.,0.));
#2261 = DIRECTION('',(0.,0.,1.));
#2262 = ADVANCED_FACE('',(#2263),#2288,.F.);
#2263 = FACE_BOUND('',#2264,.F.);
#2264 = EDGE_LOOP('',(#2265,#2266,#2274,#2282));
#2265 = ORIENTED_EDGE('',*,*,#55,.F.);
#2266 = ORIENTED_EDGE('',*,*,#2267,.T.);
#2267 = EDGE_CURVE('',#48,#2268,#2270,.T.);
#2268 = VERTEX_POINT('',#2269);
#2269 = CARTESIAN_POINT('',(30.451,12.048,23.170305000738));
#2270 = LINE('',#2271,#2272);
#2271 = CARTESIAN_POINT('',(135.4970947835,12.048,-67.82095615892));
#2272 = VECTOR('',#2273,1.);
#2273 = DIRECTION('',(-0.755862444725,-0.,0.654730451907));
#2274 = ORIENTED_EDGE('',*,*,#2275,.T.);
#2275 = EDGE_CURVE('',#2268,#2276,#2278,.T.);
#2276 = VERTEX_POINT('',#2277);
#2277 = CARTESIAN_POINT('',(30.451,12.048,27.));
#2278 = LINE('',#2279,#2280);
#2279 = CARTESIAN_POINT('',(30.451,12.048,14.191));
#2280 = VECTOR('',#2281,1.);
#2281 = DIRECTION('',(0.,0.,1.));
#2282 = ORIENTED_EDGE('',*,*,#2283,.T.);
#2283 = EDGE_CURVE('',#2276,#56,#2284,.T.);
#2284 = LINE('',#2285,#2286);
#2285 = CARTESIAN_POINT('',(30.451,12.048,27.));
#2286 = VECTOR('',#2287,1.);
#2287 = DIRECTION('',(1.,0.,-0.));
#2288 = PLANE('',#2289);
#2289 = AXIS2_PLACEMENT_3D('',#2290,#2291,#2292);
#2290 = CARTESIAN_POINT('',(30.451,12.048,14.191));
#2291 = DIRECTION('',(-0.,1.,0.));
#2292 = DIRECTION('',(0.,0.,1.));
#2293 = ADVANCED_FACE('',(#2294,#2305),#2358,.T.);
#2294 = FACE_BOUND('',#2295,.T.);
#2295 = EDGE_LOOP('',(#2296,#2297,#2298,#2304));
#2296 = ORIENTED_EDGE('',*,*,#47,.F.);
#2297 = ORIENTED_EDGE('',*,*,#2267,.T.);
#2298 = ORIENTED_EDGE('',*,*,#2299,.T.);
#2299 = EDGE_CURVE('',#2268,#404,#2300,.T.);
#2300 = LINE('',#2301,#2302);
#2301 = CARTESIAN_POINT('',(30.451,68.224332609878,-5.619268408297));
#2302 = VECTOR('',#2303,1.);
#2303 = DIRECTION('',(-0.,0.889938375606,-0.456080790677));
#2304 = ORIENTED_EDGE('',*,*,#411,.F.);
#2305 = FACE_BOUND('',#2306,.T.);
#2306 = EDGE_LOOP('',(#2307,#2318,#2326,#2335,#2343,#2352));
#2307 = ORIENTED_EDGE('',*,*,#2308,.F.);
#2308 = EDGE_CURVE('',#2309,#2311,#2313,.T.);
#2309 = VERTEX_POINT('',#2310);
#2310 = CARTESIAN_POINT('',(33.855,15.8695,18.263284853179));
#2311 = VERTEX_POINT('',#2312);
#2312 = CARTESIAN_POINT('',(32.23,15.8695,19.670865017765));
#2313 = ELLIPSE('',#2314,1.152762462247,0.8125);
#2314 = AXIS2_PLACEMENT_3D('',#2315,#2316,#2317);
#2315 = CARTESIAN_POINT('',(33.0425,15.8695,18.967074935472));
#2316 = DIRECTION('',(-0.61052480918,-0.361214678257,-0.704828641294));
#2317 = DIRECTION('',(-0.606609750187,-0.358898348514,0.709377604955));
#2318 = ORIENTED_EDGE('',*,*,#2319,.F.);
#2319 = EDGE_CURVE('',#2320,#2309,#2322,.T.);
#2320 = VERTEX_POINT('',#2321);
#2321 = CARTESIAN_POINT('',(33.855,16.9875,17.690325715835));
#2322 = LINE('',#2323,#2324);
#2323 = CARTESIAN_POINT('',(33.855,67.83137226725,-8.366437426802));
#2324 = VECTOR('',#2325,1.);
#2325 = DIRECTION('',(0.,-0.889938375606,0.456080790677));
#2326 = ORIENTED_EDGE('',*,*,#2327,.F.);
#2327 = EDGE_CURVE('',#2328,#2320,#2330,.T.);
#2328 = VERTEX_POINT('',#2329);
#2329 = CARTESIAN_POINT('',(33.854973728591,16.994033785203,17.687));
#2330 = ELLIPSE('',#2331,1.152762462247,0.8125);
#2331 = AXIS2_PLACEMENT_3D('',#2332,#2333,#2334);
#2332 = CARTESIAN_POINT('',(33.0425,16.9875,18.394115798128));
#2333 = DIRECTION('',(-0.61052480918,-0.361214678257,-0.704828641294));
#2334 = DIRECTION('',(-0.606609750187,-0.358898348514,0.709377604955));
#2335 = ORIENTED_EDGE('',*,*,#2336,.T.);
#2336 = EDGE_CURVE('',#2328,#2337,#2339,.T.);
#2337 = VERTEX_POINT('',#2338);
#2338 = CARTESIAN_POINT('',(33.439377496086,17.69647426124,17.687));
#2339 = LINE('',#2340,#2341);
#2340 = CARTESIAN_POINT('',(50.981563817083,-11.95331740257,17.687));
#2341 = VECTOR('',#2342,1.);
#2342 = DIRECTION('',(-0.509199438682,0.860648552922,0.));
#2343 = ORIENTED_EDGE('',*,*,#2344,.F.);
#2344 = EDGE_CURVE('',#2345,#2337,#2347,.T.);
#2345 = VERTEX_POINT('',#2346);
#2346 = CARTESIAN_POINT('',(32.23,16.9875,19.097905880421));
#2347 = ELLIPSE('',#2348,1.152762462247,0.8125);
#2348 = AXIS2_PLACEMENT_3D('',#2349,#2350,#2351);
#2349 = CARTESIAN_POINT('',(33.0425,16.9875,18.394115798128));
#2350 = DIRECTION('',(-0.61052480918,-0.361214678257,-0.704828641294));
#2351 = DIRECTION('',(-0.606609750187,-0.358898348514,0.709377604955));
#2352 = ORIENTED_EDGE('',*,*,#2353,.T.);
#2353 = EDGE_CURVE('',#2345,#2311,#2354,.T.);
#2354 = LINE('',#2355,#2356);
#2355 = CARTESIAN_POINT('',(32.23,68.402686250441,-7.251647572558));
#2356 = VECTOR('',#2357,1.);
#2357 = DIRECTION('',(0.,-0.889938375606,0.456080790677));
#2358 = PLANE('',#2359);
#2359 = AXIS2_PLACEMENT_3D('',#2360,#2361,#2362);
#2360 = CARTESIAN_POINT('',(225.96198034363,52.018783456378,
    -166.6663869462));
#2361 = DIRECTION('',(-0.61052480918,-0.361214678257,-0.704828641294));
#2362 = DIRECTION('',(-0.262793735333,-0.747127104344,0.61052480918));
#2363 = ADVANCED_FACE('',(#2364),#2370,.T.);
#2364 = FACE_BOUND('',#2365,.T.);
#2365 = EDGE_LOOP('',(#2366,#2367,#2368,#2369));
#2366 = ORIENTED_EDGE('',*,*,#435,.F.);
#2367 = ORIENTED_EDGE('',*,*,#489,.T.);
#2368 = ORIENTED_EDGE('',*,*,#31,.T.);
#2369 = ORIENTED_EDGE('',*,*,#363,.F.);
#2370 = PLANE('',#2371);
#2371 = AXIS2_PLACEMENT_3D('',#2372,#2373,#2374);
#2372 = CARTESIAN_POINT('',(-35.63,-20.8,1.6));
#2373 = DIRECTION('',(0.,0.,1.));
#2374 = DIRECTION('',(1.,0.,-0.));
#2375 = ADVANCED_FACE('',(#2376),#2387,.T.);
#2376 = FACE_BOUND('',#2377,.T.);
#2377 = EDGE_LOOP('',(#2378,#2379,#2385,#2386));
#2378 = ORIENTED_EDGE('',*,*,#87,.T.);
#2379 = ORIENTED_EDGE('',*,*,#2380,.T.);
#2380 = EDGE_CURVE('',#88,#1436,#2381,.T.);
#2381 = LINE('',#2382,#2383);
#2382 = CARTESIAN_POINT('',(34.63,10.80799588,11.1795));
#2383 = VECTOR('',#2384,1.);
#2384 = DIRECTION('',(0.928207587462,-0.372062729358,-0.));
#2385 = ORIENTED_EDGE('',*,*,#1435,.F.);
#2386 = ORIENTED_EDGE('',*,*,#2380,.F.);
#2387 = SURFACE_OF_LINEAR_EXTRUSION('',#2388,#2393);
#2388 = ELLIPSE('',#2389,1.20895,1.0565);
#2389 = AXIS2_PLACEMENT_3D('',#2390,#2391,#2392);
#2390 = CARTESIAN_POINT('',(34.63,9.59904588,11.1795));
#2391 = DIRECTION('',(1.,0.,0.));
#2392 = DIRECTION('',(-0.,1.,0.));
#2393 = VECTOR('',#2394,1.);
#2394 = DIRECTION('',(-0.928207587462,0.372062729358,0.));
#2395 = ADVANCED_FACE('',(#2396),#2407,.T.);
#2396 = FACE_BOUND('',#2397,.T.);
#2397 = EDGE_LOOP('',(#2398,#2399,#2405,#2406));
#2398 = ORIENTED_EDGE('',*,*,#227,.T.);
#2399 = ORIENTED_EDGE('',*,*,#2400,.T.);
#2400 = EDGE_CURVE('',#228,#1295,#2401,.T.);
#2401 = LINE('',#2402,#2403);
#2402 = CARTESIAN_POINT('',(34.63,-8.78393581,11.179));
#2403 = VECTOR('',#2404,1.);
#2404 = DIRECTION('',(0.928210793017,0.372054732165,0.));
#2405 = ORIENTED_EDGE('',*,*,#1294,.F.);
#2406 = ORIENTED_EDGE('',*,*,#2400,.F.);
#2407 = SURFACE_OF_LINEAR_EXTRUSION('',#2408,#2413);
#2408 = ELLIPSE('',#2409,1.2091,1.057);
#2409 = AXIS2_PLACEMENT_3D('',#2410,#2411,#2412);
#2410 = CARTESIAN_POINT('',(34.63,-9.99303581,11.179));
#2411 = DIRECTION('',(1.,0.,0.));
#2412 = DIRECTION('',(-0.,1.,0.));
#2413 = VECTOR('',#2414,1.);
#2414 = DIRECTION('',(-0.928210793017,-0.372054732165,-0.));
#2415 = ADVANCED_FACE('',(#2416),#2427,.F.);
#2416 = FACE_BOUND('',#2417,.F.);
#2417 = EDGE_LOOP('',(#2418,#2419,#2420,#2421));
#2418 = ORIENTED_EDGE('',*,*,#2275,.F.);
#2419 = ORIENTED_EDGE('',*,*,#2299,.T.);
#2420 = ORIENTED_EDGE('',*,*,#403,.F.);
#2421 = ORIENTED_EDGE('',*,*,#2422,.F.);
#2422 = EDGE_CURVE('',#2276,#396,#2423,.T.);
#2423 = LINE('',#2424,#2425);
#2424 = CARTESIAN_POINT('',(30.451,12.048,27.));
#2425 = VECTOR('',#2426,1.);
#2426 = DIRECTION('',(-0.,1.,0.));
#2427 = PLANE('',#2428);
#2428 = AXIS2_PLACEMENT_3D('',#2429,#2430,#2431);
#2429 = CARTESIAN_POINT('',(30.451,12.048,14.191));
#2430 = DIRECTION('',(1.,0.,-0.));
#2431 = DIRECTION('',(0.,0.,1.));
#2432 = ADVANCED_FACE('',(#2433),#2458,.T.);
#2433 = FACE_BOUND('',#2434,.T.);
#2434 = EDGE_LOOP('',(#2435,#2445,#2451,#2452));
#2435 = ORIENTED_EDGE('',*,*,#2436,.F.);
#2436 = EDGE_CURVE('',#2437,#2439,#2441,.T.);
#2437 = VERTEX_POINT('',#2438);
#2438 = CARTESIAN_POINT('',(-30.451,12.048,23.170305000738));
#2439 = VERTEX_POINT('',#2440);
#2440 = CARTESIAN_POINT('',(-30.451,12.048,27.));
#2441 = LINE('',#2442,#2443);
#2442 = CARTESIAN_POINT('',(-30.451,12.048,14.191));
#2443 = VECTOR('',#2444,1.);
#2444 = DIRECTION('',(0.,0.,1.));
#2445 = ORIENTED_EDGE('',*,*,#2446,.T.);
#2446 = EDGE_CURVE('',#2437,#380,#2447,.T.);
#2447 = LINE('',#2448,#2449);
#2448 = CARTESIAN_POINT('',(-30.451,-99.67957880552,80.429103900506));
#2449 = VECTOR('',#2450,1.);
#2450 = DIRECTION('',(-0.,0.889938375606,-0.456080790677));
#2451 = ORIENTED_EDGE('',*,*,#387,.F.);
#2452 = ORIENTED_EDGE('',*,*,#2453,.F.);
#2453 = EDGE_CURVE('',#2439,#388,#2454,.T.);
#2454 = LINE('',#2455,#2456);
#2455 = CARTESIAN_POINT('',(-30.451,12.048,27.));
#2456 = VECTOR('',#2457,1.);
#2457 = DIRECTION('',(-0.,1.,0.));
#2458 = PLANE('',#2459);
#2459 = AXIS2_PLACEMENT_3D('',#2460,#2461,#2462);
#2460 = CARTESIAN_POINT('',(-30.451,12.048,14.191));
#2461 = DIRECTION('',(1.,0.,-0.));
#2462 = DIRECTION('',(0.,0.,1.));
#2463 = ADVANCED_FACE('',(#2464,#2475),#2528,.T.);
#2464 = FACE_BOUND('',#2465,.T.);
#2465 = EDGE_LOOP('',(#2466,#2467,#2473,#2474));
#2466 = ORIENTED_EDGE('',*,*,#2446,.F.);
#2467 = ORIENTED_EDGE('',*,*,#2468,.T.);
#2468 = EDGE_CURVE('',#2437,#443,#2469,.T.);
#2469 = LINE('',#2470,#2471);
#2470 = CARTESIAN_POINT('',(-46.52135000366,12.048,9.250116752668));
#2471 = VECTOR('',#2472,1.);
#2472 = DIRECTION('',(-0.755862444725,0.,-0.654730451907));
#2473 = ORIENTED_EDGE('',*,*,#442,.T.);
#2474 = ORIENTED_EDGE('',*,*,#379,.F.);
#2475 = FACE_BOUND('',#2476,.T.);
#2476 = EDGE_LOOP('',(#2477,#2488,#2496,#2505,#2513,#2522));
#2477 = ORIENTED_EDGE('',*,*,#2478,.F.);
#2478 = EDGE_CURVE('',#2479,#2481,#2483,.T.);
#2479 = VERTEX_POINT('',#2480);
#2480 = CARTESIAN_POINT('',(-32.23,15.8695,19.670865017765));
#2481 = VERTEX_POINT('',#2482);
#2482 = CARTESIAN_POINT('',(-33.855,15.8695,18.263284853179));
#2483 = ELLIPSE('',#2484,1.152762462247,0.8125);
#2484 = AXIS2_PLACEMENT_3D('',#2485,#2486,#2487);
#2485 = CARTESIAN_POINT('',(-33.0425,15.8695,18.967074935472));
#2486 = DIRECTION('',(0.61052480918,-0.361214678257,-0.704828641294));
#2487 = DIRECTION('',(0.606609750187,-0.358898348514,0.709377604955));
#2488 = ORIENTED_EDGE('',*,*,#2489,.F.);
#2489 = EDGE_CURVE('',#2490,#2479,#2492,.T.);
#2490 = VERTEX_POINT('',#2491);
#2491 = CARTESIAN_POINT('',(-32.23,16.9875,19.097905880421));
#2492 = LINE('',#2493,#2494);
#2493 = CARTESIAN_POINT('',(-32.23,-99.50122516496,78.796724736245));
#2494 = VECTOR('',#2495,1.);
#2495 = DIRECTION('',(0.,-0.889938375606,0.456080790677));
#2496 = ORIENTED_EDGE('',*,*,#2497,.F.);
#2497 = EDGE_CURVE('',#2498,#2490,#2500,.T.);
#2498 = VERTEX_POINT('',#2499);
#2499 = CARTESIAN_POINT('',(-33.43937749608,17.69647426124,17.687));
#2500 = ELLIPSE('',#2501,1.152762462247,0.8125);
#2501 = AXIS2_PLACEMENT_3D('',#2502,#2503,#2504);
#2502 = CARTESIAN_POINT('',(-33.0425,16.9875,18.394115798128));
#2503 = DIRECTION('',(0.61052480918,-0.361214678257,-0.704828641294));
#2504 = DIRECTION('',(0.606609750187,-0.358898348514,0.709377604955));
#2505 = ORIENTED_EDGE('',*,*,#2506,.T.);
#2506 = EDGE_CURVE('',#2498,#2507,#2509,.T.);
#2507 = VERTEX_POINT('',#2508);
#2508 = CARTESIAN_POINT('',(-33.85497372859,16.994033785204,17.687));
#2509 = LINE('',#2510,#2511);
#2510 = CARTESIAN_POINT('',(-102.8383774878,-99.60166941258,17.687));
#2511 = VECTOR('',#2512,1.);
#2512 = DIRECTION('',(-0.509199438682,-0.860648552922,0.));
#2513 = ORIENTED_EDGE('',*,*,#2514,.F.);
#2514 = EDGE_CURVE('',#2515,#2507,#2517,.T.);
#2515 = VERTEX_POINT('',#2516);
#2516 = CARTESIAN_POINT('',(-33.855,16.9875,17.690325715835));
#2517 = ELLIPSE('',#2518,1.152762462247,0.8125);
#2518 = AXIS2_PLACEMENT_3D('',#2519,#2520,#2521);
#2519 = CARTESIAN_POINT('',(-33.0425,16.9875,18.394115798128));
#2520 = DIRECTION('',(0.61052480918,-0.361214678257,-0.704828641294));
#2521 = DIRECTION('',(0.606609750187,-0.358898348514,0.709377604955));
#2522 = ORIENTED_EDGE('',*,*,#2523,.T.);
#2523 = EDGE_CURVE('',#2515,#2481,#2524,.T.);
#2524 = LINE('',#2525,#2526);
#2525 = CARTESIAN_POINT('',(-33.855,-100.0725391481,77.681934882001));
#2526 = VECTOR('',#2527,1.);
#2527 = DIRECTION('',(0.,-0.889938375606,0.456080790677));
#2528 = PLANE('',#2529);
#2529 = AXIS2_PLACEMENT_3D('',#2530,#2531,#2532);
#2530 = CARTESIAN_POINT('',(-120.8444862105,-246.8320582813,
    77.543536725637));
#2531 = DIRECTION('',(0.61052480918,-0.361214678257,-0.704828641294));
#2532 = DIRECTION('',(-0.262793735333,0.747127104344,-0.61052480918));
#2533 = ADVANCED_FACE('',(#2534,#2552),#2588,.F.);
#2534 = FACE_BOUND('',#2535,.F.);
#2535 = EDGE_LOOP('',(#2536,#2544,#2545,#2546));
#2536 = ORIENTED_EDGE('',*,*,#2537,.F.);
#2537 = EDGE_CURVE('',#467,#2538,#2540,.T.);
#2538 = VERTEX_POINT('',#2539);
#2539 = CARTESIAN_POINT('',(-30.451,-10.72,24.002));
#2540 = LINE('',#2541,#2542);
#2541 = CARTESIAN_POINT('',(-35.634,-10.72,24.002));
#2542 = VECTOR('',#2543,1.);
#2543 = DIRECTION('',(1.,0.,-0.));
#2544 = ORIENTED_EDGE('',*,*,#474,.T.);
#2545 = ORIENTED_EDGE('',*,*,#496,.T.);
#2546 = ORIENTED_EDGE('',*,*,#2547,.T.);
#2547 = EDGE_CURVE('',#497,#2538,#2548,.T.);
#2548 = LINE('',#2549,#2550);
#2549 = CARTESIAN_POINT('',(-30.451,-20.81,24.002));
#2550 = VECTOR('',#2551,1.);
#2551 = DIRECTION('',(-0.,1.,0.));
#2552 = FACE_BOUND('',#2553,.F.);
#2553 = EDGE_LOOP('',(#2554,#2565,#2573,#2582));
#2554 = ORIENTED_EDGE('',*,*,#2555,.F.);
#2555 = EDGE_CURVE('',#2556,#2558,#2560,.T.);
#2556 = VERTEX_POINT('',#2557);
#2557 = CARTESIAN_POINT('',(-33.855,-16.5315,24.002));
#2558 = VERTEX_POINT('',#2559);
#2559 = CARTESIAN_POINT('',(-32.23,-16.5315,24.002));
#2560 = CIRCLE('',#2561,0.8125);
#2561 = AXIS2_PLACEMENT_3D('',#2562,#2563,#2564);
#2562 = CARTESIAN_POINT('',(-33.0425,-16.5315,24.002));
#2563 = DIRECTION('',(0.,0.,1.));
#2564 = DIRECTION('',(1.,0.,-0.));
#2565 = ORIENTED_EDGE('',*,*,#2566,.T.);
#2566 = EDGE_CURVE('',#2556,#2567,#2569,.T.);
#2567 = VERTEX_POINT('',#2568);
#2568 = CARTESIAN_POINT('',(-33.855,-14.9985,24.002));
#2569 = LINE('',#2570,#2571);
#2570 = CARTESIAN_POINT('',(-33.855,-16.5315,24.002));
#2571 = VECTOR('',#2572,1.);
#2572 = DIRECTION('',(-0.,1.,0.));
#2573 = ORIENTED_EDGE('',*,*,#2574,.F.);
#2574 = EDGE_CURVE('',#2575,#2567,#2577,.T.);
#2575 = VERTEX_POINT('',#2576);
#2576 = CARTESIAN_POINT('',(-32.23,-14.9985,24.002));
#2577 = CIRCLE('',#2578,0.8125);
#2578 = AXIS2_PLACEMENT_3D('',#2579,#2580,#2581);
#2579 = CARTESIAN_POINT('',(-33.0425,-14.9985,24.002));
#2580 = DIRECTION('',(0.,0.,1.));
#2581 = DIRECTION('',(1.,0.,-0.));
#2582 = ORIENTED_EDGE('',*,*,#2583,.F.);
#2583 = EDGE_CURVE('',#2558,#2575,#2584,.T.);
#2584 = LINE('',#2585,#2586);
#2585 = CARTESIAN_POINT('',(-32.23,-16.5315,24.002));
#2586 = VECTOR('',#2587,1.);
#2587 = DIRECTION('',(-0.,1.,0.));
#2588 = PLANE('',#2589);
#2589 = AXIS2_PLACEMENT_3D('',#2590,#2591,#2592);
#2590 = CARTESIAN_POINT('',(-35.634,-20.81,24.002));
#2591 = DIRECTION('',(0.,0.,1.));
#2592 = DIRECTION('',(1.,0.,-0.));
#2593 = ADVANCED_FACE('',(#2594),#2612,.T.);
#2594 = FACE_BOUND('',#2595,.T.);
#2595 = EDGE_LOOP('',(#2596,#2597,#2598,#2606));
#2596 = ORIENTED_EDGE('',*,*,#2537,.F.);
#2597 = ORIENTED_EDGE('',*,*,#466,.T.);
#2598 = ORIENTED_EDGE('',*,*,#2599,.T.);
#2599 = EDGE_CURVE('',#459,#2600,#2602,.T.);
#2600 = VERTEX_POINT('',#2601);
#2601 = CARTESIAN_POINT('',(-30.451,-10.72,27.));
#2602 = LINE('',#2603,#2604);
#2603 = CARTESIAN_POINT('',(-35.634,-10.72,27.));
#2604 = VECTOR('',#2605,1.);
#2605 = DIRECTION('',(1.,0.,-0.));
#2606 = ORIENTED_EDGE('',*,*,#2607,.F.);
#2607 = EDGE_CURVE('',#2538,#2600,#2608,.T.);
#2608 = LINE('',#2609,#2610);
#2609 = CARTESIAN_POINT('',(-30.451,-10.72,24.002));
#2610 = VECTOR('',#2611,1.);
#2611 = DIRECTION('',(0.,0.,1.));
#2612 = PLANE('',#2613);
#2613 = AXIS2_PLACEMENT_3D('',#2614,#2615,#2616);
#2614 = CARTESIAN_POINT('',(-35.634,-10.72,24.002));
#2615 = DIRECTION('',(-0.,1.,0.));
#2616 = DIRECTION('',(0.,0.,1.));
#2617 = ADVANCED_FACE('',(#2618),#2629,.F.);
#2618 = FACE_BOUND('',#2619,.F.);
#2619 = EDGE_LOOP('',(#2620,#2621,#2622,#2623));
#2620 = ORIENTED_EDGE('',*,*,#2436,.F.);
#2621 = ORIENTED_EDGE('',*,*,#2468,.T.);
#2622 = ORIENTED_EDGE('',*,*,#450,.T.);
#2623 = ORIENTED_EDGE('',*,*,#2624,.T.);
#2624 = EDGE_CURVE('',#451,#2439,#2625,.T.);
#2625 = LINE('',#2626,#2627);
#2626 = CARTESIAN_POINT('',(-35.634,12.048,27.));
#2627 = VECTOR('',#2628,1.);
#2628 = DIRECTION('',(1.,0.,-0.));
#2629 = PLANE('',#2630);
#2630 = AXIS2_PLACEMENT_3D('',#2631,#2632,#2633);
#2631 = CARTESIAN_POINT('',(-35.634,12.048,14.191));
#2632 = DIRECTION('',(-0.,1.,0.));
#2633 = DIRECTION('',(0.,0.,1.));
#2634 = ADVANCED_FACE('',(#2635),#2646,.F.);
#2635 = FACE_BOUND('',#2636,.F.);
#2636 = EDGE_LOOP('',(#2637,#2638,#2639,#2640));
#2637 = ORIENTED_EDGE('',*,*,#520,.T.);
#2638 = ORIENTED_EDGE('',*,*,#2166,.T.);
#2639 = ORIENTED_EDGE('',*,*,#2244,.T.);
#2640 = ORIENTED_EDGE('',*,*,#2641,.F.);
#2641 = EDGE_CURVE('',#513,#2245,#2642,.T.);
#2642 = LINE('',#2643,#2644);
#2643 = CARTESIAN_POINT('',(30.451,-20.81,27.));
#2644 = VECTOR('',#2645,1.);
#2645 = DIRECTION('',(-0.,1.,0.));
#2646 = PLANE('',#2647);
#2647 = AXIS2_PLACEMENT_3D('',#2648,#2649,#2650);
#2648 = CARTESIAN_POINT('',(30.451,-20.81,14.191));
#2649 = DIRECTION('',(1.,0.,-0.));
#2650 = DIRECTION('',(0.,0.,1.));
#2651 = ADVANCED_FACE('',(#2652),#2663,.T.);
#2652 = FACE_BOUND('',#2653,.T.);
#2653 = EDGE_LOOP('',(#2654,#2655,#2656,#2657));
#2654 = ORIENTED_EDGE('',*,*,#504,.T.);
#2655 = ORIENTED_EDGE('',*,*,#2547,.T.);
#2656 = ORIENTED_EDGE('',*,*,#2607,.T.);
#2657 = ORIENTED_EDGE('',*,*,#2658,.F.);
#2658 = EDGE_CURVE('',#505,#2600,#2659,.T.);
#2659 = LINE('',#2660,#2661);
#2660 = CARTESIAN_POINT('',(-30.451,-20.81,27.));
#2661 = VECTOR('',#2662,1.);
#2662 = DIRECTION('',(-0.,1.,0.));
#2663 = PLANE('',#2664);
#2664 = AXIS2_PLACEMENT_3D('',#2665,#2666,#2667);
#2665 = CARTESIAN_POINT('',(-30.451,-20.81,24.002));
#2666 = DIRECTION('',(1.,0.,-0.));
#2667 = DIRECTION('',(0.,0.,1.));
#2668 = ADVANCED_FACE('',(#2669),#2696,.T.);
#2669 = FACE_BOUND('',#2670,.T.);
#2670 = EDGE_LOOP('',(#2671,#2680,#2688,#2695));
#2671 = ORIENTED_EDGE('',*,*,#2672,.F.);
#2672 = EDGE_CURVE('',#2673,#539,#2675,.T.);
#2673 = VERTEX_POINT('',#2674);
#2674 = CARTESIAN_POINT('',(-4.155,-20.75023811859,24.89));
#2675 = CIRCLE('',#2676,2.986);
#2676 = AXIS2_PLACEMENT_3D('',#2677,#2678,#2679);
#2677 = CARTESIAN_POINT('',(-4.155,-17.886,24.046));
#2678 = DIRECTION('',(1.,0.,0.));
#2679 = DIRECTION('',(-0.,0.,1.));
#2680 = ORIENTED_EDGE('',*,*,#2681,.F.);
#2681 = EDGE_CURVE('',#2682,#2673,#2684,.T.);
#2682 = VERTEX_POINT('',#2683);
#2683 = CARTESIAN_POINT('',(-6.001,-20.75023811859,24.89));
#2684 = LINE('',#2685,#2686);
#2685 = CARTESIAN_POINT('',(-6.001,-20.75023811859,24.89));
#2686 = VECTOR('',#2687,1.);
#2687 = DIRECTION('',(1.,0.,0.));
#2688 = ORIENTED_EDGE('',*,*,#2689,.T.);
#2689 = EDGE_CURVE('',#2682,#537,#2690,.T.);
#2690 = CIRCLE('',#2691,2.986);
#2691 = AXIS2_PLACEMENT_3D('',#2692,#2693,#2694);
#2692 = CARTESIAN_POINT('',(-6.001,-17.886,24.046));
#2693 = DIRECTION('',(1.,0.,0.));
#2694 = DIRECTION('',(-0.,0.,1.));
#2695 = ORIENTED_EDGE('',*,*,#536,.T.);
#2696 = CYLINDRICAL_SURFACE('',#2697,2.986);
#2697 = AXIS2_PLACEMENT_3D('',#2698,#2699,#2700);
#2698 = CARTESIAN_POINT('',(-6.001,-17.886,24.046));
#2699 = DIRECTION('',(1.,0.,0.));
#2700 = DIRECTION('',(-0.,0.,1.));
#2701 = ADVANCED_FACE('',(#2702),#2755,.T.);
#2702 = FACE_BOUND('',#2703,.T.);
#2703 = EDGE_LOOP('',(#2704,#2715,#2721,#2722,#2723,#2732,#2740,#2749));
#2704 = ORIENTED_EDGE('',*,*,#2705,.T.);
#2705 = EDGE_CURVE('',#2706,#2708,#2710,.T.);
#2706 = VERTEX_POINT('',#2707);
#2707 = CARTESIAN_POINT('',(-4.155,-14.961,24.646475644802));
#2708 = VERTEX_POINT('',#2709);
#2709 = CARTESIAN_POINT('',(-4.155,-15.0217618814,24.89));
#2710 = CIRCLE('',#2711,2.986);
#2711 = AXIS2_PLACEMENT_3D('',#2712,#2713,#2714);
#2712 = CARTESIAN_POINT('',(-4.155,-17.886,24.046));
#2713 = DIRECTION('',(1.,0.,0.));
#2714 = DIRECTION('',(-0.,0.,1.));
#2715 = ORIENTED_EDGE('',*,*,#2716,.T.);
#2716 = EDGE_CURVE('',#2708,#2673,#2717,.T.);
#2717 = LINE('',#2718,#2719);
#2718 = CARTESIAN_POINT('',(-4.155,-19.349,24.89));
#2719 = VECTOR('',#2720,1.);
#2720 = DIRECTION('',(0.,-1.,0.));
#2721 = ORIENTED_EDGE('',*,*,#2672,.T.);
#2722 = ORIENTED_EDGE('',*,*,#562,.T.);
#2723 = ORIENTED_EDGE('',*,*,#2724,.T.);
#2724 = EDGE_CURVE('',#555,#2725,#2727,.T.);
#2725 = VERTEX_POINT('',#2726);
#2726 = CARTESIAN_POINT('',(-4.155,-20.75023811859,23.202));
#2727 = CIRCLE('',#2728,2.986);
#2728 = AXIS2_PLACEMENT_3D('',#2729,#2730,#2731);
#2729 = CARTESIAN_POINT('',(-4.155,-17.886,24.046));
#2730 = DIRECTION('',(1.,0.,0.));
#2731 = DIRECTION('',(-0.,0.,1.));
#2732 = ORIENTED_EDGE('',*,*,#2733,.F.);
#2733 = EDGE_CURVE('',#2734,#2725,#2736,.T.);
#2734 = VERTEX_POINT('',#2735);
#2735 = CARTESIAN_POINT('',(-4.155,-15.0217618814,23.202));
#2736 = LINE('',#2737,#2738);
#2737 = CARTESIAN_POINT('',(-4.155,-19.349,23.202));
#2738 = VECTOR('',#2739,1.);
#2739 = DIRECTION('',(0.,-1.,0.));
#2740 = ORIENTED_EDGE('',*,*,#2741,.T.);
#2741 = EDGE_CURVE('',#2734,#2742,#2744,.T.);
#2742 = VERTEX_POINT('',#2743);
#2743 = CARTESIAN_POINT('',(-4.155,-14.961,23.445524355198));
#2744 = CIRCLE('',#2745,2.986);
#2745 = AXIS2_PLACEMENT_3D('',#2746,#2747,#2748);
#2746 = CARTESIAN_POINT('',(-4.155,-17.886,24.046));
#2747 = DIRECTION('',(1.,0.,0.));
#2748 = DIRECTION('',(-0.,0.,1.));
#2749 = ORIENTED_EDGE('',*,*,#2750,.T.);
#2750 = EDGE_CURVE('',#2742,#2706,#2751,.T.);
#2751 = LINE('',#2752,#2753);
#2752 = CARTESIAN_POINT('',(-4.155,-14.961,23.624));
#2753 = VECTOR('',#2754,1.);
#2754 = DIRECTION('',(0.,-0.,1.));
#2755 = PLANE('',#2756);
#2756 = AXIS2_PLACEMENT_3D('',#2757,#2758,#2759);
#2757 = CARTESIAN_POINT('',(-4.155,-17.886,24.046));
#2758 = DIRECTION('',(1.,0.,0.));
#2759 = DIRECTION('',(-0.,0.,1.));
#2760 = ADVANCED_FACE('',(#2761),#2780,.T.);
#2761 = FACE_BOUND('',#2762,.T.);
#2762 = EDGE_LOOP('',(#2763,#2764,#2765,#2774));
#2763 = ORIENTED_EDGE('',*,*,#2724,.F.);
#2764 = ORIENTED_EDGE('',*,*,#554,.F.);
#2765 = ORIENTED_EDGE('',*,*,#2766,.T.);
#2766 = EDGE_CURVE('',#547,#2767,#2769,.T.);
#2767 = VERTEX_POINT('',#2768);
#2768 = CARTESIAN_POINT('',(-6.001,-20.75023811859,23.202));
#2769 = CIRCLE('',#2770,2.986);
#2770 = AXIS2_PLACEMENT_3D('',#2771,#2772,#2773);
#2771 = CARTESIAN_POINT('',(-6.001,-17.886,24.046));
#2772 = DIRECTION('',(1.,0.,0.));
#2773 = DIRECTION('',(-0.,0.,1.));
#2774 = ORIENTED_EDGE('',*,*,#2775,.T.);
#2775 = EDGE_CURVE('',#2767,#2725,#2776,.T.);
#2776 = LINE('',#2777,#2778);
#2777 = CARTESIAN_POINT('',(-6.001,-20.75023811859,23.202));
#2778 = VECTOR('',#2779,1.);
#2779 = DIRECTION('',(1.,0.,0.));
#2780 = CYLINDRICAL_SURFACE('',#2781,2.986);
#2781 = AXIS2_PLACEMENT_3D('',#2782,#2783,#2784);
#2782 = CARTESIAN_POINT('',(-6.001,-17.886,24.046));
#2783 = DIRECTION('',(1.,0.,0.));
#2784 = DIRECTION('',(-0.,0.,1.));
#2785 = ADVANCED_FACE('',(#2786),#2831,.F.);
#2786 = FACE_BOUND('',#2787,.F.);
#2787 = EDGE_LOOP('',(#2788,#2799,#2805,#2806,#2807,#2808,#2816,#2825));
#2788 = ORIENTED_EDGE('',*,*,#2789,.T.);
#2789 = EDGE_CURVE('',#2790,#2792,#2794,.T.);
#2790 = VERTEX_POINT('',#2791);
#2791 = CARTESIAN_POINT('',(-6.001,-14.961,24.646475644802));
#2792 = VERTEX_POINT('',#2793);
#2793 = CARTESIAN_POINT('',(-6.001,-15.0217618814,24.89));
#2794 = CIRCLE('',#2795,2.986);
#2795 = AXIS2_PLACEMENT_3D('',#2796,#2797,#2798);
#2796 = CARTESIAN_POINT('',(-6.001,-17.886,24.046));
#2797 = DIRECTION('',(1.,0.,0.));
#2798 = DIRECTION('',(-0.,0.,1.));
#2799 = ORIENTED_EDGE('',*,*,#2800,.T.);
#2800 = EDGE_CURVE('',#2792,#2682,#2801,.T.);
#2801 = LINE('',#2802,#2803);
#2802 = CARTESIAN_POINT('',(-6.001,-19.349,24.89));
#2803 = VECTOR('',#2804,1.);
#2804 = DIRECTION('',(0.,-1.,0.));
#2805 = ORIENTED_EDGE('',*,*,#2689,.T.);
#2806 = ORIENTED_EDGE('',*,*,#546,.T.);
#2807 = ORIENTED_EDGE('',*,*,#2766,.T.);
#2808 = ORIENTED_EDGE('',*,*,#2809,.F.);
#2809 = EDGE_CURVE('',#2810,#2767,#2812,.T.);
#2810 = VERTEX_POINT('',#2811);
#2811 = CARTESIAN_POINT('',(-6.001,-15.0217618814,23.202));
#2812 = LINE('',#2813,#2814);
#2813 = CARTESIAN_POINT('',(-6.001,-19.349,23.202));
#2814 = VECTOR('',#2815,1.);
#2815 = DIRECTION('',(0.,-1.,0.));
#2816 = ORIENTED_EDGE('',*,*,#2817,.T.);
#2817 = EDGE_CURVE('',#2810,#2818,#2820,.T.);
#2818 = VERTEX_POINT('',#2819);
#2819 = CARTESIAN_POINT('',(-6.001,-14.961,23.445524355198));
#2820 = CIRCLE('',#2821,2.986);
#2821 = AXIS2_PLACEMENT_3D('',#2822,#2823,#2824);
#2822 = CARTESIAN_POINT('',(-6.001,-17.886,24.046));
#2823 = DIRECTION('',(1.,0.,0.));
#2824 = DIRECTION('',(-0.,0.,1.));
#2825 = ORIENTED_EDGE('',*,*,#2826,.T.);
#2826 = EDGE_CURVE('',#2818,#2790,#2827,.T.);
#2827 = LINE('',#2828,#2829);
#2828 = CARTESIAN_POINT('',(-6.001,-14.961,23.624));
#2829 = VECTOR('',#2830,1.);
#2830 = DIRECTION('',(0.,-0.,1.));
#2831 = PLANE('',#2832);
#2832 = AXIS2_PLACEMENT_3D('',#2833,#2834,#2835);
#2833 = CARTESIAN_POINT('',(-6.001,-17.886,24.046));
#2834 = DIRECTION('',(1.,0.,0.));
#2835 = DIRECTION('',(-0.,0.,1.));
#2836 = ADVANCED_FACE('',(#2837),#2864,.T.);
#2837 = FACE_BOUND('',#2838,.T.);
#2838 = EDGE_LOOP('',(#2839,#2848,#2856,#2863));
#2839 = ORIENTED_EDGE('',*,*,#2840,.F.);
#2840 = EDGE_CURVE('',#2841,#607,#2843,.T.);
#2841 = VERTEX_POINT('',#2842);
#2842 = CARTESIAN_POINT('',(9.694,-20.75023811859,24.89));
#2843 = CIRCLE('',#2844,2.986);
#2844 = AXIS2_PLACEMENT_3D('',#2845,#2846,#2847);
#2845 = CARTESIAN_POINT('',(9.694,-17.886,24.046));
#2846 = DIRECTION('',(1.,0.,0.));
#2847 = DIRECTION('',(-0.,0.,1.));
#2848 = ORIENTED_EDGE('',*,*,#2849,.F.);
#2849 = EDGE_CURVE('',#2850,#2841,#2852,.T.);
#2850 = VERTEX_POINT('',#2851);
#2851 = CARTESIAN_POINT('',(7.848,-20.75023811859,24.89));
#2852 = LINE('',#2853,#2854);
#2853 = CARTESIAN_POINT('',(7.848,-20.75023811859,24.89));
#2854 = VECTOR('',#2855,1.);
#2855 = DIRECTION('',(1.,0.,0.));
#2856 = ORIENTED_EDGE('',*,*,#2857,.T.);
#2857 = EDGE_CURVE('',#2850,#605,#2858,.T.);
#2858 = CIRCLE('',#2859,2.986);
#2859 = AXIS2_PLACEMENT_3D('',#2860,#2861,#2862);
#2860 = CARTESIAN_POINT('',(7.848,-17.886,24.046));
#2861 = DIRECTION('',(1.,0.,0.));
#2862 = DIRECTION('',(-0.,0.,1.));
#2863 = ORIENTED_EDGE('',*,*,#604,.T.);
#2864 = CYLINDRICAL_SURFACE('',#2865,2.986);
#2865 = AXIS2_PLACEMENT_3D('',#2866,#2867,#2868);
#2866 = CARTESIAN_POINT('',(7.848,-17.886,24.046));
#2867 = DIRECTION('',(1.,0.,0.));
#2868 = DIRECTION('',(-0.,0.,1.));
#2869 = ADVANCED_FACE('',(#2870),#2923,.F.);
#2870 = FACE_BOUND('',#2871,.F.);
#2871 = EDGE_LOOP('',(#2872,#2883,#2889,#2890,#2891,#2900,#2908,#2917));
#2872 = ORIENTED_EDGE('',*,*,#2873,.T.);
#2873 = EDGE_CURVE('',#2874,#2876,#2878,.T.);
#2874 = VERTEX_POINT('',#2875);
#2875 = CARTESIAN_POINT('',(7.848,-14.961,24.646475644802));
#2876 = VERTEX_POINT('',#2877);
#2877 = CARTESIAN_POINT('',(7.848,-15.0217618814,24.89));
#2878 = CIRCLE('',#2879,2.986);
#2879 = AXIS2_PLACEMENT_3D('',#2880,#2881,#2882);
#2880 = CARTESIAN_POINT('',(7.848,-17.886,24.046));
#2881 = DIRECTION('',(1.,0.,0.));
#2882 = DIRECTION('',(-0.,0.,1.));
#2883 = ORIENTED_EDGE('',*,*,#2884,.T.);
#2884 = EDGE_CURVE('',#2876,#2850,#2885,.T.);
#2885 = LINE('',#2886,#2887);
#2886 = CARTESIAN_POINT('',(7.848,-19.349,24.89));
#2887 = VECTOR('',#2888,1.);
#2888 = DIRECTION('',(0.,-1.,0.));
#2889 = ORIENTED_EDGE('',*,*,#2857,.T.);
#2890 = ORIENTED_EDGE('',*,*,#614,.T.);
#2891 = ORIENTED_EDGE('',*,*,#2892,.T.);
#2892 = EDGE_CURVE('',#615,#2893,#2895,.T.);
#2893 = VERTEX_POINT('',#2894);
#2894 = CARTESIAN_POINT('',(7.848,-20.75023811859,23.202));
#2895 = CIRCLE('',#2896,2.986);
#2896 = AXIS2_PLACEMENT_3D('',#2897,#2898,#2899);
#2897 = CARTESIAN_POINT('',(7.848,-17.886,24.046));
#2898 = DIRECTION('',(1.,0.,0.));
#2899 = DIRECTION('',(-0.,0.,1.));
#2900 = ORIENTED_EDGE('',*,*,#2901,.F.);
#2901 = EDGE_CURVE('',#2902,#2893,#2904,.T.);
#2902 = VERTEX_POINT('',#2903);
#2903 = CARTESIAN_POINT('',(7.848,-15.0217618814,23.202));
#2904 = LINE('',#2905,#2906);
#2905 = CARTESIAN_POINT('',(7.848,-19.349,23.202));
#2906 = VECTOR('',#2907,1.);
#2907 = DIRECTION('',(0.,-1.,0.));
#2908 = ORIENTED_EDGE('',*,*,#2909,.T.);
#2909 = EDGE_CURVE('',#2902,#2910,#2912,.T.);
#2910 = VERTEX_POINT('',#2911);
#2911 = CARTESIAN_POINT('',(7.848,-14.961,23.445524355198));
#2912 = CIRCLE('',#2913,2.986);
#2913 = AXIS2_PLACEMENT_3D('',#2914,#2915,#2916);
#2914 = CARTESIAN_POINT('',(7.848,-17.886,24.046));
#2915 = DIRECTION('',(1.,0.,0.));
#2916 = DIRECTION('',(-0.,0.,1.));
#2917 = ORIENTED_EDGE('',*,*,#2918,.T.);
#2918 = EDGE_CURVE('',#2910,#2874,#2919,.T.);
#2919 = LINE('',#2920,#2921);
#2920 = CARTESIAN_POINT('',(7.848,-14.961,23.624));
#2921 = VECTOR('',#2922,1.);
#2922 = DIRECTION('',(0.,-0.,1.));
#2923 = PLANE('',#2924);
#2924 = AXIS2_PLACEMENT_3D('',#2925,#2926,#2927);
#2925 = CARTESIAN_POINT('',(7.848,-17.886,24.046));
#2926 = DIRECTION('',(1.,0.,0.));
#2927 = DIRECTION('',(-0.,0.,1.));
#2928 = ADVANCED_FACE('',(#2929),#2982,.T.);
#2929 = FACE_BOUND('',#2930,.T.);
#2930 = EDGE_LOOP('',(#2931,#2942,#2948,#2949,#2950,#2959,#2967,#2976));
#2931 = ORIENTED_EDGE('',*,*,#2932,.T.);
#2932 = EDGE_CURVE('',#2933,#2935,#2937,.T.);
#2933 = VERTEX_POINT('',#2934);
#2934 = CARTESIAN_POINT('',(9.694,-14.961,24.646475644802));
#2935 = VERTEX_POINT('',#2936);
#2936 = CARTESIAN_POINT('',(9.694,-15.0217618814,24.89));
#2937 = CIRCLE('',#2938,2.986);
#2938 = AXIS2_PLACEMENT_3D('',#2939,#2940,#2941);
#2939 = CARTESIAN_POINT('',(9.694,-17.886,24.046));
#2940 = DIRECTION('',(1.,0.,0.));
#2941 = DIRECTION('',(-0.,0.,1.));
#2942 = ORIENTED_EDGE('',*,*,#2943,.T.);
#2943 = EDGE_CURVE('',#2935,#2841,#2944,.T.);
#2944 = LINE('',#2945,#2946);
#2945 = CARTESIAN_POINT('',(9.694,-19.349,24.89));
#2946 = VECTOR('',#2947,1.);
#2947 = DIRECTION('',(0.,-1.,0.));
#2948 = ORIENTED_EDGE('',*,*,#2840,.T.);
#2949 = ORIENTED_EDGE('',*,*,#630,.T.);
#2950 = ORIENTED_EDGE('',*,*,#2951,.T.);
#2951 = EDGE_CURVE('',#623,#2952,#2954,.T.);
#2952 = VERTEX_POINT('',#2953);
#2953 = CARTESIAN_POINT('',(9.694,-20.75023811859,23.202));
#2954 = CIRCLE('',#2955,2.986);
#2955 = AXIS2_PLACEMENT_3D('',#2956,#2957,#2958);
#2956 = CARTESIAN_POINT('',(9.694,-17.886,24.046));
#2957 = DIRECTION('',(1.,0.,0.));
#2958 = DIRECTION('',(-0.,0.,1.));
#2959 = ORIENTED_EDGE('',*,*,#2960,.F.);
#2960 = EDGE_CURVE('',#2961,#2952,#2963,.T.);
#2961 = VERTEX_POINT('',#2962);
#2962 = CARTESIAN_POINT('',(9.694,-15.0217618814,23.202));
#2963 = LINE('',#2964,#2965);
#2964 = CARTESIAN_POINT('',(9.694,-19.349,23.202));
#2965 = VECTOR('',#2966,1.);
#2966 = DIRECTION('',(0.,-1.,0.));
#2967 = ORIENTED_EDGE('',*,*,#2968,.T.);
#2968 = EDGE_CURVE('',#2961,#2969,#2971,.T.);
#2969 = VERTEX_POINT('',#2970);
#2970 = CARTESIAN_POINT('',(9.694,-14.961,23.445524355198));
#2971 = CIRCLE('',#2972,2.986);
#2972 = AXIS2_PLACEMENT_3D('',#2973,#2974,#2975);
#2973 = CARTESIAN_POINT('',(9.694,-17.886,24.046));
#2974 = DIRECTION('',(1.,0.,0.));
#2975 = DIRECTION('',(-0.,0.,1.));
#2976 = ORIENTED_EDGE('',*,*,#2977,.T.);
#2977 = EDGE_CURVE('',#2969,#2933,#2978,.T.);
#2978 = LINE('',#2979,#2980);
#2979 = CARTESIAN_POINT('',(9.694,-14.961,23.624));
#2980 = VECTOR('',#2981,1.);
#2981 = DIRECTION('',(0.,-0.,1.));
#2982 = PLANE('',#2983);
#2983 = AXIS2_PLACEMENT_3D('',#2984,#2985,#2986);
#2984 = CARTESIAN_POINT('',(9.694,-17.886,24.046));
#2985 = DIRECTION('',(1.,0.,0.));
#2986 = DIRECTION('',(-0.,0.,1.));
#2987 = ADVANCED_FACE('',(#2988),#2999,.T.);
#2988 = FACE_BOUND('',#2989,.T.);
#2989 = EDGE_LOOP('',(#2990,#2991,#2992,#2993));
#2990 = ORIENTED_EDGE('',*,*,#2951,.F.);
#2991 = ORIENTED_EDGE('',*,*,#622,.F.);
#2992 = ORIENTED_EDGE('',*,*,#2892,.T.);
#2993 = ORIENTED_EDGE('',*,*,#2994,.T.);
#2994 = EDGE_CURVE('',#2893,#2952,#2995,.T.);
#2995 = LINE('',#2996,#2997);
#2996 = CARTESIAN_POINT('',(7.848,-20.75023811859,23.202));
#2997 = VECTOR('',#2998,1.);
#2998 = DIRECTION('',(1.,0.,0.));
#2999 = CYLINDRICAL_SURFACE('',#3000,2.986);
#3000 = AXIS2_PLACEMENT_3D('',#3001,#3002,#3003);
#3001 = CARTESIAN_POINT('',(7.848,-17.886,24.046));
#3002 = DIRECTION('',(1.,0.,0.));
#3003 = DIRECTION('',(-0.,0.,1.));
#3004 = ADVANCED_FACE('',(#3005),#3031,.T.);
#3005 = FACE_BOUND('',#3006,.T.);
#3006 = EDGE_LOOP('',(#3007,#3008,#3016,#3025));
#3007 = ORIENTED_EDGE('',*,*,#1131,.F.);
#3008 = ORIENTED_EDGE('',*,*,#3009,.F.);
#3009 = EDGE_CURVE('',#3010,#1132,#3012,.T.);
#3010 = VERTEX_POINT('',#3011);
#3011 = CARTESIAN_POINT('',(-36.93,-12.88915,23.7264));
#3012 = LINE('',#3013,#3014);
#3013 = CARTESIAN_POINT('',(-36.93,-12.88915,23.7264));
#3014 = VECTOR('',#3015,1.);
#3015 = DIRECTION('',(1.,0.,0.));
#3016 = ORIENTED_EDGE('',*,*,#3017,.T.);
#3017 = EDGE_CURVE('',#3010,#3018,#3020,.T.);
#3018 = VERTEX_POINT('',#3019);
#3019 = CARTESIAN_POINT('',(-36.93,-12.88915,20.7214));
#3020 = CIRCLE('',#3021,1.5025);
#3021 = AXIS2_PLACEMENT_3D('',#3022,#3023,#3024);
#3022 = CARTESIAN_POINT('',(-36.93,-12.88915,22.2239));
#3023 = DIRECTION('',(1.,0.,0.));
#3024 = DIRECTION('',(-0.,0.,1.));
#3025 = ORIENTED_EDGE('',*,*,#3026,.T.);
#3026 = EDGE_CURVE('',#3018,#1134,#3027,.T.);
#3027 = LINE('',#3028,#3029);
#3028 = CARTESIAN_POINT('',(-36.93,-12.88915,20.7214));
#3029 = VECTOR('',#3030,1.);
#3030 = DIRECTION('',(1.,0.,-0.));
#3031 = CYLINDRICAL_SURFACE('',#3032,1.5025);
#3032 = AXIS2_PLACEMENT_3D('',#3033,#3034,#3035);
#3033 = CARTESIAN_POINT('',(-36.93,-12.88915,22.2239));
#3034 = DIRECTION('',(1.,0.,0.));
#3035 = DIRECTION('',(-0.,0.,1.));
#3036 = ADVANCED_FACE('',(#3037),#3055,.F.);
#3037 = FACE_BOUND('',#3038,.F.);
#3038 = EDGE_LOOP('',(#3039,#3047,#3048,#3049));
#3039 = ORIENTED_EDGE('',*,*,#3040,.F.);
#3040 = EDGE_CURVE('',#3018,#3041,#3043,.T.);
#3041 = VERTEX_POINT('',#3042);
#3042 = CARTESIAN_POINT('',(-36.93,-6.43405,20.7214));
#3043 = LINE('',#3044,#3045);
#3044 = CARTESIAN_POINT('',(-36.93,-12.88915,20.7214));
#3045 = VECTOR('',#3046,1.);
#3046 = DIRECTION('',(-0.,1.,0.));
#3047 = ORIENTED_EDGE('',*,*,#3026,.T.);
#3048 = ORIENTED_EDGE('',*,*,#1159,.T.);
#3049 = ORIENTED_EDGE('',*,*,#3050,.F.);
#3050 = EDGE_CURVE('',#3041,#1151,#3051,.T.);
#3051 = LINE('',#3052,#3053);
#3052 = CARTESIAN_POINT('',(-36.93,-6.43405,20.7214));
#3053 = VECTOR('',#3054,1.);
#3054 = DIRECTION('',(1.,0.,-0.));
#3055 = PLANE('',#3056);
#3056 = AXIS2_PLACEMENT_3D('',#3057,#3058,#3059);
#3057 = CARTESIAN_POINT('',(-36.93,-12.88915,20.7214));
#3058 = DIRECTION('',(0.,0.,1.));
#3059 = DIRECTION('',(1.,0.,-0.));
#3060 = ADVANCED_FACE('',(#3061),#3080,.T.);
#3061 = FACE_BOUND('',#3062,.T.);
#3062 = EDGE_LOOP('',(#3063,#3071,#3072,#3073));
#3063 = ORIENTED_EDGE('',*,*,#3064,.T.);
#3064 = EDGE_CURVE('',#3065,#1143,#3067,.T.);
#3065 = VERTEX_POINT('',#3066);
#3066 = CARTESIAN_POINT('',(-36.93,-6.43405,23.7264));
#3067 = LINE('',#3068,#3069);
#3068 = CARTESIAN_POINT('',(-36.93,-6.43405,23.7264));
#3069 = VECTOR('',#3070,1.);
#3070 = DIRECTION('',(1.,0.,0.));
#3071 = ORIENTED_EDGE('',*,*,#1150,.F.);
#3072 = ORIENTED_EDGE('',*,*,#3050,.F.);
#3073 = ORIENTED_EDGE('',*,*,#3074,.T.);
#3074 = EDGE_CURVE('',#3041,#3065,#3075,.T.);
#3075 = CIRCLE('',#3076,1.5025);
#3076 = AXIS2_PLACEMENT_3D('',#3077,#3078,#3079);
#3077 = CARTESIAN_POINT('',(-36.93,-6.43405,22.2239));
#3078 = DIRECTION('',(1.,0.,0.));
#3079 = DIRECTION('',(-0.,0.,1.));
#3080 = CYLINDRICAL_SURFACE('',#3081,1.5025);
#3081 = AXIS2_PLACEMENT_3D('',#3082,#3083,#3084);
#3082 = CARTESIAN_POINT('',(-36.93,-6.43405,22.2239));
#3083 = DIRECTION('',(1.,0.,0.));
#3084 = DIRECTION('',(-0.,0.,1.));
#3085 = ADVANCED_FACE('',(#3086),#3097,.T.);
#3086 = FACE_BOUND('',#3087,.T.);
#3087 = EDGE_LOOP('',(#3088,#3094,#3095,#3096));
#3088 = ORIENTED_EDGE('',*,*,#3089,.F.);
#3089 = EDGE_CURVE('',#3010,#3065,#3090,.T.);
#3090 = LINE('',#3091,#3092);
#3091 = CARTESIAN_POINT('',(-36.93,-12.88915,23.7264));
#3092 = VECTOR('',#3093,1.);
#3093 = DIRECTION('',(-0.,1.,0.));
#3094 = ORIENTED_EDGE('',*,*,#3009,.T.);
#3095 = ORIENTED_EDGE('',*,*,#1142,.T.);
#3096 = ORIENTED_EDGE('',*,*,#3064,.F.);
#3097 = PLANE('',#3098);
#3098 = AXIS2_PLACEMENT_3D('',#3099,#3100,#3101);
#3099 = CARTESIAN_POINT('',(-36.93,-12.88915,23.7264));
#3100 = DIRECTION('',(0.,0.,1.));
#3101 = DIRECTION('',(1.,0.,-0.));
#3102 = ADVANCED_FACE('',(#3103),#3137,.F.);
#3103 = FACE_BOUND('',#3104,.F.);
#3104 = EDGE_LOOP('',(#3105,#3106,#3113,#3114,#3122,#3131));
#3105 = ORIENTED_EDGE('',*,*,#2219,.F.);
#3106 = ORIENTED_EDGE('',*,*,#3107,.T.);
#3107 = EDGE_CURVE('',#2220,#2186,#3108,.T.);
#3108 = CIRCLE('',#3109,0.8125);
#3109 = AXIS2_PLACEMENT_3D('',#3110,#3111,#3112);
#3110 = CARTESIAN_POINT('',(33.0425,-16.9875,17.687));
#3111 = DIRECTION('',(0.,0.,1.));
#3112 = DIRECTION('',(1.,0.,-0.));
#3113 = ORIENTED_EDGE('',*,*,#2183,.F.);
#3114 = ORIENTED_EDGE('',*,*,#3115,.T.);
#3115 = EDGE_CURVE('',#2184,#3116,#3118,.T.);
#3116 = VERTEX_POINT('',#3117);
#3117 = CARTESIAN_POINT('',(33.855,-16.9875,27.));
#3118 = LINE('',#3119,#3120);
#3119 = CARTESIAN_POINT('',(33.855,-16.9875,17.687));
#3120 = VECTOR('',#3121,1.);
#3121 = DIRECTION('',(0.,0.,1.));
#3122 = ORIENTED_EDGE('',*,*,#3123,.F.);
#3123 = EDGE_CURVE('',#3124,#3116,#3126,.T.);
#3124 = VERTEX_POINT('',#3125);
#3125 = CARTESIAN_POINT('',(32.23,-16.9875,27.));
#3126 = CIRCLE('',#3127,0.8125);
#3127 = AXIS2_PLACEMENT_3D('',#3128,#3129,#3130);
#3128 = CARTESIAN_POINT('',(33.0425,-16.9875,27.));
#3129 = DIRECTION('',(0.,0.,1.));
#3130 = DIRECTION('',(1.,0.,-0.));
#3131 = ORIENTED_EDGE('',*,*,#3132,.F.);
#3132 = EDGE_CURVE('',#2212,#3124,#3133,.T.);
#3133 = LINE('',#3134,#3135);
#3134 = CARTESIAN_POINT('',(32.23,-16.9875,17.687));
#3135 = VECTOR('',#3136,1.);
#3136 = DIRECTION('',(0.,0.,1.));
#3137 = CYLINDRICAL_SURFACE('',#3138,0.8125);
#3138 = AXIS2_PLACEMENT_3D('',#3139,#3140,#3141);
#3139 = CARTESIAN_POINT('',(33.0425,-16.9875,17.687));
#3140 = DIRECTION('',(0.,0.,1.));
#3141 = DIRECTION('',(1.,0.,-0.));
#3142 = ADVANCED_FACE('',(#3143),#3147,.T.);
#3143 = FACE_BOUND('',#3144,.T.);
#3144 = EDGE_LOOP('',(#3145,#3146));
#3145 = ORIENTED_EDGE('',*,*,#2228,.F.);
#3146 = ORIENTED_EDGE('',*,*,#3107,.T.);
#3147 = PLANE('',#3148);
#3148 = AXIS2_PLACEMENT_3D('',#3149,#3150,#3151);
#3149 = CARTESIAN_POINT('',(33.0425,-16.9875,17.687));
#3150 = DIRECTION('',(0.,0.,1.));
#3151 = DIRECTION('',(1.,0.,-0.));
#3152 = ADVANCED_FACE('',(#3153),#3171,.T.);
#3153 = FACE_BOUND('',#3154,.T.);
#3154 = EDGE_LOOP('',(#3155,#3156,#3157,#3165));
#3155 = ORIENTED_EDGE('',*,*,#3132,.F.);
#3156 = ORIENTED_EDGE('',*,*,#2211,.F.);
#3157 = ORIENTED_EDGE('',*,*,#3158,.T.);
#3158 = EDGE_CURVE('',#2203,#3159,#3161,.T.);
#3159 = VERTEX_POINT('',#3160);
#3160 = CARTESIAN_POINT('',(32.23,-15.8695,27.));
#3161 = LINE('',#3162,#3163);
#3162 = CARTESIAN_POINT('',(32.23,-15.8695,17.687));
#3163 = VECTOR('',#3164,1.);
#3164 = DIRECTION('',(0.,0.,1.));
#3165 = ORIENTED_EDGE('',*,*,#3166,.F.);
#3166 = EDGE_CURVE('',#3124,#3159,#3167,.T.);
#3167 = LINE('',#3168,#3169);
#3168 = CARTESIAN_POINT('',(32.23,-18.89875,27.));
#3169 = VECTOR('',#3170,1.);
#3170 = DIRECTION('',(-0.,1.,0.));
#3171 = PLANE('',#3172);
#3172 = AXIS2_PLACEMENT_3D('',#3173,#3174,#3175);
#3173 = CARTESIAN_POINT('',(32.23,-16.9875,17.687));
#3174 = DIRECTION('',(1.,0.,-0.));
#3175 = DIRECTION('',(0.,0.,1.));
#3176 = ADVANCED_FACE('',(#3177),#3196,.F.);
#3177 = FACE_BOUND('',#3178,.F.);
#3178 = EDGE_LOOP('',(#3179,#3188,#3194,#3195));
#3179 = ORIENTED_EDGE('',*,*,#3180,.F.);
#3180 = EDGE_CURVE('',#3181,#3159,#3183,.T.);
#3181 = VERTEX_POINT('',#3182);
#3182 = CARTESIAN_POINT('',(33.855,-15.8695,27.));
#3183 = CIRCLE('',#3184,0.8125);
#3184 = AXIS2_PLACEMENT_3D('',#3185,#3186,#3187);
#3185 = CARTESIAN_POINT('',(33.0425,-15.8695,27.));
#3186 = DIRECTION('',(0.,0.,1.));
#3187 = DIRECTION('',(1.,0.,-0.));
#3188 = ORIENTED_EDGE('',*,*,#3189,.F.);
#3189 = EDGE_CURVE('',#2195,#3181,#3190,.T.);
#3190 = LINE('',#3191,#3192);
#3191 = CARTESIAN_POINT('',(33.855,-15.8695,17.687));
#3192 = VECTOR('',#3193,1.);
#3193 = DIRECTION('',(0.,0.,1.));
#3194 = ORIENTED_EDGE('',*,*,#2202,.F.);
#3195 = ORIENTED_EDGE('',*,*,#3158,.T.);
#3196 = CYLINDRICAL_SURFACE('',#3197,0.8125);
#3197 = AXIS2_PLACEMENT_3D('',#3198,#3199,#3200);
#3198 = CARTESIAN_POINT('',(33.0425,-15.8695,17.687));
#3199 = DIRECTION('',(0.,0.,1.));
#3200 = DIRECTION('',(1.,0.,-0.));
#3201 = ADVANCED_FACE('',(#3202),#3213,.F.);
#3202 = FACE_BOUND('',#3203,.F.);
#3203 = EDGE_LOOP('',(#3204,#3205,#3206,#3207));
#3204 = ORIENTED_EDGE('',*,*,#3115,.F.);
#3205 = ORIENTED_EDGE('',*,*,#2194,.F.);
#3206 = ORIENTED_EDGE('',*,*,#3189,.T.);
#3207 = ORIENTED_EDGE('',*,*,#3208,.F.);
#3208 = EDGE_CURVE('',#3116,#3181,#3209,.T.);
#3209 = LINE('',#3210,#3211);
#3210 = CARTESIAN_POINT('',(33.855,-18.89875,27.));
#3211 = VECTOR('',#3212,1.);
#3212 = DIRECTION('',(-0.,1.,0.));
#3213 = PLANE('',#3214);
#3214 = AXIS2_PLACEMENT_3D('',#3215,#3216,#3217);
#3215 = CARTESIAN_POINT('',(33.855,-16.9875,17.687));
#3216 = DIRECTION('',(1.,0.,-0.));
#3217 = DIRECTION('',(0.,0.,1.));
#3218 = ADVANCED_FACE('',(#3219),#3245,.F.);
#3219 = FACE_BOUND('',#3220,.F.);
#3220 = EDGE_LOOP('',(#3221,#3229,#3230,#3238));
#3221 = ORIENTED_EDGE('',*,*,#3222,.F.);
#3222 = EDGE_CURVE('',#2311,#3223,#3225,.T.);
#3223 = VERTEX_POINT('',#3224);
#3224 = CARTESIAN_POINT('',(32.23,15.8695,27.));
#3225 = LINE('',#3226,#3227);
#3226 = CARTESIAN_POINT('',(32.23,15.8695,17.687));
#3227 = VECTOR('',#3228,1.);
#3228 = DIRECTION('',(0.,0.,1.));
#3229 = ORIENTED_EDGE('',*,*,#2308,.F.);
#3230 = ORIENTED_EDGE('',*,*,#3231,.T.);
#3231 = EDGE_CURVE('',#2309,#3232,#3234,.T.);
#3232 = VERTEX_POINT('',#3233);
#3233 = CARTESIAN_POINT('',(33.855,15.8695,27.));
#3234 = LINE('',#3235,#3236);
#3235 = CARTESIAN_POINT('',(33.855,15.8695,17.687));
#3236 = VECTOR('',#3237,1.);
#3237 = DIRECTION('',(0.,0.,1.));
#3238 = ORIENTED_EDGE('',*,*,#3239,.F.);
#3239 = EDGE_CURVE('',#3223,#3232,#3240,.T.);
#3240 = CIRCLE('',#3241,0.8125);
#3241 = AXIS2_PLACEMENT_3D('',#3242,#3243,#3244);
#3242 = CARTESIAN_POINT('',(33.0425,15.8695,27.));
#3243 = DIRECTION('',(0.,0.,1.));
#3244 = DIRECTION('',(1.,0.,-0.));
#3245 = CYLINDRICAL_SURFACE('',#3246,0.8125);
#3246 = AXIS2_PLACEMENT_3D('',#3247,#3248,#3249);
#3247 = CARTESIAN_POINT('',(33.0425,15.8695,17.687));
#3248 = DIRECTION('',(0.,0.,1.));
#3249 = DIRECTION('',(1.,0.,-0.));
#3250 = ADVANCED_FACE('',(#3251),#3269,.T.);
#3251 = FACE_BOUND('',#3252,.T.);
#3252 = EDGE_LOOP('',(#3253,#3254,#3255,#3263));
#3253 = ORIENTED_EDGE('',*,*,#3222,.F.);
#3254 = ORIENTED_EDGE('',*,*,#2353,.F.);
#3255 = ORIENTED_EDGE('',*,*,#3256,.T.);
#3256 = EDGE_CURVE('',#2345,#3257,#3259,.T.);
#3257 = VERTEX_POINT('',#3258);
#3258 = CARTESIAN_POINT('',(32.23,16.9875,27.));
#3259 = LINE('',#3260,#3261);
#3260 = CARTESIAN_POINT('',(32.23,16.9875,17.687));
#3261 = VECTOR('',#3262,1.);
#3262 = DIRECTION('',(0.,0.,1.));
#3263 = ORIENTED_EDGE('',*,*,#3264,.F.);
#3264 = EDGE_CURVE('',#3223,#3257,#3265,.T.);
#3265 = LINE('',#3266,#3267);
#3266 = CARTESIAN_POINT('',(32.23,13.95875,27.));
#3267 = VECTOR('',#3268,1.);
#3268 = DIRECTION('',(-0.,1.,0.));
#3269 = PLANE('',#3270);
#3270 = AXIS2_PLACEMENT_3D('',#3271,#3272,#3273);
#3271 = CARTESIAN_POINT('',(32.23,15.8695,17.687));
#3272 = DIRECTION('',(1.,0.,-0.));
#3273 = DIRECTION('',(0.,0.,1.));
#3274 = ADVANCED_FACE('',(#3275),#3302,.F.);
#3275 = FACE_BOUND('',#3276,.F.);
#3276 = EDGE_LOOP('',(#3277,#3286,#3292,#3293,#3300,#3301));
#3277 = ORIENTED_EDGE('',*,*,#3278,.F.);
#3278 = EDGE_CURVE('',#3279,#3257,#3281,.T.);
#3279 = VERTEX_POINT('',#3280);
#3280 = CARTESIAN_POINT('',(33.855,16.9875,27.));
#3281 = CIRCLE('',#3282,0.8125);
#3282 = AXIS2_PLACEMENT_3D('',#3283,#3284,#3285);
#3283 = CARTESIAN_POINT('',(33.0425,16.9875,27.));
#3284 = DIRECTION('',(0.,0.,1.));
#3285 = DIRECTION('',(1.,0.,-0.));
#3286 = ORIENTED_EDGE('',*,*,#3287,.F.);
#3287 = EDGE_CURVE('',#2320,#3279,#3288,.T.);
#3288 = LINE('',#3289,#3290);
#3289 = CARTESIAN_POINT('',(33.855,16.9875,17.687));
#3290 = VECTOR('',#3291,1.);
#3291 = DIRECTION('',(0.,0.,1.));
#3292 = ORIENTED_EDGE('',*,*,#2327,.F.);
#3293 = ORIENTED_EDGE('',*,*,#3294,.T.);
#3294 = EDGE_CURVE('',#2328,#2337,#3295,.T.);
#3295 = CIRCLE('',#3296,0.8125);
#3296 = AXIS2_PLACEMENT_3D('',#3297,#3298,#3299);
#3297 = CARTESIAN_POINT('',(33.0425,16.9875,17.687));
#3298 = DIRECTION('',(0.,0.,1.));
#3299 = DIRECTION('',(1.,0.,-0.));
#3300 = ORIENTED_EDGE('',*,*,#2344,.F.);
#3301 = ORIENTED_EDGE('',*,*,#3256,.T.);
#3302 = CYLINDRICAL_SURFACE('',#3303,0.8125);
#3303 = AXIS2_PLACEMENT_3D('',#3304,#3305,#3306);
#3304 = CARTESIAN_POINT('',(33.0425,16.9875,17.687));
#3305 = DIRECTION('',(0.,0.,1.));
#3306 = DIRECTION('',(1.,0.,-0.));
#3307 = ADVANCED_FACE('',(#3308),#3312,.T.);
#3308 = FACE_BOUND('',#3309,.T.);
#3309 = EDGE_LOOP('',(#3310,#3311));
#3310 = ORIENTED_EDGE('',*,*,#3294,.T.);
#3311 = ORIENTED_EDGE('',*,*,#2336,.F.);
#3312 = PLANE('',#3313);
#3313 = AXIS2_PLACEMENT_3D('',#3314,#3315,#3316);
#3314 = CARTESIAN_POINT('',(33.0425,16.9875,17.687));
#3315 = DIRECTION('',(0.,0.,1.));
#3316 = DIRECTION('',(1.,0.,-0.));
#3317 = ADVANCED_FACE('',(#3318),#3329,.F.);
#3318 = FACE_BOUND('',#3319,.F.);
#3319 = EDGE_LOOP('',(#3320,#3321,#3322,#3323));
#3320 = ORIENTED_EDGE('',*,*,#3231,.F.);
#3321 = ORIENTED_EDGE('',*,*,#2319,.F.);
#3322 = ORIENTED_EDGE('',*,*,#3287,.T.);
#3323 = ORIENTED_EDGE('',*,*,#3324,.F.);
#3324 = EDGE_CURVE('',#3232,#3279,#3325,.T.);
#3325 = LINE('',#3326,#3327);
#3326 = CARTESIAN_POINT('',(33.855,13.95875,27.));
#3327 = VECTOR('',#3328,1.);
#3328 = DIRECTION('',(-0.,1.,0.));
#3329 = PLANE('',#3330);
#3330 = AXIS2_PLACEMENT_3D('',#3331,#3332,#3333);
#3331 = CARTESIAN_POINT('',(33.855,15.8695,17.687));
#3332 = DIRECTION('',(1.,0.,-0.));
#3333 = DIRECTION('',(0.,0.,1.));
#3334 = ADVANCED_FACE('',(#3335),#3361,.F.);
#3335 = FACE_BOUND('',#3336,.F.);
#3336 = EDGE_LOOP('',(#3337,#3345,#3346,#3354));
#3337 = ORIENTED_EDGE('',*,*,#3338,.F.);
#3338 = EDGE_CURVE('',#2481,#3339,#3341,.T.);
#3339 = VERTEX_POINT('',#3340);
#3340 = CARTESIAN_POINT('',(-33.855,15.8695,27.));
#3341 = LINE('',#3342,#3343);
#3342 = CARTESIAN_POINT('',(-33.855,15.8695,17.687));
#3343 = VECTOR('',#3344,1.);
#3344 = DIRECTION('',(0.,0.,1.));
#3345 = ORIENTED_EDGE('',*,*,#2478,.F.);
#3346 = ORIENTED_EDGE('',*,*,#3347,.T.);
#3347 = EDGE_CURVE('',#2479,#3348,#3350,.T.);
#3348 = VERTEX_POINT('',#3349);
#3349 = CARTESIAN_POINT('',(-32.23,15.8695,27.));
#3350 = LINE('',#3351,#3352);
#3351 = CARTESIAN_POINT('',(-32.23,15.8695,17.687));
#3352 = VECTOR('',#3353,1.);
#3353 = DIRECTION('',(0.,0.,1.));
#3354 = ORIENTED_EDGE('',*,*,#3355,.F.);
#3355 = EDGE_CURVE('',#3339,#3348,#3356,.T.);
#3356 = CIRCLE('',#3357,0.8125);
#3357 = AXIS2_PLACEMENT_3D('',#3358,#3359,#3360);
#3358 = CARTESIAN_POINT('',(-33.0425,15.8695,27.));
#3359 = DIRECTION('',(0.,0.,1.));
#3360 = DIRECTION('',(1.,0.,-0.));
#3361 = CYLINDRICAL_SURFACE('',#3362,0.8125);
#3362 = AXIS2_PLACEMENT_3D('',#3363,#3364,#3365);
#3363 = CARTESIAN_POINT('',(-33.0425,15.8695,17.687));
#3364 = DIRECTION('',(0.,0.,1.));
#3365 = DIRECTION('',(1.,0.,-0.));
#3366 = ADVANCED_FACE('',(#3367),#3385,.T.);
#3367 = FACE_BOUND('',#3368,.T.);
#3368 = EDGE_LOOP('',(#3369,#3370,#3371,#3379));
#3369 = ORIENTED_EDGE('',*,*,#3338,.F.);
#3370 = ORIENTED_EDGE('',*,*,#2523,.F.);
#3371 = ORIENTED_EDGE('',*,*,#3372,.T.);
#3372 = EDGE_CURVE('',#2515,#3373,#3375,.T.);
#3373 = VERTEX_POINT('',#3374);
#3374 = CARTESIAN_POINT('',(-33.855,16.9875,27.));
#3375 = LINE('',#3376,#3377);
#3376 = CARTESIAN_POINT('',(-33.855,16.9875,17.687));
#3377 = VECTOR('',#3378,1.);
#3378 = DIRECTION('',(0.,0.,1.));
#3379 = ORIENTED_EDGE('',*,*,#3380,.F.);
#3380 = EDGE_CURVE('',#3339,#3373,#3381,.T.);
#3381 = LINE('',#3382,#3383);
#3382 = CARTESIAN_POINT('',(-33.855,13.95875,27.));
#3383 = VECTOR('',#3384,1.);
#3384 = DIRECTION('',(-0.,1.,0.));
#3385 = PLANE('',#3386);
#3386 = AXIS2_PLACEMENT_3D('',#3387,#3388,#3389);
#3387 = CARTESIAN_POINT('',(-33.855,15.8695,17.687));
#3388 = DIRECTION('',(1.,0.,-0.));
#3389 = DIRECTION('',(0.,0.,1.));
#3390 = ADVANCED_FACE('',(#3391),#3418,.F.);
#3391 = FACE_BOUND('',#3392,.F.);
#3392 = EDGE_LOOP('',(#3393,#3402,#3408,#3409,#3416,#3417));
#3393 = ORIENTED_EDGE('',*,*,#3394,.F.);
#3394 = EDGE_CURVE('',#3395,#3373,#3397,.T.);
#3395 = VERTEX_POINT('',#3396);
#3396 = CARTESIAN_POINT('',(-32.23,16.9875,27.));
#3397 = CIRCLE('',#3398,0.8125);
#3398 = AXIS2_PLACEMENT_3D('',#3399,#3400,#3401);
#3399 = CARTESIAN_POINT('',(-33.0425,16.9875,27.));
#3400 = DIRECTION('',(0.,0.,1.));
#3401 = DIRECTION('',(1.,0.,-0.));
#3402 = ORIENTED_EDGE('',*,*,#3403,.F.);
#3403 = EDGE_CURVE('',#2490,#3395,#3404,.T.);
#3404 = LINE('',#3405,#3406);
#3405 = CARTESIAN_POINT('',(-32.23,16.9875,17.687));
#3406 = VECTOR('',#3407,1.);
#3407 = DIRECTION('',(0.,0.,1.));
#3408 = ORIENTED_EDGE('',*,*,#2497,.F.);
#3409 = ORIENTED_EDGE('',*,*,#3410,.T.);
#3410 = EDGE_CURVE('',#2498,#2507,#3411,.T.);
#3411 = CIRCLE('',#3412,0.8125);
#3412 = AXIS2_PLACEMENT_3D('',#3413,#3414,#3415);
#3413 = CARTESIAN_POINT('',(-33.0425,16.9875,17.687));
#3414 = DIRECTION('',(0.,0.,1.));
#3415 = DIRECTION('',(1.,0.,-0.));
#3416 = ORIENTED_EDGE('',*,*,#2514,.F.);
#3417 = ORIENTED_EDGE('',*,*,#3372,.T.);
#3418 = CYLINDRICAL_SURFACE('',#3419,0.8125);
#3419 = AXIS2_PLACEMENT_3D('',#3420,#3421,#3422);
#3420 = CARTESIAN_POINT('',(-33.0425,16.9875,17.687));
#3421 = DIRECTION('',(0.,0.,1.));
#3422 = DIRECTION('',(1.,0.,-0.));
#3423 = ADVANCED_FACE('',(#3424),#3428,.T.);
#3424 = FACE_BOUND('',#3425,.T.);
#3425 = EDGE_LOOP('',(#3426,#3427));
#3426 = ORIENTED_EDGE('',*,*,#3410,.T.);
#3427 = ORIENTED_EDGE('',*,*,#2506,.F.);
#3428 = PLANE('',#3429);
#3429 = AXIS2_PLACEMENT_3D('',#3430,#3431,#3432);
#3430 = CARTESIAN_POINT('',(-33.0425,16.9875,17.687));
#3431 = DIRECTION('',(0.,0.,1.));
#3432 = DIRECTION('',(1.,0.,-0.));
#3433 = ADVANCED_FACE('',(#3434),#3445,.F.);
#3434 = FACE_BOUND('',#3435,.F.);
#3435 = EDGE_LOOP('',(#3436,#3437,#3438,#3439));
#3436 = ORIENTED_EDGE('',*,*,#3347,.F.);
#3437 = ORIENTED_EDGE('',*,*,#2489,.F.);
#3438 = ORIENTED_EDGE('',*,*,#3403,.T.);
#3439 = ORIENTED_EDGE('',*,*,#3440,.F.);
#3440 = EDGE_CURVE('',#3348,#3395,#3441,.T.);
#3441 = LINE('',#3442,#3443);
#3442 = CARTESIAN_POINT('',(-32.23,13.95875,27.));
#3443 = VECTOR('',#3444,1.);
#3444 = DIRECTION('',(-0.,1.,0.));
#3445 = PLANE('',#3446);
#3446 = AXIS2_PLACEMENT_3D('',#3447,#3448,#3449);
#3447 = CARTESIAN_POINT('',(-32.23,15.8695,17.687));
#3448 = DIRECTION('',(1.,0.,-0.));
#3449 = DIRECTION('',(0.,0.,1.));
#3450 = ADVANCED_FACE('',(#3451),#3477,.F.);
#3451 = FACE_BOUND('',#3452,.F.);
#3452 = EDGE_LOOP('',(#3453,#3461,#3462,#3470));
#3453 = ORIENTED_EDGE('',*,*,#3454,.F.);
#3454 = EDGE_CURVE('',#2556,#3455,#3457,.T.);
#3455 = VERTEX_POINT('',#3456);
#3456 = CARTESIAN_POINT('',(-33.855,-16.5315,27.));
#3457 = LINE('',#3458,#3459);
#3458 = CARTESIAN_POINT('',(-33.855,-16.5315,24.002));
#3459 = VECTOR('',#3460,1.);
#3460 = DIRECTION('',(0.,0.,1.));
#3461 = ORIENTED_EDGE('',*,*,#2555,.T.);
#3462 = ORIENTED_EDGE('',*,*,#3463,.T.);
#3463 = EDGE_CURVE('',#2558,#3464,#3466,.T.);
#3464 = VERTEX_POINT('',#3465);
#3465 = CARTESIAN_POINT('',(-32.23,-16.5315,27.));
#3466 = LINE('',#3467,#3468);
#3467 = CARTESIAN_POINT('',(-32.23,-16.5315,24.002));
#3468 = VECTOR('',#3469,1.);
#3469 = DIRECTION('',(0.,0.,1.));
#3470 = ORIENTED_EDGE('',*,*,#3471,.F.);
#3471 = EDGE_CURVE('',#3455,#3464,#3472,.T.);
#3472 = CIRCLE('',#3473,0.8125);
#3473 = AXIS2_PLACEMENT_3D('',#3474,#3475,#3476);
#3474 = CARTESIAN_POINT('',(-33.0425,-16.5315,27.));
#3475 = DIRECTION('',(0.,0.,1.));
#3476 = DIRECTION('',(1.,0.,-0.));
#3477 = CYLINDRICAL_SURFACE('',#3478,0.8125);
#3478 = AXIS2_PLACEMENT_3D('',#3479,#3480,#3481);
#3479 = CARTESIAN_POINT('',(-33.0425,-16.5315,24.002));
#3480 = DIRECTION('',(0.,0.,1.));
#3481 = DIRECTION('',(1.,0.,-0.));
#3482 = ADVANCED_FACE('',(#3483),#3501,.F.);
#3483 = FACE_BOUND('',#3484,.F.);
#3484 = EDGE_LOOP('',(#3485,#3486,#3487,#3495));
#3485 = ORIENTED_EDGE('',*,*,#3463,.F.);
#3486 = ORIENTED_EDGE('',*,*,#2583,.T.);
#3487 = ORIENTED_EDGE('',*,*,#3488,.T.);
#3488 = EDGE_CURVE('',#2575,#3489,#3491,.T.);
#3489 = VERTEX_POINT('',#3490);
#3490 = CARTESIAN_POINT('',(-32.23,-14.9985,27.));
#3491 = LINE('',#3492,#3493);
#3492 = CARTESIAN_POINT('',(-32.23,-14.9985,24.002));
#3493 = VECTOR('',#3494,1.);
#3494 = DIRECTION('',(0.,0.,1.));
#3495 = ORIENTED_EDGE('',*,*,#3496,.F.);
#3496 = EDGE_CURVE('',#3464,#3489,#3497,.T.);
#3497 = LINE('',#3498,#3499);
#3498 = CARTESIAN_POINT('',(-32.23,-18.67075,27.));
#3499 = VECTOR('',#3500,1.);
#3500 = DIRECTION('',(-0.,1.,0.));
#3501 = PLANE('',#3502);
#3502 = AXIS2_PLACEMENT_3D('',#3503,#3504,#3505);
#3503 = CARTESIAN_POINT('',(-32.23,-16.5315,24.002));
#3504 = DIRECTION('',(1.,0.,-0.));
#3505 = DIRECTION('',(0.,0.,1.));
#3506 = ADVANCED_FACE('',(#3507),#3526,.F.);
#3507 = FACE_BOUND('',#3508,.F.);
#3508 = EDGE_LOOP('',(#3509,#3518,#3519,#3520));
#3509 = ORIENTED_EDGE('',*,*,#3510,.F.);
#3510 = EDGE_CURVE('',#3489,#3511,#3513,.T.);
#3511 = VERTEX_POINT('',#3512);
#3512 = CARTESIAN_POINT('',(-33.855,-14.9985,27.));
#3513 = CIRCLE('',#3514,0.8125);
#3514 = AXIS2_PLACEMENT_3D('',#3515,#3516,#3517);
#3515 = CARTESIAN_POINT('',(-33.0425,-14.9985,27.));
#3516 = DIRECTION('',(0.,0.,1.));
#3517 = DIRECTION('',(1.,0.,-0.));
#3518 = ORIENTED_EDGE('',*,*,#3488,.F.);
#3519 = ORIENTED_EDGE('',*,*,#2574,.T.);
#3520 = ORIENTED_EDGE('',*,*,#3521,.T.);
#3521 = EDGE_CURVE('',#2567,#3511,#3522,.T.);
#3522 = LINE('',#3523,#3524);
#3523 = CARTESIAN_POINT('',(-33.855,-14.9985,24.002));
#3524 = VECTOR('',#3525,1.);
#3525 = DIRECTION('',(0.,0.,1.));
#3526 = CYLINDRICAL_SURFACE('',#3527,0.8125);
#3527 = AXIS2_PLACEMENT_3D('',#3528,#3529,#3530);
#3528 = CARTESIAN_POINT('',(-33.0425,-14.9985,24.002));
#3529 = DIRECTION('',(0.,0.,1.));
#3530 = DIRECTION('',(1.,0.,-0.));
#3531 = ADVANCED_FACE('',(#3532),#3543,.T.);
#3532 = FACE_BOUND('',#3533,.T.);
#3533 = EDGE_LOOP('',(#3534,#3535,#3536,#3537));
#3534 = ORIENTED_EDGE('',*,*,#3454,.F.);
#3535 = ORIENTED_EDGE('',*,*,#2566,.T.);
#3536 = ORIENTED_EDGE('',*,*,#3521,.T.);
#3537 = ORIENTED_EDGE('',*,*,#3538,.F.);
#3538 = EDGE_CURVE('',#3455,#3511,#3539,.T.);
#3539 = LINE('',#3540,#3541);
#3540 = CARTESIAN_POINT('',(-33.855,-18.67075,27.));
#3541 = VECTOR('',#3542,1.);
#3542 = DIRECTION('',(-0.,1.,0.));
#3543 = PLANE('',#3544);
#3544 = AXIS2_PLACEMENT_3D('',#3545,#3546,#3547);
#3545 = CARTESIAN_POINT('',(-33.855,-16.5315,24.002));
#3546 = DIRECTION('',(1.,0.,-0.));
#3547 = DIRECTION('',(0.,0.,1.));
#3548 = ADVANCED_FACE('',(#3549),#3560,.T.);
#3549 = FACE_BOUND('',#3550,.T.);
#3550 = EDGE_LOOP('',(#3551,#3557,#3558,#3559));
#3551 = ORIENTED_EDGE('',*,*,#3552,.F.);
#3552 = EDGE_CURVE('',#2792,#2708,#3553,.T.);
#3553 = LINE('',#3554,#3555);
#3554 = CARTESIAN_POINT('',(-6.001,-15.0217618814,24.89));
#3555 = VECTOR('',#3556,1.);
#3556 = DIRECTION('',(1.,0.,0.));
#3557 = ORIENTED_EDGE('',*,*,#2800,.T.);
#3558 = ORIENTED_EDGE('',*,*,#2681,.T.);
#3559 = ORIENTED_EDGE('',*,*,#2716,.F.);
#3560 = PLANE('',#3561);
#3561 = AXIS2_PLACEMENT_3D('',#3562,#3563,#3564);
#3562 = CARTESIAN_POINT('',(-6.501,-20.812,24.89));
#3563 = DIRECTION('',(0.,0.,1.));
#3564 = DIRECTION('',(1.,0.,-0.));
#3565 = ADVANCED_FACE('',(#3566),#3577,.T.);
#3566 = FACE_BOUND('',#3567,.T.);
#3567 = EDGE_LOOP('',(#3568,#3569,#3570,#3576));
#3568 = ORIENTED_EDGE('',*,*,#3552,.T.);
#3569 = ORIENTED_EDGE('',*,*,#2705,.F.);
#3570 = ORIENTED_EDGE('',*,*,#3571,.F.);
#3571 = EDGE_CURVE('',#2790,#2706,#3572,.T.);
#3572 = LINE('',#3573,#3574);
#3573 = CARTESIAN_POINT('',(-6.001,-14.961,24.646475644802));
#3574 = VECTOR('',#3575,1.);
#3575 = DIRECTION('',(1.,0.,0.));
#3576 = ORIENTED_EDGE('',*,*,#2789,.T.);
#3577 = CYLINDRICAL_SURFACE('',#3578,2.986);
#3578 = AXIS2_PLACEMENT_3D('',#3579,#3580,#3581);
#3579 = CARTESIAN_POINT('',(-6.001,-17.886,24.046));
#3580 = DIRECTION('',(1.,0.,0.));
#3581 = DIRECTION('',(-0.,0.,1.));
#3582 = ADVANCED_FACE('',(#3583),#3594,.T.);
#3583 = FACE_BOUND('',#3584,.T.);
#3584 = EDGE_LOOP('',(#3585,#3591,#3592,#3593));
#3585 = ORIENTED_EDGE('',*,*,#3586,.F.);
#3586 = EDGE_CURVE('',#2818,#2742,#3587,.T.);
#3587 = LINE('',#3588,#3589);
#3588 = CARTESIAN_POINT('',(-6.001,-14.961,23.445524355198));
#3589 = VECTOR('',#3590,1.);
#3590 = DIRECTION('',(1.,0.,0.));
#3591 = ORIENTED_EDGE('',*,*,#2826,.T.);
#3592 = ORIENTED_EDGE('',*,*,#3571,.T.);
#3593 = ORIENTED_EDGE('',*,*,#2750,.F.);
#3594 = PLANE('',#3595);
#3595 = AXIS2_PLACEMENT_3D('',#3596,#3597,#3598);
#3596 = CARTESIAN_POINT('',(-6.501,-14.961,23.202));
#3597 = DIRECTION('',(-0.,1.,0.));
#3598 = DIRECTION('',(0.,0.,1.));
#3599 = ADVANCED_FACE('',(#3600),#3611,.T.);
#3600 = FACE_BOUND('',#3601,.T.);
#3601 = EDGE_LOOP('',(#3602,#3603,#3604,#3610));
#3602 = ORIENTED_EDGE('',*,*,#3586,.T.);
#3603 = ORIENTED_EDGE('',*,*,#2741,.F.);
#3604 = ORIENTED_EDGE('',*,*,#3605,.F.);
#3605 = EDGE_CURVE('',#2810,#2734,#3606,.T.);
#3606 = LINE('',#3607,#3608);
#3607 = CARTESIAN_POINT('',(-6.001,-15.0217618814,23.202));
#3608 = VECTOR('',#3609,1.);
#3609 = DIRECTION('',(1.,0.,0.));
#3610 = ORIENTED_EDGE('',*,*,#2817,.T.);
#3611 = CYLINDRICAL_SURFACE('',#3612,2.986);
#3612 = AXIS2_PLACEMENT_3D('',#3613,#3614,#3615);
#3613 = CARTESIAN_POINT('',(-6.001,-17.886,24.046));
#3614 = DIRECTION('',(1.,0.,0.));
#3615 = DIRECTION('',(-0.,0.,1.));
#3616 = ADVANCED_FACE('',(#3617),#3623,.F.);
#3617 = FACE_BOUND('',#3618,.F.);
#3618 = EDGE_LOOP('',(#3619,#3620,#3621,#3622));
#3619 = ORIENTED_EDGE('',*,*,#3605,.F.);
#3620 = ORIENTED_EDGE('',*,*,#2809,.T.);
#3621 = ORIENTED_EDGE('',*,*,#2775,.T.);
#3622 = ORIENTED_EDGE('',*,*,#2733,.F.);
#3623 = PLANE('',#3624);
#3624 = AXIS2_PLACEMENT_3D('',#3625,#3626,#3627);
#3625 = CARTESIAN_POINT('',(-6.501,-20.812,23.202));
#3626 = DIRECTION('',(0.,0.,1.));
#3627 = DIRECTION('',(1.,0.,-0.));
#3628 = ADVANCED_FACE('',(#3629),#3640,.T.);
#3629 = FACE_BOUND('',#3630,.T.);
#3630 = EDGE_LOOP('',(#3631,#3637,#3638,#3639));
#3631 = ORIENTED_EDGE('',*,*,#3632,.F.);
#3632 = EDGE_CURVE('',#2876,#2935,#3633,.T.);
#3633 = LINE('',#3634,#3635);
#3634 = CARTESIAN_POINT('',(7.848,-15.0217618814,24.89));
#3635 = VECTOR('',#3636,1.);
#3636 = DIRECTION('',(1.,0.,0.));
#3637 = ORIENTED_EDGE('',*,*,#2884,.T.);
#3638 = ORIENTED_EDGE('',*,*,#2849,.T.);
#3639 = ORIENTED_EDGE('',*,*,#2943,.F.);
#3640 = PLANE('',#3641);
#3641 = AXIS2_PLACEMENT_3D('',#3642,#3643,#3644);
#3642 = CARTESIAN_POINT('',(7.348,-20.812,24.89));
#3643 = DIRECTION('',(0.,0.,1.));
#3644 = DIRECTION('',(1.,0.,-0.));
#3645 = ADVANCED_FACE('',(#3646),#3657,.T.);
#3646 = FACE_BOUND('',#3647,.T.);
#3647 = EDGE_LOOP('',(#3648,#3649,#3650,#3656));
#3648 = ORIENTED_EDGE('',*,*,#3632,.T.);
#3649 = ORIENTED_EDGE('',*,*,#2932,.F.);
#3650 = ORIENTED_EDGE('',*,*,#3651,.F.);
#3651 = EDGE_CURVE('',#2874,#2933,#3652,.T.);
#3652 = LINE('',#3653,#3654);
#3653 = CARTESIAN_POINT('',(7.848,-14.961,24.646475644802));
#3654 = VECTOR('',#3655,1.);
#3655 = DIRECTION('',(1.,0.,0.));
#3656 = ORIENTED_EDGE('',*,*,#2873,.T.);
#3657 = CYLINDRICAL_SURFACE('',#3658,2.986);
#3658 = AXIS2_PLACEMENT_3D('',#3659,#3660,#3661);
#3659 = CARTESIAN_POINT('',(7.848,-17.886,24.046));
#3660 = DIRECTION('',(1.,0.,0.));
#3661 = DIRECTION('',(-0.,0.,1.));
#3662 = ADVANCED_FACE('',(#3663),#3674,.T.);
#3663 = FACE_BOUND('',#3664,.T.);
#3664 = EDGE_LOOP('',(#3665,#3671,#3672,#3673));
#3665 = ORIENTED_EDGE('',*,*,#3666,.F.);
#3666 = EDGE_CURVE('',#2910,#2969,#3667,.T.);
#3667 = LINE('',#3668,#3669);
#3668 = CARTESIAN_POINT('',(7.848,-14.961,23.445524355198));
#3669 = VECTOR('',#3670,1.);
#3670 = DIRECTION('',(1.,0.,0.));
#3671 = ORIENTED_EDGE('',*,*,#2918,.T.);
#3672 = ORIENTED_EDGE('',*,*,#3651,.T.);
#3673 = ORIENTED_EDGE('',*,*,#2977,.F.);
#3674 = PLANE('',#3675);
#3675 = AXIS2_PLACEMENT_3D('',#3676,#3677,#3678);
#3676 = CARTESIAN_POINT('',(7.348,-14.961,23.202));
#3677 = DIRECTION('',(-0.,1.,0.));
#3678 = DIRECTION('',(0.,0.,1.));
#3679 = ADVANCED_FACE('',(#3680),#3691,.T.);
#3680 = FACE_BOUND('',#3681,.T.);
#3681 = EDGE_LOOP('',(#3682,#3683,#3684,#3690));
#3682 = ORIENTED_EDGE('',*,*,#3666,.T.);
#3683 = ORIENTED_EDGE('',*,*,#2968,.F.);
#3684 = ORIENTED_EDGE('',*,*,#3685,.F.);
#3685 = EDGE_CURVE('',#2902,#2961,#3686,.T.);
#3686 = LINE('',#3687,#3688);
#3687 = CARTESIAN_POINT('',(7.848,-15.0217618814,23.202));
#3688 = VECTOR('',#3689,1.);
#3689 = DIRECTION('',(1.,0.,0.));
#3690 = ORIENTED_EDGE('',*,*,#2909,.T.);
#3691 = CYLINDRICAL_SURFACE('',#3692,2.986);
#3692 = AXIS2_PLACEMENT_3D('',#3693,#3694,#3695);
#3693 = CARTESIAN_POINT('',(7.848,-17.886,24.046));
#3694 = DIRECTION('',(1.,0.,0.));
#3695 = DIRECTION('',(-0.,0.,1.));
#3696 = ADVANCED_FACE('',(#3697),#3703,.F.);
#3697 = FACE_BOUND('',#3698,.F.);
#3698 = EDGE_LOOP('',(#3699,#3700,#3701,#3702));
#3699 = ORIENTED_EDGE('',*,*,#3685,.F.);
#3700 = ORIENTED_EDGE('',*,*,#2901,.T.);
#3701 = ORIENTED_EDGE('',*,*,#2994,.T.);
#3702 = ORIENTED_EDGE('',*,*,#2960,.F.);
#3703 = PLANE('',#3704);
#3704 = AXIS2_PLACEMENT_3D('',#3705,#3706,#3707);
#3705 = CARTESIAN_POINT('',(7.348,-20.812,23.202));
#3706 = DIRECTION('',(0.,0.,1.));
#3707 = DIRECTION('',(1.,0.,-0.));
#3708 = ADVANCED_FACE('',(#3709),#3715,.T.);
#3709 = FACE_BOUND('',#3710,.T.);
#3710 = EDGE_LOOP('',(#3711,#3712,#3713,#3714));
#3711 = ORIENTED_EDGE('',*,*,#3017,.F.);
#3712 = ORIENTED_EDGE('',*,*,#3089,.T.);
#3713 = ORIENTED_EDGE('',*,*,#3074,.F.);
#3714 = ORIENTED_EDGE('',*,*,#3040,.F.);
#3715 = PLANE('',#3716);
#3716 = AXIS2_PLACEMENT_3D('',#3717,#3718,#3719);
#3717 = CARTESIAN_POINT('',(-36.93,-9.6616,22.2239));
#3718 = DIRECTION('',(-1.,-0.,-0.));
#3719 = DIRECTION('',(0.,0.,-1.));
#3720 = ADVANCED_FACE('',(#3721,#3727,#3741,#3747,#3753,#3759),#3765,.T.
  );
#3721 = FACE_BOUND('',#3722,.T.);
#3722 = EDGE_LOOP('',(#3723,#3724,#3725,#3726));
#3723 = ORIENTED_EDGE('',*,*,#670,.F.);
#3724 = ORIENTED_EDGE('',*,*,#735,.T.);
#3725 = ORIENTED_EDGE('',*,*,#951,.T.);
#3726 = ORIENTED_EDGE('',*,*,#833,.F.);
#3727 = FACE_BOUND('',#3728,.T.);
#3728 = EDGE_LOOP('',(#3729,#3730,#3731,#3732,#3733,#3734,#3735,#3736,
    #3737,#3738,#3739,#3740));
#3729 = ORIENTED_EDGE('',*,*,#63,.F.);
#3730 = ORIENTED_EDGE('',*,*,#2252,.F.);
#3731 = ORIENTED_EDGE('',*,*,#2641,.F.);
#3732 = ORIENTED_EDGE('',*,*,#512,.T.);
#3733 = ORIENTED_EDGE('',*,*,#2658,.T.);
#3734 = ORIENTED_EDGE('',*,*,#2599,.F.);
#3735 = ORIENTED_EDGE('',*,*,#458,.T.);
#3736 = ORIENTED_EDGE('',*,*,#2624,.T.);
#3737 = ORIENTED_EDGE('',*,*,#2453,.T.);
#3738 = ORIENTED_EDGE('',*,*,#395,.F.);
#3739 = ORIENTED_EDGE('',*,*,#2422,.F.);
#3740 = ORIENTED_EDGE('',*,*,#2283,.T.);
#3741 = FACE_BOUND('',#3742,.T.);
#3742 = EDGE_LOOP('',(#3743,#3744,#3745,#3746));
#3743 = ORIENTED_EDGE('',*,*,#3471,.F.);
#3744 = ORIENTED_EDGE('',*,*,#3538,.T.);
#3745 = ORIENTED_EDGE('',*,*,#3510,.F.);
#3746 = ORIENTED_EDGE('',*,*,#3496,.F.);
#3747 = FACE_BOUND('',#3748,.T.);
#3748 = EDGE_LOOP('',(#3749,#3750,#3751,#3752));
#3749 = ORIENTED_EDGE('',*,*,#3239,.F.);
#3750 = ORIENTED_EDGE('',*,*,#3264,.T.);
#3751 = ORIENTED_EDGE('',*,*,#3278,.F.);
#3752 = ORIENTED_EDGE('',*,*,#3324,.F.);
#3753 = FACE_BOUND('',#3754,.T.);
#3754 = EDGE_LOOP('',(#3755,#3756,#3757,#3758));
#3755 = ORIENTED_EDGE('',*,*,#3355,.F.);
#3756 = ORIENTED_EDGE('',*,*,#3380,.T.);
#3757 = ORIENTED_EDGE('',*,*,#3394,.F.);
#3758 = ORIENTED_EDGE('',*,*,#3440,.F.);
#3759 = FACE_BOUND('',#3760,.T.);
#3760 = EDGE_LOOP('',(#3761,#3762,#3763,#3764));
#3761 = ORIENTED_EDGE('',*,*,#3123,.F.);
#3762 = ORIENTED_EDGE('',*,*,#3166,.T.);
#3763 = ORIENTED_EDGE('',*,*,#3180,.F.);
#3764 = ORIENTED_EDGE('',*,*,#3208,.F.);
#3765 = PLANE('',#3766);
#3766 = AXIS2_PLACEMENT_3D('',#3767,#3768,#3769);
#3767 = CARTESIAN_POINT('',(-36.93,-23.,27.));
#3768 = DIRECTION('',(0.,0.,1.));
#3769 = DIRECTION('',(1.,0.,-0.));
#3770 = ( GEOMETRIC_REPRESENTATION_CONTEXT(3) 
GLOBAL_UNCERTAINTY_ASSIGNED_CONTEXT((#3774)) 
GLOBAL_UNIT_ASSIGNED_CONTEXT((#3771,#3772,#3773)) REPRESENTATION_CONTEXT
('Context #1','3D Context with UNIT and UNCERTAINTY') );
#3771 = ( LENGTH_UNIT() NAMED_UNIT(*) SI_UNIT(.MILLI.,.METRE.) );
#3772 = ( NAMED_UNIT(*) PLANE_ANGLE_UNIT() SI_UNIT($,.RADIAN.) );
#3773 = ( NAMED_UNIT(*) SI_UNIT($,.STERADIAN.) SOLID_ANGLE_UNIT() );
#3774 = UNCERTAINTY_MEASURE_WITH_UNIT(LENGTH_MEASURE(2.E-07),#3771,
  'distance_accuracy_value','confusion accuracy');
#3775 = PRODUCT_RELATED_PRODUCT_CATEGORY('part',$,(#7));
ENDSEC;
END-ISO-10303-21;
